Column1;_8;_9
箸[はし];お箸つけますか？;Souhaitez-vous utiliser des baguettes ?
見つける[みつける];トムを見つけて。 ;Trouvez Tom.
三日[みっか];１０月[じゅうがつ] ３日[みっか]です。;C'est le trois octobre.
六日[むいか];10月[じゅうがつ] 6日[むいか]に 会[あ]いませんか。;Est-ce qu'on ne se verrait pas le 6 octobre ?
頁[ページ];5ページの最初を見てください。;Regardez le début de la page 5.
四日[よっか];７月[しちがつ] ４日[よっか]はアメリカでは 休[やす]みの 日[ひ]です。;Le 4 juillet est un jour ferié aux USA.
七日[なのか];9月[くがつ] ７日[なのか] のお 手紙[てがみ]、ありがとうございました。;Merci beaucoup pour votre lettre du 7 septembre.
順[じゅん];あいうえお じゅん に ならべて ください;Veuillez vous aligner dans l'ordre du syllabaire japonais.
主要[しゅよう];あいてぃー さんぎょう は いんど の しゅよう さんぎょう よ ね;L'informatique est une industrie majeure en Inde.
久しぶり[ひさしぶり];あした ひさしぶり に ともだち に あいます;Demain, je rencontre un ami que je n'ai pas vu depuis longtemps.
歓迎[かんげい];あたたかい かんげい を うけました;J'ai reçu un accueil chaleureux.
堪らない[たまらない];あたま が いたくて たまらない;J'ai un mal de tête insupportable.
型[かた];あたらしい かた の かめら を かいました;J'ai acheté un appareil photo nouveau modèle.
機械[きかい];あたらしい きかい が こわれた;La nouvelle machine est tombée en panne.
雇う[やとう];あたらしい しゃいん を やといました;Nous avons embauché un nouveau membre du personnel.
建設[けんせつ];あたらしい びる の けんせつ が はじまった;La construction du nouveau bâtiment a commencé.
辺り[あたり];あたり を みまわした の;Nous avons regardé autour de nous.
見解[けんかい];あなた の けんかい を きかせて ください;Merci de me donner votre avis.
考慮[こうりょ];あなた の じじょう を こうりょ して よてい を たてました;Nous avons élaboré le plan en tenant compte de votre situation.
今に[いまに];あなた も いまに わかる でしょう;Vous comprendrez un jour.
仲[なか];あなたたち は なか が いい です ね;Vous vous entendez bien, n'est-ce pas ?
嫁[よめ];あね が よめ に いった の;Ma grande sœur s'est mariée.
積極的[せっきょくてき];あね は なに に たいして も せっきょくてき です;Ma sœur aînée est positive à propos de tout.
利口[りこう];あの いぬ は とても りこう です ね;Ce chien est très intelligent.
岩[いわ];あの いわ まで およごう;Nagons jusqu'à ce rocher.
お巡りさん[おまわりさん];あの お 巡[まわ]りさん に みち を ききましょう;Demandons notre chemin à ce policier. (familier amical)
態度[たいど];あの おとこ の たいど に みんな あきれて た よ;Tout le monde était fatigué de l'attitude de l'homme.
発展[はってん];あの かいしゃ は めざましく はってん して いる ね;Cette entreprise s'est considérablement développée.
重視[じゅうし];あの きぎょう で は がくれき が じゅうし される よ;Une formation est valorisée dans cette entreprise.
知能[ちのう];あの こ の ちのう は とても たかい そう です;Apparemment, cet enfant est très intelligent.
塔[とう];あの とう の たかさ は どれ くらい です か;Quelle est la hauteur de cette tour ?
悲劇[ひげき];あの ひげき を くりかえして は いけない;Vous ne devez pas répéter cette tragédie.
区別[くべつ];あの ふたり は そっくり で くべつ できない;Ces deux-là semblent identiques et je ne peux pas les différencier.
国境[こっきょう];あの やま の すぐ ちかく が こっきょう です;La frontière est juste à côté de ces montagnes.
短く[みじかく];あの赤いネクタイはあまり短くないです。;Cette cravate rouge n'est pas tellement courte.
取り上げる[とりあげる];あぶない の で こども から らいたー を とりあげました;Le briquet a été enlevé à l'enfant parce qu'il était dangereux.
一層[いっそう];あめ が いっそう はげしく なった ね;La pluie est devenue encore plus forte.
嵐[あらし];あらし で にわ の き が おれた よ 。;L'arbre du jardin s'est cassé dans la tempête.
巣[す];あり は つち の なか に す を つくります;Les fourmis construisent des nids sous terre.
年月[としつき];あれ から ながい としつき が たちました;Un long moment s'est écoulé depuis lors.
行き[いき];いき は しんかんせん で いった;Je suis allé en train à grande vitesse sur le chemin.
症状[しょうじょう];いしゃ に しょうじょう を せつめい した よ;J'ai expliqué les symptômes au médecin.
市場[いちば];いちば で しんせん な さかな を かって きました;J'ai acheté du poisson frais au marché.
両替[りょうがえ];いちまんえん を りょうがえ して ください;Veuillez échanger 10 000 yens pour moi.
前進[ぜんしん];いちれつ に ならんで ぜんしん して ください;Veuillez former une ligne et avancer.
一生[いっしょう];いっしょう の おねがい が あります;J'ai une faveur unique dans une vie.
騒ぎ[さわぎ];いったい なん の さわぎ です か;Qu'est-ce que c'est que l'agitation ?
一般[いっぱん];いっぱん の かた は こちら の せき へ どうぞ;Les places générales sont par ici.
振る[ふる];いぬ が しっぽ を ふって いる;Le chien remue la queue.
鎖[くさり];いぬ を くさり で つなぎました;J'ai attaché le chien avec une chaîne.
課[か];いま から か の みーてぃんぐ が ある;Notre division va avoir une réunion maintenant.
答案[とうあん];いま から とうあん を あつめます;Je vais récupérer les feuilles de réponses maintenant.
温度[おんど];いま へや の おんど は にじゅうごど だ;La température de cette pièce est actuellement de 25 degrés.
豆[まめ];いま まめ を にて います;Je fais bouillir des haricots maintenant.
喋り[しゃべり];いもうと は とても おしゃべり です;Ma petite soeur est très bavarde.
医療[いりょう];いりょう かんけい の しごと を して います;Je travaille dans le domaine de la santé.
梅[うめ];うめ の はな が さきました;Les fleurs de prunier ont fleuri.
延期[えんき];うんどうかい は あめ で えんき されました;La compétition sportive a été reportée en raison de la pluie.
触る[さわる];え に さわらない で ください;S'il vous plaît ne touchez pas la peinture.
大部分[だいぶぶん];え の だいぶぶん が みず に ぬれて しまった な;Une grande partie de l'image a été mouillée.
衛星[えいせい];えいせい が うちあげられました ね;Le satellite a été lancé.
縄[なわ];えだ を なわ で しばった よ;J'ai lié la branche avec la corde.
伺う[うかがう];お 話[はな]しを 伺[うかが]いたいのですが。;Je veux entendre votre histoire.
大いに[おおいに];おおいに まなび おおいに あそびなさい;Apprenez beaucoup, jouez beaucoup.
拍手[はくしゅ];おおき な はくしゅ が あがった;Il y eut une grande salve d'applaudissements.
周囲[しゅうい];おおごえ で はなす と しゅうい の ひと に めいわく です よ;Si vous parlez fort, vous dérangerez les gens autour de vous.
丘[おか];おか の うえ に ほてる が たちました ね;Un hôtel a été construit au sommet de la colline.
上[かみ];おかみ は なに を かんがえて る ん だろう ね;Que prévoit le gouvernement ?
勘定[かんじょう];おかんじょう を して ください;Est-ce que je peux avoir la facture s'il-vous-plaît?
沖[おき];おき に こじま が みえます;Une petite île peut être vue au large de la côte.
収穫[しゅうかく];おこめ の しゅうかく が はじまった ね;La récolte du riz a commencé.
伯父さん[おじさん];おじさんがクリスマスプレゼントをくれました。;Mon oncle m'a offert un cadeau de Noël.
男[おとこ];おとこ の ひと が わたしたち に はなしかけた (話しかける = accoster. かける = accrocher);Cet homme a commencé à nous parler.
湯[ゆ];おふろ の おゆ が いっぱい です;Le bain est rempli d'eau chaude.
出来事[できごと];おもしろい できごと が ありました;Un évènement intéressant s'est produit.
勘[かん];おんな の かん を あまく みて は いけません;Ne sous-estimez pas l'intuition d'une femme.
お弁当[おべんとう];お弁当はよかったでしょう。;Le panier-repas était bon, n'est-ce pas ?
航空[こうくう];かいぎ で こうくう の あんぜん に ついて はなしあった の;La sécurité aérienne a été discutée lors de la conférence.
候補[こうほ];かいちょう の こうほ は さんにん います;Il y a trois candidats à la présidence.
氏[し];かいちょう は たなかし に けってい;Il a été décidé que M. Tanaka serait président.
支払う[しはらう];かうんたー で りょうきん を しはらった;J'ai payé les frais au guichet.
進歩[しんぽ];かがく ぎじゅつ は めざましく しんぽ して いる の;La science et la technologie ont fait des progrès remarquables.
預ける[あずける];かぎ を かれ に あずけた;Je lui ai donné la clé pour qu'il s'en occupe.
覚悟[かくご];かくご は できて います;Je suis préparé.
陰[かげ];かげ で すこし きゅうけい しましょう;Faisons une pause à l'ombre.
火災[かさい];かさい の げんいん は ほうか だ そう です;J'ai entendu dire que la cause de l'incendie était un incendie criminel.
灰[はい];かじ で すべて はい に なった;Tout s'est transformé en cendres dans le feu.
祝う[いわう];かぞく で かれ の ごうかく を いわった よ;Toute sa famille l'a célébré après avoir réussi l'examen.
価格[かかく];がそりん の かかく が どんどん あがって いる;Le prix de l'essence ne cesse d'augmenter rapidement.
肩[かた];かた が こりました;Mes épaules sont raides.
提出[ていしゅつ];かだい は 7 がつ 5 か まで に ていしゅつ して ください;Veuillez soumettre votre devoir avant le 5 juillet.
訓練[くんれん];がっこう で ひなん くんれん が ありました;Il y avait un exercice d'incendie à l'école.
出身[しゅっしん];かない は きゅうしゅう しゅっしん です;Ma femme est de Kyushu.
掴む[つかむ];かのじょ が ぼく の て を つかみました;Elle m'a serré la main.
黄色い[きいろい];かのじょ に  黄色[きいろ]い ばら を かいました;Je lui ai acheté une rose jaune.
幼い[おさない];かのじょ に は おさない むすこ が います;Elle a un petit fils.
魅力[みりょく];かのじょ の あかるさ に みりょく を かんじました;J'ai été charmé par sa gaieté.
詩[し];かのじょ の し は せかいじゅう で ゆうめい に なった ん だ;Sa poésie est devenue célèbre dans le monde entier.
涙[なみだ];かのじょ の め から なみだ が こぼれた;Des larmes coulèrent de ses yeux.
贅沢[ぜいたく];かのじょ は いっしょう ぜいたく に くらした ん だ;Elle a vécu toute sa vie dans le luxe.
文句[もんく];かのじょ は いつも もんく ばかり いう;Elle ne fait toujours que se plaindre.
怪我[けが];かのじょ は うで を けがした;Elle s'est blessée au bras.
繰り返す[くりかえす];かのじょ は おなじ まちがい を くりかえした;Elle a répété la même erreur.
地位[ちい];かのじょ は かいしゃ で たかい ちい に ついて いる よ;Elle occupe un poste élevé dans l'entreprise.
訴える[うったえる];かのじょ は かいしゃ を うったえた;Elle a poursuivi l'entreprise.
結ぶ[むすぶ];かのじょ は かみ に りぼん を むすんだ ね;Elle noua un ruban dans ses cheveux.
恋[こい];かのじょ は こい を して きれい に なった ね;Elle est tombée amoureuse et est devenue belle.
高価[こうか];かのじょ は こうか な ほうせき を もって いる わ;Elle a des bijoux coûteux.
奨学金[しょうがくきん];かのじょ は しょうがくきん で だいがく に いきました;Elle est allée à l'université grâce à une bourse.
骨折[こっせつ];かのじょ は すきー で あし を こっせつ した の;Elle s'est fracturé le pied en skiant.
機嫌[きげん];かのじょ は たいへん きげん が いい ね;Elle est de très bonne humeur.
叫ぶ[さけぶ];かのじょ は たすけ を もとめて おおごえ で さけんだ の;Elle a crié à l'aide.
当時[とうじ];かのじょ は とうじ まだ さんさい だった;Elle n'avait que trois ans à l'époque.
救う[すくう];かのじょ は とおりがかり の ひと に すくわれた よ;Elle a été sauvée par un inconnu de passage.
奇麗[きれい];かのじょ は とても きれい だ;Elle est très belle.
有能[ゆうのう];かのじょ は とても ゆうのう な ぶか です;C'est une subordonnée très compétente.
陽気[ようき];かのじょ は とても ようき です;Elle est très gaie.
維持[いじ];かのじょ は なんとか けんこう を いじ して いる わ ね;D'une manière ou d'une autre, elle parvient à rester en bonne santé.
肌[はだ];かのじょ は はだ が とても しろい です ね;Sa peau est très blanche.
履く[はく];かのじょ は ぶーつ を はいて います;Elle porte des bottes.
頬[ほお];かのじょ は ほお を あかく そめた わ;Ses joues virèrent au rose.
頬[ほほ];かのじょ は まっか な ほほ を している ね 。;Ses joues sont rouges.
模様[もよう];かのじょ は みずたま もよう の すかーと を はいて いる ね;Elle porte une jupe à pois.
可愛らしい[かわいらしい];かのじょ は むすめ に かわいらしい ふく を つくりました ね;Elle a confectionné de beaux vêtements pour sa fille.
滅多に[めったに];かのじょ は めったに おこりません 。|彼女[かのじょ]はめったに 怒[おこ]りません。;Elle s'énerve rarement. 
木綿[もめん];かのじょ は もめん の しゃつ を きて います;Elle porte une chemise en coton.
礼儀[れいぎ];かのじょ は れいぎ が み に ついて います;Elle est accomplie dans l'étiquette.
微笑む[ほほえむ];かのじょ は わたし に ほほえんだ よ;Elle m'a souri.
伸びる[のびる];かみ が だいぶ のびた ね;Vos cheveux ont beaucoup poussé, n'est-ce pas ?
雷[かみなり];かみなり が なって います;Le tonnerre gronde.
髪の毛[かみのけ];かみのけ が のびた ね;Vos cheveux sont plus longs, n'est-ce pas ?
回復[かいふく];からだ が すっかり かいふく した;J'ai complètement récupéré.
度々[たびたび];かれ から たびたび めーる が きます;Je reçois souvent des mails de sa part.
全て[すべて];かれ に すべて の こと を つたえた;Je lui ai tout dit.
美人[びじん];かれ の おかあさん は びじん です;Sa mère est une belle femme.
衣服[いふく];かれ の かいしゃ は いふく を あつかって いる よ;Son entreprise s'occupe de vêtements.
講演[こうえん];かれ の こうえん は ひょうばん が いい;Ses conférences ont bonne réputation.
商売[しょうばい];かれ の しょうばい は もうかって いる な;Son entreprise est rentable.
独特[どくとく];かれ の ふく の せんす は どくとく よ ね;Son sens du style est unique.
立派[りっぱ];かれ は  立派[りっぱ] な ひと です;Il est une personne honorable.
委員[いいん];かれ は いいん に えらばれました;Il a été élu au comité.
意志[いし];かれ は いし の つよい ひと です;C'est un homme de forte volonté.
意識[いしき];かれ は いしき を うしないました;Il a perdu connaissance.
黙る[だまる];かれ は いつも だまって しごと を します;Il travaille toujours en silence.
罰する[ばっする];かれ は いほう ちゅうしゃ で ばっせられた ん だ;Il a été condamné à une amende pour stationnement illégal.
禁煙[きんえん];かれ は いま きんえん して います;Il a arrêté de fumer maintenant.
不利[ふり];かれ は いま ふり な たちば に います;Il est désavantagé maintenant.
永久[えいきゅう];かれ は えいきゅう に かえらぬ ひと と なった の よ;Il est décédé.
微妙[びみょう];かれ は かいしゃ で びみょう な たちば に あります;Il occupe une position délicate dans l'entreprise.
推薦[すいせん];かれ は かいちょう に すいせん された よ;Il a été recommandé au président.
教授[きょうじゅ];かれ は かがく の きょうじゅ です;C'est un professeur de chimie.
器用[きよう];かれ は かなり きよう な ひと です;Il est très doué de ses mains.
金融[きんゆう];かれ は きんゆう かんけい の かいしゃ で はたらいて います;Il travaille dans une société financière.
軍隊[ぐんたい];かれ は ぐんたい に はいった よ;Il est entré dans l'armée.
満足[まんぞく];かれ は けっか に まんぞく した よう です;Il semble satisfait du résultat.
撃つ[うつ];かれ は けんじゅう で うたれた わ;Il a été abattu avec une arme de poing.
恋人[こいびと];かれ は こいびと を うしなった;Il a perdu sa petite amie.
豊か[ゆたか];かれ は こころ が ゆたか な ひと です;Il a un esprit riche.
競技[きょうぎ];かれ は こじん きょうぎ の すぽーつ が すき です;Il aime les sports individuels.
議員[ぎいん];かれ は こっかい ぎいん です;C'est un membre du Congrès.
叩く[たたく];かれ は こども の おしり を たたいた;Il a giflé son enfant sur les fesses.
辺[へん];かれ は このへん に すんで います;Il vit dans ces environs.
震える[ふるえる];かれ は さむくて ふるえて いました;Il avait froid et tremblait.
締める[しめる];かれ は しーとべると を しめた;Il a attaché sa ceinture de sécurité.
学問[がくもん];かれ は しょうねん の ころ から がくもん が すき でした;Il aimait apprendre depuis qu'il était tout petit.
典型[てんけい];かれ は しょくにん の てんけい です;C'est un artisan typique.
級[きゅう];かれ は しょどう さんきゅう です;Il a un certificat de troisième classe en calligraphie japonaise.
真剣[しんけん];かれ は しんけん に はなし を きいて いました;Il a écouté attentivement l'histoire.
描く[えがく];かれ は じんぶつ を えがく の が うまい な;Il est doué pour dessiner les gens.
記者[きしゃ];かれ は しんぶん きしゃ です;C'est un journaliste de presse.
詩人[しじん];かれ は すぐれた しじん です;C'est un fin poète.
指導[しどう];かれ は せいと の しどう が じょうず ね;Il est doué pour instruire les élèves.
理想[りそう];かれ は たかい りそう を もって いる の;Il a des idéaux élevés.
驚く[おどろく];かれ は ち を みて おどろいた;Il a été étonné de voir du sang.
遂に[ついに];かれ は ついに べんごし の しかく を とった よ;Il a finalement réussi l'examen du barreau.
批判[ひはん];かれ は どうりょう を ひはん した;Il a critiqué son collègue.
優秀[ゆうしゅう];かれ は とても ゆうしゅう な せいと です;C'est un étudiant très exceptionnel.
借金[しゃっきん];かれ は ともだち に しゃっきん を した ん だ;Il a emprunté de l'argent à un ami.
裏切る[うらぎる];かれ は なかま を うらぎった の|彼女に裏切られて落ち込んでいるんです。;Il a trahi ses amis.|Elle m'a trahi et je me sens déprimé.
農家[のうか];かれ は のうか に うまれました;Il est né dans une famille d'agriculteurs.
俳優[はいゆう];かれ は はいゆう です;Il est acteur.
速い[はやい];かれ は はしる の が はやい;Il court vite.
弾[たま];かれ は ぴすとる に たま を こめた ん だ;Il chargea le pistolet.
闘う[たたかう];かれ は びょうき と たたかった の;Il a lutté contre sa maladie.
来る[くる];かれ は ひるすぎ に きます;Il viendra après le déjeuner
笛[ふえ];かれ は ふえ を ふく の が うまい ね;Il joue bien de la flûte.
筆[ふで];かれ は ふで で てがみ を かいた の;Il a écrit la lettre avec un pinceau.
勇気[ゆうき];かれ は ゆうき が ある ね;Il est courageux.
技師[ぎし];かれ は れんとげん ぎし です;Il est radiologue.
親友[しんゆう];かれ は わたし の しんゆう です;C'est un ami proche.
握手[あくしゅ];かれら は あくしゅ を した;Ils se sont serré la main.
建築[けんちく];かれら は いえ を けんちくちゅう です;Ils sont en train de construire une maison.
気の毒[きのどく];かれら は きのどく な せいかつ を して いる;Ils vivent des vies pitoyables.
愉快[ゆかい];かれら は とても ゆかい な ひとたち です;Ce sont des gens très agréables.
彼ら[かれら];かれら は ばすけっと の せんしゅ です;Ce sont des basketteurs.
裸[はだか];かれら は はだか の つきあい を して いる よ;Ils ont une relation ouverte les uns avec les autres.
武器[ぶき];かれら は ぶき を とり たちあがった;Ils prirent les armes et se levèrent.
革[かわ];かわ の べると を かいました;J'ai acheté une ceinture en cuir.
訓[くん];かんじ の よみかた に は おん と くん の ふたとおり が ある の;Il existe deux manières de prononcer les kanji : la lecture dérivée du chinois et la lecture japonaise.
議長[ぎちょう];ぎちょう が かいかい の あいさつ を しました;Le président a prononcé les salutations d'ouverture de la réunion.
服[ふく];きのう あたらしい ふく を かった;J'ai acheté de nouveaux vêtements hier.
腰[こし];きのう から こし が いたい;J'ai mal au bas du dos depuis hier.
博物館[はくぶつかん];きのう くるま の はくぶつかん に いった;Je suis allé au musée de l'automobile hier.
植物[しょくぶつ];きゅうじつ は しょくぶつ の せわ を して すごします;Je passe mes journées de congé à m'occuper de mes plantes.
旧[きゅう];きゅうそびえと は いま は ろしあ と よばれて いる;L'ancienne Union soviétique s'appelle désormais la Russie.
結論[けつろん];きょう の はなしあい で は けつろん が でなかった;Nous ne sommes pas parvenus à une conclusion dans notre discussion d'aujourd'hui.
体育[たいいく];きょう は たいいく の じゅぎょう が あります;Il y a une leçon d'EPS aujourd'hui.
混雑[こんざつ];きょう は でぱーと が こんざつ して いた よ;Le grand magasin était bondé aujourd'hui.
暑い[あつい];きょう は とても あつい;Il fait très chaud aujourd'hui.
診察[しんさつ];きょう びょういん で しんさつ して もらった の;J'ai eu un examen à l'hôpital aujourd'hui.
比較[ひかく];きょねん の うりあげ と ひかく しましょう;Comparons-le avec les ventes de l'année dernière.
霧[きり];きり の ふかい よる の こと でした;C'était une nuit brumeuse.
泥[どろ];くつ が どろだらけ に なった よ;Ses chaussures étaient couvertes de boue.
穴[あな];くつした に あな が あいて いる;Il y a des trous dans mes chaussettes.
覆う[おおう];くも が そら を おおって いる ね;Le ciel est couvert.
氷[こおり];ぐらす に こおり を いれて ください;S'il vous plaît, mettez de la glace dans mon verre.
数[かず];ぐらす の かず が たりません;Il n'y a pas assez de verres.
駐車[ちゅうしゃ];くるま は ここ に ちゅうしゃ して ください;Veuillez garer la voiture ici.
刑事[けいじ];けいじ が げんば を しらべて いる わ;Le détective enquête sur la scène du crime.
軍[ぐん];けがにん は ぐん の びょういん に はこばれた よ;Les blessés ont été transportés à l'hôpital militaire.
体温[たいおん];けさ の たいおん は 36 ど でした;Ma température ce matin était de 36 degrés.
霜[しも];けさ は にわ の くさ に しも が おりて いた の;Il y avait du givre sur l'herbe du jardin ce matin.
実施[じっし];げんざい すぺしゃるきゃんぺーん を じっしちゅう です;Une campagne spéciale est en cours.
現代[げんだい];げんだい の かがく の しんぽ に は おどろく よ;L'avancement de la science contemporaine me surprend.
修正[しゅうせい];けんとう の けっか あん を しゅうせい した よ;Nous avons ajusté le plan à la suite de nos délibérations.
憲法[けんぽう];けんぽう を かいせい する こと は むずかしい わ ね;Il est difficile de réviser la constitution.
合計[ごうけい];ごうけい きんがく を けいさん して ください;Veuillez calculer le montant total.
禁止[きんし];こうさてん ふきん は ちゅうしゃ きんし です;Il est interdit de stationner à proximité de l'intersection.
高速[こうそく];こうそくばす で とうきょう に いった ん だ;Je suis allé à Tokyo en bus express.
退屈[たいくつ];こうちょう の たいくつ な はなし が つづいた ん だ よ;La conversation ennuyeuse du principal continuait.
国民[こくみん];こくみん の あんぜん が もっとも たいせつ です;La sécurité des citoyens est la plus importante.
中心[ちゅうしん];ここ が たてもの の ちゅうしん です;C'est le centre du bâtiment.
眺め[ながめ];ここ からの ながめ は さいこう です;La vue d'ici est fantastique.
跡[あと];ここ に たいや の あと が ある わ;Il y a une empreinte de pneu ici.
一方[いっぽう];ここ は いっぽう つうこう です;C'est une rue à sens unique.
立ち入り[たちいり]禁止[きんし];ここ は たちいりきんし です;Ici, c'est une zone interdite.
天然[てんねん];ここ は てんねん の おんせん です;Il s'agit d'une source chaude naturelle.
劇場[げきじょう];ごご はちじ に げきじょう の まえ で あいましょう;Rendez-vous devant le théâtre à 20h00.
黒板[こくばん];こたえ を こくばん に かいて ください;Veuillez écrire la réponse au tableau noir.
記入[きにゅう];こちら に おなまえ を ご きにゅう ください;Veuillez saisir votre nom ici.
底[そこ];こっぷ の そこ が ぬれて います よ;Le fond du verre est humide.
就く[つく];ことし から あたらしい しごと に つきます;Je vais commencer un nouveau travail cette année.
異常[いじょう];ことし の なつ は いじょう な あつさ です ね;Cet été est étrangement chaud.
春[はる];ことし の はる は あたたかい ね;Il fait chaud ce printemps, n'est-ce pas.
老人[ろうじん];こども が ろうじん の て を ひいて あるいて いた の;L'enfant tenait la main de la personne âgée pendant qu'ils marchaient.
道徳[どうとく];こども に は どうとく を きちんと おしえて いきたいと おもいます;J'aimerais bien enseigner la morale à mes enfants.
離す[はなす];こども の て を はなさないで ください;Ne lâchez pas la main de votre enfant.
愛情[あいじょう];こども は たくさん の あいじょう が ひつよう です;Les enfants ont besoin de beaucoup d'amour.
選択する[せんたくする];この 5 しゅるい から せんたく できます;Vous pouvez en sélectionner un parmi ces cinq types.
対象[たいしょう];この あんけーと は だいがくせい が たいしょう です;Ce questionnaire cible les étudiants universitaires.
踊り[おどり];この おどり は やさしい です よ;Cette danse est facile.
帯[おび];この おび は なが すぎます;Cette ceinture est trop longue.
性[せい];この かいしゃ で は せい に よる さべつ は ありません;Il n'y a pas de discrimination sexuelle dans cette entreprise.
柄[え];この かさ は え が じょうぶ だ な;La poignée de ce parapluie est solide.
根[ね];この き の ね は とても ふとい な;Les racines de cet arbre sont très épaisses.
特徴[とくちょう];この きょくせん が この くるま の とくちょう です;Ces courbes sont une caractéristique unique de cette voiture.
効く[きく];この くすり は あまり よく きかない よ;Ce médicament ne fonctionne pas très bien.
人種[じんしゅ];この くに に は さまざま な じんしゅ が います;Il existe de nombreuses ethnies dans ce pays.
女子[じょし];この くらす の じょし は じゅうはちにん です;Il y a 18 filles dans cette classe.
恩[おん];この ごおん は いっしょう わすれません;Je n'oublierai jamais cette gentillesse.
渋滞[じゅうたい];この こくどう は よく じゅうたい します;Cette route nationale est souvent congestionnée.
解釈[かいしゃく];この し を かいしゃく して みましょう;Essayons d'interpréter ce poème.
辛い[つらい];この しごと は つらい です;Ce travail est rude.
袖[そで];この しゃつ は そで が みじかい;Cette chemise a des manches courtes.
条件[じょうけん];この じょうけん で は きびし すぎます;C'est trop dur dans ces conditions.
拡大[かくだい];この ず を かくだい こぴー して ください;Veuillez faire un agrandissement de ce tableau.
地域[ちいき];この ちいき は あめ が おおい;Il pleut beaucoup dans cette région.
温暖[おんだん];この ちほう は おんだん で くらし やすい な;Le climat doux de ces régions facilite la vie ici.
包み[つつみ];この つつみ は だれ の です か;A qui est ce colis ?
賞[しょう];この でざいん は かずかず の しょう を うけて います;Cette conception a reçu de nombreux prix.
測る[はかる];この どあ の たかさ を はかって ください;Veuillez mesurer la hauteur de cette porte.
狂う[くるう];この とけい は すぐ くるう の;Cette horloge se détraque souvent.
鉄[てつ];この なべ は てつ で できて います;Ce pot est en fer.
布[ぬの];この ぬの は かーてん に つかえます;Ce tissu peut être utilisé pour les rideaux.
適用[てきよう];この ばあい ほけん が てきよう されます か;Dans ce cas, l'assurance s'applique-t-elle ?
小[しょう];この はこ の しょう を ください;Veuillez me donner la petite version de cette boîte.
香り[かおり];この はな は いい かおり が します ね;Cette fleur sent bon.
違い[ちがい];この ふたつ に は おおき な ちがい が ある;Il y a une grande différence entre ces deux-là.
飛行[ひこう];この ふらいと の ひこう じかん は やく 3 じかん です;Le temps de vol est d'environ trois heures.
協力[きょうりょく];この ぷろじぇくと に は みんな の きょうりょく が ひつよう です;Ce projet nécessite la coopération de tous.
羽根[はね];この ぺん は とり の はね で つくられて います;Ce stylo est fabriqué à partir d'une plume d'oiseau.
棒[ぼう];この ぼう は なに に つかう の です か;A quoi sert ce bâton ?
章[しょう];この ほん の だいろくしょう が とくに すき です;J'aime particulièrement le chapitre 6 de ce livre.
出版[しゅっぱん];この ほん は じゅうごねんまえ に しゅっぱん された;Ce livre a été publié il y a 15 ans.
参考[さんこう];この ほん を さんこう に して ください;Veuillez vous référer à ce livre.
幅[はば];この みち は はば が せまい の で き を つけて うんてん して ください;Cette route est étroite, conduisez donc prudemment.
毛布[もうふ];この もうふ は あたたかい;Cette couverture est chaude.
硬い[かたい];このパンは 固[かた]いですが 、 美味[おい]しいです 。;Ce pain est dur, mais délicieux.
小麦[こむぎ];こむぎ は いろいろ な たべもの に つかわれて いる;Le blé est utilisé dans de nombreux aliments.
石炭[せきたん];こや に せきたん の やま が あります;Il y a une montagne de charbon dans la hutte.
税[ぜい];これ いじょう ぜい が あがる と せいかつ できない ね;Si les impôts augmentent encore, nous ne pourrons plus gagner notre vie.
最低[さいてい];これ は いま まで で さいてい の きろく だ;C'est le pire record à ce jour.
税金[ぜいきん];これ は ぜいきん の むだづかい だ ね;C'est un gaspillage de l'argent des contribuables.
承認[しょうにん];これ は せいふ の しょうにん を うけた しかく です;Ceci est une qualification approuvée par le gouvernement
大切[たいせつ];これ は はは が たいせつ に して いた ゆびわ です;Ceci est une bague qui était importante pour ma mère.
秘密[ひみつ];これ は ひみつ です;C'est un secret.
順番[じゅんばん];これ を じゅんばん どおり に ならべ かえて ください;Veuillez les réorganiser dans l'ordre.
筋[すじ];ころんで すじ を いためて しまいました;Je suis tombé et j'ai endommagé mon tendon.
支出[ししゅつ];こんげつ の わがや の ししゅつ は じゅうごまんえん です;Les dépenses de notre ménage sont de 150 000 yens ce mois-ci.
語る[かたる];こんや は おおいに かたりましょう;Parlons de tout ce soir.
株[かぶ];さいきん かぶ を はじめました;J'ai récemment commencé à investir dans des actions.
評価[ひょうか];さいきん かれ の ひょうか が あがった;Il a reçu plus de reconnaissance ces derniers temps.
量[りょう];さいきん しょくじ の りょう を へらして います;Dernièrement, je diminue la quantité de nourriture que je mange.
減らす[へらす];さいきん しょくじ を へらして います;Je mange moins depuis peu.
傾向[けいこう];さいきん の わかもの は むずかしい ほん を よまない けいこう が ある;De nos jours, les jeunes ont tendance à ne pas lire de livres difficiles.
就職[しゅうしょく];さいきん わかい ひとたち の しゅうしょく が むずかしく なって います;Il a été difficile pour les jeunes de trouver un emploi ces derniers temps.
裁判[さいばん];さいばん の ようす は てれび で ちゅうけい された わ よ;Des scènes du procès ont été diffusées à la télévision.
漬ける[つける];さかな を みそ に つけました;J'ai fait mariner le poisson dans du miso.
実に[じつに];さくじつ の こんさーと は じつに すばらしかった よ;Le concert d'hier était en effet merveilleux.
団体[だんたい];さっかー は だんたい きょうぎ です;Le football est un événement d'équipe.
郵便[ゆうびん];さっき ゆうびん が とどきました;Le courrier vient d'arriver.
砂漠[さばく];さばく で は ほとんど あめ が ふらない の よ;Il pleut à peine dans le désert.
凍る[こおる];さむい あさ は どうろ が こおります;Les routes gèlent les matins froids.
交換[こうかん];しあい の あいて と ゆにふぉーむ を こうかん した よ;Nous avons échangé des uniformes avec l'équipe adverse au tapis
有利[ゆうり];しかく が ある と しゅうしょく に ゆうり です;Il est avantageux d'avoir des qualifications lors de la recherche d'emploi.
省く[はぶく];じかん が ない の で しょうさい は はぶきます;Je vais omettre les détails car il n'y a pas de temps.
現場[げんば];じこ げんば に は はいれません;Vous ne pouvez pas entrer sur les lieux de l'accident.
後[あと];しごと の あと えいが を みた;J'ai vu un film après le travail.
完了[かんりょう];しごと は すべて かんりょう しました;J'ai terminé tout le travail.
端[はし];じしょ は ほんだな の はし に あります;Le dictionnaire est au bout de la bibliothèque.
混乱[こんらん];じしん の あと まち は だいこんらん だった よ;Après le tremblement de terre, la ville était en pandémonium.
舌[した];した を だして ください;Tire la langue.
支度[じたく];したく が できたら でかけましょう;Sortons quand nous serons prêts.
離れる[はなれる];じっか を 4 ねんかん はなれて いました;J'ai été absent de la maison de mes parents pendant 4 ans.
納める[おさめる];じどうしゃぜい を おさめた よ;J'ai payé ma taxe automobile.
芝生[しばふ];しばふ が よく ていれ されて います ね;La pelouse est bien entretenue.
自身[じしん];じぶん じしん を うたがって は いけません;Ne doutez pas de vous.
処理[しょり];じむてき な しょり に いっしゅうかん かかります;Le traitement administratif prend une semaine.
合図[あいず];しゃしょう が はっしゃ の あいず を した よ;Le conducteur a donné le signal du départ.
額[がく];しゃしん を がく に いれて かざった ん だ;J'ai mis la photo dans un cadre et je l'ai accrochée.
撮る[とる];しゃしん を たくさん とりました;J'ai pris beaucoup de photos.
宗教[しゅうきょう];しゅうきょう を もたない ひと も たくさん いる わ;Il y a aussi beaucoup de gens qui n'ont pas de religion.
余裕[よゆう];しゅっぱつ まで じかん の よゆう が あります;Il reste beaucoup de temps jusqu'au départ.
延ばす[のばす];しゅっぱつ を いっしゅうかん のばした の;J'ai retardé mon départ d'une semaine.
主婦[しゅふ];しゅふ の おも な しごと は かじ よ;La tâche principale d'une femme au foyer est le travail domestique.
劇[げき];しょうがっこう で こどもたち の げき を みました;J'ai vu une pièce de théâtre pour enfants dans une école primaire.
述べる[のべる];じょうし が いけん を のべた;Notre patron nous a donné son avis.
譲る[ゆずる];じょうし が くるま を ゆずって くれた の;Mon patron m'a donné sa voiture.
主張[しゅちょう];じょうし は わたし の しゅちょう を うけいれた;Mon patron a accepté mon argument.
少女[しょうじょ];しょうじょ は ははおや の て を にぎった;La jeune fille serra la main de sa mère.
握る[にぎる];しょうじょ は ははおや の て を にぎった;La jeune fille serra la main de sa mère.
冗談[じょうだん];じょうだん は やめて ください;S'il vous plaît arrêtez de plaisanter.
上等[じょうとう];じょうとう な わいん を のんだ の;Nous avons bu du bon vin.
商人[しょうにん];しょうにん は すうじ に つよい ね;Les hommes d'affaires sont bons avec les chiffres.
少年[しょうねん];しょうねんたち が さっかー を して いる;Les garçons jouent au foot.
消防[しょうぼう];しょうぼうし は ゆうかん で なけれ ば ならない;Les pompiers doivent être courageux.
余分[よぶん];しょくじ は よぶん に ようい して あります;J'ai préparé des portions supplémentaires pour le repas.
食卓[しょくたく];しょくたく に はな を かざりましょう;Décorons la table à manger avec des fleurs.
正[せい];しょるい は せい と ふく の につう あります;Le document se compose de l'original et d'une copie.
助手[じょしゅ];しりょう は じょしゅ に あずけて おいて ください;Veuillez remettre le matériel à mon assistant.
白[しろ];しろ は ゆき の いろ です;Le blanc est la couleur de la neige.
学期[がっき];しんがっき が はじまった ね;Un nouveau semestre a commencé.
信仰[しんこう];しんこう は こころ の ささえ です;La foi élève l'esprit.
必ずしも[かならずしも];しんせつ は かならずしも よろこばれる わけ で は ない;La gentillesse ne plaît pas tout le temps aux gens.
身長[しんちょう];しんちょう は どれ くらい あります か;Quelle est votre taille?
人類[じんるい];じんるい は にほん の あし で あるきます;Les humains marchent sur deux pieds.
数字[すうじ];すうじ は にがて です;Je ne suis pas bon avec les chiffres.
膝[ひざ];すきー で ひざ を けがしました;Je me suis blessé au genou en skiant.
順調[じゅんちょう];すすみ ぐあい は すべて じゅんちょう です;Tout avance bien.
勧める[すすめる];すすめられて ほしく も ない もの を かっちゃった よ;Sur les conseils de quelqu'un, j'ai fini par acheter quelque chose dont je ne voulais pas.
幕[まく];すてーじ の まく が あがった ん だ;Le rideau de scène s'est levé.
伸ばす[のばす];すとれっち で きんにく を のばしましょう;Étirons nos muscles avec des exercices.
夫人[ふじん];すみすふじん が いらっしゃいました;Mme Smith est venue.
鋭い[するどい];するどい はもの で ゆび を けが した;Je me suis blessé le doigt avec le couteau pointu.
正式[せいしき];せいしき な しょうたいじょう を うけとりました;J'ai reçu une invitation officielle.
利益[りえき];せんげつ の りえき は 200 まんえん でした;Le bénéfice du mois dernier était de deux millions de yens.
独立[どくりつ];せんじつ かいしゃ から どくりつ しました;J'ai créé ma propre entreprise l'autre jour.
礼[れい];せんせい に おれい の てがみ を かきました;J'ai écrit une lettre de remerciement à mon professeur.
下りる[おりる];そこ の かいだん を おりて ください;Veuillez descendre ces escaliers.
衝突[しょうとつ];そこ の かど で くるま どうし が しょうとつ した の よ;Les voitures se sont percutées au coin de la rue.
而して[そして];そして、もう一度廊下を見た。;Puis, je regardai à nouveau le couloir.
批評[ひひょう];その えいが は よい ひひょう を えて いる ん だ;Le film a été acclamé par la critique.
汚染[おせん];その かわ の みず は おせん されて います;L'eau de cette rivière est polluée.
刺激[しげき];その くいずばんぐみ は のう を しげき する ね;Le jeu-questionnaire stimule le cerveau.
援助[えんじょ];その くに に は ぶっし の えんじょ が ひつよう です;Ce pays a besoin d'une aide substantielle.
中央[ちゅうおう];その こうえん は まち の ほぼ ちゅうおう に いち する ん だ;Le parc est situé presque au centre de la ville.
死亡[しぼう];その じこ で は ふたり しぼう した の;Deux personnes sont mortes dans cet accident.
厚い[あつい];その じしょ は とても あつい;Ce dictionnaire est très épais.
率[りつ];その しゅじゅつ の せいこうりつ は 90% だ そう です;Apparemment, le taux de réussite de l'opération est de 90 %.
瞬間[しゅんかん];その しゅんかん ねこ が とびだしました;A cet instant, le chat s'enfuit.
含む[ふくむ];その しょくひん は ゆうがい ぶっしつ を ふくんで いる ぞ;La nourriture contient une substance toxique.
粉[こな];その しろい こな は あかちゃん の みるく です;La poudre blanche est du lait de bébé.
勢い[いきおい];その ちーむ に は いきおい が あります ね;Cette équipe a de l'élan.
政府[せいふ];その デモ に ついて せいふ は なにも しなかった;Le gouvernement n'a rien fait contre la manifestation.
服装[ふくそう];その ぱーてぃー は かじゅある な ふくそう で だいじょうぶ です;C'est bien de porter des vêtements décontractés à la fête.
訳[やく];その ぶん の やく を よみました;J'ai lu une traduction de cette phrase.
危ない[あぶない];その みち は くるま が おおくて あぶない;Il y a beaucoup de voitures sur la route et c'est dangereux.
谷[たに];その むら は ふかい たに に ある の;Le village est dans une vallée profonde.
其の儘[そのまま];そのまま おまち ください;Veuillez patienter un peu.
墓[はか];そふ の はか は ちかく に あります;La tombe de mon grand-père est à proximité.
尊敬[そんけい];そふ は かぞく みんな に そんけい されて います;Mon grand-père est respecté par toute la famille.
心臓[しんぞう];そぼ は しんぞう が わるい ん だ;Ma grand-mère a une maladie cardiaque.
考え[かんがえ];それ は いい かんがえ です;C'est une bonne idée.
一種[いっしゅ];それ は くだもの の いっしゅ です;C'est une sorte de fruit.
本人[ほんにん];それ は ほんにん に きいて ください;Veuillez demander à la personne en question.
頂戴[ちょうだい];それ ひとつ ちょうだい;J'en aurai un.
想像[そうぞう];そんな こと は そうぞう できない よ;Je ne peux pas imaginer une telle chose.
器械[きかい];たいいくかん で きかい を つかって うんどう した の;J'ai fait de l'exercice avec des machines dans le gymnase.
掲示[けいじ];たいかい の すろーがん を けいじ した よ;J'ai affiché le slogan du rallye.
専攻[せんこう];だいがく で は ぶつり を せんこう して いました;Je me suis spécialisé en physique à l'université.
大臣[だいじん];だいじん が おしょく で たいほ されました;Le ministre a été arrêté pour corruption.
大戦[たいせん];たいせん で おおく の ひと が なくなりました;Beaucoup de gens sont morts dans les guerres mondiales.
爆発[ばくはつ];だいなまいと が ばくはつ した ん だ;La dynamite a explosé.
隠れる[かくれる];たいよう が くも に かくれた;Le soleil se cachait derrière les nuages.
昇る[のぼる];たいよう は ひがし から のぼります;Le soleil se lève à l'est.
時刻[じこく];ただいま の じこく は ろくじ さんじゅうごふん です;Il est tout à l'heure 6h35.
吸う[すう];タバコ吸いますか？;Fumez-vous des cigarettes ?
動詞[どうし];たべる は どうし です;Manger est un verbe.
近頃[ちかごろ];ちかごろ かのじょ の ようす が おかしい;Elle se comporte étrangement ces jours-ci.
資源[しげん];ちきゅう の しげん を まもりましょう;Protégeons les ressources de la terre.
風呂[ふろ];ちち は いま お  風呂[ふろ] に はいって います;Mon père est dans le bain actuellement.
板[いた];ちち は ながい いた を かって きた ん だ;Mon père a acheté une longue planche.
嫌う[きらう];ちち は らっしゅあわー を きらって います;Mon père n'aime pas les heures de pointe.
地平線[ちへいせん];ちへいせん に ゆうひ が しずむ ところ だった の;Le soleil se couchait à l'horizon.
昼食[ちゅうしょく];ちゅうしょく に すし を たべました;J'ai mangé des sushis pour lundi
農民[のうみん];ちゅうせい の のうみん は まずしかった;Les paysans du Moyen Âge étaient pauvres.
芽[め];ちゅーりっぷ の め が でました;Les bourgeons de tulipes ont émergé.
通過[つうか];つぎ の えき は つうか します;Ce train ne s'arrêtera pas à la prochaine gare.
全国[ぜんこく];つぎ は ぜんこく の おてんき です;Et maintenant, pour la météo du pays.
移す[うつす];つくえ を まど の そば に うつしました;J'ai déplacé le bureau près de la fenêtre.
詰まり[つまり];つまり あなた は なに も しらない の です ね;En bref, fondamentalement, vous ne savez rien.
癖[くせ];つめ を かむ くせ は なおした ほう が いい;Vous devriez arrêter l'habitude de vous ronger les ongles.
触れる[ふれる];て と て が ふれて どきどき した よ;Mon cœur battit lorsque nos mains se touchèrent.
保存[ほぞん];でーた を 30 ぷん おき に ほぞん して ください;Veuillez sauvegarder les données toutes les 30 minutes.
哲学[てつがく];てつがく は きょうみぶかい がくもん です;La philosophie est un domaine d'étude intéressant.
節約[せつやく];でんき や みず を せつやく しましょう;Économisons l'électricité et l'eau.
掃除[そうじ];トイレを掃除しましたか。;As-tu nettoyé les toilettes ?
党[とう];とう の だいひょう が しつもん に こたえました;Le porte-parole du parti a répondu à la question.
最終[さいしゅう];とうきょうゆき の さいしゅう でんしゃ は なんじ です か;A quelle heure part le dernier train pour Tokyo ?
湾[わん];とうきょうわん は じゅうよう な やくわり を はたして いる;La baie de Tokyo joue un rôle important.
如何しても[どうしても];どうしても その わけ を しりたい;Je veux vraiment connaître les circonstances.
吠える[ほえる];どこか で いぬ が ほえて います ね;Un chien aboie quelque part.
生憎[あいにく];とちゅう で あいにく あめ が ふりだした の;Malheureusement, il a commencé à pleuvoir sur le chemin.
兎に角[とにかく];とにかく げんば へ いって みましょう;Quoi qu'il en soit, allons sur le site.
臭い[くさい];なっとう は くさい;Le natto pue.
怠ける[なまける];なまけて いない で てつだって;Arrête de te paresser et aide-moi !
何とか[なんとか];なんとか おねがい します;Je vous prie d'en prendre soin.
著者[ちょしゃ];なんと私の姉もその本の著者でした。|この ほん の ちょしゃ は いぎりすじん です;Étonnamment, ma sœur était également l'auteur de ce livre. | L'auteur de ce livre est britannique.
逮捕[たいほ];にげて いた はんにん が たいほ されました;Ils ont arrêté ce criminel qui s'est échappé.
可能[かのう];にじゅっきろ の だいえっと は かのう だ と おもいます か;Pensez-vous qu'il est possible de suivre un régime de vingt kilos ?
攻撃[こうげき];にせんさんねん に あめりか は いらく を こうげき した;Les États-Unis ont attaqué l'Irak en 2003.
滞在[たいざい];にっぽん で は ほっかいどう に たいざい しました;J'ai séjourné à Hokkaido quand j'étais au Japon.
稲[いね];にっぽん は いね の ひんしゅ が おおい よ;Le Japon a beaucoup de variétés de riz.
刀[かたな];にほん えいが で かたな を みた;J'ai vu une épée dans un film japonais.
券[けん];にゅうじょうけん を お もち です か;Avez-vous un billet d'entrée?
塀[へい];ねこ が へい の うえ で ねて いる ぞ;Le chat dort sur le mur.
眺める[ながめる];ねこ が まど から そと を ながめて いる よ;Le chat est à la fenêtre et regarde dehors.
印刷[いんさつ];ねんがじょう を いんさつ した の;J'ai imprimé les cartes du Nouvel An.
量る[はかる];はかり で こむぎこ の ぶんりょう を はかった よ;J'ai mesuré la quantité de farine qu'il y avait avec une balance de cuisine.
激しい[はげしい];はげしい あめ が ふって います;Une très forte pluie tombe.
奥[おく];はさみ は つくえ の おく に あった;Les ciseaux étaient au fond du bureau.
停留所[ていりゅうじょ];ばす の ていりゅうじょ で じゅっぷん まちました;J'ai attendu dix minutes à l'arrêt de bus.
旗[はた];はた が かぜ に ゆれて いる;Le drapeau flotte au vent.
損[そん];ぱちんこ で 5000 えん そん しました;J'ai perdu 5 000 yens au pachinko.
読み[よみ];はは に よみかき を ならいました;J'ai appris à lire et à écrire avec ma mère.
畑[はたけ];はは は はたけ しごと が すき だ;Ma mère aime travailler sur le terrain.
家事[かじ];はは は まいにち てきぱき と かじ を して いる よ;Ma mère fait le ménage tous les jours.
進める[すすめる];はやく じゅぎょう を すすめましょう;Dépêchons-nous et poursuivons notre cours.
自殺[じさつ];はんにん は けいさつ に つかまる まえ に じさつ しました;Le criminel s'est suicidé avant d'être arrêté par la police.
抵抗[ていこう];はんにん は けいさつ に ていこう した の;Le criminel a résisté à la police.
囲む[かこむ];ひさしぶり に かぞく ぜんいん で しょくたく を かこみました;Nous avons eu toute la famille autour de la table du dîner pour la première fois depuis longtemps.
額[ひたい];ひたい に あせ を かいた よ;Son front était couvert de sueur.
救助[きゅうじょ];ぷーる で おとこ の こ が きゅうじょ されました;Un garçon a été secouru dans la piscine.
働き[はたらき];ぶか が すばらしい はたらき を した な;Mes subordonnés ont fait un travail fantastique.
婦人[ふじん];ふじんふく うりば は 5 かい で ございます;Le rayon vêtements pour dames se trouve au cinquième étage.
境[さかい];ふたつ の し の さかい に かわ が ながれて いる の;Une rivière coule le long de la limite des deux villes.
同時[どうじ];ふたり の そうしゃ は どうじ に ごーる した よ;Les deux coureurs ont atteint le but en même temps.
岸[きし];ふね が やっと きし に ついた よ;Le navire a finalement atteint le rivage.
大統領[だいとうりょう];ふらんす の だいとうりょう は だれ です か;Qui est le président de la France ?
小包[こづつみ];ふらんす の ともだち から こづつみ が とどいた;Un colis est arrivé d'un ami en France.
温い[ぬるい];ふろ が  温[ぬる]かった;Le bain était tiède.
平均[へいきん];へいきん で いちにち に 8 じかん ぐらい はたらいて います;Je travaille environ huit heures par jour en moyenne.
永遠[えいえん];へいわ は じんるい の えいえん の てーま です;La paix est une question éternelle pour les êtres humains.
飼う[かう];ぺっと を かった こと は あります か;As tu déjà eu un animal de compagnie?
戸[と];へや の と が あいて います;La porte de la chambre est ouverte.
沈む[しずむ];ぼーと が かわ に しずんだ;Le bateau a coulé dans la rivière.
隠す[かくす];ぼく に かくして いる こと は ない です か;Vous ne me cachez rien, n'est-ce pas ?
金庫[きんこ];ほてる の きんこ に きちょうひん を いれた よ;J'ai mis mes objets de valeur dans le coffre-fort de l'hôtel.
仏[ほとけ];ほとけ の おしえ を べんきょう しました;J'ai étudié les enseignements de Bouddha.
販売[はんばい];まえうりけん は まどぐち で はんばい して います;Les billets à l'avance sont en vente au guichet.
誠に[まことに];まことに ありがとう ございます;Merci beaucoup.
会う[あう];また あいましょう;Revoyons-nous.
損害[そんがい];まち は たいふう で おおきな そんがい を うけた ん だ;La ville a subi de nombreux dégâts à cause du typhon.
印[しるし];まちがい に しるし を つけて おきました;J'ai noté les fautes.
影[かげ];まど に だんせい の かげ が うつって います;L'ombre d'un homme se reflète dans la fenêtre.
記録[きろく];まらそん で せかい きろく が でた;Il y avait un nouveau record du monde dans le marathon.
油[あぶら];みず と あぶら は まざらない;L'huile et l'eau ne se mélangent pas.
熱帯[ねったい];みせ に ねったい の くだもの が ならんで います よ;Des fruits tropicaux sont exposés dans la boutique.
土産[みやげ];みやげ に にほんしゅ を もらった;On m'a donné du saké en souvenir.
一致[いっち];みんな の いけん が いっち しました;Nous étions tous d'accord.
予防[よぼう];むしば は よぼう できます;La carie dentaire peut être évitée.
虫歯[むしば];むしば は よぼう できます;La carie dentaire peut être évitée.
成人[せいじん];むすめ が ことし せいじん します;Ma fille est majeure cette année.
引っ張る[ひっぱる];むすめ が わたし の て を ひっぱった;Ma fille m'a tiré la main.
真似[まね];むすめ は よく わたし の まね を します;Ma fille me copie souvent.
胸[むね];むね に すこし いたみ が あります;J'ai une légère douleur dans la poitrine.
無くなる[なくなる];もう お金[かね]が 無[な]くなりました。;L'argent à déjà été épuisé.
限界[げんかい];もう がまん の げんかい です;Je n'en peux plus.
慎重[しんちょう];もういちど しんちょう に みなおしましょう;Examinons-le à nouveau attentivement.
申し訳[もうしわけ];もうしわけ ございません;Je suis vraiment désolé.
案[あん];もっと あん を だしあいましょう;Partageons plus d'idées.
泉[いずみ];もり の なか に きれい な いずみ が ある の;Il y a une belle source dans la forêt.
軈て[やがて];やがて ゆき も やむ でしょう;La neige cessera d'ici peu.
免許[めんきょ];やっと うんてん めんきょ を て に いれた よ;J'ai enfin obtenu mon permis de conduire.
屋根[やね];やね に からす が とまって います;Il y a un corbeau sur le toit.
夕飯[ゆうはん];ゆうはん は すし でした;Le souper était des sushis.
大陸[たいりく];ゆーらしあ は せかい で もっとも おおきい たいりく です;L'Eurasie est le plus grand continent du monde.
床[ゆか];ゆか が ぬれて いる;Le sol est mouillé.
証明[しょうめい];ようぎしゃ の ありばい が しょうめい されました;L'alibi du suspect a été prouvé.
至る[いたる];ようやく けつろん に いたった よう ね;Il semblait que nous étions enfin parvenus à une conclusion.
州[しゅう];らいげつ となり の しゅう に ひっこします;Je déménagerai dans l'État voisin le mois prochain.
身[み];りょこうちゅう は み の あんぜん が だいいち です;La sécurité personnelle est primordiale lors d'un voyage.
腐る[くさる];りんご が くさって いる;Cette pomme est pourrie.
皮[かわ];りんご の かわ を むきました よ;J'ai pelé la peau d'une pomme.
清潔[せいけつ];れすとらん は せいけつ が だいいち です;Dans les restaurants, la propreté est la chose la plus importante.
次第[しだい];れんらく が あり しだい しゅっぱつ します;Je partirai dès qu'on me le dira.
炎[ほのお];ろうそく の ほのお が へや を てらした ん だ;La flamme de la bougie éclairait la pièce.
義務[ぎむ];ろうどう は こくみん の ぎむ です;C'est un devoir de citoyen de travailler.
引用[いんよう];ろんぶん に その ほん を いんよう した の;J'ai cité le livre dans ma thèse.
経営[けいえい];わがしゃ の けいえい は うまく いって います;Notre entreprise est bien gérée.
保障[ほしょう];わたし が あなた の あんぜん を ほしょう します;Je garantis votre sécurité.
直す[なおす];わたし が それ を なおしました;Je l'ai réparé.
案内[あんない];わたし が なか を ごあんない します;Je vais vous guider à l’intérieur.
年代[ねんだい];わたし と かれ は おなじ ねんだい です;Lui et moi sommes de la même génération.
占める[しめる];わたし に とどく めーる の うち めいわく めーる が ななわり を しめて いる;Environ 70 % des e-mails qui me sont envoyés sont des pourriels.
固い[かたい];わたし の じょうし は あたま が かたい;Mon patron est têtu.
望み[のぞみ];わたし の のぞみ は かいがい で くらす こと です;C'est mon souhait de vivre à l'étranger.
有効[ゆうこう];わたし の めんきょ は らいねん まで ゆうこう です;Ma licence est effective jusqu'à l'année prochaine.
投票[とうひょう];わたし は あさ はやく とうひょう を すませました;J'ai fini de voter tôt le matin.
風邪[かぜ];わたし は かぜ を ひきました 。;J'ai attrapé un rhume.
応じる[おうじる];わたし は かれ の ようぼう に おうじました;J'ai répondu à sa demande.
九[く];わたし は くがつ に いく よてい です;Je prévois d'y aller en septembre.
主義[しゅぎ];わたし は くるま は もたない しゅぎ です;Je n'ai pas de voiture par principe.
健康[けんこう];わたし は けんこう な せいかつ を おくって います;Je mène une vie saine.
濃い[こい];わたし は こい あじ が すき だ;J'aime les goûts forts.
担当[たんとう];わたし は せーるす を たんとう して います;Je suis responsable des ventes.
劣る[おとる];わたし は たいりょく で は だれ に も おとりません;Ma force physique est incomparable.
目標[もくひょう];わたし は ちち を もくひょう に して います;Je prends mon père comme modèle.
農業[のうぎょう];わたし は のうぎょう を べんきょう して います;J'étudie l'agriculture.
人込み[ひとごみ];わたし は ひとごみ が すき で は ありません;Je n'aime pas les foules.
普段[ふだん];わたし は ふだん は てぃーしゃつ と じーんず を きて います;Je porte habituellement un tee-shirt et un jean.
葡萄[ぶどう];わたし は ぶどう が すき です;J'aime les raisins.
起きる[おきる];わたし は まいあさ ろくじ に おきます;Je me lève à six heures tous les matins.
綿[めん];わたし は めん の しゃつ を よく きます;Je porte souvent des chemises en coton.
彼方此方[あちこち];わたしたち は あさ から あちこち さんぽ しました;Nous nous sommes promenés ici et là dès le matin.
酸素[さんそ];わたしたち は さんそ なし で は いきて いけない;Nous ne pouvons pas vivre sans oxygène.
話し合う[はなしあう];わたしたち は よく はなしあいました;Nous nous parlions souvent.
我々[われわれ];われわれ の けつい は かたい です;Notre décision est ferme.
一瞬[いっしゅん];一瞬[いっしゅん] 自分[じぶん]の 耳[みみ]を 疑[うたが]ったよ。;Pendant un moment, je ne pouvais pas croire ce que j'entendais.
連れる[つれる];両親の家に彼女を連れて行きたい。;Je veux emmener ma copine chez mes parents.
如何[どう];事はどうですか？;Le travail, comment ça va ?
拝見[はいけん];切符を拝見します。;Puis-je voir votre billet ? (littéralement : Je vais regarder votre billet.)
折れる[おれる];台風の日は茎が折れる危険性があるので補強する必要があります。 喧嘩して、歯が折れてしまった。;Je me suis battu et je me suis cassé une dent.
珈琲[コーヒー];喫茶店でコーヒーを飲む;Je bois un café dans un café.
水泳[すいえい];子供の時、水泳が嫌いでした。;Je détestais la natation quand j'étais enfant.
入る[はいる];寒[さむ]いので 中[なか]に 入[ハい]ってください。;Puisqu'il fait froid, veuillez rentrer à l'intérieur.
其れに[それに];山の上からの景色が綺麗。それに空気も綺麗。;La vue depuis le sommet de la montagne est belle. En plus, l'air aussi est bon.
寂しい[さびしい];彼[かれ] は 一人[ひとり]でこの 寂[さび]しい 場所[ばしょ]に 住[す]んでいます。;Il vit seul dans cet endroit isolé.
事故[じこ];彼[かれ] は[わ] 事故[じこ]で 怪我[けが]をしました。;Il a été blessé dans l'accident.
課長[かちょう];彼[かれ]は 課長[かちょう]になった。;Il est devenu chef de service.
柔らかい[やわらかい];新しいソファーはとても柔らかいです。;Le nouveau canapé est vraiment moelleux.
ベッド;新しいベッドを買いたい。;Je veux acheter un nouveau lit.
本[ほん];本がある。;Il y a un livre.
布団[ふとん];母[はは] は[わ]すぐにふとんを 片付[かたづ]けました。;Ma mère a immédiatement rangé le futon.
状況[じょうきょう];状況[じょうきょう]を お知[おし]らせください。;Veuillez me fournir le statut.
瓶[びん];"瓶[びん]ビールを 注文[ちゅうもん]した。|この[;h] 瓶[びん;a] に 何[なに;a]が 入[はい,はいる;k1]って います[,います;k2] か 。";J'ai commandé une bouteille de bière.
用[よう];用があるので、早く帰る。;J'ai quelque chose dont je dois m'occuper, alors je vais partir plus tôt.
袋[ふくろ];袋[ふくろ]は 要[い]りません。|ふくろ は いりません;Le sac n'est pas nécessaire.
鍋[なべ];鍋[なべ]にスープが 入[はい]っているよ。|なべ に すーぷ が はいって いる よ;Il y a de la soupe dans la casserole.
番線[ばんせん];電車[でんしゃ]は １０番線[じゅうばんせん]にあります。;Le train est sur la ligne 10.
どう致しまして[どういたしまして];「ありがとうご座います」「どう致しまして」;« Merci beaucoup. » « De rien. »
十二日[じゅうににち];1998年6月12日以来、カイリー・ミノーグを信じる。;Je crois en Kylie Minogue depuis le 12 juin 1998.
結構[けっこう];３時で結構です。;À 15 heures, c'est parfait.
一番線[いちばんせん];3番線、ドアが閉まります。ご注意ください。;Les portes du quai 3 se ferment. Soyez prudents.
四十[よんじゅう];Tシャツを四十まいもっています。;J'ai quarante tee-shirts.
お風呂[おふろ];あなたが電話したとき、私はお風呂に入っていたのです。;J'étais dans le bain quand tu as appelé.
同僚[どうりょう];あの 会社[かいしゃ]の 同僚[どうりょう]はみんないい 人[ひと]だった。;Les collègues de cette entreprise sont tous de bonnes personnes.
お婆さん[おばあさん];あのお婆さんは誰ですか？;Qui est cette vieille dame ?
其の儘にする[そのままにする];イスはそのままにしておきなさい。;Laissez la chaise où elle est.
仕方無い[しかたない];いたずらをするのは仕方が無い。;Il est compréhensible qu'ils puissent faire des farces.
描く[かく];うちのロゴを違う色でも描いてみてもらえますか。;Pouvez-vous dessiner notre logo avec différentes couleurs?
立場[たちば];お 答[こた]えできる 立場[たちば]にありません。;Je ne suis pas en mesure de répondre.
気を悪く[きをわるく];お気を悪くしたのではないですか。;J'espère ne pas vous avoir offensé.
皿[さら];お皿を洗ってもらえませんか？;Pourriez-vous faire la vaisselle pour moi ?
菓子[かし];お菓子をたくさんもらったよ！;J'ai eu plein de bonbons !
可哀想[かわいそう];お酒を付き合い程度にしか飲まない人のこと、なんだか可哀想だなって思うんだよね。;Je pense que c'est un peu pathétique d'être un buveur mondain.
お釣り[おつり];お釣りはいいです。;Gardez la monnaie.
会計[かいけい];かいけい 会計の かんさ 監査があった。;The accounts have been audited.
お湯[おゆ];カップラーメンはお湯を入れてたった3分間待てば出来上がる。;Les nouilles instantanées en tasse sont prêtes en seulement 3 minutes après l'ajout d'eau chaude.
学者[がくしゃ];かれ 彼は りっぱ 立派な がくしゃ 学者になるだろう。;He will be a wonderful scholar.
秒[びょう];コウイチにラインしたら秒で返事きてわらえた。;J'ai envoyé un message LINE à Koichi et il m'a répondu en une seconde. Cela m'a fait rire.
一億[いちおく];コウイチは東京に一億円のマンションを持っています。;Koichi a un appartement de standing de cent millions de yens à Tokyo.
お皿[おさら];コップとお皿は割れていた。;La tasse et l'assiette étaient cassées.
依ると[よると];ことによると、きみにも一緒にきてもらう。;Selon les circonstances, je pourrais vous demander de venir aussi.
基づく[もとづく];この 物語[ものがたり]は 事実[じじつ]に 基[もと]づいている。;Cette histoire est basée sur des faits.
泡[あわ];この 石鹸[せっけん]は、 泡[あわ]がよく 出[で]る。;Ce savon produit beaucoup de bulles.
修理屋[しゅうりや];この 詩[し]は 誰[だれ]が 書[か]いたのですか。;Par qui ce poème a-t-il été écrit ?
受け取る[うけとる];この 贈り物[おくりもの]は 受け取[うけと]れません。;Je ne peux pas accepter ce cadeau.
品[ひん];この品は、まとめ買いがおとくですよ。;Vous pouvez obtenir une remise si vous achetez cet article en gros.
場[じょう];この型のテレビならあまり場所をとらないでしょう。;Ce type de téléviseur ne prendra pas beaucoup de place.
漸と[やっと];この子、やっと寝たみたいよ。;On dirait que cet enfant s'est enfin endormi.
故郷[ふるさと];この景色を見ると、懐かしい生まれ故郷の町を思い出すよ。;Ce paysage me rappelle ma ville natale bien-aimée.
これで宜しいでしょうか[これでよろしいでしょうか];これで宜しいでしょうか;Est-ce que ça vous convient ?
一例[いちれい];これはほんの一例にすぎません。;Ceci n'est qu'un exemple.
単語[たんご];これらの 単語[たんご]を 一[ひと]つずつ 覚[おぼ]えなさい。;Apprenez ces mots, un à un.
最中[さいちゅう];コンサートの 最中[さいちゅう]に 喋[しゃべ]るのは 無作法[ぶさほう]である。;Parler lors d'un concert est déplacé.
急速[きゅうそく];コンピューターは きゅうそく 急速な しんか 進化を と 遂げた。;Les ordinateurs ont fait de rapides progrès.
次々[つぎつぎ];コンマで文を次々につないではいけない。;Il ne faut pas relier les phrases les unes après les autres par des virgules.
じゃ、また明日[じゃ、またあした];じゃ、また明日;Bien, à demain !
欧羅巴[ヨーロッパ];スイスは中央ヨーロッパにあるよ。;La Suisse se situe en Europe centrale.
お尻[おしり];ずっと 座[すわ]って いたので 、お 尻[しり] が 痛[いた]い です 。;J'étais assis pendant un moment, alors j'ai mal aux fesses.
ぜひお願いします[ぜひねがいします];ぜひお願いします。;Je vous en prie.
椅子[いす];その 人[ひと]は 椅子[いす]に 座[すわ]った。;Cette personne s'était assise sur une chaise.
急激[きゅうげき];その 党[とう]は 急激[きゅうげき]にのびた。;Le parti a gagné rapidement le terrain.
お金持ち[おかねもち];そのおばあさんは彼がお金持ちだと信じている。;La vieille femme croit qu'il est riche.
再び[ふたたび];そのようなことが再[ふたた]び 起[お]こりうるだろうか。;Une telle chose peut-elle se reproduire?
緊張[きんちょう];その場[そのば]には 緊張[きんちょう] 感[かん]がみなぎっていた。;A cette occasion, l'air était chargé de tension.
移動[いどう];その机を左へ移動してください。;Veuillez déplacer ce bureau vers la gauche.
翻訳[ほんやく];その論文を翻訳するには少なくとも３日は必要です。;Il faudra au moins trois jours pour traduire ce document.
吃驚[びっくり];その質問は少し吃驚した。;Cette question m'a un peu surpris.
其れと[それと];それと反対の証拠がないので、みんなは彼の話を信じている。;En l'absence de preuves du contraire, tout le monde croit son histoire.
女王[じょおう];それは、女王のいすです。;C'est le fauteuil de la reine.
其れはいけませんね[それはいけませんね];それはいけませんね;Ce n'est pas bon.
其れもそうですね[それもそうですね];それもそうですね;C'est vrai.
そんな筈はありません[そんなはずはありません];そんな筈はありません;Ce n'est pas possible.
無理をする[むりをする];たいそうご無理をお願いしてすみません。;Je suis vraiment désolé de vous demander de faire quelque chose d'aussi difficile.
出合い[であい];チェスであいつに勝ったんだよ。;Je l'ai battu aux échecs.
翼[つばさ];つけたい翼を選んで下さいね。;Veuillez prendre les ailes que vous voulez porter.
一人一人[ひとりひとり];つまり人は一人一人十分な食料と衣服が与えられていた。;Autrement dit, chaque personne a reçu suffisamment de nourriture et de vêtements.
宝[たから];とみ 富は いっしょう 一生の たから 宝、 ち 知は ばんだい 万代の たから 宝。;La sagesse est meilleure que l'or ou l'argent.
愛してる[あいしてる];トムのこと愛してるの？;Aimes-tu Tom ?
入院[にゅういん];トムは3ヶ月前から入院している。;Tom est hospitalisé depuis trois mois.
向い[むかい];トムは下を向いて、ゆっくりと歩いていた。;Tom marchait lentement, la tête baissée.
殖える[ふえる];なんだか毛が殖えてるなあと思ったら、植毛手術をしたんだぁ！なるほどねぇ。;Je pensais que vos cheveux s'étaient multipliés d'une manière ou d'une autre, mais vous avez subi une chirurgie de remplacement capillaire, hein ? Je vois.
に依ると[によると];ニュースによると、地震でした。;Selon les news, c'était un tremblement de terre.
パーティー;パーティーは楽しむものです。;Une fête, c'est fait pour s'amuser.
間[あいだ];バスは予定の時間より１０分遅れで着いた。;Le bus est arrivé avec 10 minutes de retard.
資本[しほん];ベンチャー・キャピタル、いわゆる冒険資本が不足するには、訳があります。;Il y a une raison à la pénurie de capital-risque.
管理人[かんりにん];"マンション[;a] に は いつも[;a] 管理人[かんりにん;h,n3] さん が います[,います;k2] 。";Il y a toujours un gardien dans mon immeuble en copropriété.
洗濯[せんたく];メアリーは洗濯物を干してるよ。;Marie étend le linge.
お祭り[おまつり];メーデーは世界の労働者のお祭りの日でもあります。;Le 1er mai est également un jour de fête pour les travailleurs du monde entier.
もう一つ[もうつひとつ];もう一つソフトクリームを食べようかな。;Je crois que je vais prendre une autre glace molle.
我儘[わがまま];わがまま言ってごめんね。;Je suis désolé d'avoir été égoïste.
一段[いちだん];一段飛ばしで階段を駆け上った。;J'ai monté les escaliers en courant, en sautant une marche à la fois.
九州[きゅうしゅう];九州のりょうりはおいしいです。;La cuisine de Kyushu est délicieuse.
麺[めん];二人[ふたり]は 面[めん]と 向[む]かった。;Ils se sont mis face à face.
等[など];人々はより多くの自由と平等を求める。;Les gens veulent plus de liberté et d'égalité.
場[ば];人によって禁煙すると体重が増える場合がある。;Chez certaines personnes, l'arrêt du tabac peut entraîner une prise de poids.
悪魔[あくま];今夜は悪魔と出かける気分じゃないの。;Je ne suis pas d'humeur à sortir avec le diable ce soir.
宅[たく];今日、宅配便でラクダが届いた。;Le chameau a été livré par la société de livraison express à domicile aujourd'hui.
食事[しょくじ];今晩はレストランで食事しよう。;Allons faire un repas au restaurant ce soir.
貯金[ちょきん];今月は赤字だよ。来月から節約しないと貯金が底をついちゃうよ。;Nous sommes dans le rouge ce mois-ci. Si nous ne commençons pas à économiser le mois prochain, nos économies seront épuisées.
目の前[めのまえ];何かを言うべき相手は僕の目の前から消え去った。;La personne à qui j'aurais dû dire quelque chose a disparu de ma vue.
何が何だか分からない[なにがなんだかわからない];何が何だか分からないよ。;Je ne comprends rien.
何階[なんがい];何階にお住まいですか？;À quel étage habitez-vous ?
曜日[ようび];僕たちは日曜日にいつも家にいるとは限りません。;Nous ne sommes pas toujours à la maison le dimanche.
僕自身もそうだけど[ぼくじしんもそうだけど];僕自身もそうだけど;Je ressens la même chose.
入口[いりぐち];入口の側で立った。;Je me tenais près de l'entrée.
凄いですね[すごいですね];凄いですね;C'est incroyable !
大半[たいはん];労働者の大半は組合に属している。;La majorité des travailleurs sont syndiqués.
復習[ふくしゅう];勉強したことを必ず復習して授業に臨んでください。;Veuillez vous assurer de réviser ce que vous avez étudié avant d'assister au cours.
単なる[たんなる];単なる機械的な問題です。;C'est tout simplement un problème mécanique.
又今度お願いします[またこんどおねがいします];又今度お願い;Je vous reposerai la question la prochaine fois.
只今[ただいま];只今、ジョエルさんは公務中です。;Joel est actuellement en mission officielle.
持ち上げる[もちあげる];吉雄は私がその箱を持ち上げるのを手伝ってくれた。;Yoshio m'a aidé à soulever le carton.
入力[にゅうりょく];名前を入力して。;Veuillez saisir votre nom.
或る[ある];君に或る物を見せましょう。;Laissez-moi vous montrer quelque chose.
分[ぶん];君の熱意は十分に伝わったよ。;Votre enthousiasme était très clair.
斯う[こう];問題はこうなるのだ。つまり誰が彼女に電話をかけたかだ。;Le problème est le suivant : qui l'a appelée ?
喉が渇きました[のどがかわきました];喉が渇きました。;J'ai soif.
上[じょう];地図上の赤丸は学校がある場所を示している。;Les cercles rouges sur la carte indiquent l'emplacement des écoles.
夕べ[ゆうべ];夕べはあまり暑くなかった。;Il n'a pas fait très chaud hier soir.
銃[じゅう];外出中に、部屋に置いてあった銃が母親に見つかってしまったんです。;Ma mère a trouvé mon arme dans ma chambre pendant que j'étais sorti.
尻[しり];大きな集団の尻につくより頭になれ。;Devenez le leader d'un grand groupe plutôt que de suivre ses suiveurs.
如何言う[どういう];大学[だいがく]はどういう 感[かん]じですか。;L'université, c'est un ressenti qui se décrit comment ?
卒業[そつぎょう];大学卒業生の未就職者は４０００人以上に及んでいる。;Plus de 4 000 diplômés universitaires restent sans emploi.
梅雨[つゆ];天気予報[てんきよほう]によれば、まもなく 梅雨[つゆ]に 入[はい]るそうだ。;Selon les prévisions météorologiques, la saison des pluies commencera incessament sous peu.
失礼ですが[しつれいですが];失礼ですがどなたでしょうか。;Excusez-moi, mais qui êtes-vous ?
お喋り[おしゃべり];女の子のお喋りは止められない。;On ne peut pas empêcher les filles de bavarder.
宜しくお伝え[よろしくおつたえ];宜しくお伝え;Veuillez transmettre mes salutations.
仕舞い[しまい];客がいなかったので店を早仕舞いにした。;Comme il n'y avait pas de clients, nous avons fermé le magasin plus tôt.
周り[まわり];家[いえ] の 周[まわ]り に 桜[さくら] の 木[き] が あります 。;Il y a des cerisier autour de la maison.
羽[はね];小とりは、羽をパタパタうごかしました。;Le petit oiseau battit des ailes.
詰らない[つまらない];少年達はキャロルのことをつまらない人間だと思っていた。;Les garçons trouvaient Carol ennuyeuse.
其のまま[そのまま];居心地が悪くて帰りたかったけど、そのまま残ったよ。;Je me sentais mal à l'aise et je voulais rentrer chez moi, mais je suis restée.
入学[にゅうがく];彼はその大学に入学を許可されなかった。;Il n'a pas été admis dans cette université.
間に[あいだに];彼は合間に釣りに行った。;Il allait pêcher entre-temps.
独り[ひとり];彼は独り住居だ。;Il vit seul.
止める[やめる];彼らの隠れ家を突き止めるのに１週間かかった。;Il a fallu une semaine pour trouver leur cachette.
仕舞った[しまった];彼女はタオルをきれいにたたみ、それを物入れに仕舞った。;Elle plia soigneusement la serviette et la rangea dans le débarras.
熱中[ねっちゅう];彼女は今テニスに熱中している。;Elle est vraiment passionnée de tennis en ce moment.
御休みなさい[おやすみなさい];御休みなさい;Bonne nuit.
御[お];御免なさい。;Désolé.
お祝い[おいわい];心からお祝いを申し上げます。;Je vous adresse mes plus sincères félicitations.
簡単[かんたん];心配しないで。簡単だよ。;Ne t'inquiète pas. C'est facile.
虎[とら];恐い虎の顔が描かれたお揃いのTシャツを着たカップルが、今目の前を腕を組みながら歩いています。;Un couple portant des T-shirts assortis avec des tigres effrayants marche bras dessus bras dessous devant moi en ce moment.
鉄道[てつどう];我々[われわれ]は 鉄道[てつどう] 施設[しせつ]の 契約[けいやく]をした。;Nous avons signé un pour construire un chemin de fer.
戴きます[いただきます];戴きます。;J'en prendrai.
予習[よしゅう];授業の予習をしてくるべきだったのに。;J'aurais dû me préparer pour le cours à l'avance.
何時か[いつか];搭乗開始は何時からですか？;À quelle heure commence l'embarquement ?
二倍[にばい];新しい飛行機は音速の二倍の速さで飛ぶ。;Le nouvel avion vole à deux fois la vitesse du son.
日本[にっぽん];日本では米が、ヨーロッパではワインが余っている。;Au Japon, il y a un surplus de riz, et en Europe, un surplus de vin.
輪[わ];早くこの輪投げの輪をなげてくださいよ！;S'il vous plaît, jetez rapidement cet anneau Quoits !
輸入[ゆにゅう];昨年は輸入が輸出を超えた。;L'an dernier, les importations ont dépassé les exportations.
晩御飯[ばんごはん];晩御飯を何にしたらいいかわからない。;Je ne sais pas quoi préparer pour le dîner.
昼御飯[ひるごはん];普段はここでお昼ご飯を食べてます。;Je déjeune généralement ici.
普通に[ふつうに];普通におとなしくする夫はあの奴に会うと暴れん坊になる。;Mon mari, qui est d'ordinaire très sage, devient un fauteur de troubles dès qu'il aperçoit ce type.
有り難う[ありがとう];有り難う、どうぞ頼みます。;Merci, je vous laisse faire.
有難う[ありがとう];有難うございました。;Merci beaucoup.
朝ご飯[あさごはん];朝ご飯はサンドイッチでした。;Pour le petit-déjeuner, c'était un sandwich. 
村人[むらびと];村[むらびと]人たちは、 あの世[あのよ]があると 思[おも]っていた。;Les villageois croyaient en une vie après la mort.
此れでいいですか[これでいいですか];此れでいいですか;Est-ce que ça vous convient ?
此方こそ宜しく[こちらこそよろしく];此方こそ宜しく;c'est moi qui suis ravi de vous connaître (réponse)
弁当[べんとう];毎日[まいにち]、 会社[かいしゃ]に 弁当[べんとう]を 持[も]って 行[い]く。;Chaque jour, j'apporte mon panier-repas à l'entreprise.
毎月[まいげつ];毎月レポートを出さなければならない。;Je dois rendre un rapport chaque mois.
筋肉[きんにく];水泳[すいえい]は 筋肉[きんにく]を 発達[はったつ]させる。;La natation développe nos muscles.
泳ぎ方[およぎかた];泳ぎ方を覚えるまで、水に近寄ってはいけません。;Vous ne devriez pas vous approcher de l'eau avant d'avoir appris à nager.
穏やか[おだやか];海[うみ]は 穏[おだ]やかに、そしてなめらかに 見[み]える。;La mer a l'air calme et lisse.
湖[こ];湖には薄い氷が張っていた。;Une fine couche de glace recouvrait le lac.
無[む];無人機じゃ味気ないだろ。;Les drones, c'est pas amusant, hein ?
王子[おうじ];王子は、じょうばをはじめました。;Le prince a commencé l'équitation.
申し訳ありませんでした[もうしわけありませんでした];申し訳ありませんでした。;Je suis vraiment désolé.
ご存じ[ごぞんじ];真相をご存じですか？;Connaissez-vous la vérité ?
祭[まつり];祭の屋台で売ってるりんごあめがすきなんです。;J'aime les pommes d'amour qu'ils vendent dans les stands de nourriture des festivals.
厳しい[きびしい];私[わたし]の 上司[じょうし]はとても 厳[きび]しい。;Mon patron est très strict.
お見舞い[おみまい];私たち、入院中のトムのお見舞いに行ってたの。;Nous rendions visite à Tom à l'hôpital.
会合[かいごう];私たちの会合が開かれるのはこの部屋でです。;Notre réunion se tiendra dans cette salle.
ご覧になる[ごになるらんになる];私たちの新居をご覧になってはいかがですか。;Aimeriez-vous voir notre nouvelle maison ?
かも知れない[かもしれない];私たちはいつ病気になるかも知れない。;Nous pourrions tomber malades à tout moment.
釣[つり];私たちは湖へ釣りに行った。;Nous sommes allés pêcher dans le lac.
不[ふ];私は不平を言わずにはいられない。;Je ne peux m'empêcher de me plaindre.
二十[はたち];私は彼女とは二十年以上の知り合いである。;Je la connais depuis plus de vingt ans.
押入れ[おしいれ];私は押入れに閉じ込められるのがこわかった。;J'avais peur d'être enfermée dans le placard.
面[めん];私は面倒なことがなくなってほっとしている。;Je suis soulagé que les problèmes soient résolus.
鶏肉[とりにく];私は鶏肉を食べたい。;Je veux manger du poulet.
関心を持つ[かんしんをもつ];私達はもっと環境問題に関心を持つべきです。;Nous devrions accorder plus d'attention aux questions environnementales.
曇[くもり];空はすっかり曇った。;Le ciel était complètement couvert.
が素敵ですね[がすてきですね];素敵ですね;C'est merveilleux.
結局で、どうなったの[けっきょくで、どうなったの]？;結局で、どうなったの？;Alors, que s'est-il passé à la fin ?
綿[わた];綿菓子が大好きなんです。;J'adore la barbe à papa.
拡がる[ひろがる];薄暗い部屋の床に、血が静かに拡がっていった。;Le sang se répandait silencieusement sur le sol dans une pièce sombre.
観光案内[かんこうあんない];観光案内所はどこですか？;Où est le bureau d'information touristique?
輸出[ゆしゅつ];輸出市場での競争力強化が緊急の課題である。;Renforcer la compétitivité sur les marchés d'exportation est une tâche urgente.
灯[ひ];部屋の天井には電灯が吊られていない。;Il n'y a pas de luminaires suspendus au plafond de la pièce.
離婚[りこん];離婚するの？;Vous divorcez ?
其れでも[それでも];雨[あめ]が 激[はげ]しく 降[ふ]っていますそれでも 私[わたし]は 行[い]かなければならない。;Il pleut fort et pourtant je dois y aller.
食糧[しょくりょう];食糧の備蓄は十分にあります。;Il existe de nombreuses dispositions d'urgence.
駄目ですか[だめですか];駄目ですか;Ce n'est pas possible ? vous ne pouvez pas (venir) ? (Lit. : C'est raté ? C'est impossible ?)
出来る[できる];駅の前に大きいスーパーができました。;Un grand supermarché à été construit devant la gare.
学院[がくいん];2014年に、トーフグ学院をそつぎょうしました。;Je suis diplômé de l'Académie Tofugu en 2014.
持ち味[もちあじ];あ 当たって くだ 砕けよが おれ 俺の もちあじ 持ち味だからね。;Mon point fort est ma philosophie: Qui ne risque rien n'a rien.
悪人[あくにん];あいつは悪人だが、ガーデニングがしゅ味なんだ。;C'est un méchant, mais son passe-temps est le jardinage.
行楽[こうらく];あき は こうらく に いい きせつ です ね;L'automne est une bonne saison pour les excursions.
音[ね];あき は むし の ね が ここちいい です;Le gazouillis des insectes à l'automne est confortable.
秋風[あきかぜ];あきかぜ が きもち いい ね;Le vent d'automne fait du bien.
空き地[あきち];あきち で こうじ が はじまった;La construction a commencé dans le terrain vacant.
明け方[あけがた];あけがた に あめ が ふりはじめました ね;Il a commencé à pleuvoir à l'aube.
近年[きんねん];アジア 諸国[しょこく]からの 輸入品[ゆにゅうひん]は 近年[きんねん] 増大[ぞうだい]している。;Les importations en provenance des pays asiatiques se sont récemment développées.
入試[にゅうし];あした は こうこう の にゅうし です;L'examen d'entrée au lycée est demain.
休業[きゅうぎょう];あした は りんじ に きゅうぎょう します;Nous serons temporairement fermés demain.
自習[じしゅう];あす は じしゅう の じかん が ある;J'ai du temps d'étude demain.
通知[つうち];あす、 しょうさい を つうち します;Je vous communiquerai les détails demain.
肉屋[にくや];あそこの肉屋で、合いびき肉を100g買ってきてちょうだい。;Pourriez-vous acheter 100 grammes de boeuf haché et de porc à la boucherie là-bas ?
売り出す[うりだす];あたらしい くるま が うりだされた;Une nouvelle voiture était en vente.
国立[こくりつ];あたらしい こくりつ げきじょう が かんせい しました;Le nouveau Théâtre National est terminé.
病む[やむ];あっぱくめんせつって、終わった後、ほんと病むよな。;Les entretiens de stress vous rendent vraiment malade après, n'êtes-vous pas d'accord ?
夜[よ];あと 1 じかん で よ が あけます ね;Ce sera l'aube dans une autre heure.
心強い[こころづよい];あなた が いっしょ に いて くれる と こころづよい;Je me sens rassuré quand nous sommes ensemble.
問答[もんどう];あなた と もんどう して いる ひま は ない の;Je n'ai pas le temps de discuter avec vous.
名字[みょうじ];あなた の みょうじ は なん です か;Quel est ton surnom?
少しも[すこしも];あなた は すこしも わるく ない;Ce n'est pas du tout ta faute.
走行[そうこう];あなたの車の走行マイルをおしえてください。;Pouvez-vous me dire le kilométrage de votre voiture ?
土曜[どよう];あなたは、来週の土曜日までに論文を提出すべきです。;Vous devez soumettre votre article d'ici samedi prochain.
手に入れる[てにいれる];あなたはどうやってその お金[おかね]を 手に入[てにい]れたのですか。;Comment avez-vous obtenu cet argent?
一家[いっか];あの いっか は なか が いい;Cette famille est très proche.
下町[したまち];あの こ は したまち そだち だ;Ce gamin a été élevé dans le vieux quartier de la ville.
生意気[なまいき];あの こ は なまいき だ と おもいます;Ce gamin est assez effronté, je pense.
金色[きんいろ];あの てら の やね は きんいろ です ね;Le toit de ce temple est doré.
通行止め[つうこうどめ];あの どうろ は つうこうどめ だ そう です;J'ai entendu dire que cette route était fermée à la circulation.
有力[ゆうりょく];あの とし は おりんぴっく の ゆうりょく な こうほち です;Cette ville est un candidat sérieux pour accueillir les Jeux olympiques.
元[もと];あの ひと は たっきゅう の もとせんしゅ です;C'est un ancien joueur de tennis de table.
手足[てあし];あの ひと は てあし が ながい;Cette personne a de longs bras et jambes.
安売り[やすうり];あの みせ で やさい の やすうり を して いました よ;Les légumes étaient en promotion dans ce magasin.
何度[なんど];あの みせ に は なんど も いきました;Je suis allé plusieurs fois dans cette boutique.
あの方[あのかた];あの 方[かた]はよく 嬉[うれ]しいです。;Cette personne est souvent heureuse.
売り手[うりて];あの売り手にだまされました。;J'ai été trompé par ce vendeur.
英国[えいこく];あの頑固な英国首相をせっとくするのはとても大変だったでしょう？;C'était un travail très dur de persuader l'obstiné Premier ministre britannique, n'est-ce pas ?
有らゆる[あらゆる];あらゆるものに 限界[げんかい]がある。;Il y a une limite à tout.
度[たび];ある程度君の言い方は正しい。;Dans une certaine mesure, ce que vous dites est correct.
生き物[いきもの];いきもの を たいせつ に しましょう;Prenons soin des êtres vivants.
一同[いちどう];いちどう かお を みあわせました;Nous nous sommes tous regardés.
古里[ふるさと];いつも ふるさと を なつかしく おもいだす の;Je me souviens toujours avec émotion de ma ville natale.
真っ黒[まっくろ];いんく で て が まっくろ に なった;Mes mains sont devenues toutes noires d'encre.
家[うち];うち に あそび に きて ください;S'il vous plaît, venez chez moi.
週休[しゅうきゅう];うち の かいしゃ は しゅうきゅう ふつか です;Notre entreprise a deux jours de repos par semaine.
開業[かいぎょう];うちも、開業当時はしゃっ金だらけだったんだよ。;Nous avions également une tonne de dettes lorsque nous avons ouvert notre entreprise.
年度[ねんど];うりあげ は ねんど に よって ちがいます;Les ventes diffèrent selon l'exercice.
開会[かいかい];うんどうかい は くじ に かいかい します;La fête du sport commence à neuf heures.
心理学[しんりがく];えいぎょうをするなら、心理学を学んだ方がいいよ。;Vous devriez étudier la psychologie si vous travaillez dans la vente.
見送り[みおくり];えき に ゆうじん の みおくり に いきました;Je suis allé à la gare pour voir un ami.
手前[てまえ];えき の てまえ に ゆうびんきょく が あります;Il y a un bureau de poste près de la gare.
東口[ひがしぐち];えきの東口で大道げいをしている人がいたよ。;Il y a quelqu'un qui fait un spectacle de rue à la sortie est de la gare.
書店[しょてん];えきまえ に あたらしい しょてん が できました;Une nouvelle librairie a ouvert devant la gare.
公立[こうりつ];えきまえ に こうりつ の としょかん が ある よ;Il y a une bibliothèque publique en face de la gare.
問う[とう];おうぼしゃ の ねんれい は といません;Les candidats de tous âges sont acceptés.
大急ぎ[おおいそぎ];おおいそぎ で その しごと を しあげた よ;J'ai terminé le travail à la va-vite.
方々[かたがた];おおぜい の かたがた に ごしゅっせき いただきました;Il a été suivi par beaucoup de monde.
大通り[おおどおり];おおどおり で ぱれーど が はじまる よ;Le défilé commence dans la rue principale.
お中元[おちゅうげん];おちゅうげん に びーる が とどきました;Nous avons reçu de la bière comme cadeau d'été.
起き上がる[おきあがる];おとうと は ようやく べっど から おきあがった。;Finalement, mon jeune frère est sorti du lit.
古本[ふるほん];おととい ふるほん を 3 さつ かいました;J'ai acheté trois livres d'occasion avant-hier.
力強い[ちからづよい];おどりこ 踊り子 たち 達は しろ 白いドレスを き 着てきゃしゃに み 見えますが、 じっさい 実際には かのじょ 彼女たちは うま 馬のように ちからづよ 力強いのです。;Les danseurs ont l'air fluet dans leurs robes blanches, mais en réalité ils sont aussi puissants que des chevaux.
思い切って[おもいきって];おもいきって かれ に そうだん します;Je vais me lancer et lui demander conseil.
究明[きゅうめい];お前は本当にしんそうを究明するつもりがあるのか？;Allez-vous vraiment enquêter sur la vérité ?
会[かい];かい は ごご くじ に おわりました;La réunion s'est terminée à 21h00.
明々後日[しあさって];かいぎ は しあさって に えんき された;La réunion a été reportée à trois jours à compter d'aujourd'hui.
運用[うんよう];かいけいし に しきん うんよう に ついて そうだん した よ;J'ai consulté un comptable sur la gestion de mon patrimoine.
海上[かいじょう];かいじょう で しょうとつ じこ が はっせい した;Il y a eu une collision en mer.
海水[かいすい];かいすい から しお を つくります;Le sel est fabriqué à partir d'eau de mer.
学力[がくりょく];がくりょく を つけて その だいがく に すすみたい;Je veux améliorer mes compétences académiques, puis aller dans ce collège.
強さ[つよさ];かぜ の つよさ に おどろきました;J'ai été surpris par la force du vent.
帰す[かえす];がっこう は せいとたち を ごぜんちゅう に かえした ね;L'école a renvoyé les élèves le matin.
古来[こらい];カッパは、日本古来のようかいです。;Le kappa est un ancien yokai japonais.
主[おも];かのじょ の おも な しごと は せっきゃく だ よ;Son travail principal est le service à la clientèle.
思いやり[おもいやり];かのじょ の おもいやり が うれしかった;J'étais content de sa gentillesse.
下品[げひん];かのじょ の げひん な ふるまい に は がまん できない;Je ne peux pas supporter son comportement vulgaire.
ばら色[ばらいろ];かのじょ の じんせい は ばらいろ だった の 。;Sa vie était rose.
青白い[あおじろい];かのじょ は あおじろい かお を して いる ね;Son visage est pâle.
聞き手[ききて];かのじょ は いつも ききて に まわる ね;Elle se tourne toujours vers l'auditeur.
英文[えいぶん];かのじょ は えいぶん の てがみ を かきました;Elle a écrit une lettre en anglais.
家計[かけい];かのじょ は かけい を まかされて いる の;Elle s'occupe du budget familial.
映す[うつす];かのじょ は じぶん の すがた を かがみ に うつした の;Elle se regarda dans le miroir.
中世[ちゅうせい];かのじょ は ちゅうせい の おんがく が すき です;Elle aime la musique médiévale.
強気[つよき];かのじょ は つよき な じょせい です ね;C'est une femme dure.
早口[はやくち];かのじょ は はやくち だ;Elle parle vite.
左手[ひだりて];かのじょ は ひだりて で じ を かく;Elle écrit de la main gauche.
真心[まごころ];かのじょ は まごころ を こめて かれ に けーき を つくった よ;Elle a mis tout son cœur à lui faire un gâteau.
町外れ[まちはずれ];かのじょ は まちはずれ の こうじょう で はたらいて いる よ;Elle travaille dans une usine à la périphérie de la ville.
千切る[ちぎる];かみ を こまかく ちぎって ください;Veuillez déchiqueter le papier.
近づく[ちかづく];カメラマンが近づくとカメはにげてしまった。;Lorsque le caméraman s'en est approché, la tortue s'est enfuie.
思い切り[おもいきり];からおけ で おもいきり うたった の;J'ai chanté du karaoké au contenu de mon coeur.
火力[かりょく];かりょく を よわめない と にく が こげる よ;La viande va brûler si vous ne baissez pas le feu.
見送る[みおくる];かれ が がいこく に いく の を みおくりました;Je l'ai accompagné lors de son voyage à l'étranger.
明白[めいはく];かれ が はんにん な の は めいはく です;Il est clair qu'il est l'agresseur.
思いがけない[おもいがけない];かれ から おもいがけない こと を きいた;J'ai entendu quelque chose d'inattendu de sa part.
貸し[かし];かれ に は かし が ある の;Il m'en doit une.
親しみ[したしみ];かれ に は だれ も が したしみ を かんじます;Tout le monde se sent proche de lui. .
不運[ふうん];かれ に ふうん な できごと が おこった の;Il a été victime d'un malheureux incident.
洋間[ようま];かれ の いえ に は ようま が あります;Il y a une pièce de style occidental dans sa maison.
同意[どうい];かれ の いけん に は どうい できません;Je ne peux pas être d'accord avec son opinion.
真っ赤[まっか];かれ の かお は まっか でした;Son visage était rouge.
家出[いえで];かれ の むすこ が いえで した そう よ;J'apprends que son fils a quitté la maison.
行方[ゆくえ];かれ の ゆくえ が わかりません;Je ne sais pas où il se trouve.
方々[ほうぼう];かれ の れんらくさき を ほうぼう に といあわせた ん だ;J'ai demandé partout ses coordonnées.
悪[あく];かれ は あく を にくんで います;Il déteste le mal.
悪女[あくじょ];かれ は あくじょ に だまされた ん だ;Il a été trahi par une femme méchante.
言語[げんご];かれ は あじあ の げんご を けんきゅう して いる;Il fait des recherches sur les langues asiatiques.
運送[うんそう];かれ は うんそう がいしゃ に つとめて いる の;Il travaille pour une compagnie de transport.
駅長[えきちょう];かれ は えきちょう です;Il est chef de gare.
大手[おおて];かれ は おおて の めーかー に つとめて います;Il travaille pour une grande entreprise manufacturière.
一口[ひとくち];かれ は おまんじゅう を ひとくち で たべた の;Il a mangé la brioche sucrée d'une seule bouchée.
学会[がっかい];かれ は がっかい で ろんぶん を はっぴょう した よ;Il a présenté un article dans une conférence académique.
空手[からて];かれ は からて を ならって います;Il apprend le karaté.
元来[がんらい];かれ は がんらい まじめ な ひと です;C'est avant tout une personne sérieuse.
立ち上がる[たちあがる];かれ は きゅう に たちあがった の;Il s'est soudainement levé.
新人[しんじん];かれ は きょう はいった ばかり の しんじん です;C'est un nouveau venu qui vient de commencer aujourd'hui.
気力[きりょく];かれ は きりょく に あふれて います ね;Il a vraiment de l'énergie à revendre.
教員[きょういん];かれ は こうこう の きょういん です;C'est un professeur de lycée.
後方[こうほう];かれ は こうほう の ざせき に ついた の;Il s'assit sur un siège arrière.
事業[じぎょう];かれ は じぎょう に しっぱい した の;Il a échoué dans cette entreprise.
本質[ほんしつ];かれ は しごと の ほんしつ を よく りかい して いる わ ね;Il comprend bien l'essence du travail.
出世[しゅっせ];かれ は しゅっせ する たいぷ だ な;Il est du genre à réussir.
使用人[しようにん];かれ は しようにん を くび に した よ;Il a congédié le serviteur.
書物[しょもつ];かれ は しょもつ に かこまれて せいかつ して いる の;Il vit entouré de livres.
人事[じんじ];かれ は じんじ を たんとう して いる ん だ;Il est chargé des affaires du personnel.
真理[しんり];かれ は じんせい の しんり を もとめて たび に でた;Il partit en voyage à la recherche du vrai sens de la vie.
書き方[かきかた];かれ は その かんじ の かきかた が わからない;Il ne sait pas écrire ce caractère chinois.
工学[こうがく];かれ は だいがく で こうがく を べんきょう しました;Il a étudié l'ingénierie à l'université.
悪用[あくよう];かれ は ちい を あくよう して います;Il abuse de sa position.
動作[どうさ];かれ は どうさ が きびん です;Ses mouvements sont rapides.
意地悪[いじわる];かれ は ときどき いじわる な しつもん を する 。;Il pose parfois des questions désagréables.
持てる[もてる];かれ は ひじょう に もてる ね;Il est très populaire.
方言[ほうげん];かれ は ほうげん で はなします;Il parle un dialecte.
正に[まさに];かれ は まさに えいゆう ね;C'est un vrai héros.
見事[みごと];かれ は みごと な じゃんぷ を みせた ね;Il nous a montré un saut magnifique.
知人[ちじん];かれ は むかし から の ちじん です;C'est une vieille connaissance.
目上[めうえ];かれ は めうえ の ひと に とても き を つかいます;Il est très respectueux de ses aînés.
目下[めした];かれ は めした の もの に も やさしい ん だ;Il est gentil avec ses cadets aussi.
一員[いちいん];かれ は やきゅうぶ の いちいん です;Il est membre du club de baseball.
社員[しゃいん];かれ は ゆうしゅう な しゃいん です;C'est un excellent employé.
知事[ちじ];かれ は ゆうのう な ちじ ね;C'est un gouverneur compétent.
文学者[ぶんがくしゃ];かれ は ゆうめい な ぶんがくしゃ です;C'est un lettré célèbre.
仕上げ[しあげ];かれ は ろんぶん の しあげ に はいった の;Il entre dans les phases finales de la thèse.
見習う[みならう];かれ を みならって もっと べんきょう します;Je vais suivre son exemple et étudier plus dur.
天文[てんもん];かれ 彼は てんもんがく 天文学、 すなわ 即ち てんもん 天文の がくもん 学問の いだい 偉大な けんい 権威であった。;He was a great authority on astronomy, or the science of the heavenly bodies.
自作[じさく];かれ 彼はその しょうじょ 少女のために じさく 自作の きょく 曲を いっきょく 一曲 ひ 弾いた。;Il a joué à la fille une musique de son propre répertoire.
仕方がない[しかたがない];かれがおこるのは、仕方がないよ。;S'il est en colère, on ne peut rien y faire.
一代[いちだい];かれは、一代でここまでかいしゃを大きくした。;Il a rendu l'entreprise beaucoup plus grande en une seule génération.
漢語[かんご];かんご は もともと がいらいご です;Les composés kanji sont à l'origine des emprunts.
北風[きたかぜ];きたかぜ が つめたい です;Le vent du nord est froid.
夕立[ゆうだち];きたくちゅう ゆうだち に あった の;J'ai été surpris sous une douche en rentrant à la maison.
親子[おやこ];きつね 狐の おやこ 親子が はし 走っていたのに き 気がつきましたか。;Did you notice that a fox family were running ?
口げんか[くちげんか];きのう おとうと と くちげんか しました;Je me suis disputé avec mon jeune frère hier.
生理[せいり];きのう せいり が はじまった の;Mes règles ont commencé hier.
品切れ[しなぎれ];ぎゅうにゅう は しなぎれ だった よ;Le lait était épuisé.
日用品[にちようひん];きょう は にちようひん の かいもの を した;J'ai fait l'épicerie aujourd'hui.
出場する[しゅつじょうする];きょう は はち ちーむ が しゅつじょう しました;Huit équipes ont participé aujourd'hui.
体験[たいけん];きょう めずらしい たいけん を しました;Aujourd'hui, j'ai vécu une expérience inhabituelle.
室[しつ];きょう室に入ってください。;Entrez dans la classe, s'il vous plaît.
近代[きんだい];きんだい の ぎじゅつ の はってん は ものすごい です;Le développement de la technologie dans cette ère moderne est vraiment incroyable.
青空[あおぞら];くも ひとつ ない あおぞら です ね;C'est un ciel bleu sans nuage.
足元に[あしもとに];くらい の で あしもと に き を つけて ください;S'il vous plaît, surveillez vos pas dans le noir.
注[ちゅう];くわしくは ちゅう を よんで ください;Pour plus de détails, veuillez lire les notes.
不通[ふつう];けさ ていでん で でんしゃ が ふつう に なった よ;Le train s'est arrêté à cause d'une panne de courant ce matin.
子犬[こいぬ];けさ、子犬がうまれました。;Les chiots sont nés ce matin.
こう言う[こうういう];こういうチェックポイントを 注意[ちゅうい]すると、いいですね。;Vous feriez mieux de vérifier ces points.
料理人[りょうりにん];コウイチからの手紙を読んで、料理人になる決意を固めました。;Après avoir lu la lettre de Koichi, j'ai renforcé ma résolution de devenir cuisinier.
別人[べつじん];コウイチはお酒を止めてから、すっかり別人になったね。;Koichi est un homme changé depuis qu'il a arrêté de boire.
死体[したい];こうえん で したい が みつかった の;Un cadavre a été retrouvé dans le parc.
真っ先[まっさき];ごうかく を まっさき に りょうしん に つたえた の;J'ai d'abord dit à mes parents que j'avais réussi l'examen.
発生[はっせい];こうさてん で じこ が はっせい した;Il y a eu un accident à l'intersection.
重なる[かさなる];こうそく どうろ で じこ が かさなった;Il y avait un accident après l'autre sur l'autoroute.
高度[こうど];こうど な ぎじゅつ を もつ じんざい を あつめました;Nous avons attiré du personnel hautement qualifié.
心理[しんり];こきゃく しんり を りかい する こと は じゅうよう です;Il est important de comprendre la psychologie du client.
行き止まり[いきどまり];ここ から さき は いきどまり です;C'est une impasse devant nous.
発電[はつでん];ここ で は たいよう えねるぎー を つかって はつでん して います;Ici, nous produisons de l'électricité avec l'énergie solaire.
本店[ほんてん];ここ は ちぇーんてん の ほんてん です;C'est le siège de la chaîne.
人通り[ひとどおり];ここ は ひとどおり が はげしい ね;Beaucoup de monde passe par ici.
止まる[とどまる];ここにとどまっていても 何[なん]の 得[とく]もない。;Il n'y a aucun avantage à rester ici.
国会[こっかい];こっかい が さいかい した;La Diète se réunit.
近道[ちかみち];こっち が ちかみち です;Ceci est un raccourci.
電力[でんりょく];この えあこん は あまり でんりょく を つかいません;Ce climatiseur consomme peu d'électricité.
重たい[おもたい];この かばん は おもたい です;Ce sac est lourd.
借り[かり];この かり は かならず かえします;Je vais certainement le rembourser.
音読み[おんよみ];この かんじ の おんよみ は なん です か;Quelle est la lecture dérivée du chinois de ce kanji ?
青春[せいしゅん];この きょく を きく と せいしゅん の ころ を おもいだします;Quand j'entends cet air, je me souviens de ma jeunesse.
作用[さよう];この くすり は しんけい に さよう します;Ce médicament agit sur les nerfs.
動力[どうりょく];この くるま の どうりょく は でんき です;Cette voiture fonctionne à l'électricité.
長持ち[ながもち];この こーと は ながもち して いる;J'ai ce manteau depuis longtemps.
キリスト教[キリストきょう];この さき に きりすときょう の きょうかい が あります;Il y a une église chrétienne devant.
少なくとも[すくなくとも];この しごと に は すくなくとも にしゅうかん ひつよう でしょう;Au moins deux semaines seront nécessaires pour ce travail.
水力[すいりょく];この しま は はつでん を すいりょく に たよって いる ん だ;Cette île dépend de l'énergie hydroélectrique pour produire de l'électricité.
主題[しゅだい];この しょうせつ の しゅだい は はんせん です;Le thème principal de ce roman est l'opposition à la guerre.
小売店[こうりてん];この しょうひん は こうりてん で も かえます;Ce produit peut être acheté dans les magasins de détail.
物質[ぶっしつ];この せいひん は ゆうがい な かがくぶっしつ を ふくんで いる わ よ;Ce produit contient un produit chimique nocif.
多少[たしょう];この そふと に は たしょう もんだい が ある;Il y a quelques problèmes avec ce logiciel.
持ち出す[もちだす];この たな 棚の ほん 本を もちだ 持ち出すな。;Ne prenez pas les livres sur cette étagère.
洋室[ようしつ];この てーぶる は ようしつ に あわない;Cette table n'est pas adaptée à une pièce de style occidental.
地上[ちじょう];この でんしゃ は ちじょう を はしります;Ce train circule en surface.
上品[じょうひん];この どれす は とても じょうひん な でざいん です ね;Cette robe a un design très élégant.
目方[めかた];この に の めかた は 70 きろ って とこ か ね;Je suppose que le poids de cette charge est d'environ 70 kilogrammes.
社会人[しゃかいじん];この はる に かれ は しゃかいじん に なった よ;Il est devenu un adulte actif ce printemps.
同一[どういつ];この ひと と その ひと は どういつ じんぶつ です か;Cette personne et cette personne sont-elles identiques ?
出力[しゅつりょく];この ぷりんたー で しゃしん を しゅつりょく できます;Vous pouvez produire des images avec cette imprimante.
切れ[きれ];この ほうちょう は きれ が いい な;Ce couteau de cuisine coupe bien.
問屋[とんや];この まち に は かぐ の とんや が たくさん あります;Il y a beaucoup de magasins de meubles en gros dans cette ville.
名物[めいぶつ];この まち の めいぶつ は ぶどう です;Cette ville est bien connue pour ses raisins.
国道[こくどう];この みち を まっすぐ すすむ と こくどう に でます;Si vous continuez tout droit sur cette route, vous déboucherez sur la route nationale.
品質[ひんしつ];この めーかー の せいひん は こうひんしつ だ わ ね;Les produits de ce fabricant sont de haute qualité.
用紙[ようし];この ようし に なまえ を かいて ください;Veuillez inscrire votre nom sur ce formulaire.
業界[ぎょうかい];この 会社[かいしゃ]は 石油[せきゆ] 業界[ぎょうかい]で ２位[にい]に 位[くらい]している。;Cette entreprise occupe la deuxième place dans le secteur du pétrole.
研究者[けんきゅうしゃ];この 大学[だいがく]には 研究者[けんきゅうしゃ]がたくさんいます。;Dans cette université, il y a beaucoup de chercheurs.
持ち主[もちぬし];この 家[いえ]の 持ち主[もちぬし]はだれですか。;Qui est le propriétaire de cette maison?
名作[めいさく];この 映画[えいが]は 名作[めいさく]だから、ぜひ 見[み]てください。;Ce film est un chef-d'œuvre, alors regardez-le.
読み方[よみかた];この 漢字[かんじ]の 読[よ]み 方[かた]を 教[おし]えてください。;S'il vous plaît dites-moi comment lire ce kanji.
重さ[おもさ];この 荷物[にもつ]の 重[おも]さを 計[はか]ってください。;Veuillez peser ce bagage.
大作[たいさく];このえいがは、ヒッチコックの大作だ。;Ce film est une épopée hitchcockienne.
音色[ねいろ];このギターは ねいろ 音色があっている。;La guitare est accordée.
マンガ家[マンガか];このくらいの 収穫[しゅうかく] 量[りょう]では、そこの 経済[けいざい]を 支[ささ]えるのに 十分[じゅうぶん]ではありません。;Cette quantité de récoltes n'est pas suffisante pour subvenir à leurs besoins.
近日[きんじつ];このゲームは、近日はつばいよていです。;Ce jeu devrait sortir prochainement.
一台[いちだい];このテレビは、一台四万九千円です。;Ces téléviseurs coûtent quarante-neuf mille yens chacun
田んぼ[たんぼ];このへん は たんぼ が たくさん あります;Il y a beaucoup de rizières par ici.
貸し切り[かしきり];この宿には、貸し切りの温泉があります。;Cette auberge dispose d'une source chaude réservée.
主[ぬし];この池には、古池の主と呼ばれる大きな殿様蛙がいると言われています。;On dit que dans cet étang il y a une énorme grenouille léopard appelée le maître de l'ancien étang.
イスラム教[イスラムきょう];これ は いすらむきょう の じいん です;C'est une mosquée.
特有[とくゆう];これ は こども に とくゆう の びょうき です;Cette maladie est particulière aux enfants.
手間[てま];これ は とても てま の かかる りょうり です;C'est un plat qui prend beaucoup de temps.
生死[せいし];これ は ひと の せいし に かかわる もんだい で す;C'est une question de vie ou de mort.
図る[はかる];これから は けいえい の ごうりか を はかりたい と おもいます;Désormais, je veux essayer de rationaliser la gestion.
金魚[きんぎょ];これは、五年前の夏まつりの金魚すくいですくった金魚です。;J'ai ramassé ce poisson rouge sur un stand de ramassage de poissons rouges lors d'un festival d'été il y a cinq ans.
地元[じもと];これらの 商品[しょうひん]の 中[なか]には、 地元[じもと]では 手に入[てにはい]らないものもあるかもしれない。;Ces produits peuvent ne pas être disponibles localement.
代々[だいだい];これらの 話[はなし]は 代々[だいだい] 語[かたりつ]りつがれてきた。;Ces contes ont été transmis de génération en génération.
住人[じゅうにん];こんなしん夜に大声でけんかをしたら、近りんの住人にめいわくだろう。;Si vous vous disputez fort si tard dans la nuit, vous dérangerez vos voisins.
悪質[あくしつ];さいきん は あくしつ な じけん が おおい です ね;Il y a eu beaucoup d'incidents malveillants récemment.
大文字[おおもじ];さいしょの字は、大文字でかいてください。;Veuillez mettre la première lettre en majuscule.
地中海[ちちゅうかい];さい近、地中海りょうりにハマっているんですよね。;Dernièrement, j'ai été obsédé par la cuisine méditerranéenne.
去る[さる];さる もの は おわず;Ne poursuivez pas celui qui part.
代用[だいよう];サワークリームをヨーグルトで代用しました。;J'ai remplacé la crème sure par du yaourt.
月夜[つきよ];さんぽ に いい つきよ です ね;C'est une bonne nuit de clair de lune pour se promener.
死[し];し を おそれる の は しぜん な こと です;Il est naturel d'avoir peur de la mort.
不正[ふせい];しけん で ふせい が みつかった よ;La tricherie a été découverte lors de l'examen.
自国[じこく];じこく の ぶんか を たいせつ に しましょう;Prenons bien soin de la culture de notre propre pays.
見通し[みとおし];しごと の みとおし が たたない;Il n'y a pas de fin en vue pour mon travail.
やり方[やりかた];しごと の やりかた を おしえて ください;S'il vous plaît, apprenez-moi comment faire le travail.
正す[ただす];しせいを正しなさい。;Corrigez votre posture.
始発[しはつ];しはつ の でんしゃ に のりました;J'ai pris le premier train.
生き方[いきかた];じぶん らしい いきかた を しなさい;Vivez la vie à votre manière.
自ら[みずから];しゃちょう みずから が その かいしゃ と こうしょう した よ;Le président lui-même a négocié avec l'entreprise.
車道[しゃどう];しゃどう の こうじ が はじまりました;La construction de la chaussée a commencé.
早める[はやめる];しゅうごうじかん を 30 ぷん はやめました;J'ai avancé l'heure de la réunion de 30 minutes.
重大[じゅうだい];じゅうだい な はっぴょう が あります|車[くるま]の 会社[かいしゃ]が 重大[じゅうだい]な 発表[はっぴょう]をした。;J'ai une annonce importante.|Le constructeur automobile a fait une annonce importante.
国家[こっか];しゅしょう は こっか の りーだー だ;Le premier ministre est le chef de la nation.
使い[つかい];しゅじん の つかい で しやくしょ に いく ところ です;Je suis sur le point d'aller à la mairie faire une course pour mon mari.
春夏秋冬[しゅんかしゅうとう];しゅんかしゅうとう の うつりかわり を みる の が だいすき です;J'aime voir les saisons changer.
春分[しゅんぶん];しゅんぶん の ひ は まいとし さんがつ はつかごろ です;Le jour de l'équinoxe vernal est environ le 20 mars de chaque année.
私用[しよう];しよう で でかけなければ なりません;Je dois sortir pour une course personnelle.
気楽[きらく];しょうらい は きらく な せいかつ が したい です;Je veux avoir une vie facile à l'avenir.
書道[しょどう];しょどう を する と しせい も よく なります;La posture s'améliore également lorsque vous étudiez la calligraphie.
知らず知らず[しらずしらず];しらずしらず の うち に つかれ が たまって いた よ;Je me suis fatigué petit à petit sans m'en rendre compte.
急病[きゅうびょう];しりあい が きゅうびょう で たおれた;Une de mes connaissances est soudainement tombée malade.
私立[しりつ];しりつ の だいがく は がくひ が たかい;Les frais de scolarité pour l'université privée sont chers.
読者[どくしゃ];しんぶん の どくしゃ の とうしょらん は すき です;J'aime la colonne des lettres des lecteurs dans le journal.
水族館[すいぞくかん];すいぞくかん 水族館へ い 行く みち 道を おし 教えてくれますか。;Can you show me the way to the aquarium?
目立つ[めだつ];スーツを 着[き]て 彼[かれ]は 目立[めだ]っていた。;Il se faisait remarquer dans son costume.
代理[だいり];すぐにあなたの代理人に連絡を取りなさい。;Contactez immédiatement votre représentant.
以後[いご];すみません いご き を つけます|以後こんなことはしません;Je ne referai plus jamais ça.
主体[しゅたい];せいじ は こくみん しゅたい で ある べき です;Le gouvernement devrait être l'agent du peuple.
西洋人[せいようじん];せいようじん は せいざ が にがて よ;Les Occidentaux ne savent pas s'asseoir les jambes repliées en dessous.
赤道[せきどう];せきどう に そって たび を しました;J'ai voyagé autour, en suivant l'équateur.
世間[せけん];せけん の はんのう は つめたかった よ;La réaction du public a été froide.
一通り[ひととおり];せつめいしょ を ひととおり よんだ の;J'ai jeté un coup d'œil sur le manuel.
前方[ぜんぽう];ぜんぽう に やま が みえます ね;Nous pouvons voir la montagne devant nous.
送別[そうべつ];そうべつ の じ は だれ に たのみましょう か;À qui demanderons-nous de prononcer un discours d'adieu ?
何者[なにもの];そこで、 今の人達[いま]が 何者[なにもの]なのか 説明[せつめい]しておきたいと 思[おも]います。;Je pense expliquer qui sont ces personnes.
南口[みなみぐち];そこに行くなら、南口から出るのが一番近いです。;Si vous y allez, partir par la sortie sud est le plus rapide.
広さ[ひろさ];その いえ の ひろさ は どれ くらい です か;Quelle est la taille de cette maison ?
持って来る[もってくる];その いす を もって きて ください;Veuillez apporter cette chaise.
広まる[ひろまる];その うわさ は すぐ に ひろまった よ;La rumeur se répandit rapidement.
公開[こうかい];その えいが は きょう こうかい されます;Le film ouvre au public aujourd'hui.
特色[とくしょく];その がっこう の きょういく は とくしょく が あります ね;Le système éducatif de cette école est unique.
題[だい];その きょく の だい を おもいだせません;Je ne me souviens plus du titre de la chanson.
通じる[つうじる];その くに で は えいご は つうじます か;Parlent-ils anglais dans ce pays ?
作り話[つくりばなし];その こ が いって いる こと は つくりばなし です;Ce que ce gamin a dit est une histoire inventée.
病死[びょうし];その さっか は 35 さい と いう わかさ で びょうし した;L'écrivain est mort d'une maladie à l'âge de 35 ans.
死者[ししゃ];その じこ で さんじゅうにん の ししゃ が でた の;Une trentaine de personnes sont décédées des suites de l'accident.
安っぽい[やすっぽい];その しゃつ は やすっぽい ね;Cette chemise a l'air bon marché.
自主[じしゅ];その せんしゅ は じしゅとれーにんぐ を はじめた の;Ces joueurs ont commencé à s'entraîner indépendamment.
地名[ちめい];その ちめい は きいた こと が ない なあ;Je n'ai jamais entendu parler de cet endroit.
不十分[ふじゅうぶん];その ていど の どりょく で は ふじゅうぶん です;Cet effort est insuffisant.
不親切[ふしんせつ];その てんいん は ふしんせつ だった;Ce commis de magasin était méchant.
不明[ふめい];その びょうき は げんいん ふめい と いわれている ん だ よ;La cause de cette maladie serait inconnue.
病室[びょうしつ];その びょうしつ は とても ひろくて きれい だった;La chambre d'hôpital était très grande et propre.
始終[しじゅう];その へや は しじゅう ひと が でいり して いる ね;Les gens continuent d'entrer et de sortir de la pièce.
貸し出し[かしだし];その ほん は かしだし して いません;Ce livre ne peut pas être extrait.
売り切れる[うりきれる];その ほん は すぐ うりきれた;Le livre s'est vendu rapidement.
海洋[かいよう];その むかし こうかいしたち は みとう の ち を もとめ かいよう に のりだしました;Autrefois, les marins s'aventuraient dans l'océan à la recherche de terres inexplorées.
不注意[ふちゅうい];その 事故[じこ]は 運転[うんてん] 手[しゅ]の 不注意[ふちゅうい]が 原因[げんいん]で 起[お]きたの。;Une conduite négligente était la cause de l'accident.
新作[しんさく];その 作家[さっか]は 来月[らいげつ] 新作[しんさく]を 発表[はっぴょう]する。;L'écrivain présente un nouveau livre le mois prochain.
思い起こす[おもいおこす];その 団体[だんたい]は 騒音[そうおん]が 有害[ゆうがい]なことを 人々[ひとびと]に 思い起[おもいお]こされるためにポスターを 掲[かか]げた。;Le groupe a posé des affiches pour rappeler aux gens que le bruit est nuisible.
題名[だいめい];その 小説[しょうせつ]は 聖書[せいしょ]から 題名[だいめい]をとっている。;Le roman tire son titre de la Bible.
会館[かいかん];その 日[ひ]に 限[かぎ]って 子供[こども]たちは 会館[かいかん]に 入[はい]ることを 許[ゆる]される。;Il est permis au enfants d'entrer dans le hall seulement aujourd'hui.
貸し出す[かしだす];その 本[ほん]は 貸[か]し 出[だ]し 中[ちゅう]です。;Ce livre est actuellement prêté.
転送[てんそう];そのメール、私にも転送してくれない？;Pourriez-vous me transmettre cet e-mail ?
着々[ちゃくちゃく];その会社員は、いつも着々と仕事をこなしていた。;Cet employé de bureau a toujours accompli ses tâches régulièrement.
不図[ふと];その老人はふと立ち止まって振り返った。;Le vieil homme s'arrêta brusquement et se retourna.
早起き[はやおき];そふ は はやおき です;Mon grand-père se lève tôt.
大正[たいしょう];そぼ は たいしょう うまれ です;Ma grand-mère est née à l'époque Taisho.
真っ青[まっさお];そら が まっさお です;Le ciel est bleu vif.
近々[ちかぢか];それについては、近々はっぴょうがあると思いますよ。;Je pense qu'il y aura bientôt une annonce à ce sujet.
目出度い[めでたい];それはめでたいことだ。;C'est une bonne nouvelle.
手作り[てづくり];それらは すべ 全て てづく 手作りのものだった。;Tout étaient faits à la main.
同日[どうじつ];それらは、同日にはつばいされました。;Ceux-ci ont été lancés le même jour.
言い方[いいかた];そんな いいかた を して は いけません;Tu ne dois pas parler comme ça.
五台[ごだい];たいじゅうけいを五台かいました。;J'ai acheté cinq balances.
空車[くうしゃ];タクシーのひょうじが「空車」となっているときは、おきゃくさんはだれものっていません。;"Lorsqu'un taxi affiche ""Open Taxi"", il n'y a pas de clients à bord."
公社[こうしゃ];たしか、かれは公社ではたらいています。;Si je me souviens bien, il travaille dans une entreprise publique.
知れる[しれる];たにん に しれる と まずい こと に なる わ ね;Ce serait terrible si d'autres l'apprenaient.
開発[かいはつ];だむ の かいはつ に じゅうみん は はんたい して います;Les habitants sont contre le développement du barrage.
試し[ためし];ためし に この きょく を ひいて みて ください;Essayez de jouer ce morceau, à titre expérimental.
広める[ひろめる];だれ が うわさ を ひろめた ん だろう;Qui a répandu la rumeur ?
地下道[ちかどう];ちかどう を とおって いきましょう;Passons par le passage souterrain.
売り切れ[うりきれ];チケットはもう 売[う]り 切[き]れだって。;Les billets ont déjà été vendus.
教え[おしえ];ちち の おしえ は じぶん に きびしく です;Mon père m'a dit d'être strict avec moi-même.
空中[くうちゅう];ちょうちょう が くうちゅう を まって います;Les papillons volent dans les airs.
人気者[にんきもの];ディズニーランドでは 一時[いちじ]になるといろいろな 物語[ものがたり]の 中[なか]の 人気者[にんきも]の 達[たち]が 行列[ぎょうれつ]をなして 行進[こうしん]します。;À Disneyland, à une heure, de nombreux personnages imaginaires provenant de diverses comtes et histoires marchent en paradant.
出入り口[でいりぐち];でいりぐち に くるま を とめない で ください|博物館[はくぶつかん]の 出入り口[でいりぐち]に、ポスターが 貼[は]ってある。;Veuillez ne pas arrêter la voiture à l'entrée.|Il y a une affiche affichée à l'entrée du musée
早く[はやく];できるだけ 早[はや]く 来[き]てください。;Dès que vous le pouvez, veuillez venir vite.
白紙[はくし];てすと を はくし で だした の;J'ai rendu ma feuille de réponses complètement vierge.
開店[かいてん];でぱーと は じゅうじ に かいてん します よ;Le grand magasin ouvre à dix heures.
手本[てほん];てほん を みながら しゅうじ を しました;J'ai pratiqué la calligraphie en regardant des exemples.
広げる[ひろげる];でんしゃ の なか で は しんぶん を ひろげない で;N'étalez pas votre journal grand ouvert dans le train.
二台[にだい];どうしてけいたいを二台もっているんですか。;Pourquoi avez-vous deux téléphones portables ?
小文字[こもじ];どうやって小文字と大文字を切りかえますか。;Comment passer des minuscules aux majuscules ?
飲み会[のみかい];トーフグ主さいの飲み会はとても楽しいですよ！;Les beuveries organisées par Tofugu sont tellement amusantes !
図書室[としょしつ];としょしつ で べんきょう した;J'ai étudié à la bibliothèque.
言い出す[いいだす];とつぜん なに を いいだす の か と おもった;Je me demandais ce que vous diriez à l'improviste.
音楽家[おんがくか];トムはちょっとした 音楽家[おんがくか]だ。;Tom est un peu musicien.
送金[そうきん];とりひきさき へ の そうきん を すませました;J'ai effectué le transfert d'argent à notre client.
黒人[こくじん];なぜ未だに黒人をさべつする人がいるのか、りかいできません。;Je ne peux pas comprendre qu'il y ait encore des gens qui discriminent les Noirs.
物体[ぶったい];なぞ の ぶったい が そら を とんで います;Un objet mystérieux vole dans le ciel.
五十音[ごじゅうおん];なまえ は ごじゅうおんじゅん に ならんで います;Les noms sont classés dans l'ordre du syllabaire japonais.
兄さん[にいさん];にいさん おめでとう;Félicitations, grand frère.
肉体[にくたい];にくたい は いつか ほろびます;Nos corps doivent périr à un moment ou à un autre.
歩行者天国[ほこうしゃてんごく];にちようび は この とおり が ほこうしゃてんごく に なります;Cette rue est transformée en promenade piétonne le dimanche.
天使[てんし];ニッカちゃん、マジ天使だわー。;Nikka est vraiment un ange.
七夕[たなばた];にほん で は 7 がつ 7 か は たなばた の ひ です;Le 7 juillet est le jour du festival Tanabata au Japon.
入れ物[いれもの];にもつ が おおい の で おおき な いれもの が ひつよう です;Il y a tellement d'articles que nous avons besoin d'un grand conteneur.
千切れる[ちぎれる];にもつ が おもくて て が ちぎれ そう だ;Mes bagages sont si lourds que j'ai l'impression que mon bras pourrait s'arracher.
重ねる[かさねる];にもつ は ここ に かさねて ください;Veuillez empiler les bagages ici.
姉さん[ねえさん];ねえさん ごめん ね;Je suis désolé soeurette.
お医者さん[おいしゃさん];ねつ が ある の で おいしゃさん に いった;Je suis allé chez le médecin parce que j'avais de la fièvre.
親しむ[したしむ];はいきんぐ は しぜん に したしむ いい きかい です よ;La randonnée est une bonne occasion de se rapprocher de la nature.
発車[はっしゃ];ばす が はっしゃ します;Le bus part.
十台[じゅうだい];パソコンを十台ちゅう文しました。;Nous avons commandé dix ordinateurs.
手入れ[ていれ];はは は にわ の ていれ を して います;Ma mère s'occupe du jardin.
早まる[はやまる];はやまらない で よく かんがえましょう;Réfléchissons bien sans agir à la légère.
四方[しほう];ひ が しほう に ひろがった ん だ よ;Le feu s'est propagé dans toutes les directions.
強める[つよめる];ひ を つよめて ください;Veuillez augmenter le chauffage.
建前[たてまえ];ビエトは本音と建前を使い分けるのが上手い。;Viet est doué pour séparer son moi public et privé.
飲料水[いんりょうすい];ひさいち で は いんりょうすい が ふそく して いる の;L'eau potable fait défaut dans la zone sinistrée.
業者[ぎょうしゃ];ひっこし を ぎょうしゃ に たのんだ;J'ai demandé à une entreprise de s'occuper de mon déménagement.
思い[おもい];ひっし の おもい で かれ に たのんだ よ;lui ai-je demandé en désespoir de cause.
立ち止まる[たちどまる];ひとびと は たちどまって うえ を みあげた の;Les gens s'arrêtèrent net et levèrent les yeux.
病人[びょうにん];びょうにん が でた の で でんしゃ が すこし とまった ん だ;Le train s'est arrêté un moment car quelqu'un était malade.
そば屋[そばや];ひる は そばや に いきました 。;Je suis allé dans un restaurant (boutique) de soba pour le déjeuner.
昼前[ひるまえ];ひるまえ に かいぎ が あった;Il y avait une réunion le matin.
正午[しょうご];ひるやすみ は しょうご から です;La pause déjeuner est à partir de midi.
広場[ひろば];ひろば に こども が たくさん あつまって いた よ;Beaucoup d'enfants s'étaient rassemblés sur la place.
年始[ねんし];ぶか の かた が ねんし の あいさつ に みえました よ;Vos hommes sont venus saluer la nouvelle année.
父兄[ふけい];ふけい の かたがた は こちら へ どうぞ;Par ici, s'il vous plaît, parents.
夜空[よぞら];ふたり で よぞら を みあげた の;Tous les deux, nous avons levé les yeux vers le ciel nocturne.
冬休み[ふゆやすみ];ふゆやすみ に おじいちゃん の うち に いきます;Je vais chez grand-père pendant les vacances d'hiver.
別々[べつべつ];べつべつ に はらいましょう;Faisons des chèques séparés.
明かり[あかり];へや の あかり を つけましょう|その部屋には、小さなロウソクの灯りだけが灯っていました。;Allumons la lumière de la pièce. Il n'y avait qu'une petite bougie dans la pièce.
空き[あき];へや の あき は あります か;Y a-t-il des chambres libres ?
茶屋[ちゃや];ポートランドでは、トーフグ茶屋の、ふぐもちが人気です。;Le magasin de thé Tofugu à Portland propose des fugu mochi populaires.
使い道[つかいみち];ぼーなす の つかいみち を かんがえて いる ところ です;Je réfléchis juste à la façon d'utiliser mon bonus.
空っぽ[からっぽ];ぼく の さいふ は からっぽ だ よ;Ma bourse est vide.
歩行者[ほこうしゃ];ほこうしゃ は みち の みぎがわ を あるいて ください;Les piétons doivent marcher du côté droit de la route.
旅行者[りょこうしゃ];ほとんどの 旅行者[りょこうしゃ]はニューヨークのゴーストタウンに 立ち寄[たちよ]らなかった。;Très peu de toursite visite la ville fantôme de New York.
建て前[たてまえ];ほんね と たてまえ は ちがう こと が おおい よ;Ce que les gens pensent vraiment et ce qu'ils disent sont souvent différents.
毎度[まいど];まいど ありがとう ございます;Merci pour votre parrainage.
動き[うごき];まず あいて の うごき を みましょう;Tout d'abord, observez les mouvements de votre adversaire.
転がす[ころがす];まず にく を ぱんこ の うえ で ころがします;Tout d'abord, roulez la viande dans la chapelure.
町中[まちなか];まちなか で かのじょ に であった よ;Je l'ai rencontrée au centre-ville.
水田[すいでん];まど の そと に すいでん が ひろがって いた よ;Une étendue de rizière apparut derrière la fenêtre.
真夏[まなつ];まなつ の びーる は おいしい;La bière est délicieuse en plein été.
生地[きじ];マリメッコの生地でクッションを作りました。;J'ai fait un coussin en tissu Marimekko.
気体[きたい];みず が ふっとう して きたい に なった ん だ;L'eau a bouilli puis s'est transformée en gaz.
水着[みずぎ];みずぎ に きがえました;Je me suis changé en maillot de bain.
代わる代わる[かわるがわる];みな が かわるがわる かれら を しゅくふく した よ;Chacun les félicita tour à tour.
映る[うつる];みなも に つき が うつって いる ね;La lune se reflète à la surface de l'eau.
明朝[みょうちょう];みょうちょう 10 じ から また かいぎ です;Il y a une autre réunion à partir de dix heures demain matin.
明日[みょうにち];みょうにち かいぎ を ひらきます;La conférence aura lieu demain.
一度に[いちどに];みんな の かお と なまえ を いちどに は おぼえられません;Je ne peux pas me souvenir du nom et du visage de tout le monde à la fois.
飲み水[のみみず];むかし は かわ の みず が のみみず でした;Il y a longtemps, les rivières étaient utilisées pour l'eau potable.
自立[じりつ];むすこもようやく自立しはじめました。;Mon fils commence enfin à être autonome.
着せる[きせる];むすめ に かわいい どれす を きせた;J'ai habillé ma fille d'une jolie robe.
行事[ぎょうじ];メグは がっこう 学校のいろいろな ぎょうじ 行事に さんか 参加する。;Meg attends many school affairs.
二度と[にどと];もう ここ に は にどと きません;Je ne reviendrai plus jamais ici.
明ける[あける];もうすぐ よ が あける ね;Ce sera bientôt l'aube.
持ち物[もちもの];もちもの に は なまえ を かいて ください;Merci d'inscrire votre nom sur vos affaires.
物音[ものおと];ものおと が した の で み に いった;J'ai entendu un bruit alors je suis allé voir.
夜間[やかん];やかん は うらぐち から はいって ください;Veuillez entrer par la porte de derrière la nuit.
世[よ];やっと わたし の さくひん が よ に でた の;Mon travail a finalement été rendu public.
家主[やぬし];やぬし は 1 かい に すんで います;Le propriétaire habite au premier étage.
夕食[ゆうしょく];ゆうしょく は しちじ です;Le dîner est à sept heures.
夕日[ゆうひ];ゆうひ が にし の そら に しずんだ ね;Le soleil du soir s'est couché dans le ciel de l'ouest.
間近[まぢか];ゆうめいじん を まぢか で みた よ;J'ai vu une célébrité de près.
重み[おもみ];ゆき の おもみ で えだ が おれ そう だ;La branche semble devoir casser sous le poids de la neige.
仕上げる[しあげる];ユミは １日[いちにち]でそれを 仕上[しあ]げられません。;Yumi ne peut pas finir en un jour.
金曜[きんよう];よく覚えていないのですがたしか先週の金曜日だったと思います。;Je ne me souviens plus exactement, mais je crois que c'était vendredi dernier.
用心[ようじん];よみち は ようじん して あるきましょう;Soyez prudent lorsque vous marchez la nuit.
足音[あしおと];ろうか から おおき な あしおと が きこえた;Des pas bruyants se faisaient entendre depuis le couloir.
ローマ字[ローマじ];ローマ 字[じ]で 名前[なまえ]を 書[か]いてください。|ろーまじ で なまえ を かいて ください|ここに、ローマ 字[じ]で 名前[なまえ]を 書[か]いてください。;Veuillez écrire votre nom en lettres romaines.
黒字[くろじ];わがしゃ は こんねんど くろじ と なりました;Notre entreprise est entrée dans le noir cette année.
別れ[わかれ];わかれ は いつでも かなしい もの です;La séparation est toujours triste.
住まい[すまい];わたし の すまい は とうきょう に あります;Ma résidence est à Tokyo.
大工[だいく];わたし の ちち は だいく です;Mon père est menuisier.
一切[いっさい];わたし は いっさい その もんだい と は かんけい が ありません;Je n'ai absolument rien à voir avec ce problème.
世代[せだい];わたし は かれ と おなじ せだい です;Je suis de la même génération que lui.
洋画[ようが];わたし は しゅう に 3 ぼん ようが を みます;Je regarde trois films étrangers par semaine.
早朝[そうちょう];わたし は そうちょう の じょぎんぐ を にっか に して います;C'est ma routine d'aller faire du jogging tous les matins.
中立[ちゅうりつ];わたし は ちゅうりつ の たちば を とって います;J'adopte un point de vue neutre.
体重[たいじゅう];わたし は まいあさ たいじゅう を はかって います;Je me pèse tous les matins.
右手[みぎて];わたし は みぎて で じ を かきます;J'écris de la main droite.
家屋[かおく];わたし は もくぞう の かおく が すき です;J'aime les maisons construites en bois.
洋風[ようふう];わたし は ようふう の いえ に すんで います;Je vis dans une maison de style occidental.
教わる[おそわる];わたし は りょうしん から おおく を おそわりました;J'ai beaucoup appris de mes parents.
赤字[あかじ];わたしたち の かいしゃ は こんげつ は あかじ よ;Notre entreprise est déficitaire ce mois-ci.
日帰り[ひがえり];わたしたち は ひがえり で きょうと に いきました;Nous sommes allés à Kyoto lors d'une excursion d'une journée.
私たち[わたしたち];わたしたち は らいげつ けっこん します 。;Nous nous marierons le mois prochain.
生物学[せいぶつがく];わたしの一番すきな科目は生物学と生化学です。;Deux de mes matières préférées sont la biologie et la biochimie.
休止[きゅうし];わたしの大すきなバンドが、かつどうを休止しました。;Mon groupe préféré absolu est en pause.
医大[いだい];わたしは、医大を目ざしてべん強しています。;J'étudie pour entrer à l'école de médecine.
考古学[こうこがく];わたしは、日本の考古学にきょうみがあります。;Je m'intéresse à l'archéologie japonaise.
真の[しんの];われわれ 我々の しん 真の こくせき 国籍は じんるい 人類である。;Our true nationality is mankind.
主人公[しゅじんこう];主人公[しゅじんこう]は、 本[ほん]の 最後[さいご]で 死[し]んだ。;Le héros mourut à la fin du livre.
主語[しゅご];主語をハッキリさせてくれないかな。;Pouvez-vous éclaircir le sujet ?
自体[じたい];事態[じたい]はかなり 切迫[せっぱく]している。;la situation est vraiment urgente.
公用[こうよう];今、公用でパリにきています。;Je viens à Paris maintenant pour affaires officielles.
不人気[ふにんき];今年、もっとも不人気だったアニメは何だと思いますか。;Selon vous, quel est l'anime le plus impopulaire cette année ?
売り上げ[うりあげ];今年[ことし]の 売り上[うりあ]げは 倍増[ばいぞう]と 見込[みこ]んでいます。;Les ventes devraient doubler cette année.
地味[じみ];今日[きょう]、 彼女[かのじょ]は 地味[じみ]な 服装[ふくそう]をしていますね。;Elle est habillée modestement aujourd'hui.
本社[ほんしゃ];今日[きょう]は 本社[ほんしゃ]で 会議[かいぎ]があります。;Il y a une réunion au siège social aujourd'hui.
発言[はつげん];会議[かいぎ]で 全員[ぜんいん]が 発言[はつげん]した。;Tout le monde a pris la parole lors de la réunion.
借家[しゃくや];借家をたん保にお金を借りることは出来ませんよ。;Vous ne pouvez pas emprunter de l'argent sur une maison louée.
火曜[かよう];兄はシカゴからたいてい火曜の夜に私に電話をかけてくる。;Mon frère m'appelle généralement de Chicago le mardi soir.
待たせる[またせる];先ぱいを待たせるのはよくないよ。;Ce n'est pas bien de faire attendre votre sempai.
野[の];兎が野原にいる。;Le lapin est dans le champ.
入学試験[にゅうがくしけん];入学試験を終えた息子が、ニコニコしながら飛んで帰ってきました。;Mon fils est rentré chez lui en souriant après avoir terminé l'examen d'entrée.
入館料[にゅうかんりょう];入館料[にゅうかんりょう]は４００ 円[えん]です。;L'entrée est de 400 yens.
円安[えんやす];円安[えんやす]が 進[すす]んでいるね。;Le yen est encore bas face au dollar.
二重[にじゅう];分からないかん字の下に、二重せんを引いてください。;Veuillez tracer des lignes doubles sous les kanji que vous ne connaissez pas.
会長[かいちょう];初[はじ]めに 会長[かいちょう]が 挨拶[あいさつ]した。;Tout d'abord, le salut du président.
銀色[ぎんいろ];初めにお伝えしていたように、これを銀色にぬり直してください。;Veuillez repeindre cet argent comme je vous l'ai dit la première fois.
古代[こだい];古代[こだい]インカの 時代[じだい]に、 アメリカ大陸[アメリカたいりく]でもっとも 大[おお]きい 都市[とし]であった。;Au temps des anciens Incas, c'était la plus grande ville d'Amérique.
作り上げる[つくりあげる];同社[どうしゃ]の 新製品[しんせいひん]を 作り上[つくりあ]げた。;La société a fabriqué un nouveau produit.
名古屋[なごや];名古屋にはおいしいものがたくさんあります。;Nagoya a beaucoup de plats délicieux.
国家試験[こっかしけん];国家試験[こっかしけん]に 合格[ごうかく]おめでとう。;Je vous félicite pour votre réussité à l'examen d'état.
親分[おやぶん];地下道でヤクザの親分とすれちがったんだ。;Je suis passé à côté d'un pivot yakuza dans le passage souterrain.
地中[ちちゅう];地中は、冬にはあたたかく、なつはつめたいです。;Sous terre, il fait chaud en hiver et froid en été.
真っ白[まっしろ];外[そと]は 雪[ゆき]で 真[ま]っ 白[しろ]だった。;Avec la neige tout était blanc dehors.
大空[おおぞら];大空を見ていたら、いやな気もちがふきとんだ。;La sensation désagréable a disparu lorsque j'ai levé les yeux vers le ciel.
何方[どなた];失礼[しつれい]ですが、どなたですか。;Excusez-moi, mais qui êtes-vous ?
一文字[いちもんじ];女の子は、おこって口を一文字にむすびました。;La fille se fâcha et sa bouche se pinça en une ligne droite.
始めに[はじめに];始[はじ]めにスープが 出[で]ます。;Une soupe sera servie pour commencer.
小屋[こや];山小屋で一夜を明かした。;J'ai passé la nuit dans un refuge de montagne.
工事[こうじ];工事[こうじ]の 音[おと]がうるさい。;Le chantier de construction est bruyant.
工作[こうさく];工作はとくいではありません。;L'artisanat n'est pas mon fort.
大学院[だいがくいん];彼[かれ]は 大学院[だいがくいん]に 進[すす]みました。;Il a poursuivi ses études supérieures.
心から[こころから];彼[かれ]は 心[こころ]から 彼女[かのじょ]を 迎[むか]えた。;Il la salua avec cordialité.
入社[にゅうしゃ];彼[かれ]は 昨年[さくねん] 入社[にゅうしゃ]したの。;Il a rejoint l'entreprise l'année dernière.
図々しい[ずうずうしい];彼[かれ]は、 勝手[かって]に 人[ひと]の 辞書[じしょ]を 使[つか]う。 図々[ずうずう]しい 人[ひと]だ。|なんて ずうずうしい ひと なん だろう;Il utilise d'autres dictionnaires sans demander. Quelle personne effrontée.|Quel effronté !
上京[じょうきょう];彼は上京してくるときはいつでも、必ず私に電話をくれる。;Chaque fois qu'il vient à Tokyo, il m'appelle toujours.
月曜[げつよう];彼は来週月曜日にもう一度会を開いてはどうかと提案した。;Il a suggéré que nous nous revoyions lundi prochain.
手品[てじな];彼らはみな、手品師の劇をじっと見ました。;Ils ont tous suivi attentivement le spectacle du magicien.
お目出度う[おめでとう];彼らは先輩に昇進おめでとうと言った。;Ils ont félicité leur supérieur pour sa promotion.
思い切る[おもいきる];彼女[かのじょ]の 事[こと]が 思い切[おもいき]れない。;Je ne peux pas l'oublier.
生け花[いけばな];彼女[かのじょ]は 生[い]け 花[ばな]の 先生[せんせい]です。;Elle est professeur d'arrangement florale.
見た目[みため];彼女[かのじょ]はみためにかわいい 少女[しょうじょ]だ。;C'est une jolie fille à regarder.
目下[もっか];息子[むすこ]は 目下[もっか] 勉強[べんきょう] 中[ちゅう]です。;Mon fils étudie en ce maintenant.
悪気[わるぎ];悪気がないのは知ってるけど、そういうことを言われるとこっちもきずつくんだよ？;Je sais que tu n'as aucune intention maléfique, mais s'il te plaît, comprends que nous pourrions être blessés si tu dis quelque chose comme ça.
試食[ししょく];文句を言う前に、試食してみてよ。;Essayez un échantillon avant de vous en plaindre.
本音[ほんね];日本人[にほんじん]は、なかなか 本音[ほんね]を 言[い]わない。;Les Japonais n'expriment pas facilement leurs vrais sentiments.
早々[そうそう];早々におへんじいただきありがとうございます。;Merci de votre réponse rapide.
春休み[はるやすみ];春休みキャンペーン期間中は、学生の入場料は一りつ千円です。;Pendant la promotion des vacances de printemps, l'admission n'est que de 1 000 yens pour les étudiants.
洋食[ようしょく];昨日[きのう]の 晩[ばん] 御飯[ごはん]は 洋食[ようしょく]でした。;Le dîner d'hier était la nourriture occidentale.
木曜[もくよう];木曜日より金曜日に来ていただきたいのですが。;Je préférerais que vous veniez vendredi plutôt que jeudi.
本文[ほんぶん];本文[ほんぶん]をよく 読[よ]んで 答[こた]えてください。;Veuillez lire attentivement le texte avant de répondre.
本館[ほんかん];本館には、ようじ教室の部屋がへいせつされています。;Le bâtiment principal abrite une salle de classe pour les enfants d'âge préscolaire.
送別会[そうべつかい];来週[らいしゅう]、 課長[かちょう]の 送別[そうべつ] 会[かい]を 開[ひら]きます。;La fête d'adieu du chef de section aura lieu la semaine prochaine.
東方[とうほう];東方の空が明るくなりだした。;Le ciel de l'est s'éclaircit.
味わう[あじわう];母[はは]の 手料理[てりょうり]をゆっくり 味[あじ]わいました。;J'ai pris mon temps pour savourer la cuisine faites maison de ma mère.
目をとめる[めをとめる];母[はは]は 私[わたし]の 足[あし]が 汚[よごれ]れていることに 目[め]をとめた。;Mère a remarqué que mes pieds n'étaient pas propres.
多く[おおく];毎年[まいとし] 多[おお]くの 人[ひと]が 海外[かいがい]へ 旅行[りょこう]する。;Beaucoup de gens voyagent à l'étranger chaque année.
日曜[にちよう];毎週日曜日は教会に行きます。;Je vais à l'église tous les dimanches.
持って行く[もっていく];水[みず]を 持[も]って 行[い]きましょう。;Emportons de l'eau.
水銀[すいぎん];海魚の体が大きいほど体内にたくさん水銀がたまっています。;Plus le poisson océanique est gros, plus il y a de mercure dans son corps.
転じる[てんじる];災[わざわ]いを 転[てん]じて 福[ふく]としなさい。;Transformez votre malheur en chance.
急死[きゅうし];父が急死した時、私は受けん生でした。;Je me préparais à passer mes examens lorsque mon père est décédé subitement.
仕立てる[したてる];生地[きじ]を 預[あず]ければドレスを 仕立[した]ててくれますか。;Voulez-vous me confectionner une robe si je vous frounie le matériel?
子牛[こうし];白い子牛をかっているんです。;Nous avons un veau blanc.
白黒[しろくろ];白黒ハッキリさせようぜ。;Faisons-le clairement en noir et blanc.
会社員[かいしゃいん];私[わたし]の 父[ちち]は 会社員[かいしゃいん]です。;Mon père est employé de bureau.
新品[しんぴん];私[わたし]は 新品[しんぴん]のワープロを 持[も]っている。;J'ai un nouveau traitement de texte.
見方[みかた];私[わたし]は 民主主義[みんしゅしゅぎ]の 味方[みかた]だ。;Je suis du côté de la démocratie.
手元[てもと];私[わたし]はいつも 辞典[じてん]を３ 冊[さつ] 手元[てもと]に 置[お]いています。;Je garde toujours trois dictionnaires à portée de main.
の社員[のしゃいん];私[わたし]はザラ 社員[しゃいん]です。;Je suis un employé de Zara.
私大[しだい];私大の授業料は高いもんね。;Les frais de scolarité dans les collèges privés coûtent cher.
特質[とくしつ];笑いは人間だけの特質なのかな？それとも動物も笑うのかな？;Le rire est-il une caractéristique que seuls les humains ont, ou les animaux peuvent-ils aussi rire ?
思考[しこう];緊張[きんちょう]するとまともな 思考[しこう]ができない;Vous ne pouvez pas penser de façon clair si vous êtes nerveux.
考え方[かんがえかた];考え方は、人それぞれです。;Les gens ont leur propre façon de penser.
白鳥[はくちょう];自どりをするためだけに白鳥をみずうみから引きずり出すなんてひどすぎるよ。;Sortir un cygne du lac juste pour prendre un selfie avec lui est trop cruel.
英会話[えいかいわ];英会話[えいかいわ]を 習[なら]っているが、なかなか 上手[うま]くならない。;J'entends des conversations en anglais, mais je n'y parviens pas du tout.
茶道[さどう];茶道[さどう]を 習[なら]って 3 年[ねん]になります;Cela fait 3 ans que j'apprends la cérémonie du thé.
話し方[はなしかた];話し方が本当にイライラするのよね。;Sa façon de parler m'énerve vraiment.
運動場[うんどうじょう];運動[うんどう] 場[じょう]でサッカーをしよう。;Jouons au football sur le terrain de jeu.
運動会[うんどうかい];運動会[うんどうかい]で 一[いち] 位[い]になったよ！;J'ai terminée première à la réunion sportive !
空[から];雨がやんで空が明るくなった。;La pluie a cessé et le ciel s'est éclairci.
駅前[えきまえ];駅前[えきまえ]に 交番[こうばん]が 有[あ]ります。;Il y a un poste de police devant la gare.
駅員[えきいん];駅員[えきいん]に 聞[き]きましょう。;Demandons au préposé de la gare.
魚屋[さかなや];魚屋で金目だいを買ってきたの。;Nous sommes allés acheter de splendides dorades roses à la poissonnerie.
いつの間にか[いつのまにか];いつのまにか よ が あけて いた ね;L'aube s'était levée avant que nous ne nous en rendions compte.
下書き[したがき];いま ろんぶん の したがき を して いる ところ です;Je suis au milieu du projet de thèse maintenant.
長女[ちょうじょ];うち の ちょうじょ は じゅっさい です;Notre fille aînée a dix ans.
小学生[しょうがくせい];うちの 息子[むすこ]は 来年[らいねん]、 小学生[しょうがくせい]になります。;Notre fils va rentrer en école primaire l'année prochaine.
大小[だいしょう];おうぼ さくひん の だいしょう は といません;Les œuvres soumises de toutes tailles sont acceptées.
父母[ふぼ];がっこう から ふぼ に れんらく が あった ん だ;Mes parents ont été contactés par l'école.
本来[ほんらい];かのじょ は ぷれっしゃー から かいほう されて ほんらい の じぶん に もどった な;Elle a été soulagée de la pression et est redevenue elle-même.
出入り[でいり];かれ の いえ は ひと の でいり が おおい ね;Il y a beaucoup de gens qui entrent et sortent de sa maison.
一々[いちいち];かれ は いちいち わたし に さしず する;Il me donne des instructions sur tout.
ぶら下げる[ぶらげるさげる];かれ は くび に かめら を ぶらさげて いる ね;Il a une caméra autour du cou.
大して[たいして];かれ は たいして うれし そう に は みえなかった よ ね;Il n'avait pas l'air particulièrement heureux.
見かけ[みかけ];かれ は みかけ に よらず やさしい ね;Il est gentil malgré son apparence.
学年[がくねん];かれ は わたし より ひと がくねん うえ です;Il est un an au-dessus de moi à l'école.
半生[はんせい];かれ 彼は じぶんじしん 自分自身の かんが 考えを はんせい 反省した。;Il réfléchit sur ses propres pensées.
お八つ[おやつ];きょう の おやつ は ぷりん だった;La collation d'aujourd'hui était du pudding.
下らない[くだらない];くだらないおしゃべりはやめなさい。;Arrêtez de bavarder.
分かれる[わかれる];ぐるーぷ の なか で いけん が わかれました;Les avis étaient partagés au sein du groupe.
下車[げしゃ];けしき が よかった の で とちゅう げしゃ した よ;Nous nous sommes arrêtés en chemin car le paysage était magnifique.
一休み[ひとやすみ];ここ で ひとやすみ しましょう;Faisons une pause ici.
生年月日[せいねんがっぴ];ここ に せいねんがっぴ を きにゅう して ください;Veuillez indiquer votre date de naissance ici.
出来上がる[できあがる];この いえ は らいねん できあがります;Cette maison sera achevée l'année prochaine.
上下[じょうげ];この ふく は じょうげ せっと で かいました;J'ai acheté ces vêtements en ensemble haut et bas.
女の人[おんなのひと];この 会社[かいしゃ]は 女[おんな]の 人[ひと]が 少[すく]ない。;Dans cette entreprise, les femmes sont peu nombreuses.
水分[すいぶん];この 野菜[やさい]は 水分[すいぶん]が 多[おお]いですね。;Ces légumes ont une forte teneur en eau.
上り[のぼり];これ は のぼり でんしゃ です;C'est le train qui va au centre-ville.
日時[にちじ];ししゃかい の にちじ を おしえて ください;S'il vous plaît dites-moi la date de l'avant-première.
高める[たかめる];じぶん を たかめる の は たいせつ な こと です;C'est important de s'améliorer.
火山[かざん];しま で かざん が ふんか した よ;Le volcan est entré en éruption sur l'île.
見出し[みだし];しんぶん の みだし が かれ の め を ひいた ん だ;L'article de journal a attiré son attention.
前後[ぜんご];そちら に つく の は ろくじ ぜんご です;J'y arriverai vers 6 heures.
中間[ちゅうかん];その ふたつ の まち の ちゅうかん に は かわ が ながれて いる の;Une rivière coule entre les deux villes.
下水[げすい];その みち は いま げすい の こうじ を して いる よ;La rue est maintenant en construction pour le drainage.
三日月[みかづき];そら に みかづき が みえました;J'ai pu voir un croissant de lune dans le ciel.
下る[くだる];ちいさ な ふね が かわ を くだって います;Un petit bateau descend le fleuve.
日にち[ひにち];ツアーの 申し込[もうしこ]みの 締め切[しめき]りまで 日[ひ]にちがない。;Il ne reste plus beaucoup de jours avant la date limite pour les demandes de tournée.
東西[とうざい];とうざい に おおき な どうろ が とおって います;Il y a une route principale allant d'est en ouest.
南北[なんぼく];なんぼく に やま が ひろがって います;Les montagnes s'étendent au nord et au sud.
何となく[なんとなく];パーティーに 行[い]くのは 何[なん]となく 気[き]が 進[すす]まないな。;Pour une raison quelconque, je n'ai pas envie d'aller à la fête.
一まず[ひとまず];ひとまず きゅうけい しましょう;Prenons un repos d'abord.
日の出[ひので];ひので が とても きれい です ね;Le lever de soleil est très beau.
外れる[はずれる];びんのふたが 外[はず]れません。;Le couvercle de la bouteille ne se détache pas.
日日[ひにち];みーてぃんぐ の ひにち を まちがえました;Je me suis trompé de jour de réunion.
見本[みほん];みほん は こちら に ございます;Il y a un échantillon ici.
生える[はえる];むすこ に あたらしい は が はえました;Mon fils a une nouvelle dent qui arrive.
見下ろす[みおろす];やま の ちょうじょう から ふもと を みおろした の;J'ai regardé les contreforts du haut de la montagne.
出来上がり[できあがり];わたし は さくひん の できあがり に まんぞく して います;Je suis satisfait du travail réalisé.
気をつける[きをつける];体[からだ]に 気[き]を 付[つ]けてください。;Prends soin de toi s'il te plaît.
何しろ[なにしろ];何[なに]しろ 小[ちい]さい 店[みせ]なので、 彼[かれ]は 会計係[かいけいがかり]から 倉庫[そうこ] 係[かかり]まで 多[おお]くの 仕事[しごと]を 一手[いって]にこなさなければならない。;Comme le magasin est petit, il doit porter porter plusieurs casquette, du comptable au responsable du stock.
その上[そのうえ];"彼[かれ;a] は ハンサム[;a] です 。 その上[そのうえ;h] 、 とても[;h] お金持[おかねも;h]ち です 。";Il est beau. De plus, il est très ri
長男[ちょうなん];彼[かれ]の 長男[ちょうなん]は８ 才[さい]です。;Son fils aîné a huit ans.
生き生き[いきいき];彼[かれ]は 生き生き[いきいき]とした 想像力[そうぞうりょく]を 持[も]っている。;Il a une imagination très vive.
中年[ちゅうねん];彼女[かのじょ]は 中年[ちゅうねん]の 都会派[とかいは]プロフェッショナルでした。;Elle était une professionnelle urbaine d'âge moyen.
月日[つきひ];月日[つきひ]が 経[た]つのは 早[はや]いものです。;Le temps passe.
通ずる[つうずる];海外[かいがい]で 言葉[ことば]が 通[つう]じないのは、とても 不便[ふべん]だ。;C'est vraiment gênant de ne pas pouvoir communiquer à l'étranger.
人[にん];8人がテーブルでビールを飲みます。;8 personnes boivent une bière à la table.
休学[きゅうがく];いちねん きゅうがく する こと に しました;J'ai décidé de prendre un congé scolaire d'un an.
本気[ほんき];いや ぼく は ほんき な ん だ;Non, je suis sérieux.
生む[うむ];うち の ねこ が こねこ を うみました;Notre chat a eu des chatons.
よそ見[よそみ];うんてんちゅう は よそみ を して は いけません;Gardez les yeux sur la route lorsque vous conduisez.
日ごろ[ひごろ];かのじょ に は ひごろ から おせわ に なって います;Je lui suis redevable puisqu'elle m'aide au quotidien.
生まれつき[うまれつき];かのじょ は うまれつき じょうぶ です;Elle est saine de nature.
年長[ねんちょう];かれ が この ぐるーぷ で いちばん ねんちょう です;Il est le plus ancien de ce groupe.
上下[うえした];かれ は うえした おそろい の ふく を きています ね 。;Il porte un haut et un bas assortis.
生やす[はやす];かれ は ひげ を はやして います;Il se laisse pousser la barbe.
行[ぎょう];ごぎょう いない で こたえ を かいて ください;Veuillez écrire votre réponse en cinq lignes.
大金[たいきん];この かばん に は たいきん が はいって います;Ce sac contient beaucoup d'argent.
大きさ[おおきさ];この 大[おお]きさの 封筒[ふうとう]が 欲[ほ]しいのですが。;Je voudrais une enveloppe de cette taille.
万人[ばんにん];このはいゆうは、万人に人気がある。;Cet acteur est populaire auprès de tout le monde.
何より[なにより];ごぶじ で なにより です;Je suis content de savoir que tu es en sécurité.
雨天[うてん];しあい は うてん ちゅうし です;Le match est annulé en raison de la pluie.
高まる[たかまる];その けいかく に たいする はんたい の こえ が たかまって いる わ;L'opposition au plan augmente.
一見[いっけん];その 場所[ばしょ]は 一見[いっけん]の 価値[かち]がある。;L'endroit vaut certainement la peine d'être vu.
大げさ[おおげさ];その 老人[ろうじん]はおおげさに 言[い]う 傾向[けいこう]がある。;Le vieillard tend à exagérer.
先に[さきに];では、 私[わたし]たちは 先[さき]に 出発[しゅっぱつ]します。;Donc, nous allons faire un départ avant.
何て[なんて];なんて きれい な ひと なんだ;Quelle belle personne elle est !
何と[なんと];なんと かれら は けっこん した そう です;J'ai entendu dire qu'ils se sont mariés.
一気[いっき];にがいくすりを一気にのみほしました。;J'ai bu le médicament amer d'un trait.
前もって[まえもって];やすむ とき は まえもって れんらく ください;Si vous avez l'intention de vous absenter, veuillez m'en aviser à l'avance.
三世[さんせい];ルイ三世は、フランスのきぞくです。;Louis III était un noble français.
母校[ぼこう];わたし 私たちは ぼこう 母校を おとず 訪れた。;Nous avons visité notre ancienne école.
何気ない[なにげない];何気[なにげ]なく 言[い]った 言葉[ことば]も 誰[だれ]かを 傷[きず]つけることがある。;Une remarque banale peut blesser quelqu'un.
分[ふん];午後[ごご]1 時[じ]19 分[ふん]です。;Il est 13h19.
外来[がいらい];外来の言ばは、カタカナでかきます。;Les mots importés sont écrits en katakana.
一年生[いちねんせい];川下さんは、小学一年生のおとうとがいます。;Kawashita a un frère qui est un élève de première année à l'école primaire.
名づける[なづける];彼女[かのじょ]は 子猫[こねこ]をジャガーと 名付[なづ]けた。;"Elle a appelé le chaton ""Jaguar""."
生かす[いかす];彼女[かのじょ]は 語学[ごがく] 力[りょく]を 仕事[しごと]に 生[い]かしているね。;Elle utilise ses compétences linguistiques dans son travail.
日々[ひび];日々[ひび]の 努力[どりょく]が 大切[たいせつ]です。;Il est important de faire des efforts tous les jours.
人[じん];日本人[にほんじん]は 日本語[にほんご]を 話[はな]します。;Les japonais parlent japonais.
か月[かげつ];昨年、私の日本語の勉強は9ヶ月かかりました。;L'année dernière, mes études de japonais ont pris 9 mois.
ぶら下がる[ぶらがるさがる];「わたしは、 ぶら下[ぶらさ]がるには、 年[ねん]をとりすぎています。」と 男の子[おとこのこ]はいいました。;Je suis trop vieux pour me balancer sur les branches, a déclaré le garçon.
月見[つきみ];9 がつ に は つきみ を たのしみます;Nous apprécions l'observation de la lune en septembre.
国名[こくめい];あじあ の こくめい を いくつ しって います か;Combien de noms de pays d'Asie connaissez-vous ?
後書き[あとがき];あとがき を よく よんで ください;Veuillez lire attentivement le post-scriptum.
あの人[あのひと];あの 人[ひと]はかわいい。;Cette personne est mignonne.
人々[ひとびと];あの 村[むら]の 人々[ひとびと]はとても 親切[しんせつ]です。;Les gens de ce village sont très gentils.
長時間[ちょうじかん];いいんかい 委員会の かいぎ 会議は ちょうじかん 長時間にわたった。;Le comission s'est réuni pendant de longues heures.
今時[いまどき];いまどきそんなことは 子供[こども]だってしないだろう。;Un enfant aujourd'hui ne le ferait pas.
今まで[いままで];いままで どこ に いた の です か;Où étiez-vous jusqu'à présent ?
何百[なんびゃく];うみ で なんびゃく も の うつくしい さかな を みました;J'ai vu des centaines de beaux poissons dans la mer.
小川[おがわ];おがわ が さらさら ながれて います;Le ruisseau coule doucement.
アメリカ人[アメリカじん];おれはアメリカ人か？;Suis-je américain ?
外国語[がいこくご];がいこくご を ならう の は むずかしい;L'apprentissage des langues étrangères est difficile.
本年[ほんねん];かいしゃ の ほんねん の もくひょう が はっぴょう された よ;L'objectif de l'entreprise cette année a été annoncé.
大雨[おおあめ];かくち で おおあめ が ふって います;De fortes pluies tombent dans toutes les régions.
休校[きゅうこう];がっこう は こんしゅう は きゅうこう です;L'école est fermée cette semaine.
金もうけ[かねもうけ];かねもうけ が かれ の しゅみ だ;Gagner de l'argent est son passe-temps.
女らしい[おんならしい];かのじょ は おんならしい;Elle est féminine.
人前[ひとまえ];かのじょ は ひとまえ に でる と きんちょう します;Elle se sent nerveuse devant les autres.
あだ名[あだな];かれ の あだな は 「 りき 」 です 。;"Son surnom est ""Ricky""."
いつの間に[いつのまに];かれ は いつのまに いなく なった の;Il est parti quand?
年下[としした];かれ は おくさん より としした です;Il est plus jeune que sa femme.
男らしい[おとこらしい];かれ は おとこらしさ を こころがけて いる ね;Il fait un effort pour paraître viril.
長年[ながねん];かれ は ながねん の ゆうじん です;C'est un vieil ami à moi.
年上[としうえ];かれ は わたし より としうえ です;Il est plus âgé que moi.
一本気[いっぽんぎ];かれは、とても一本気なせいかくです。;Il a une personnalité vraiment unique.
年来[ねんらい];かれは、わたしの三十年来の友人です。;C'est mon ami depuis trente ans.
半日[はんにち];きょう は はんにち だけ しごと だ;Je ne travaille qu'une demi-journée aujourd'hui.
人出[ひとで];きょう も ゆうえんち は たいへん な ひとで だった よ;Le parc d'attractions était également très fréquenté aujourd'hui.
白書[はくしょ];キングの 研究[けんきゅう]に 引用[いんよう]されているデータはユネスコの１９７０ 年[ねん] 世界[せかい] 人口[じんこう] 白書[はくしょ]から 取[と]られたものである。;Les données citées dans la recherche de King sont tirées du livre blanc de l'UNESCO de 1970 sur la population mondiale.
中東[ちゅうとう];けさ、テレビで中東のニュースを見ました。;J'ai regardé les informations sur le Moyen-Orient à la télévision ce matin.
南西[なんせい];ここ から なんせい に すすむ と むら が あります;Il y a un village si vous continuez au sud-ouest d'ici.
小雨[こさめ];こさめ な の で かさ は いりません;Je n'ai pas besoin d'un parapluie car il n'y a que de la bruine.
聞かす[きかす];こども に むかしばなし を きかせてあげた の 。;J'ai lu une histoire aux enfants.
外れ[はずれ];この くじ は はずれ です;C'est un ticket perdant.
外人[がいじん];この まち に は がいじん が すくない;Il y a peu d'étrangers dans cette ville.
百万[ひゃくまん];このCDは、百万まいうれたそうです。;J'ai entendu dire que ce CD s'était vendu à un million d'exemplaires.
長さ[ながさ];このケーブルの 長[なが]さは１メートルです。;La longueur de ce câble est d'un mètre.
生み出す[うみだす];このことがよい 人間関係[にんげんかんけい]を 生[う]みだす。;Cela crée de bonnes relations humaines.
千円[せんえん];このスカートは、千円です。;Cette jupe est de 1000 yens.
人名[じんめい];これ は にほん の じんめい です か;Est-ce un nom japonais ?
行き来[いきき];さいきん かれ の ところ に いきき して ない の;Je ne suis pas allé chez lui ces derniers temps.
十月[じゅうがつ];さらいねんの十月で、六十さいになります。;Dans deux ans, j'aurai soixante ans en octobre.
年月日[ねんがっぴ];しんせい の ねんがっぴ を せいれき で かいて ください;Veuillez noter la date de candidature dans le calendrier occidental.
何千[なんぜん];しんぶんしゃ に なんぜん も の めーる が よせられた よ;La société de presse a reçu des milliers d'e-mails.
出前[でまえ];すし の でまえ を たのんだ よ;Nous avons commandé des sushis à la livraison.
前年[ぜんねん];ぜんねん に くらべて りえき が あがりました;Les bénéfices ont augmenté par rapport à l'année précédente.
この前[このまえ];そういえば、この前、しょうてんがいでさくら子ちゃんとバッタリ会ったよ。;Cela me rappelle que la dernière fois que j'étais dans le quartier commerçant, je suis tombé sur Sakurako.
大国[たいこく];その くに は けいざい たいこく よ;Ce pays est une puissance économique.
何十[なんじゅう];その みせ に なんじゅうにん も ぎょうれつ して いた よ;Des dizaines de personnes ont fait la queue vers le magasin.
二時半[にじはん];そのえいがのかいえん時かんは二時半です。;Le film commence à deux heures et demie.
何人[なんにん];そのパーティーには、何人の人がさんかしましたか。;Combien de personnes ont participé à la fête ?
何年[なんねん];それを 建[た]てるのに 何年[なんねん]もかかった。;Il a fallu plusieurs années pour le construire.
北西[ほくせい];たいふう は ほくせい に すすんで います;Le typhon avance vers le nord-ouest.
水入らず[みずいらず];たまには 夫婦[ふうふ] 水入[みずい]らずで 温泉[おんせん]に 行[い]ってのんびりするのもいいもんだ。;Parfois, il est bon pour un couple marié d'aller se ressourcer ensemble dans une source chaude - juste tout les deux.
四月[しがつ];たんじょうびは、四月九日です。;Mon anniversaire est le 9 avril.
年々[ねんねん];とうきょう の じんこう は ねんねん ふえて います;La population de Tokyo augmente d'année en année.
日ソ[にっソ];とうじ にっそ かいだん が ひらかれた;À l'époque, des pourparlers avaient lieu entre le Japon et l'Union soviétique.
四十二[よんじゅうに];とうなんアジアを、四十二日かんりょこうしました。;J'ai fait un voyage de quarante-deux jours en Asie du Sud-Est.
後半[こうはん];どらま の こうはん は らいしゅう ほうそう される ん だ;La seconde moitié du drame sera diffusée la semaine prochaine.
長らく[ながらく];ながらく お またせ しました 。;Je suis désolé de vous avoir fait attendre si longtemps.
南東[なんとう];なんとう の ほうがく に つき が みえる よ;Vous pouvez voir la lune au sud-est.
学長[がくちょう];にゅうがくしき で がくちょう の あいさつ が ありました;Le directeur a prononcé un discours de bienvenue lors de la cérémonie d'entrée.
長話[ながばなし];はは が でんわ で ながばなし を して いる ん だ;Ma mère a une longue conversation au téléphone.
中国[ちゅうごく];パンダは 中国[ちゅうごく]から 来[き]ています。;Les pandas viennent de Chine.
半月[はんつき];はんつきまえ に にほん に きました;Je suis arrivé au Japon il y a un mois et demi.
国外[こくがい];はんにん は こくがい に にげた よう です;Le criminel semble s'être enfui à l'étranger.
雨水[あまみず];ひさしから 雨水[あまみず]が 滴[したた]り 落[おち]ちている。;L'eau de pluie ruisselle le long des gouttières.
やって来る[やってるくる];フランスからサーカスがやって 来[き]ます。;Un cirque vient de France.
本日[ほんじつ];ほんじつ の らんち は はんばーぐ で ございます;Le déjeuner du jour est un steak haché.
北東[ほくとう];まち の ほくとう に やま が あります;Il y a une montagne au nord-est de la ville.
読み書き[よみかき];むすこ は がっこう で よみかき を べんきょう して います;Mon fils étudie la lecture et l'écriture à l'école.
中学生[ちゅうがくせい];むすこ は ちゅうがくせい です;Mon fils est collégien.
天ぷら[てんぷら];わたし は えび の てんぷら が すき です;J'aime la tempura de crevettes.
下[もと];わたし は その きょうじゅ の もと で ろんぶん を かいた の;J'ai rédigé ma thèse sous la direction de ce professeur.
見上げる[みあげる];わたし は そら を みあげた の;J'ai levé les yeux vers le ciel.
二月[にがつ];二月三日にけっこんしました。;Je me suis marié le 3 février.
五月[ごがつ];五月四日にくにへかえりました。;Je suis rentré dans mon pays le 4 mai.
今ごろ[いまごろ];今[いま]ごろそんなこと 言[い]わないで。;Ne dites pas une telle chose maintenant.
今すぐ[いますぐ];今すぐ、会いに行きましょう。;Allons les rencontrer tout de suite.
一人で[ひとりで];今日[きょう]は 一人[ひとり]で 映画[えいが]を 見[み]ます。;Je vais voir un film seule aujourd'hui.
何日[なんにち];何日[なんにち] 休[やす]むつもりですか。;Combien de jours pensez-vous vous reposer ?
六月[ろくがつ];六月にとうきょうへいきました。;Je suis allé à Tokyo en juin.
時雨[しぐれ];冷[つめ]たい 時雨[しぐれ]に 遭[あ]った;J'ai rencontré une bruine fraiche.
四国[しこく];四国にはまだ行ったことがありません。;Je ne suis toujours pas allé à Shikoku.
外来語[がいらいご];外来[がいらい] 語[ご]は 一般[いっぱん]にカタカナで 書[か]かれます。;En général, les emprunts sont écrits en katakana.
行き来する[ゆききする];好[す]きなように 行き来[いきき]していいですよ。;Vous pouvez aller et venir à loisir.
長生き[ながいき];妻[つま]は 夫[おっと]より 長生[ながい]きするものだ。;Les épouses survivent habituellement à leurs maris.
高さ[たかさ];富士山[ふじさん]の 高[たか]さは３，７７６メートルです。;La hauteur du mont. Fuji est de 3,776m.
車いす[くるまいす];彼女[かのじょ]は 車椅子[くるまいす]に 乗[の]っています。;Elle utilise un fauteuil roulant.
半年[はんとし];日本[にっぽん]に 来[き]て 半年[はんとし]になります。;Cela fait une demie-annnée que je suis arrivé au Japon.
電子メール[でんしメール];明日[あした]メールで 音楽[おんがく]を 送[おく]ります。;Je vais vous envoyer la musique par email demain.
スペイン語[スペインご];明日はスペイン語の小テストだぜ！;Il y a un quiz d'espagnol demain !
母[はは];昨日[きのう]、 母[ハハ]と 話[はなし]をしました。;J'ai parlé à ma mère hier.
食パン[しょくパン];朝食[ちょうしょく]に 食[しょく]パンを２ 枚[まい] 食[た]べました。;J'ai mangé deux tranches de pain pour le petit déjeuner.
見分ける[みわける];本ものかにせものか見分けられない。;Je ne peux pas dire si c'est vrai ou faux.
白人[はくじん];白人だんせいとけっこんしました。;J'ai épousé un homme blanc.
生[せい];自分[じぶん]の 失敗[しっぱい]を 他人[たにん]のせいにするな。;
あっという間[あっというま];雨[あめ]はあっという 間[ま]に、 激[はげ]しくなった。;La pluie s'est aggravée en un clin d'œil.
電子レンジ[でんしレンジ];電子[でんし]レンジの「チン」という 音[おと]が 聞[き]こえた。;J'ai entendu le micro-ondes sonner.
物知り[ものしり];あの ろうじん は とても ものしり だ ね;Cette personne âgée est très bien informée.
空く[あく];うしろ の せき が あいて います;La banquette arrière est vide.
発つ[たつ];かれ は あした めきしこ へ たちます;Il partira pour le Mexique demain.
開ける[ひらける];きり が はれて しかい が ひらけた ね;Le brouillard s'est dissipé et la visibilité a augmenté.
図り[はかり];けーき を つくる とき は はかり を つかいます 。;J'utilise une balance de cuisine quand je fais un gâteau.
開き[あき];この ぶらうす は うしろあき です;Cette blouse s'ouvre par le dos.
借用[しゃくよう];これで、借用金が百万円に達してしまった。;Ma dette atteint maintenant un million de yens.
海魚[かいぎょ];さけは海魚ですか？それとも川魚ですか？;Le saumon est-il un poisson d'eau salée ? Ou est-ce un poisson d'eau douce?
借り手[かりて];そうは言っても、借り手が見つからない可能性もありますよね？;Indépendamment de ce que vous dites, il y a toujours une possibilité que nous ne puissions pas trouver de locataire, n'est-ce pas ?
病[びょう];メニエール病をわずらっているので、よくめまいが起きるんです。;Je souffre de la maladie de Ménière, donc j'ai souvent des vertiges.
たばこ屋[たばこや];わたし は たばこや で らいたー を かった;J'ai acheté un briquet au magasin de cigarettes.
心持ち[こころもち];何事も心持ち次だいだと思うんだよね。;Je pense que tout dépend de ce que tu ressens.
道[どう];先生が、じゅう道のルールややり方を教えます。;Le professeur va enseigner les règles et les méthodes du Judo.
自動ドア[じどうドア];出入り口[でいりぐち]に、 大[おお]きな 自動[じどう]ドアがある。;Il y a une grande porte automatique à l'entrée.
有意[ゆうい];卒論のための研究で、統計学的に有意な値を導けなかったんです。;La recherche pour ma thèse de fin d'études n'était pas statistiquement significative.
立ち飲み[たちのみ];夏には、テラスせきで立ち飲みもできます。;En été, vous pouvez vous tenir debout et boire sur la terrasse.
ウーロン茶[ウーロンちゃ];烏龍茶を氷抜きでください。;Thé Oolong sans glace, s'il vous plaît.
待ちぼうけ[まちぼうけ];返事を待っていましたが、待ちぼうけを食らいました。;J'ai attendu en vain une réponse.
意見[いけん];あなたの 意見[いけん]が 聞[き]きたいです。;Je veux entendre votre opinion.
お兄さん[おにいさん];あなたのお 兄[にい]さんは 何[なん] 歳[さい]？;Quel âge a ton grand frère ?
感じ[かんじ];あの こ は かんじ の いい こ です;Cet enfant est très sympathique.
確実[かくじつ];かのじょ が しょうらい だいとうりょう に なる こと は かくじつ です;Il est certain qu'elle deviendra la présidente à l'avenir.
銀[ぎん];かれ は ぎんめだる を とった;Il a obtenu la médaille d'argent.
友人[ゆうじん];かれ は こうこう じだい から の ゆうじん です;C'est mon vieil ami du lycée.
生[なま];かれ は なま の さかな が たべられません;Il ne peut pas manger de poisson cru.
熱[ねつ];きのう の よる ねつ が でました;J'ai eu de la fièvre hier soir.
頭痛[ずつう];きょう は ずつう が します;J'ai mal à la tête aujourd'hui.
空気[くうき];ここは 空気[くうき]がきれいです。;L'air est sain ici.
美しい[うつくしい];この 絵[え]は 美[うつく]しいです。;Cette image est belle.
全員[ぜんいん];ちーむ ぜんいん に なふだ が くばられました;Les porte-noms ont été distribués à toute l'équipe.
飯[めし];とにかくメシ・・・といきたいところだが、その 前[まえ]に 用を足[ようをた]すことにした。;Quoi qu'il en soit, aller déjeuner・.. C'est ce je voulais faire mais j'ai décidé d'aller aux toilettes avant.
料金[りょうきん];まだ りょうきん は はらって いない けど;Mais je n'ai pas encore payé la facture.
黄色[きいろ];信号[しんごう]は 黄色[きいろ]でした。;Le feu de signalisation était orange. (jaune au Japon)
兄[あに];兄[あに]はよく 泳[およ]ぐのが 好[す]きです。;Mon grand-frère aime nager souvent.
妹[いもうと];妹[いもうと]は 他[ほか]の 女[おんな]の 子[こ]とボールをしています。;Ma petite soeur joue au ballon avec les autres filles.
教える[おしえる];彼[かれ]は 数学[すうがく]を 教[おし]えています。;Il enseigne les mathématiques.
運動[うんどう];彼女たちは選挙権を勝ち取るための運動を指揮した。;Ils ont mené le mouvement pour obtenir le droit de vote.
機[き];掃除機が壊れた。;L'aspirateur est tombé en panne.
お姉さん[おねえさん];昨日[きのう]、あなたのお 姉[ねえ]さんに 会[あ]ったよ。;J'ai rencontré votre sœur aînée hier.
現実[げんじつ];現実[げんじつ]は 予想[よそう]より 厳[きび]しかった。;La réalité était plus dure que je ne m'y attendais.
勉強[べんきょう];英語で勉強するのが上手ですね。;Tu es doué pour les études en anglais.
血[ち];血[ち]が 出[で]ていますよ。;Il y a du sang qui sort ! 
近所[きんじょ];近所[きんじょ]にカナダ 人[じん]が 住[す]んでいる。;Un Canadien vit dans mon quartier.
所で[ところで];「ところでよ、そのおめーのおとうさんはどこにいんのさ？」「 横転[おうてん]したトラックの 下[した]なんよ。」;"D'ailleurs, où est ton vieux ? ""Sous ce camion renversée."""
犯人[はんにん];あいつが 犯人[はんにん]です。;Ce type est le criminel.
お幾つ[おいくつ];あなたの お父[おとう]さんはおいくつですか。;Quel âge a ton père ?
年寄り[としより];あの むら に は おとしより が たくさん すんで います;Beaucoup de personnes âgées vivent dans ce village.
方向[ほうこう];あの 人[ひと]たちは 皆[みな]、 同[おな]じ 方向[ほうこう]を 見[み]ている。;Toutes ces personnes regardent dans la même direction.
彼[あれ];あれは 何[なん]ですか。;Qu'est-ce que c'est que ça ?
迎え[むかえ];えき まで むかえ に きて ください;S'il vous plaît, venez me chercher à la gare.
知[ち];エボラは人々に知られている中で最も致命的なウイルスの一つだ。;Ebola est l'un des virus les plus mortels connus de l'humanité.
先[さき];お 先[さき]に どうぞ;Je vous en prie, passez avant.
頂く[いただく];お 客様[きゃくさま]にお 菓子[かし]を 頂[いただ]いた。|おきゃくさま に おかし を いただいた;Nous avons reçu des bonbons de la part de notre client. (humble)
転ぶ[ころぶ];お 祖母[ばあ]ちゃんがお 風呂場[ふろば]で 転[ころ]んだ。;Ma grand-mère est tombée dans la salle de bains.
王[おう];おう の はか を けんがく した よ;J'ai visité la tombe royale.
お互い[おたがい];おたがい を しんらい する こと が だいじ です;Il est important de se faire confiance.
何方[どちら];お手洗いはどちらですか。;Où se trouvent les toilettes ? (poli)
手伝い[てつだい];かいぎ の じゅんび に てつだい が ひつよう です;Nous avons besoin d'aide pour les préparatifs de la réunion.
誤り[あやまり];かいとう に あやまり が みっつ あります よ;Il y a trois erreurs dans la réponse.
欠席[けっせき];かぜ の ため きょう は けっせき します;Je serai absent aujourd'hui à cause d'un rhume.
役[やく];かのじょ は べんごし の やく を えんじて いる ん だ;Elle joue le rôle d'une avocate.
進学[しんがく];かのじょ は らいねん だいがく に しんがく する;Elle entrera à l'université l'année prochaine.
局[きょく];かのじょ は らじおきょく で はたらいて います;Elle travaille pour une radio.
連れ[つれ];かのじょ は わたし の つれ です;Elle est avec moi.
組[くみ];かれ は いちねん にくみ の せいと です;C'est un élève en première année, deuxième classe.
運[うん];かれ は うん の いい おとこ です;C'est un homme chanceux.
居眠り[いねむり];かれ は そふぁー で いねむり を して いる よ;Il somnole sur le canapé.
表情[ひょうじょう];かれ は とても ひょうじょう が ゆたか です ね;Il est très expressif.
選手[せんしゅ];かれ は ぷろ の さっかー せんしゅ だ;C'est un footballeur professionnel.
大使[たいし];かれ は むかし どいつ の たいし でした;Il a été ambassadeur en Allemagne il y a longtemps.
式[しき];かれら は きょうかい で しき を あげました;Ils ont eu une cérémonie de mariage à l'église.
観客[かんきゃく];かんきゃく は こうふん して いた よ;Les spectateurs s'excitaient.
達する[たっする];きおん は さんじゅうごど に たっした;La température a atteint 35 degrés.
決まり[きまり];きまり を まもる こと は たいせつ です;Il est important de respecter les règles.
組合[くみあい];きょう は くみあい の あつまり が ある わ;Il y a une réunion syndicale aujourd'hui.
付き合い[つきあい];きょう は つきあい で かえり が おそく なります;Je rentre tard aujourd'hui pour pouvoir socialiser avec mes collègues.
位[くらい];くらい が あがれ ば せきにん も ふえる もの だ;Au fur et à mesure que vous montez dans les rangs, la responsabilité augmente également.
警告[けいこく];くるま に ちゅうしゃ いはん の けいこく を はられました;Un ticket de parking était collé sur la voiture.
不味い[まずい];ここの 料理[りょうり]はまずい。;La nourriture d'ici est mauvaise.
景色[けしき];ここは 景色[けしき]がきれいですね。;Le paysage ici est magnifique, n'est-ce pas ?
差し上げる[さしあげる];こちらを 差[さ]し 上[あ]げます。;Je vais vous donner ceci. (humble)
画家[がか];この え は すぺいん の がか が かきました;Un peintre espagnol a dessiné cette image.
機能[きのう];この そふと に は いろいろな きのう が あります;Ce logiciel a beaucoup de fonctionnalités diverses.
道路[どうろ];この どうろ は さんねんまえ に できました;Cette route a été achevée il y a trois ans.
日光[にっこう];この へや は にっこう が よく あたる ね;Cette pièce reçoit beaucoup de soleil.
通行[つうこう];この みち は つうこう できません;C'est une route impraticable.
内容[ないよう];この 本[ほん]の 内容[ないよう]を 説明[せつめい]してください。;Veuillez expliquer le contenu de ce livre.
全然[ぜんぜん];この 本[ほん]は 全然[ぜんぜん] 面白[おもしろ]くなかった。;Ce livre n'était pas intéressant du tout.
君[きみ];この 本[ほん]を 君[きみ]にあげます。;Je te donne ce livre. (Familier Hommes)
増える[ふえる];この 町[まち]は 人口[じんこう]が 増[ふ]えた。;La population de cette ville a augmenté.
言葉[ことば];この 言葉[ことば]の 意味[いみ]が 分[わ]かりません。;Je ne comprends pas le sens de ce mot.
余り[あまり];このビールはあまり 美味[おい]しくありません。;Cette bière n'est pas très bonne.
茶碗[ちゃわん];この大きい茶碗は誰のですか。;A qui est ce grand bol ?
易しい[やさしい];この踊りは易しいですよ。;Cette danse est facile !
作物[さくもつ];こめ は あじあ で は たいせつ な さくもつ だ;Le riz est une culture importante en Asie.
図書[としょ];これ は じどうとしょ です;Ceci est un livre pour enfants.
恐怖[きょうふ];こんな恐怖は経験したことがない。;Je n'ai jamais éprouvé une telle peur.
然うして[そうして];ご飯を食べた。そうして、寝た。;J'ai mangé. Puis je me suis couché.
代える[かえる];しゃちょう に かえて ぶちょう を しゅっせき させます;Je ferai venir le directeur du département à la place du président.
乗客[じょうきゃく];じょうきゃく の いち にん の ぐあい が わるく なった の 。;L'état d'un passager s'est aggravé.
程[ほど];じょうだん に も ほど が ある;Il y a des limites aux blagues.
能[のう];せんじつ はじめて のう を み に いきました;L'autre jour, je suis allé voir Noh pour la première fois.
成る[なる];ぜんぶを 覚[おぼ]えるのが 難[むずか]しくなります。;Il devient difficile de se souvenir de tout.
記念[きねん];そつぎょう の きねん に みんな で りょこう した よ;Nous sommes tous partis en voyage pour fêter notre diplôme.
王様[おうさま];その くに の おうさま は とても かしこい;Le roi de ce pays est très sage.
その内[そのうち];そのうち 一緒[いっしょ]に 仕事[しごと]ができるといいなと 思[おも]っています。;J'espère que nous pourrons bientôt travailler ensemble.
意味[いみ];それはどういう 意味[いみ]ですか。;Qu'est-ce que ça veut dire ?
機関[きかん];たいふう で こうつう きかん が すとっぷ して いる;Le transport s'est arrêté à cause du typhon.
機能[きのう];タイマー機能は使わない。;Je n'utilise pas la fonction de minuterie.
互い[たがい];たがい の はなし を よく ききなさい;Écoutez attentivement les uns les autres.
紙[かみ];たくさん 紙[かみ]を 買[か]いました．;J'ai acheté beaucoup de papier.
表面[ひょうめん];つき の ひょうめん に は くれーたー が たくさん ある ね;Il y a beaucoup de cratères à la surface de la lune.
定期[ていき];ていきえんそうかい は ねん に 4 かい あります;Il y a des concerts réguliers quatre fois par an.
首都[しゅと];とうきょう は にっぽん の しゅと です;Tokyo est la capitale du Japon.
行き[ゆき];とうきょうゆき の れっしゃ に のった;Je suis monté dans le train à destination de Tokyo.
何方[どっち];どっち の いろ が すき です か 。;Quelle couleur aimes-tu? (fam.)
成るべく[なるべく];なるべく はやく しごと を おわらせて ください;Veuillez terminer votre travail le plus tôt possible.
なる程[なるほど];なるほ、どわかりました！;Je vois, j'ai compris !
腹[はら];はら が へって うごけない;Mon ventre s’est vidé et je ne peux plus bouger.
通す[とおす];はり に いと を とおして ください;Veuillez enfiler l'aiguille.
感覚[かんかく];ひえて ゆび の かんかく が ない;J'ai si froid que je ne sens plus mes doigts.
非常[ひじょう];ひじょう じたい です;Nous sommes en état d'urgence !
夫れ夫れ[それぞれ];ひと は それぞれ かんがえかた が ちがいます;Les gens ont tous des idées différentes.
喜び[よろこび];ひとびと は よろこび に わいた;Les gens bourdonnaient de bonheur.
仕方[しかた];ファイル の ダウンロード の しかた が わかりません;Je ne comprends pas la manière de télécharger ce fichier.
生産[せいさん];ボルドーはワインの 生産[せいさん]で 有名[ゆうめい]だ。;Bordeaux est célèbre pour la production de vin.
役割[やくわり];みんな で やくわり を ぶんたん しましょう;Donnons à chacun un rôle.
経由[けいゆ];めーる を けいゆ して ひろがる うぃるす も あります;Il existe même des virus qui se propagent par e-mail.
確認[かくにん];もう 一度[いちど]、 予約[よやく]を 確認[かくにん]した。;J'ai confirmé ma réservation une fois de plus.
若しも[もしも];もしもがんの宣告を受けたらどうしますか 。;Que feriez-vous si l'on déclarait qu'il s'agit d'un cancer ?
知識[ちしき];もっと色々な知識を増やしたい。;Je souhaite approfondir mes connaissances sur diverses choses.
解ける[とける];やっと むずかしい もんだい が とけました;Nous avons finalement résolu un problème difficile.
世の中[よのなか];よのなか に は いろいろ な ひと が います;Il y a beaucoup de personnes différentes dans le monde.
予報[よほう];よほう で は あした は あめ です ね;Il pleuvra demain selon les prévisions.
訪問[ほうもん];らいしゅう つま の じっか を ほうもん します;La semaine prochaine, nous visiterons la maison familiale de ma femme.
他[た];りゅうがくせい は あじあじん が おおく そのた は さんわり です;La majorité des étudiants étrangers sont asiatiques, dont 30 % viennent d'autres régions.
招く[まねく];りょうしん を しょくじ に まねいた;J'ai invité mes parents à un repas.
抜く[ぬく];わいん の こるく を ぬきました;J'ai débouché le vin.
読書[どくしょ];わたし の しゅみ は どくしょ です;Mon passe-temps est la lecture.
皆[みな];わたし の しょうしん を みな が よろこんで くれた の;Tout le monde était content de ma promotion.
説[せつ];わたし は かれ の せつ が ただしい と おもう;Je pense que sa théorie est correcte.
苦痛[くつう];わたし は ひとまえ で はなす こと が くつう です;C'est douloureux pour moi de parler devant d'autres personnes.
権利[けんり];わたしたち に は しる けんり が あります;Nous avons le droit de savoir.
登る[のぼる];わたしたち は さくねん ふじさん に のぼりました;Nous avons escaladé le mont Fuji l'année dernière.
一緒[いっしょ];一[いっ]緒[しょ] に しょくじ しよう か;Voulez-vous qu'on mange ensemble ?
計画[けいかく];今年家族と旅行を計画しています。;Je prévois un voyage avec ma famille cette année.
吹く[ふく];今日[きょう]は 北風[きたかぜ]が 吹[ふ]いている。;Le vent du nord souffle aujourd'hui.
これ等[これら];今日[きょう]はこれらの 問題[もんだい]について 話[はな]し 合[あ]います。;Nous discuterons de ces questions aujourd'hui.
眠い[ねむい];今日[きょう]はとても 眠[ねむ]いです。;Je suis très somnolent aujourd'hui.
今晩[こんばん];今晩[こんばん]のパーティーは 何[なん] 時[じ]からですか。;La fête de ce soir est à partir de quelle heure ?
宿[やど];今晩泊まる宿を見つけましょう;Trouvons un endroit où passer la nuit ce soir.
頭[あたま];今朝[けさ]から 頭[あたま]が 痛[いた]い。;Ma tête est douloureuse depuis ce matin.
大分[だいぶ];今朝[けさ]は 大分[だいぶ] 冷[ひ]えますね。;Ça s'est considérablement rafraîchit ce matin, n'est-ce pas ?
他[ほか];他の人はどこですか？;Où sont les autres ?
探す[さがす];代役を探すのはおおごとだよ。;Trouver un remplaçant est une tâche importante.
作業[さぎょう];作業[さぎょう]するにはもっと 広[ひろ]いスペースが 必要[ひつよう]だ。;J'ai besoin d'un plus grand espace pour travailler.
変える[かえる];傘[かさ]が 壊[こわ]れたので 変[か]えました。;Puisque mon parapluie est cassé, j'en ai changé.
欲しい[ほしい];僕[ぼく]は 新[あたら]しい 靴[くつ]が 欲[ほ]しいです。;Je veux de nouvelles chaussures.
完成[かんせい];全体の80パーセントが完成しました。;80% du projet est réalisé.
八百屋[やおや];八百屋[やおや] で みかん を かいました;J'ai acheté une mandarine chez le primeur
遅い[おそい];前[まえ]の 車[くるま]はとても 遅[おそ]い。;La voiture devant moi est très lente.
手紙[てがみ];友達[ともだち]から 手紙[てがみ]をもらいました。;J'ai reçu une lettre de mon ami.
居る[いる];可愛い女の子がいる。;Il y a une fille mignonne. 
倒れる[たおれる];地震[じしん]でビルが 倒[たお]れた。;Le bâtiment s'est effondré lors du tremblement de terre.
実現[じつげん];夢[ゆめ]を 実現[じつげん]するには 努力[どりょく]が 必要[ひつよう]です。;Pour réaliser ses rêves, des efforts sont nécessaires.
大変[たいへん];大変[たいへん]なことが 起[お]きました。;Une chose terrible s'est produite.
覚える[おぼえる];妹[いもうと]は 平仮名[ひらがな]を 全部[ぜんぶ] 覚[おぼ]えました。;Ma petite sœur a mémorisé tous les hiragana.
葉書[はがき];家族[かぞく]に 葉書[はがき]を 書[か]いています。;J'écris une carte postale à ma famille.
頂きます[いただきます];差し出がましいようですが、私から意見を述べさせて頂きます。;Je m'excuse si cela paraît présomptueux, mais je souhaiterais donner mon avis.
市[いち];市場で買い物する;faire les courses au marché
打つ[ぶつ];当地で私の心を打つ物と言えば、みんなが親切なことです。;Ce qui me touche ici, c'est la gentillesse de tous.
渡す[わたす];彼[かれ]に 手紙[てがみ]を 渡[わた]しました。;Je lui ai remis la lettre.
教師[きょうし];彼[かれ]は 高校[こうこう] 教師[きょうし]だ。;C'est un professeur de lycée.
置く[おく];彼[かれ]はかばんをいすの 上[うえ]に 置[お]きました。;Il a mis le sac sur la chaise.
分野[ぶんや];彼[かれ]はこの 分野[ぶんや]では 草分[くさわ]けだ。;Il est un pionnier dans ce domaine.
訪ねる[たずねる];彼[かれ]はニューヨークの 友達[ともだち]を 訪[たず]ねた。;Il a rendu visite à son ami à New York.
若い[わかい];彼[かれ]はまだ 若[わか]いです。;Il est toujours jeune.
外す[はずす];彼[かれ]はメガネを 外[はず]しました。;Il a enlevé ses lunettes.
彼[かれ];彼[かれ]は指が太い。;Ses doigts sont gros.
犯行[はんこう];彼[かれ]らは 王様[おうさま]の 作[つく]った 法律[ほうりつ]に 反抗[はんこう]した。;Ils défiaient les lois du roi.
認める[みとめる];彼[かれ]らはお 金[かね]を 盗[ぬす]んだことを認[みと]めました。;Ils ont admis avoir volé l'argent.
相談[そうだん];彼には相談する人がいない。;Pour lui, il n’y a pas de personne à qui demander conseil.
側[そば];彼らは川の向こう側に住んでいる。;Ils habitent de l'autre côté de la rivière.
育てる[そだてる];彼女[かのじょ]は 三[さん] 人[にん]の 子[こ]を 育[そだ]てました。;Elle a élevé trois enfants.
多分[たぶん];彼女[かのじょ]は 多分[たぶん] 家[いえ]で 寝[ね]ています。;Elle dort peut être à la maison.
暮らし[くらし];彼女[かのじょ]は 毎日[まいにち]の 暮[く]らしを 楽[たの]しんでいますね。;Elle profite de sa vie quotidienne.
辞書[じしょ];彼女[かのじょ]は 辞書[じしょ]をよく 使[つか]います。;Elle utilise souvent un dictionnaire.
何時も[いつも];彼女[かのじょ]はいつも 元気[げんき]だ。;Elle est toujours pleine d'énergie.
然も[しかも];彼女[かのじょ]はインテリで、しかも美人[びじん]ですね。;Elle est intelligente, de plus elle est belle.
それ程[それほど];彼女にとって仕事を見つけるのはそれ 程[ほど]難しくないです。;La concernant, trouver un travail ne devrait pas être difficile à ce point.
否定[ひてい];彼女はお金を盗んだことを否定しています。;Elle nie avoir volé l'argent.
散歩[さんぽ];彼女は今朝お父さんと散歩した。;Elle s'est promenée avec son père ce matin.
務める[つとめる];彼女は大きな会社に務めていたけど、やめた。;Elle travaillait dans une grande entreprise, mais elle a démissionné.
新た[あらた];新たな計画が進んでいます。;De nouveaux projets sont en cours.
産業[さんぎょう];日本[にほん]の 自動車[じどうしゃ]産業[さんぎょう]は 世界[せかいてき]に 有名[ゆうめい]だ。;L'industrie automobile japonaise est célèbre dans le monde entier.
西洋[せいよう];日本[にほん]は 西洋[せいよう]の 習慣[しゅうかん]や 文化[ぶんか]を 取[と]り入れた。;Le Japon a adopté les coutumes et la culture occidentales.
洗う[あらう];早[はや]く 顔[かお]を 洗[あら]いなさい。;Dépêche-toi de te laver le visage.
積もり[つもり];明日からタバコをやめる 積[つ]もりです。;J'ai l'intention d'arrêter de fumer à partir de demain.
昔[むかし];昔[むかし]のことを 思[おも]い 出[だ]したの。;Je me souvenais des choses du passé.
晴れる[はれる];晴れるのを待ちます;attendre que le temps se dégage
迎える[むかえる];来年は、富士山で新年を迎えたい。;L'année prochaine, je souhaite accueillir la nouvelle année au mont Fuji.
暗い[くらい];東[ひがし]の 空[そら]が 暗[くら]いです。;Le ciel à l'est est sombre.
横[よこ];横[よこ]の 長[なが]さは１メートルです。;La longueur d'un côté est d'un mètre.
欠点[けってん];欠点[けってん]のない 人間[にんげん]はいません。;Tout le monde a des failles.
然し[しかし];然[しか]し、そこには 誰[だれ]もいなかった。;Cependant, il n'y avait personne là-bas.
煙[けむり];煙突[えんとつ]から 煙[けむり]がまっすぐ 上[あが]っていたの。;La fumée montait tout droit de la cheminée.
折る[おる];祖父[そふ]は 足[あし]の 骨[ほね]を 折[お]りました。;Mon grand-père s'est cassé un os du pied.
存在[そんざい];神[かみ]は 存在[そんざい]すると 思[おも]いますか。;Croyez-vous que Dieu existe?
上る[のぼる];私[わたし]たちは 昨年[さくねん]、 富士山[ふじさん]に 登[のぼ]りました。;Nous avons grimpé le mont Fuji l'année dernière.
必要[ひつよう];私[わたし]にはたくさんのお 金[かね]が 必要[ひつよう]だ。;J'ai besoin de beaucoup d'argent.
部屋[へや];私[わたし]の 部屋[へや]は２ 階[かい]にあります。;Ma chambre est au deuxième étage.
貸す[かす];私[わたし]は 彼[かれ]に 本[ほん]を 貸[か]しています。;Je lui prête un livre.
賛成[さんせい];私[わたし]は 彼[かれ]の 意見[いけん]に 賛成[さんせい]だ。;Je suis d'accord avec son opinion.
日記[にっき];私[わたし]は 毎日[まいにち]、 日記[にっき]をつけています。;Je tiens un journal intime tous les jours.
折[おり];私たちは時折釣りに行く。;Nous allons pêcher de temps en temps.
不満[ふまん];私は彼のやり方には不満です。;Je ne suis pas satisfait de ses méthodes.
幸運[こううん];私達[わたし]は 幸運[こううん]に 小躍[こおど]りして 喜[よろこ]んだ。;Nous nous rejouissions de notre bonne fortune.
窓[まど];窓[まど]を 開[あ]けてください。;S'il-vous-plaît, ouvrez la fenêtre.
選ぶ[えらぶ];良[よ]い 家[いえ]を 選[えら]ぶのは 難[むずか]しい。;Il est difficile de choisir une bonne maison.
親[おや];親[おや]の 愛[あい]はありがたい。;Nous sommes reconnaissants de l'amour de nos parents.
盗む[ぬすむ];誰[だれ]かが 私[わたし]のカバンを 盗[ぬす]みました。;Quelqu'un a volé mon sac.
道具[どうぐ];道具[どうぐ]は 全部[ぜんぶ] 準備[じゅんび]していますか。;Tous les ustensils sont préparés ?
関連[かんれん];関連[かんれん]のセクションへ 連絡[れんらく]した。;J'ai contacté le groupe de relation.
約束[やくそく];香港[ほんこん]に 行[い]くことを 約束[やくそく]します。;Je te promets que nous irons à Hong Kong.
逃げる[にげる];鳥[とり]が 窓[まど]から 逃[に]げたよ。;L'oiseau s'est enfuis par la fenêtre.
でを責める[でをせめる];「自分でちゃんと確かめるべきだったよ。」「そんなに自分を責めないで。あなたのせいじゃないわよ。」;J'aurais dû vérifier moi-même. « Ne te blâme pas. Ce n'était pas ta faute.
得る[える];１０チームが 賞[しょう]を 得[え]ようと 争[あらそ]った。;Dix équipes ont concouru pour le prix.
戦争[せんそう];２００３ 年[ねん]にイラクで 戦争[せんそう]があった。;Il y avait une guerre en Irak en 2003.
明らか[あきらか];あきらか に かれ が わるい;C'est clairement sa faute.
越す[こす];あつさ は とうげ を こした ね;Le pire de la chaleur est passé.
事情[じじょう];あなた の 事情[じじょう] は よく わかりました;Je comprends bien votre situation.
都合[つごう];あなたは 都合[つごう]の 良[よ]いときに 行[い]きます。;Tu vas à ta convenance.
好み[このみ];あね と わたし は ふく の このみ が にて います;Ma sœur aînée et moi avons les mêmes goûts vestimentaires.
破産[はさん];あの会社は昨年破産しました;Cette entreprise a fait faillite l'année dernière.
落書き[らくがき];あの壁はいつも落書きだらけだ。;Ce mur est toujours couvert de graffitis.
年寄[としより];あの村にはお年寄りがたくさん住んでいます。;De nombreuses personnes âgées vivent dans ce village.
経つ[たつ];あれ から じゅうよねん が たちました;Quatorze ans se sont écoulés depuis.
方法[ほうほう];いい 方法[ほうほう]を 思[おも]いつきました。;Je pensais que nous avions une bonne méthode.
費用[ひよう];いたりあ りょこう の ひよう は 30 まんえん です;Le coût du voyage en Italie est de 300 000 yens.
失敗[しっぱい];いちど の 失[しっ]敗[ぱい] で あきらめては いけない よ;N'abandonne pas après un échec.
相当[そうとう];いちぽんど は 454 ぐらむ に そうとう します;Une livre équivaut à 454 grammes.
一体[いったい];いったい なにごと です か;Que diable se passe-t-il ?
迷子[まいご];うち の こ が まいご に なりました;Notre enfant s'est perdu.
夢中[むちゅう];うちの 子[こ]はその 本[ほん]に 夢中[むちゅう]です。;Notre enfant est absorbé par ce livre.
息子[むすこ];うちの 息子[むすこ]は 大学[だいがく]１ 年生[ねんせい]です。;Mon fils est un étudiant de première année.
開始[かいし];うんどうかい は くじ かいし です;La compétition d'athlétisme commence à neuf heures.
追い付く[おいつく];えき で ようやく かれ に おいつきました|ちょっと 走[はし]ったら、すぐに 追い付[おいつ]いた。;Je l'ai finalement rattrapé à la gare.|Après avoir couru un peu, je l'ai rattrapé tout de suite.
使用[しよう];エネルギーの使用を減らさねばならない。;La consommation d’énergie doit être réduite.
害[がい];お さけ の のみすぎ は けんこう に がい が あります 。;Trop boire nuit à votre santé.
お腹[おなか];お 腹[なか]が 空[す]きました。;J'ai faim.
ご馳走様[ごちそうさま];おいしかった！ごちそうさまでした！;C'était délicieux! Merci pour le repas !
ご馳走様でした[ごちそうさまでした];おいしかった！ごちそうさまでした！;C'était délicieux! Merci pour le repas !
増す[ます];おおあめ で かわ の みずかさ が まして いる な;La rivière grossit à cause de l'averse.
息[いき];おおきく いき を すって ください;S'il vous plaît, respirez profondément.
お祖父さん[おじいさん];おじいさんは静かにベンチに座っていました;Le vieil homme était tranquillement assis sur le banc.
支払[しはらい];お支払いはいかがなさいますか？;Comment souhaiteriez-vous payer ?
決定[けってい];かいぎ で じゅうよう な けってい が ありました;Une décision importante a été prise lors de la conférence.
面倒[めんどう];かいしゃ で めんどう な こと が おこった の;Il y a eu des problèmes au bureau.
必死[ひっし];がくせいたち は じゅぎょう に ついて いく の に ひっし です;Les élèves tentent désespérément de suivre la classe.
格好[かっこう];かっこう の いい せいねん に あった よ;J'ai rencontré un beau jeune homme.
好む[このむ];かなり おお 多くの アメリカじん アメリカ人が すし 寿司を この 好む。;Quite a few Americans like sushi.
連続[れんぞく];かのじょ の じんせい は くろう の れんぞく でした;Sa vie a été une série d'épreuves.
下[げ];かのじょ の せいせき は じょう の げ です;Ses notes sont classées au bas du groupe supérieur.
様子[ようす];かのじょ の ようす を みて きます;Je vais voir comment elle va.
苦しむ[くるしむ];かのじょ は あれるぎー に くるしんで います;Elle souffre d'une allergie.
精神[せいしん];かのじょ は いま せいしん が ふあんてい だ;Maintenant, elle est mentalement instable.
活用[かつよう];かのじょ は いんたーねっと を かつよう して いる の;Elle utilise Internet.
利く[きく];かのじょ は き が きいて いる;Elle est très réfléchie.
幸福[こうふく];かのじょ は こうふく な ひび を すごして いる わ;Elle mène une vie heureuse.
制限[せいげん];かのじょ は しょくじ を せいげん して います;Elle restreint son alimentation.
様[よう];かのじょ は ねむい よう です;On dirait qu'elle a sommeil.
残す[のこす];かのじょ は めっせーじ を のこしました;Elle a laissé un message.
信用[しんよう];かれ の いう こと は しんよう できない;Je ne peux pas me fier à ce qu'il dit.
供給[きょうきゅう];かれ の かいしゃ は でんりょく を きょうきゅう して います;Son entreprise fournit de l'électricité.
罪[つみ];かれ の つみ は おもい な;Son crime est grave.
家庭[かてい];かれ は  家庭[かてい] を たいせつ に して いる;Il accorde de l'importance à son foyer familial.
抱える[かかえる];かれ は おおき な にもつ を かかえて いる わ;Il porte de gros bagages.
辞める[やめる];かれ は かいしゃ を やめます;Il quitte l'entreprise.
化学[かがく];かれ は かがく の きょうじゅ です;C'est un professeur de chimie.
違反[いはん];かれ は こうそく に いはん しました;Il a enfreint le règlement de l'école.
戦う[たたかう];かれ は さいご まで たたかった よ;Il s'est battu jusqu'au bout.
実際[じっさい];かれ は じっさい に は あまり せ が たかく ない;En fait, il n'est pas très grand.
責任[せきにん];かれ は しっぱい の せきにん を とって かいしゃ を やめた;Il a assumé la responsabilité de l'erreur et a démissionné de l'entreprise.
恐れる[おそれる];かれ は じゅけん の しっぱい を おそれて います|目が見えなくなること以外は、何も恐れることはないよ。;Il s'inquiète d'échouer à l'examen. Je n'ai peur de rien sauf de devenir aveugle.
神経[しんけい];かれ は しんけい が こまかい です ね;Il est très sensible.
示す[しめす];かれ は しんせいひん に きょうみ を しめして いる;Il montre de l'intérêt pour le nouveau produit.
容易[ようい];かれ は その もんだい を ようい に かいけつ した わ;Il a facilement résolu le problème.
活動[かつどう];かれ は ちいき の かつどう に さんか した;Il a participé aux activités locales.
吸収[きゅうしゅう];かれ は ちしき の きゅうしゅう が はやい です ね;Il absorbe rapidement les connaissances.
演説[えんぜつ];かれ は ちほう で えんぜつ した の よ;Il a prononcé un discours en province.
不自由[ふじゆう];かれ は ふじゆう な くらし に なれた よう だ ね;Il semble qu'il se soit habitué à son mode de vie restreint.
交際[こうさい];かれ は もでる と こうさい して いた ん だ;Il sortait avec un mannequin.
破る[やぶる];かれ は やくそく を やぶった;Il a rompu sa promesse.
現す[あらわす];かれ は ようやく すがた を あらわしました ね;Il s'est enfin présenté.
労働[ろうどう];かれら は 1 にち 7 じかん ろうどう して いる;Ils travaillent sept heures par jour.
報告[ほうこく];きのう の かいぎ に ついて ほうこく が あります;Il y a un rapport sur la réunion d'hier.
科目[かもく];きょう は さんかもく の てすと を うけた よ;J'ai passé des examens pour trois matières aujourd'hui.
観光[かんこう];きょうと で みっかかん かんこう しました;Je suis allé faire du tourisme pendant trois jours à Kyoto.
常[つね];ギルモアさんは非常に有名だから、紹介する必要がありません。;Monsieur Gilmore est très célèbre, il n'est donc pas nécessaire de le présenter.
景気[けいき];けいき が かいふく して きた ね;Les affaires reprennent.
残念[ざんねん];ご 一緒[いっしょ]できなくて 残念[ざんねん]です。;C'est regrettable qu'on ne puisse pas être ensemble.
放す[はなす];こうえん で いぬ を はなした の;Je laisse mon chien courir librement dans le parc.
其れ共[それとも];コーヒー、それとも紅茶がいいですか。;Que voulez-vous, du café ou bien du thé ?
話題[わだい];ここが 話題[わだい]のレストランです。;C'est le restaurant dont tout le monde parle.
此方[こっち];こっちに 来[き]てください。;Viens ici, s'il-te-plaît.
不足[ふそく];ことし は ひどい みずぶそく よ;Il y a une grave sécheresse cette année.
構う[かまう];こども に かまいすぎて は いけない;Il ne faut pas trop s'embêter avec ses enfants.
求める[もとめる];こども は おや の あい を もとめます;Les enfants ont besoin de l'amour de leurs parents.
限る[かぎる];この さーびす は しゅうまつ に かぎります;Ce service est limité aux week-ends.
任せる[まかせる];この しごと は きみ に まかせる;Je vous laisse ce travail.
対[つい];この ずぼん は うわぎ と つい に なって います;Ce pantalon et cette veste vont ensemble.
程度[ていど];この ていど の けが なら だいじょうぶ です;Avec une blessure de cette petite ampleur, elle ira bien.
問い[とい];この とい に こたえられます か;Pouvez-vous répondre à cette question?
表[ひょう];この ひょう を みて ください;Veuillez consulter ce tableau.
完全[かんぜん];この ふるい じいん は いま で も かんぜん な かたち を たもって いる ん だ;Cet ancien temple bouddhiste conserve toujours sa forme complète.
原因[げんいん];この 事故[じこ]の 原因[げんいん]は 何[なん]ですか。;Quelle est la cause de cet accident ?
非常に[ひじょうに];この 問題[もんだい]は 非常[ひじょう]に 複雑[ふくざつ]です。;Ce problème est extrêmement compliqué.
欠ける[かける];このコップ欠けてる。;Ce verre est ébréché.
決して[けっして];このことを 消[けっ]して 忘[わす]れないでください;S'il vous plaît, quoi qu'il advienne, n'oubliez pas cette chose.
値段[ねだん];このベルトの 値段[ねだん]は２５００ 円[えん]でした。;Le prix de cette ceinture était de 2.500 yens.
作曲[さっきょく];この曲は誰が作曲したのですか。;Qui a composé cette chanson ?
活気[かっき];この町は、とても活気があります。;Cette ville est très animée.
強力[きょうりょく];これ は きょうりょく な せっちゃくざい ね;C'est un adhésif puissant.
深刻[しんこく];これ は しんこく な もんだい で す;Ceci est un sérieux problème.
所謂[いわゆる];これがいわゆるスマートフォンです。;C'est ce que nous appelons un smartphone.
参る[まいる];さあ 参[まい]りましょう か;Bien, est-ce qu'on y va ? (Humble)
備える[そなえる];さいがい に そなえて たいりょう の みず を かいこんだ;J'ai acheté de grandes quantités d'eau pour me préparer aux catastrophes.
犯罪[はんざい];さいきん はんざい が へって います;La criminalité a diminué ces derniers temps.
割る[わる];さら を おとして わった;J'ai fait tomber l'assiette et je l'ai cassée.
残り[のこり];しごと の のこり は いえ で します;Je ferai le reste du travail à la maison.
構成[こうせい];しすてむ の こうせい を かえて みました;J'ai essayé de réorganiser le système.
増加[ぞうか];しま の じんこう は ねんねん ぞうか して います;La population de l'île augmente chaque année.
事務[じむ];じむ の けいけん が さんねん あります;J'ai trois ans d'expérience dans le travail de bureau.
親しい[したしい];しゅうまつ したしい ともだち を いえ に よんだ;J'ai invité un bon ami chez moi pendant le week-end.
支配[しはい];ズーロンさんは会社の支配人です。;M. Zulong est le directeur de l'entreprise.
老い[おい];すぐに忘れるようになって老いを感じる。;Je commence à oublier les choses si facilement, ça me fait me sentir vieille.
其方[そっち];そっちが 私[わたし]の 部屋[へや]です。;C'est ma chambre par là.
広告[こうこく];その こうこく を しんぶん で みました;J'ai vu cette annonce dans le journal.
倒す[たおす];その すきーやー は ぽーる を たおした;Le skieur a renversé le bâton.
客[きゃく];その みせ は わかい 客[きゃく] が おおい です;Ce magasin a beaucoup de jeunes clients.
事件[じけん];その 事件[じけん]の 犯人[はんにん]はまだ 捕[つか]まっていない。;Le responsable de l'incident n'a pas encore été arrêté.
危険[きけん];その 町[まち]は 今[いま]、 危険[きけん]だ。;Cette ville est dangereuse maintenant.
放送[ほうそう];その 番組[ばんぐみ]は 来週[らいしゅう] 放送[ほうそう]されます。;Le programme sera diffusé la semaine prochaine.
親戚[しんせき];そふ の いえ に しんせき が あつまった ん だ;Des parents se sont réunis chez mon grand-père.
現れ[あらわれ];それは 彼女[かのじょ]の 性格の表[せいかく]れだ。|それ は かのじょ の きたい の あらわれ です;C'est un indice de son caractère.
常識[じょうしき];そんな の じょうしき だ よ;C'est du bon sens.
要求[ようきゅう];そんな要求には答えられない。;Je ne peux pas répondre à une telle demande.
太陽[たいよう];たいよう が くも に かくれた;Le soleil se cachait derrière les nuages.
差す[さす];たくさんの 人[ひと]が 傘[かさ]を 差[さ]しています。;Il y a beaucoup de gens tenant des parapluies.
後者[こうしゃ];ただしい こたえ は こうしゃ です;La bonne réponse est la dernière.
直ちに[ただちに];ただちに かいしゃ に もどって ください;Veuillez retourner au bureau immédiatement.
居間[いま];ちち は いま で てれび を みて いる;Mon père regarde la télé dans le salon.
手術[しゅじゅつ];ちち は むね の しゅじゅつ を した;Mon père s'est fait opérer de la poitrine.
発達[はったつ];つうしん ぎじゅつ の はったつ は めざましい な;Les progrès de la technologie de la communication sont remarquables.
満ちる[みちる];つき が みちて きました ね;La lune croît.
便り[たより];つき に いちど はは から たより が きます;Je reçois une lettre de ma mère une fois par mois.
期間[きかん];テスト 期間[きかん]は１０ 日[か]から１５ 日[にち]までだ。;La période d'examen est du 10 au 15.
御座います[ございます];トイレは3 階[かい]でございます。;Les toilettes sont au 3ème étage. (humble)
何処か[どこか];どこかに 電話[でんわ]はありませんか。;Y a-t-il un téléphone quelque part ?
所が[ところが];ところが計画は上手くいかなかった。;Cependant, le plan ne s'est pas bien déroulé.
差[さ];としん と ちほう で は しゅうにゅう に おおき な さ が ある ね;Il existe une grande différence de revenus entre les zones rurales et urbaines.
下[しも];トムは高校時代の1つ下の後輩です。;Tom a un an de moins que moi au lycée.
見舞い[みまい];ともだち が みまい に きて くれた よ;Si je l'avais su pour votre maladie, je vous aurais rendu visite à l'hôpital.
解決[かいけつ];トラブルがやっと解決[かいけつ]した。;Le problème a finalement été résolu.
精々[せいぜい];どんなに 頑張[がんば]っても、せいぜい３ 位[い]くらいにしかなれないだろうな。;No matter how hard I try, I can probably get third place at best.
戦い[たたかい];ながい たたかい が おわった;La longue bataille a pris fin.
末[すえ];ながい はなしあい の すえ やっと どうい に いたった;Après de longues discussions, ils sont finalement parvenus à un accord.
論じる[ろんじる];なかま と ちきゅう の みらい に ついて ろんじた の;J'ai discuté de l'avenir de la terre avec mes amis.
疑う[うたがう];なぜ あなた は わたし を うたがう の です か;Pourquoi doutes-tu de moi ?
登山[とざん];なつやすみ に は かぞく で とざん を します;Je vais faire de l'alpinisme avec ma famille pendant les vacances d'été.
成程[なるほど];なるほど よく わかりました;Je vois, je comprends très bien.
消費[しょうひ];にっぽん は しょうひ たいこく と いわれて います;On dit que le Japon est un géant de la consommation.
実[み];にわ の き が あかい み を つけた;L'arbre du jardin portait des fruits rouges.
食物[しょくもつ];にんげん に とって みず は しょくもつ より たいせつ なの;Pour les êtres humains, l'eau est plus importante que la nourriture.
居る[おる];はは は いま うち に おりません;Ma mère n'est pas à la maison maintenant.
似る[にる];は母に似ています。;Je ressemble à ma mère.
思想[しそう];ひと に は しそう の じゆう が ある;Les gens ont la liberté de pensée.
除く[のぞく];ぶちょう を のぞく ぜんいん が どようび も はたらいた;Tout le monde sauf le directeur travaillait le samedi.
集中[しゅうちゅう];べんきょう に しゅうちゅう しなさい;Concentrez-vous sur vos études.
偶然[ぐうぜん];まち で ぐうぜん ゆうじん に あいました;J'ai rencontré un ami par hasard en ville.
髪[かみ];マリアさんの髪は長いです。;Les cheveux de Maria sont longs.
偶々[たまたま];みち で たまたま ともだち に あった;J'ai rencontré un ami dans la rue par hasard.
都[みやこ];ミラノはファッションの 都[みやこ]です。;Milan est la capitale de la mode.
済む[すむ];もう 晩[ばん]ご 飯[はん]の 準備[じゅんび]は 済[す]んだ。;La préparation du dîner est déjà complétée.
若し[もし];もし 雨[あめ]が 降[ふ]ったら、 行[い]きません。;Au cas où la pluie tombe, je n'irai pas.
努力[どりょく];もっと 努力[どりょく]しよう。;Mettez plus d'ardeur.
現状[げんじょう];もんだい を かいけつ できない の が げんじょう です;La situation actuelle est que nous ne pouvons pas résoudre le problème.
恐ろしい[おそろしい];ゆうべ おそろしい ゆめ を みた;J'ai fait un rêve terrible la nuit dernière.
積もる[つもる];ゆき が つもって います;La neige s'est installée.
制度[せいど];らいねん から あたらしい せいど が はじまります;Un nouveau système démarrera à partir de l'année prochaine.
生じる[しょうじる];りょうしゃ の あいだ に まさつ が しょうじて います;Il y a des frictions entre les deux.
冷静[れいせい];れいせい に はなしあいましょう;Parlons calmement.
全く[まったく];わたし に は まったく わかりません;Je ne comprends pas du tout.
殺す[ころす];わたし は いきもの を ころす の が きらい だ;Je déteste tuer des êtres vivants.
等しい[ひとしい];わたし は かぶ の ちしき が ない に ひとしい です;Je n'ai presque aucune connaissance des actions.
許す[ゆるす];わたし は かれ を ゆるしました;Je lui ai pardonné.
勤める[つとめる];わたし は ぎんこう に つとめて います;Je travaille pour une banque.
他人[たにん];わたし は たにん に じゅうしょ を おしえたく ない;Je ne veux pas donner mon adresse à d'autres personnes.
同様[どうよう];わたしたち は かれ を かぞく どうよう に おもって いる;Nous pensons à lui comme à une famille.
越える[こえる];わたしたち は たかい やま を こえました;Nous avons franchi une haute montagne.
一昨日[おととい];一昨日[おととい] 彼[かれ]から 電話[でんわ]がありました。;Avant-hier, il y a eu un appel téléphonique de lui.
連想[れんそう];人はデモと聞くと学生を連想したものです。;Quand les gens entendaient le mot « manifestation », ils pensaient autrefois aux étudiants.
首相[しゅしょう];今[いま]の首相[しゅしょう]はあまり 力[ちから]がない。;Le premier ministre actuel n'a pas beaucoup de pouvoir.
長期[ちょうき];今度の出張は長期の予定だ。;Ce voyage d'affaires est prévu depuis longtemps.
経験[けいけん];今日[きょう]の 試合[しあい]はいい 経験[けいけん]になりました。;Le match d'aujourd'hui a été une bonne expérience.
数[すう];今日は数人の学生が欠席した。;Plusieurs étudiants étaient absents aujourd'hui.
続ける[つづける];仕事[しごと]を 続[つづ]けてください。;Veuillez continuer le travail.
責める[せめる];他の人の過失を責めるな！;Ne blâmez pas les autres pour leurs erreurs !
調子[ちょうし];体[からだ]の 調子[ちょうし]がとても 良[い]いです。;Je suis en très bonne condition physique.
恐い[こわい];俺の母親は世界で一番恐い。;Ma mère est la plus effrayante du monde.
強調[きょうちょう];先生が大事なところを何度も強調した。;L’enseignant a souligné à plusieurs reprises les points importants.
共同[きょうどう];共同トイレが嫌で寮を出た。;J'ai quitté le dortoir parce que je n'aimais pas la salle de bain commune.
時期[じき];冬は一日が短く、最も寒い時期です。;Concernant l’hiver, les journées sont courtes, et c’est la période la plus froide.
到頭[とうとう];到頭[とうとう] 引[ひ]っ 越[こ]しの 日[ひ]がきました。;En fin de compte, le jour du démenagement est arrivé.
医師[いし];医師に入院を勧められたの。;Le médecin m'a conseillé d'être hospitalisé.
確か、~たと思う[たしか~たとおもう];君に本を貸さなかったかね。たしかに貸したと思うのだが。;Est-ce que je ne t’ai pas prêté un livre ? Il me semble bien que je l’ai prêté pourtant…
命[いのち];命[いのち]より 大切[たいせつ]なものは 無[な]いよ。;Il n'y a rien de plus important que la vie.
寄付[きふ];困ってる人に向けて寄付をしました。;J’ai fait un don destiné aux personnes en difficulté.
困難[こんなん];困難にあってもあきらめてはいけないよ。;N'abandonnez pas même lorsque c'est difficile.
御目出度ございます[おめでとうございます];国際女性の日おめでとうございます！;Bonne Journée internationale (du droit) des femmes !
地球[ちきゅう];地球[ちきゅう]は 丸[まる]い。;La terre est ronde.
掛かって来る[かかってくる];夕食の最中に電話がかかってきたの。;J'ai reçu un appel téléphonique au milieu du dîner.
経済[けいざい];大学[だいがく]で 経済[けいざい]を 勉強[べんきょう]しました。;J'ai étudié l'économie à l'université.
追う[おう];女の子が犬を追い掛けている。;La fille est en train de courir après le chien.
引退[いんたい];好[す]きなラグビー 選手[せんしゅ]が 引退[いんたい]してしまった。;L'un des joueurs de rugby que j'aimais a pris sa retraite.
頂上[ちょうじょう];富士山の頂上は夏でさえ寒い。;Le sommet du mont Fuji est froid même en été.
庭[にわ];庭[にわ]に 白[しろ]い 猫[ねこ]がいます。;Il y a un chat blanc dans le jardin.
支払い[しはらい];彼[かれ]は 借金[しゃっきん]の 支払[しはら]いを 要求[ようきゅう]した。;Il a exigé le paiement de la dette.
支店[してん];彼[かれ]は 支店[してん]に 転勤[てんきん]したよ。;Il a été transféré à l'une des succursales.
政治[せいじ];彼[かれ]は 政治[せいじ]に 興味[きょうみ]がなかった。;La politique ne l'intéressait pas.
実行[じっこう];彼[かれ]はその 計画[けいかく]を 実行[じっこう]した。;Il a exécuté le plan.
優しい[やさしい];彼[かれ]はとても 優[やさ]しい 人[ひと]です。;C'est une personne très gentille.
予期[よき];彼がくることを予期している。;Je m'attends à ce qu'il vienne.
疑問[ぎもん];彼の言葉が本当かは疑問です。;Je doute que ses paroles soient vraies.
偉大[いだい];彼は偉大な音楽家だ。;Il est un grand musicien.
日曜大工[にちようだいく];彼は日曜大工で家具を作りました。;Bricoleur le dimanche, il fabriquait des meubles.
意思[いし];彼は最後まで自分の意思を貫きました 。;Il est resté fidèle à sa volonté jusqu'au bout.
相続[そうぞく];彼は莫大な財産を相続するだろう。;Il héritera d'une immense fortune.
優れる[すぐれる];彼は非常に優れた選手です。;Il est un joueur extrêmement talentueux.
助ける[たすける];彼女[かのじょ]は 病気[びょうき]の 犬[いぬ]を 助[たす]けた。|かのじょ は びょうき の いぬ を たすけた;Elle a sauvé un chien malade.
要するに[ようするに];彼女[かのじょ]は 要[よう]するにおしゃべりなんだ。;Elle est, en bref, une bavarde.
正直[しょうじき];彼女[かのじょ]はとても正直[しょうじき]だ。;Elle est très honnête.
議論[ぎろん];彼女には彼らとの議論が良い刺激になったようだ。;Il semble que la discussion avec eux ait été pour elle un bon stimulant.
作法[さほう];彼女の招待を断るとはあなたも不作法な人です。;Refuser son invitation était également impoli de votre part.
財産[ざいさん];彼女の財産はどのくらいあるんだろう。;Je me demande combien de biens elle possède.
一位[いちい];彼女はヴァイオリンコンテストで一位になった。;Elle a remporté la première place au concours de violon.
女優[じょゆう];彼女はずっと女優になるのが夢でした。;Elle a toujours rêvé de devenir actrice.
優勝[ゆうしょう];彼女は昨年五つの大会で優勝した。;Elle a remporté cinq concours l'année dernière.
収める[おさめる];彼女は本を全て棚に収めた;Elle a fait rentrer tous les livres dans l’étagère.
言わば[いわば];彼女は言わば姉のような存在です;Elle est comme une sœur pour ainsi dire.
得意[とくい];得意料理はオムレツです。;Le plat que je maîtrise est l’omelette.
返事[へんじ];手紙[てがみ]の 返事[へんじ]を 出[だ]しました。;J'ai envoyé une réponse à la lettre.
常に[つねに];技術は常に進歩している。;La technologie progresse constamment.
残る[のこる];料理[りょうり]がたくさん 残[のこ]りました。;Il y restait beaucoup de nourriture.
収入[しゅうにゅう];日本人[にほんじん]の 平均[へいきん] 収入[しゅうにゅう]はどのくらいですか。;Quel est le revenu moyen au Japon ?
屹度[きっと];明日[あした]は 屹度[きっと] 雨[あめ]が 降[ふ]ります。;Demain, il va sans aucun doute pleuvoir.
書類[しょるい];書類[しょるい]を１０ 枚[まい]コピーしました。;J'ai fait dix copies du document.
直に[じかに];本人にじかに聞いてください;Veuillez demander directement à la personne
給料[きゅうりょう];来年[らいねん]から 給料[きゅうりょう]が 上[あ]がります。;Je recevrai une augmentation de salaire à compter de l'année prochaine.
港[みなと];港[みなと]に 船[ふね]が 着[つ]きました。;Le navire est arrivé au port.
火薬[かやく];火薬[かやく]が 爆発[ばくはつ]して 負傷[ふしょう] 者[しゃ]が 出[で]た;La poudre a explosé et certaines personnes ont été blessées.
強盗[ごうとう];父[ちち]は 強盗[ごうとう]と 取っ組み合[とっくみあ]いをした。;Mon père s'est battu contre le voleur.
お土産[おみやげ];父[ちち]はお 土産[みやげ]にお 菓子[かし]を 買[か]ってきた。;Mon père a acheté et ramené des sucreries en souvenir.
支給[しきゅう];現金支給の給料;salaire en espèces
記事[きじ];環境[かんきょう] 問題[もんだい]に 関[かん]する 記事[きじ]を 読[よ]んだの。;J'ai lu un article sur les questions environnementales.
生命[せいめい];生命[せいめい]は 海[うみ]から 始[はじ]まったと 言[い]われている。;On dit que la vie a commencé dans la mer.
石鹸[せっけん];石鹸[せっけん]で 手[て]を 洗[あら]ってください。;Lavez vous les mains avec du savon, svp.
共通[きょうつう];私[わたし]たちは 共通[きょうつう]の 趣味[しゅみ]を 持[も]っています。;Nous avons un hobby commun.
達[たっ]する;私の仕事はバイクでピザを配達することだった。;Mon travail consistait à livrer des pizzas à moto.
味方[みかた];私はいつも、あなたの味方です。;Je suis toujours à tes côtés.
主に[おもに];私は主に子供に英語を教えています。;J'enseigne principalement l'anglais aux enfants.
得る[うる];空気中のごく小さい粒子がガンのもとになり得る。;De minuscules particules présentes dans l'air peuvent être à l'origine de cancers.
到着[とうちゃく];空港に到着した時、ホストファミリーが待っていた。;Quand je suis arrivé à l'aéroport, ma famille d'accueil m'attendait.
絶対に[ぜったいに];絶対[ぜったい]に 駄目[だめ]です。;Absolument pas.
観察[かんさつ];花[はな]の 成長[せいちょう]を 観察[かんさつ]して 日記[にっき]を 書[か]きなさい。;Observez le développement de la fleur et notez-le dans votre journal.
どうも有難うございます[どうもありがとうございます];親切にしてくださってどうもありがとうございます。;Merci beaucoup d'être si gentil avec moi.
論文[ろんぶん];論文[ろんぶん]を 仕上[しあ]げないと 卒業[そつぎょう]できませんよ。;Vous ne pouvez pas obtenir votre diplôme si vous ne terminez pas votre thèse.
警察[けいさつ];警察[けいさつ]を 呼[よ]んでください。;Appelle la police.
追いつく[おいつく];追いつくのにどれだけ時間がかかるか？;Combien de temps faudra-t-il pour rattraper le retard ?
途中で[とちゅうで];途中で乗り換えが必要ですか。;Devrai-je changer de train en cours de route ?
横断[おうだん];道路[どうろ]を 横断[おうだん]するときは 注意[ちゅうい]して。;Faites attention lorsque vous traversez la route.
中止[ちゅうし];雨[あめ]で 運動会[うんどうかい]が 中止[ちゅうし]になったの。;L'évènement sportif a été annulé à cause de la pluie.
配達[はいたつ];雨の日も風の日も、新聞配達しなければならない。;Les journaux doivent être livrés même les jours de pluie ou de vent.
現れる[あらわれる];雲[くも]の 間[あいだ]から 太陽[たいよう]が 現[あらわ]れました。;Le soleil apparut entre les nuages.
苦しい[くるしい];食[た]べ 過[す]ぎてお 腹[なか]が苦[くる]しい。;J'ai trop mangé et j'ai mal au ventre.
以上です[いじょうです];６歳[ろくさい] 以上[いじょう]の 子供[こども]は 学校[がっこう]に 通[かよ]わなければならない。以上ですか？;J'ai plus de 18 ans.
笑い[わらい];あの いえ は わらい が たえない ね;Le rire ne s'arrête jamais dans cette maison.
お金[おかね];お 金[かね]を 先[さき]に 入[い]れるのですか。;Dois-je mettre l'argent d'abord ?
首[くび];キリンの 首[くび]は長[なが]い。;Le cou des girafes est long.
暮れ[くれ];くれ は ようじ が おおくて いそがしい です;Je suis occupé avec beaucoup de choses à faire à la fin de l'année.
無い[ない];ここ に は なに も ない;Il n'y a rien ici.
新鮮[しんせん];この みせ で は しんせん な やさい が かえます よ;Vous pouvez acheter des légumes frais dans ce magasin.
愛[あい];これまでに男の人を愛したことがありますか。;Avez-vous déjà aimé un homme ?
都市[とし];とうきょう は にほんいち おおき な とし です;Tokyo est la plus grande ville du Japon.
どうも住みません[どうもすみません];どうも住みません;Je suis vraiment désolé.
自然[しぜん];みんな で しぜん を まもりましょう;Travaillons tous pour protéger la Nature.
下り[くだり];もうすぐ くだり の でんしゃ が はっしゃ します;Le train quittant la ville part bientôt.
友[とも];もつべき もの は とも よ ね;La chose importante à garder, ce sont les amis.
下さる[くださる];ロビーまできて下さる？;Pourriez-vous me faire la faveur de venir jusqu'au hall ?
前者[ぜんしゃ];わたし は ぜんしゃ の ほう が すぐれて いる と おもいます;Je pense que le premier est excellent.
主人[しゅじん];主人[しゅじん]は 今[いま]、 出[で]ています。;Mon mari est sorti en ce moment.
要る[いる];予約[よやく]は 要[い]りません。;Les réservations ne sont pas obligatoires.
今日[こんにち];今日はとても寒いわね。;Il fait vraiment froid aujourd'hui.
以外[いがい];分[わ]かりました、8 番[ばん] 以外[いがい]ですね。;Compris, c'est tout sauf que le numéro 8, n'est-ce pas ?
申し上げる[もうしあげる];反対申し上げるつもりは全然なかったのです。;Je n'avais absolument aucune intention de m'y opposer.
上手い[うまい];娘はバイオリンが上手いんだよ。;Ma fille est douée pour jouer du violon.
四つ[よっつ];彼はドアが4つある車を持っています。;Il a une voiture qui a quatre portes.
着物[きもの];彼女[かのじょ]は 着物[きもの]がよく 似合[にあ]います。;Le kimono lui va bien.
友達[ともだち];私[わたし]には 友達[ともだち]がたくさんいます。;J'ai beaucoup d'amis.
家内[かない];私の家内は医者です。;Ma femme est médecin.
研究[けんきゅう];１０年ぐらい、経済を研究しています。;Je fais des recherches en économie depuis environ 10 ans.
仕事[しごと];３ 月[がつ]は 仕事[しごと]が 忙[いそが]しい。;En mars le travail est chargé.
最初[さいしょ];５ページの 最初[さいしょ]を 見[み]てください。;Veuillez regarder au tout début de la page 5.
目覚まし時計[めざましどけい];７ 時[じ]に 目覚[めざ]まし 時計[どけい]が 鳴[な]りました。;Le réveil s'éteignit à sept heures.
笑顔[えがお];あかちゃん の えがお が かわいい;Le sourire du bébé est mignon.
晴れ[はれ];あす の てんき は  晴[は]れ です;Le temps de demain sera ensoleillé.
職業[しょくぎょう];あなた の しょくぎょう を おしえて ください;Merci de m'indiquer votre profession.
お出でになる[おいでになる];あなたがお出でになれない事を聞いてがっかりしました。;J'ai été déçu d'apprendre que vous ne pourriez pas venir.
何歳[なんさい];あなたは 何歳[なんさい]ですか ？;Quel âge avez-vous ?
働きすぎ[はたらきすぎ];あなたは働きすぎです。しばらく座って楽にしなさい。;Tu travailles trop. Assieds-toi et détends-toi un moment.
校長[こうちょう];あの 人[ひと]は 高校[こうこう]の 校長[こうちょう]だ。;Cette personne est le principal du lycée.
深い[ふかい];あの 池[いけ]はとても 深[ふか]い。;Cet étang est très profond.
職[しょく];アブラハム・リンカーンの父の職業は大工だった。;Le père d'Abraham Lincoln était charpentier.
出会う[であう];あめりか で かのじょ と であいました。;Je l'ai rencontrée aux États-Unis.
物事[ものごと];あるがままに 物事[ものごと]を 見[み]るようにしなさい。;Essayez de voir les choses telles qu'elles sont.
年月[ねんげつ];あれだけのコインを 収集[しゅうしゅう]するのにどれだけの 年月[としつき]がかかりましたか。;Combien de temps a-t-il pris pour collecter autant de pièces de monnaie?
気に入る[きにいる];いくつかの 点[てん]で 私[わたし]は 彼女[かのじょ]が 気に入[きにい]らない。;Je ne l'aime pas à certains égards.
以前[いぜん];いぜん かれ は この まち に すんで いた ん だ;Il vivait dans cette ville.
何時でも[いつでも];いつでもうちに 来[き]てください。;Venez nous voir à tout moment.
何時までも[いつまでも];いつまでもあなたを 忘[わす]れません。;Je ne vous oublierai jamais.
利用[りよう];いつも地下鉄を利用しています。;Je fais toujours usage du métro.
二十歳[はたち];いもうと は らいねん はたち に なります;Ma petite soeur aura 20 ans l'année prochaine.
便利[べんり];インターネットはとても 便利[べんり]です。;Internet est très pratique.
呼ぶ[よぶ];ウェイターを 呼[よ]びましょう。;Appelons le serveur.
勝ち[かち];うたがっせん は あか ぐみ の かち でした ね;L'équipe rouge a remporté le concours de chant.
姉妹[しまい];うちは３ 人[にん] 姉妹[しまい]です。;Nous sommes trois sœurs.
生物[せいぶつ];うみ の そこ に は ふしぎ な せいぶつ が たくさん いる よ;Il y a beaucoup de créatures étranges au fond de la mer.
閉まる[しまる];お 店[みせ]はもう 閉[し]まっていました。;Le magasin était déjà fermé.
お手洗い[おてあらい];お 手洗[てあら]いはどこですか。|何時までに御手洗からバスに戻らなくてはいけませんか？行列ができているので、遅れないか心配してるんですが。;Où est la salle de bain ?
文明[ぶんめい];おおく の ぶんめい は かわ の ちかく で はじまった;Beaucoup de civilisations ont commencé par une rivière.
年中[ねんじゅう];おば は ねんじゅう りょこう して います;Ma tante voyage toute l'année.
お腹が一杯だ[おなかがいっぱいだ];お腹が一杯;Je suis rassasié
質[しつ];お茶[おちゃ]の 質[しつ]は 下[さ]がりつつある。;La qualité du thé diminue.
お電話、代わりました[おでんわかわりました];お電話、代わりました[おでんわかわりました];allô，[nom] est à l’appareil. (après un changement d'interlocuteur)
明確[めいかく];かのじょ に は めいかく な もくひょう が ある ね;Elle a un objectif clair.
不幸[ふこう];かのじょ の かぞく に ふこう が あった;Un malheur s'abattit sur sa famille.
お祖母さん[おばあさん];かのじょ は おばあさん と すん でいる 。;Elle vit avec sa grand-mère.
似合う[にあう];かのじょ は きもの が よく にあいます;Les kimonos lui vont bien.
失望[しつぼう];かのじょ は けっこん せいかつ に しつぼう して いた の;Elle a trouvé la vie conjugale décevante.
流す[ながす];かのじょ は なみだ を ながした ん だ;Elle a versé des larmes.
半ば[なかば];かれ は 30 だい の なかば です;Il est dans la trentaine.
人物[じんぶつ];かれ は かいしゃ の じゅうよう な じんぶつ です;C'est une personne importante dans l'entreprise.
神[かみ];かれ は かみ を しんじて いる;Il croit en Dieu.
球[きゅう];かれ は きゅうぎ が だいすき です;Il adore les jeux de ballon.
名人[めいじん];かれ は つり の めいじん です;C'est un pêcheur expert.
友情[ゆうじょう];かれら は つよい ゆうじょう で むすばれて いる な;Ils sont liés par une forte amitié.
議会[ぎかい];ぎかい で く の らいねん の よてい が はなしあわれた ん だ 。;Le conseil a discuté du plan du district pour l'année à venir.
命じる[めいじる];きゅう に しゅっちょう を めいじられました;J'ai été soudainement envoyé en voyage d'affaires.
合格[ごうかく];クラスのみんなが試験に合格した。;Tous les élèves de la classe ont réussi l'examen.
覚める[さめる];けさ は ろくじ に め が さめた;Je me suis réveillé à six heures ce matin.
大家[おおや];ここ の おおや は ちかく に すんで います よ;Le propriétaire habite près d'ici.
外出[がいしゅつ];ごご は がいしゅつ の よてい です;Je compte sortir cet après-midi.
住宅[じゅうたく];ここ は しずかな じゅうたくち だ;C'est un quartier résidentiel calme.
天候[てんこう];ここ は てんこう の へんか が はげしい です ね;Le climat y est très changeant.
交通[こうつう];ここは 交通[こうつう]の 便[べん]がよいですね。;Ici, la commodité de la circulation est bonne.
土地[とち];ここは 父[ちち]の 土地[とち]です。;C'est la terre de mon père.
割れる[われる];コップが 落[お]ちて 割[わ]れた。;Le verre est tombé et s'est brisé.
負け[まけ];この しょうぶ は あなた の まけ です;Ce match est votre défaite.
流行[りゅうこう];この すたいる は ことし の りゅうこう です;Ce style est à la mode cette année.
部分[ぶぶん];この ぶぶん は もんだい ない です;Il n'y a aucun problème avec cette partie.
住所[じゅうしょ];この 住所[じゅうしょ]に 行[い]ってください。;Veuillez aller à cette adresse.
調べる[しらべる];この 単語[たんご]の 意味[いみ]を 辞書[じしょ]で 調[しら]べましょう。;Vérifions la signification de ce mot dans un dictionnaire.
平和[へいわ];この 国[くに]は 平和[へいわ]です。;Ce pays est en paix.
場面[ばめん];この 場面[ばめん]は 君[きみ]が 良[よ]くない。;Vous avez tort dans ce cas.
間違い[まちがい];この 文[ぶん]には 間違[まちが]いがあります。;Il ya une erreur dans cette phrase.
味[あじ];この 料理[りょうり]は 味[あじ]が 薄[うす]い。;Ce plat a peu de goût.
難しい[むずかしい];この 本[ほん]は 難[むずか]しいですね。;Ce livre est difficile.
面白い[おもしろい];この 本[ほん]はすごく 面白[おもしろ]かった。;Ce livre était génialement intéressant.
字引[じびき];この 漢字[かんじ]を 字引[じびき]で 引[ひ]いてみて。;Cherche ce kanji dans le dictionnaire. Lit.: Regarde et sort ce kanji dans un dictionnaire. (Pas Jisho)
箱[はこ];この 箱[はこ]は 重[おも]い。;Cette boîte est lourde.
用いる[もちいる];この 語[ご]は 今[いま]では 用[もち]いられない。;Ce mot est devenu inutilisé.
真っ直ぐ[まっすぐ];この 道[みち]を 真[ま]っ 直[す]ぐ 行[い]ってください。;S'il vous plaît aller tout droit sur cette route.
靴下[くつした];この 靴下[くつした]は３ 足[そく]で１０００ 円[えん]です。;Ces chaussettes coûtent 1 000 yens pour 3 paires.
形[かたち];このクッキーは星の形です。;Ce cookie a la forme d'une étoile.
生徒[せいと];このクラスの 生徒[せいと]は３０ 人[にん]です。;Il y a 30 élèves dans cette classe.
ご存知[ごぞんじ];この人の名前をご存知ですか。;Connaissez-vous le nom de cette personne ? (Honorifique)
誤解[ごかい];この誤解[ごかい]は 私[わたくし]のせいです。 謝[あやま]ります。;Ce malentendu est de ma faute. Je m'en excuse.
金[かね];これ は かなり かね が かかった;Cela a coûté pas mal d'argent.
人工[じんこう];これ は じんこう の みずうみ です;C'est un lac artificiel.
束[たば];これは 1束[ひとたば] 300 円[えん]です。;Cela représente 300 yens par paquet.
背が高い[せがたかい];こんなに背が高いホビットは見たことがないよ。;Je n'ai jamais vu un hobbit aussi grand auparavant.
一緒にいかがですか[いっしょうにいかがですか];ご一緒にいかがですか。;Souhaiteriez-vous vous joindre à moi ?
疲れ[つかれ];さいきん つかれ が たまって います;Ma fatigue s'accumule ces jours-ci.
用意[ようい];シェフが料理を用意している。;Le chef prépare le plat.
公平[こうへい];しょうきん を もらったら こうへい に わけましょう;Si nous gagnons le prix, partageons-le équitablement.
食料[しょくりょう];しょくりょう は この はこ に はいって います;Les vivres sont dans cette boîte.
速度[そくど];しんかんせん の そくど は どれ くらい です か;Quelle est la vitesse du Shinkansen ?
外交[がいこう];せいふ は がいこう に ちから を いれて いる の;Le gouvernement fait des efforts diplomatiques.
入場[にゅうじょう];せんしゅ の にゅうじょう です;Les athlètes défileront.
全体[ぜんたい];ぜんたい の はちじゅっぱーせんと が かんせい しました;80% du total a été réalisé.
母親[ははおや];その おんなのこ 女の子は かのじょ 彼女の ははおや 母親と に 似ている。;The girl resembles her mother.
適当[てきとう];その しつもん の 適当[てきとう] な こたえ が みつかりません;Je ne trouve pas de réponse appropriée à la question.
平ら[たいら];その たてもの の やね は たいら だ　ね;Le toit de ce bâtiment est plat.
夫婦[ふうふ];その ふうふ は とても なか が いい;Ce couple s'entend très bien.
行う[おこなう];その 会社[かいしゃ]は 来月[らいげつ]、キャンペーンを 行[おこな]う。;Cette entreprise va organiser une campagne promotionnelle le mois prochain.
午後[ごご];その 急行[きゅうこう]は 午後[ごご] 六時[ろくじ] 二十[にじゅっ] 分[ぷん]に 出発[しゅっぱつ]します。;L'express part à 18h20. (P.M.)
点[てん];その 点[てん]は 心配[しんぱい]ありません。;Pas d'inquiétude sur ce point.
支える[ささえる];そのドラマは 原作[げんさく]と 違[ちが]っている。;Ce drama diffère de l'histoire originale.
残念ですね[ざんねんですね];その事故で誰も助からなかったのは残念ですね。;C'est vraiment dommage que personne n'ait pu être sauvé lors de cet accident.
発明[はつめい];その学校は、多くの発明家を送り出している。;Cette école a formé de nombreux inventeurs.
失礼します[しつれいします];それでは、失礼します。;Sur ce, je vous laisse.
決まる[きまる];それは 会議[かいぎ]で 決[き]まった。;Cela a été décidé lors d'une réunion.
光景[こうけい];それは印象的な光景だった。;C'était un spectacle impressionnant.
大した[たいした];それは大したことはない。;Ce n'est pas grave.
例え[たとえ];たとえ を あげる と はなし が わかり やすく なる;Ce sera plus facile à comprendre si vous donnez un exemple.
両方[りょうほう];チョコレート とケーキを 両方[りょうほう]ください 。;Je prendrai les deux, le chocolat et le gâteau, s'il-vous-plaît.
指す[さす];とけい が じゅうにじ を さして る;L'horloge indique 12 heures.
どちら様でしょうか[どちらさまでしょうか];どちら様でしょうか。;Puis-je demander qui appelle.
気味[きみ];とても不気味だと思った。;J'ai trouvé ça très effrayant.
代表[だいひょう];トマトは代表的な夏野菜だ。;Les tomates sont un légume typique de l'été.
失業[しつぎょう];ともだち の おとうさん が とつぜん しつぎょう した の;Le père de mon ami a soudainement perdu son emploi.
日中[にっちゅう];にっちゅう は ずっと うみ で およいで いました;J'ai nagé dans la mer toute la journée.
教科書[きょうかしょ];にほんご の きょうかしょ を わすれた;J'ai oublié mon manuel de japonais.
人間[にんげん];にんげん の こころ は ふくざつ です;L'esprit de l'homme est complexe.
続き[つづき];はなし の つづき は でんわ で しましょう;Continuons cette conversation au téléphone.
要点[ようてん];はなし の ようてん だけ おしえて ください;S'il vous plaît, dites-moi juste les points principaux de l'exposé.
座席[ざせき];ひこうき の ざせき は ゆったり して いた よ;Le siège de l'avion était spacieux.
済ませる[すませる];ひるごはん は かんたん に すませましょう;Allons un petit déjeuner rapide
種[たね];プランターにトマトの種[たね]を 蒔[ま]きました 。;J'ai planté des graines de tomates dans la jardinière.
歩道[ほどう];ほどう を あるきましょう;Marchons sur le trottoir.
起こる[おこる];まち で だいじけん が おこりました;Un incident majeur s'est produit dans la ville.
青年[せいねん];まち の せいねんたち は ぼらんてぃあ かつどう を して います;Les jeunes de la ville font du bénévolat.
上達[じょうたつ];みじかい じかん に ずいぶん じょうたつ しました ね;Vous avez bien progressé en peu de temps.
注ぐ[そそぐ];みんな の ぐらす に じゅーす を そそいだ よ;J'ai versé du jus dans le verre de tout le monde.
伝える[つたえる];みんなにこのことを 伝[つた]えてください。;Veuillez transmettre cette chose à tous.
横切る[よこぎる];め の まえ を ねこ が よこぎった ん だ;Le chat a traversé devant moi.
単位[たんい];めーとる は ながさ の たんい です;Le mètre est une unité de longueur.
見付かる[みつかる];メガネが 見[み]つかりません。;Mes lunettes sont introuvables.
終える[おえる];やっと しゅくだい を おえた;Enfin j'ai fini mes devoirs.
夜明け[よあけ];よあけ と とも に め が さめた ん だ;Je me suis réveillé au point du jour.
変更[へんこう];よてい が へんこう に なりました;L'horaire a été modifié.
勤め[つとめ];らいげつ で つとめ を やめます;Je vais quitter mon emploi le mois prochain.
流れる[ながれる];らじお から うつくしい おんがく が ながれて います;De la belle musique sort de la radio.
理解[りかい];りかい して くれて ありがとう;Merci de votre compréhension.
注文[ちゅうもん];レストランでピザを 注文[ちゅうもん]しました。;J'ai commandé une pizza au restaurant.
空く[すく];レストランは 空[す]いていました。;Il n'y avait pas beaucoup de gens au restaurant.
予約[よやく];レストランを 予約[よやく]しました。;J'ai fait une réservation de restaurant.
列車[れっしゃ];れっしゃ が ほーむ に はいって きた;Le train est arrivé à quai.
高校生[こうこうせい];わたし の おとうと は こうこうせい です;Mon petit frère est lycéen.
風景[ふうけい];わたし は やま の ふうけい が すき です;J'aime les paysages de montagne.
加わる[くわわる];わたしたち の ちーむ に かれ が くわわった;Il a rejoint notre équipe.
渡る[わたる];わたしたち は あるいて はし を わたった;Nous avons traversé le pont à pied. 
代わり[かわり];一人[ひとり]で 行[い]く 代[か]わりに 私[わたし]は 手紙[てがみ]を 送[おく]った。;Au lieu d'y aller moi même, j'ai envoyé une lettre.
一昨年[おととし];一昨年[おととし] 初[はじ]めて 京都[きょうと]へ 旅行[りょこう]しました。;J'ai voyagé pour la première fois à Kyoto il y a deux ans.
一言[ひとこと];一言[ひとこと]で 言[い]えば、 彼[かれ]は 馬鹿[ばか]だと 思[おも]います。;En un mot, je pense que c'est un imbécile.
続く[つづく];三日間晴れが続いた。;Le beau temps à continué pendant trois jours.
婚約[こんやく];二人[ふたり]は 婚約[こんやく]しています。;Les deux personnes sont fiancées.
空港[くうこう];二人は空港のところを探しました。;Ils ont tous les deux cherché l'emplacement de l'aéroport.
神社[じんじゃ];京都[きょうと]には 神社[じんじゃ]がたくさんある。;A Kyoto, il y a beaucoup de sanctuaires shinto.
お忙しいですか[おいそがしいですか];今、お忙しいですか。;Êtes-vous occupé en ce moment ?
戻る[もどる];今[いま]、 会社[かいしゃ]に 戻[もど]ります。;En ce moment, je retourne au bureau.
今にも[いまにも];今[いま]にも 雨[あめ]が 降[ふ]りそうですね。;On dirait qu'il va pleuvoir à tout moment.
割合[わりあい];今回[こんかい]のテストは 割合[わりあい]に 簡単[かんたん]でした。;Le test de cette fois était relativement facile (par rapport à d'habitude).
静か[しずか];今年[ことし]の 夏休[なつやす]みには 静[しず]かな 所[ところ]へ 行[い]きたい。;Je veux aller dans un endroit tranquille pendant les vacances d'été de cette année.
妻[つま];今日[きょう]は 妻[つま]の 誕生[たんじょう] 日[び]だ。;C'est l'anniversaire de ma femme aujourd'hui.
疲れる[つかれる];今日[きょう]は 疲[つか]れました。;Je suis fatigué aujourd'hui.
勝つ[かつ];今日[きょう]はヤンキースが 勝[か]った。;Les Yankees ont remporté aujourd'hui.
遅れる[おくれる];今朝[けさ] 彼女[かのじょ]は 学校[がっこう]に 遅[おく]れました。;Elle était en retard pour l'école ce matin.
都合がいい[つごうがいい];何時[なんじ]がご 都合[つごう]がいいですか。;Quelle heure vous convient ?
文字[もんじ];余の辞書に不可能の文字はない。;Le mot « impossible » n'existe pas dans mon dictionnaire.
絵[え];値段[ねだん]が 高[たか]い 絵[え]です。;C'est une peinture au prix élevé.
適度[てきど];健康[けんこう]のため、 適度[てきど]な 運動[うんどう]が 必要[ひつよう]です。;De léger exercices modéré sont nécessaires pour votre santé.
着く[つく];僕たち１時間以内に着くよ。;Nous serons là dans moins d'une heure.
入学式[にゅうがくしき];入学式[にゅうがくしき]は 十[じゅう] 時[とき]から 行[おこな]います。;La cérémonie d'entrée aura lieu à 10 heures.
全部で[ぜんぶで];全部で1050円です。;Au total, ça fait 1050 yens.
安定[あんてい];公務員は安定した仕事だ。;Le travail de fonctionnaire est un emploi stable.
具体[ぐたい];具体的には何すんの。;Que ferez-vous exactement ?
場合[ばあい];分[わ]からない 場合[ばあい]は 私[わたし]に 聞[き]いてください。;Au cas où vous ne savez pas, demandez moi.
初め[はじめ];初[はじ]めは 良[よ]くなかったが、 良[よ]くなっています。;Ce n'était pas bon au début, mais ça va mieux.
進む[すすむ];前[まえ]に 進[すす]んでください。;Veuillez avancer.
学習[がくしゅう];動機付けというのは、学習過程に影響する因子のひとつです。;La motivation est l'un des facteurs qui influencent le processus d'apprentissage.
午前[ごぜん];午前[ごぜん]９ 時[じ]のニュースです。;C'est les nouvelles de 9h du matin. (A.M)
遊び[あそび];友達[ともだち]と 遊[あそ]びに 行[い]く 約束[やくそく]をしました。;J'ai promis d'aller jouer avec mon ami.
君[くん];君、僕のこと好きなの？;Est-ce que tu m'aimes?
不平[ふへい];君[きみ]はいつも 不平[ふへい]を 言[い]っている。;Vous vous plaignez toujours.
国際[こくさい];国際電話をかけたいのですが。;Je voudrais passer un appel international.
変[へん];変[へん]な 音[おと]が 聞[き]こえます。;Un bruit étrange peut être entendu.
夕方[ゆうがた];夕方[ゆうがた]、 雨[あめ]が 降[ふ]りました。;Il pleuvait la nuit dernière.
帰宅[きたく];夜の11時に帰宅しました。;Je suis rentré à la maison à 23 heures.
大気[たいき];大気おせんマップを毎日チェックしています。;Je vérifie la carte de la pollution atmosphérique tous les jours.
毎晩[まいばん];姉[あね]は 毎晩[まいばん] 日記[にっき]を 書[か]いています。;Ma grande sœur écrit un journal tous les soirs.
働く[はたらく];姉[あね]は 銀行[ぎんこう]で 働[はたら]いています。;Ma grande soeur travaille dans une banque.
忘れ物[わすれもの];学校[がっこう]に 忘[わす]れ 物[もの]をしました。;J'ai perdu un objet à l'école. Lit.: J'ai fait un objet perdu à l'école.
安全[あんぜん];安全[あんぜん]が 第[だい] 一[いち]です。;La sécurité passe en premier.
電報[でんぽう];実家[じっか]の 母[はは]から 電報[でんぽう]がきました。;Un télégramme venait de ma mère chez moi.
宿題[しゅくだい];宿題[しゅくだい]、 手伝[てつだ]ってくれない？;Peux-tu m'aider pour mes devoirs?
物語[ものがたり];寝[ね]る 前[まえ]に、 日本[にほん]の 物語[ものがたり]を 読[よ]む。;Je lis des histoires japonaises avant d'aller me coucher.
暮らす[くらす];将来[しょうらい]は 海[うみ]の 近[ちか]くで 暮[く]らしたいな。;J'aimerais vivre au bord de la mer dans le futur.
屋上[おくじょう];屋上[おくじょう]から 富士山[ふじさん]が 見[み]えました。;J'ai pu voir le mont Fuji depuis le dessus du toit.
差別[さべつ];差別のない社会にしたい。;Je veux créer une société sans discrimination.
先ず[まず];帰[かえ]ったら 先[ま]ず 手[て]を 洗[あら]いましょう。;Lorsque vous rentrez chez vous, lavez-vous les mains en premier.
数百人[すうひゃくにん];広場には数百人の人がいた。;Il y avait des centaines de personnes sur la place.
通信[つうしん];弟は通信で勉強しています。;Mon jeune frère étudie par correspondance.
住民[じゅうみん];当局は地域住民の頑強な抵抗にあった。;Les autorités ont fait face à une vive résistance de la part des habitants locaux.
送る[おくる];彼[かれ]の 家[いえ]に 荷物[にもつ]を 送[おく]りました。;J'ai envoyé un paquet à sa maison.
大体[だいたい];彼[かれ]の 意見[いけん]は 大体[だいたい] 面白[おもしろ]いです;Son opinion est généralement intéressante
試験[しけん];彼[かれ]は  試験[しけん]に 合格[ごうかく]しました。;Il a passé l'examen.
失う[うしなう];彼[かれ]は 恋人[こいびと]を失[うしな]った。;Il a perdu sa petite amie.
関心[かんしん];彼[かれ]は 政治[せいじ]に 関心[かんしん]が 強[つよ]いね。;Il a un grand intérêt pour la politique.
有名[ゆうめい];彼[かれ]は 有名[ゆうめい]な 歌手[かしゅ]です。;C'est un chanteur célèbre.
表現[ひょうげん];彼[かれ]は 歌[うた]で 自分[じぶん]の 気持[きも]ちを 表現[ひょうげん]した。;Il a exprimé ses sentiments dans une chanson.
真面目[まじめ];彼[かれ]は 真面目[まじめ]な 人[ひと]です。;C'est une personne sérieuse.
守る[まもる];彼[かれ]は 約束[やくそく]を 守[まも]る 人[ひと]です。;C'est une personne qui tient ses promesses.
確り[しっかり];彼[かれ]は 若[わか]いのにしっかりしてるね。;Il est fiable même s'il est jeune.
貧しい[まずしい];彼[かれ]は 貧[まず]しい 家庭[かてい]で 育[そだ]ったんだ。;Il a grandi dans une famille pauvre.
適切[てきせつ];彼[かれ]は 適切[てきせつ]な 言葉[ことば]で 説明[せつめい]してくれました。;Il m'a expliqué en termes appropriés.
背[せい];彼の家族はみな背が高い。;Tous les membres de sa famille sont grands.
公園を散歩[こうえんをさんぽ];彼はきのう公園を散歩した。;Il est allé se promener dans le parc hier.
疲[つか]れる;彼はすぐに疲れる。;Il se fatigue facilement.
人ごみ[ひとごみ];彼は人ごみの中をひじでかきわけて進んだ。;Il s'est frayé un chemin à travers la foule en utilisant ses coudes.
行動[こうどう];彼は娘の行動に腹を立てた。;Il était furieux du comportement de sa fille.
手段[しゅだん];彼は目的のためには手段を選ばなかったわね。;Il n'a pas choisi qu'un moyen pour atteindre ses objectifs, n'est-ce pas ?
直ぐに[すぐに];彼は直ぐにそのショックから立ち直った。;Il s'est rapidement remis du choc.
都会[とかい];彼は都会での生活を楽しんでいるの。;Il profite de la vie en ville.
怒る[おこる];彼女[かのじょ]が 嘘[うそ]をついたので 彼[かれ]は 起[お]こった。;Il était en colère parce qu'elle lui avait menti.
お礼[おれい];彼女[かのじょ]にお 礼[れい]の 手紙[てがみ]を 書[か]きました。;Je lui ai écrit une lettre de remerciement.
人形[にんぎょう];彼女[かのじょ]は 人形[にんぎょう]をたくさん 持[も]っています。;Elle a beaucoup de poupées.
作家[さっか];彼女[かのじょ]は 有名[ゆうめい]な 作家[さっか]です。;Elle est uns écrivaine bien connu.
会員[かいいん];彼女[かのじょ]はクラブの 会員[かいいん]です。;Elle est membre du club.
申し込む[もうしこむ];彼女[かのじょ]はそのセミナーに 申[もう]し 込[こ]んだ。;Elle s'est inscrite à cet atelier.
最後に[さいごに];彼女は私にそれを最後にさよならを言った。;Elle m'a dit au revoir avec ces mots comme derniers mots.
事務所[じむしょ];後[あと]で 事務所[じむしょ]に 来[き]てください。;Veuillez venir au bureau tout à l'heure.
飛行機[ひこうき];息子[むすこ]は 飛行機[ひこうき]のおもちゃが 好[す]きです。;Mon fils aime les avions jouets.
感動[かんどう];感動[かんどう]する 映画[えいが]でした。;C'était un film touchant.
世話[せわ];旅行[りょこう]の 間[あいだ]、 犬[いぬ]の 世話[せわ]をしてください。;Pendant que je suis en voyage, prenez soin de mon chien SVP.
説明[せつめい];旅行で使ったお金、全部説明がつきますか。;Pouvez-vous détailler toutes les dépenses de votre voyage ?
暮れる[くれる];日[ひ]が 暮[く]れる 前[まえ]に 帰[かえ]りましょう。;Avant que la journée ne s'assombrisse, rentrons. 
消す[けす];日[ひ]の 時[とき] 電気[でんき]を 消[け]してください。;Veuillez éteindre les lumières quand il fait jour.
試合[しあい];明日[あした]の 試合[しあい]は 何[なん] 時[じ]からですか。;A partir de quelle heure est le match de demain ?
不安[ふあん];明日[あす]、 病院[びょういん]に 検査[けんさ]に 行[い]くので 少[すこ]し 不安[ふあん]です。;Je suis un peu inquiet parce que je dois aller à l'hôpital pour des tests demain.
明日[あす];明日[あす]もいい 天気[てんき]になりそうだね。;On dirait que le temps va aussi être bon demain.
美術館[びじゅつかん];昨日[きのう]、 美術館[びじゅつかん]に 行[い]きました。;Je suis allé au musée hier.
眠る[ねむる];昨日[きのう]は８ 時間[じかん] 眠[ねむ]りました。;J'ai dormi huit heures hier.
昨日[きのう];昨日メアリーが買ったのは何ですか。;Qu'est-ce que Marie a acheté hier ?
晩[ばん];晩[ばん]ご 飯[はん]は 食[た]べましたか。;As-tu dîné ?
上着[うわぎ];暑[あつ]いので 上着[うわぎ]を 脱[ぬ]ぎました。;J'ai enlevé mes vêtements d'extérieur parce qu'il faisait chaud.
都合が悪い[つごうがわるい];月曜日[げつようび]は 都合[つごう]が 悪[わる]いのです。;Lundi, ce n'est pas commode pour moi.
初めて[はじめて];東京[とうきょう]に 来[く]るのは 初[はじ]めてです。;C'est la première fois que je vais à Tokyo.
東北[とうほく];東北で、ボランティアをしていました。;Je faisais du bénévolat à Tohoku.
一時[ひととき];楽[たの]しい 一時[ひととき]をお 過[す]ごしください;Passez un bon moment.
苦労[くろう];母[はは]は 苦労[くろう]して 私[わたし]たちを 育[そだ]てたの。;Notre mère a traversé des difficultés pour nous élevés.
料理[りょうり];母は 料理[りょうり]が 上手[じょうず]です。;Ma mère est bonne cuisinère.
留守[るす];父[ちち]は 今[いま]、 留守[るす]です。;Mon père est absent en ce moment.
現金[げんきん];現金[げんきん]でお 願[ねが]いします。;S'il vous plaît, payez en espèces.
確か[たしか];確[たし]かにそうですね。;C'est certain, n'est-ce pas ?
申す[もうす];私[わたくし]は 鈴木[すずき]と 申[もう]します。;Je m'appelle Suzuki. (humble)
負ける[まける];私[わたし]たちのチームはその 試合[しあい]で 負[ま]けた。;Notre équipe a perdu à ce match
表す[あらわす];私[わたし]たちは 万歳[ばんざい]をして 喜[よろこ]びを 表[あらわ]しました。;Nous avons exprimé notre joie en levant nos bras au ciel.
見当[けんとう];私[わたし]たちはその 件[けん]を 詳細[しょうさい]に 検討[けんとう]した。;Nous avons longuement débattu.
両親[りょうしん];私[わたし]の 両親[りょうしん]は 大阪[おおさか]に 住[す]んでいます。;Mes parents vivent à Osaka.
夢[ゆめ];私[わたし]の 夢[ゆめ]は 先生[せんせい]になることです。;Mon rêve est de devenir enseignant.
夫[おっと];私[わたし]の 夫[おっと]はサラリーマンです。;Mon mari est un salarié.
娘[むすめ];私[わたし]の 娘[むすめ]はアメリカにいます。;Ma fille est aux États-Unis.
不便[ふべん];私[わたし]の 家[いえ]は 駅[えき]から 遠[とお]くて 不便[ふべん]です。;Ma maison est loin de la gare et c'est peu pratique.
公務員[こうむいん];私[わたし]の 父[ちち]は 公務員[こうむいん]です。;Mon père est fonctionnaire.
去年[きょねん];私[わたし]は 去年[きょねん]フランスへ 行[い]った。;Je suis allé en France l'année dernière.
反対[はんたい];私[わたし]は 反対[はんたい]です。;Je suis contre.
断る[ことわる];私[わたし]は 彼[かれ]のプロポーズを 断[ことわ]った。;J'ai refusé sa proposition de mariage.
苦手[にがて];私[わたし]は 料理[りょうり]が 苦手[にがて]です。;Je ne suis pas bon à cuisiner.
小説[しょうせつ];私[わたし]は 月[つき]に３ 冊[さつ]くらい 小説[しょうせつ]を 読[よ]みます。;Je lis environ trois romans par mois.
似ている[にている];私[わたし]は 母[はは]に 似[に]ています。;Je ressemble à ma mère.
怖い[こわい];私[わたし]は 犬[いぬ]が 怖[こわ]いです。;J'ai peur des chiens.
苦い[にがい];私[わたし]は 苦[にが]いコーヒーが 好[す]きです。;J'aime le café amer.
通う[かよう];私[わたし]はジムに 通[かよ]っています。;Je fais le trajet à la salle de gym.
出席[しゅっせき];私がそのパーティーに出席する必要がありますか。;Est-ce qu’il y a nécessité que j’assiste à cette fête ?
構いません[かまいません];私が何か言っても構いませんか。;Ça ne vous dérange pas, même si je dis quelque chose ? 
降り出す[ふりだす];私は雨が降り出す前に学校に着いた。;Je suis arrivé à l'école avant qu'il ne commence à pleuvoir.
実験[じっけん];科学[かがく]の 授業[じゅぎょう]で 実験[じっけん]をした。;Nous avons fait une expérience en classe scientifique.
忘れる[わすれる];約束[やくそく]を 忘[わす]れないでください。;N'oubliez pas notre promesse.
教育[きょういく];良[よ]い 教育[きょういく]を 受[う]けた。;J'ai reçu une bonne éducation.
捕まえる[つかまえる];蛇[へび]がカエルを 捕[つか]まえたの。;Le serpent a capturé la grenouille.
表[おもて];表[おもて]に 人[ひと]が 来[き]ています。;Il y a une personne qui est en train de venir, face à la porte. 
相手[あいて];試合[しあい]の 相手[あいて]は 誰[だれ]ですか。;Contre qui jouent-ils ?
戻す[もどす];話[はなし]を 戻[もど]しましょう。;Revenons à ce dont nous parlions.
警官[けいかん];警官が街をパトロールしている。;Le policier patrouille dans la ville.
捕まる[つかまる];警察に捕まるような恐れがあるのですか。;Avez-vous peur de vous faire prendre par la police ?
笑う[わらう];赤[あか]ん 坊[ぼう]が 笑[わら]っています。;Le bébé est souriant.
車内[しゃない];車内[しゃない]に 忘[わす]れ 物[もの]があったよ。;Il restait quelque chose dans la voiture.
年組[ねんくみ];迷っている間にも、どんどん袋小路に追いつめられていくみたい。;Pendant que vous hésitez, vous avez l'impression de vous enfoncer de plus en plus dans une impasse.
途中[とちゅう];途中[とちゅう]で 三十[さんじゅう] 分[っぷん]ほど 休[やす]みましょう。;Reposons-nous en chemin pendant environ 30 minutes.
遅刻[ちこく];遅刻して先生にしかられた。;J'étais en retard et je me suis fait gronder par le professeur.
真ん中[まんなか];道[みち]の 真[ま]ん 中[なか]に 人[ひと]が 立[た]っている。;Quelqu'un est debout en plein milieu de la route.
遠く[とおく];遠[とお]くに 船[ふね]が 見[み]えます。;un navire est visible au loin.
動かす[うごかす];部屋[へや]の 家具[かぐ]を 動[うご]かしました。;J'ai déplacé les meubles dans la pièce.
部長[ぶちょう];部長[ぶちょう]からメッセージが 届[とど]きました。;Un message du directeur de département est arrivé.
止む[やむ];雨[あめ]が 止[や]みました。;La pluie a cessé.
間違える[まちがえる];電話[でんわ] 番号[ばんごう]を 間違[まちが]えました。;Je me suis trompé de numéro de téléphone.
日常[にちじょう];音楽[おんがく]は 私[わたし]の 日常[にちじょう]の 一部[いちぶ]です。;La musique fait partie de ma vie quotidienne.
別れる[わかれる];駅[えき]で 友[とも]だちと 別[わか]れました。;Je me suis séparé de mon ami à la gare.
平等[びょうどう];あの 先生[せんせい]は 生徒[せいと]をみな 平等[びょうどう]に 扱[あつか]います。;Cet enseignant traite tous les élèves de façon égale.
判断[はんだん];アルコールを飲むと、判断力がなくなる。;Quand on boit de l’alcool, la capacité de jugement disparaît.
運ぶ[はこぶ];いすを２ 階[かい]に 運[はこ]んでください。;Veuillez transporter la chaise au deuxième étage.
係[かかり];かのじょ は かいじょう せいり の かかり だった の;Elle était responsable de l'aménagement de la salle.
願う[ねがう];かれ が げんき に なる よう ねがって います;Nous prions pour qu'il guérisse.
抜ける[ぬける];かれ は ぐるーぷ から ぬけました;Il a quitté le groupe.
才能[さいのう];かれ は げいじゅつてき な さいのう に あふれて いる ね;Il est plein de talent artistique.
試す[ためす];かれ は その そふとうぇあ を ためした の;Il a testé le logiciel.
突然[とつぜん];かれ は とつぜん はしりだした の よ;Il s'est soudain mis à courir.
望む[のぞむ];かれ は わたし と の けっこん を のぞんで います;Il veut m'épouser.
感情[かんじょう];かんじょう と は ふくざつ な もの です;Les émotions sont des choses complexes.
段[だん];この かいだん は 18 だん あります ね;Il y a 18 marches dans cet escalier.
商品[しょうひん];この しょうひん は よく うれて いる;Ce produit se vend bien.
重要[じゅうよう];これは重要[じゅうよう]な 書類[しょるい]です。;C'est un document important.
種類[しゅるい];ご存知のように日本語には文字が三種類 あります。;Comme vous le savez, il existe trois types de caractères en japonais.
幸い[さいわい];さいわい でんしゃ に あらし の えいきょう は なかった;Heureusement, le train n'a pas été touché par la tempête.
左右[さゆう];さゆう を みてから おうだん ほどう を わたりなさい;Regardez à gauche et à droite avant de traverser le passage piéton.
加える[くわえる];しお こしょう を くわえて ください;Veuillez ajouter le sel et le poivre.
抱く[いだく];しょうねん よ たいし を いだけ;Les garçons, soyez ambitieux.
願い[ねがい];せかい の へいわ が わたし たち の ねがい です;Notre souhait est la paix mondiale.
舞台[ぶたい];その ものがたり は きょうと が ぶたい だ;L'histoire se déroule à Kyoto.
様々[さまざま];その 都市[とし]には 様々[さまざま]な 人種[じんしゅ]が 集[あつ]まっているわ。;La ville a divers groupes raciaux.
関係[かんけい];その二つの国の関係は複雑だ。;La relation entre les deux pays est compliquée.
過去[かこ];それ は かこ の はなし だ;C'est du passé maintenant.
全部[ぜんぶ];それ、全部[ぜんぶ]ください。;Je vais prendre tout ça, s'il vous plaît.
不思議[ふしぎ];それはとても 不思議[ふしぎ]な 話[はなし]だね。;C'est une histoire très mystérieuse.
絶対[ぜったい];そんな こと は ぜったい できない よ;Je ne pourrai jamais faire une telle chose.
降りる[おりる];つぎ の えき で おります。;Je descends à la prochaine station.
習慣[しゅうかん];まいあさ こーひー を のむ の が しゅうかん です;J'ai l'habitude de boire du café tous les matins.
期待[きたい];みんな 私[わたし]たちに期待[きたい]しています。;Tout le monde a des attentes envers nous.
育つ[そだつ];やさい が よく そだって いる;Les légumes poussent bien.
考える[かんがえる];よく 考[かんが]えてください。;Réfléchissez bien, s'il vous plaît.
位置[いち];わたし の まち は とうきょう の きた に いち します;Ma ville est située au nord de Tokyo.
呼吸[こきゅう];上手く呼吸が出来無くて、苦しい。;Je n'arrive pas à respirer correctement et ça fait mal.
変化[へんか];今年[ことし]は 変化[へんか]の 多[おお]い 年[とし]でした。;Il y a eu beaucoup de changements cette année.
決心[けっしん];今度[こんど]こそタバコをやめる決心[けっしん]をしました。;Je suis déterminé à arrêter de fumer cette fois.
会議[かいぎ];今日[きょう]の 午後[ごご]、 大[だい]事[じ]な 会[かい]議[ぎ]があります。;Il y a une réunion importante cet après-midi.
自由[じゆう];今日[きょう]は 自由[じゆう]な 時間[じかん]が 多[おお]い。;J'ai beaucoup de temps libre aujourd'hui.
食欲[しょくよく];今日[きょう]は 食欲[しょくよく]がありません。;Je n'ai pas d'appétit aujourd'hui.
会議室[かいぎしつ];会議室[かいぎしつ]は 閉[し]まっています。;La salle de réunion est fermée.
返す[かえす];図書館[としょかん]に 本[ほん]を 返[かえ]した。;J'ai rendu le livre à la bibliothèque.
寄る[よる];帰[かえ]りに 叔母[おば]の 家[いえ]に 寄[よ]ります りにの;Je vais passer chez ma tante sur le chemin du retour.
決める[きめる];帰[き]国[こく]することに 決[き]めました;J'ai décidé de retourner dans mon pays.
成長[せいちょう];庭[にわ]の 木[き]、 大[おお]きく 成長[せいちょう]したわね。;L'arbre dans le jardin a beaucoup grandi.
正確[せいかく];彼[かれ]の 計算[けいさん]は 正確[せいかく]です。;Son calcul est exact.
感心[かんしん];彼の上手い言い回しに感心した;J'ai été impressionné par ses efforts.
熱心[ねっしん];彼女[かのじょ]は４ 年間[ねんかん] 熱心[ねっしん]に 勉強[べんきょう]したわ。;Elle a étudié avec zèle pendant quatre ans.
退院[たいいん];彼女は入退院を繰り返している。;Elle a été admise et renvoyée de l'hôpital à plusieurs reprises.
招待[しょうたい];招待状の印刷はもう済んでいる。;Les invitations ont déjà été imprimées.
慣れる[なれる];新[あたら]しい 家[いえ]にはもう 慣[な]れましたか。;Est-ce que vous vous êtes déjà habitué à votre nouvelle maison ?
気候[きこう];日本[にっぽん]の 気候[きこう]は 温暖[おんだん]です。;Le climat au Japon est tempéré.
降る[ふる];明日[あす]は 雨[あめ]が 降[ふ]るでしょう。;Il va probablement pleuvoir demain (bientôt).
注目[ちゅうもく];私[わたし]たちはその 会社[かいしゃ]に 注目[ちゅうもく]している。;Nous observons cette entreprise.
信頼[しんらい];私[わたし]は 部下[ぶか]を 信頼[しんらい]しています;Je fais confiance à mes subordonnés.
銀行[ぎんこう];銀行[ぎんこう]は３ 時[じ]まで 開[あ]いています。;La banque est ouverte jusqu'à trois heures.
靴[くつ];靴[くつ]が 汚[きた]いです。;Mes chaussures sont sales.
答え[こたえ];あなたの 答[こた]えは 私[わたし]のとは 違[ちが]っている。;Votre réponse diffère de la mienne.
強まる[つよまる];あめ は だんだん つよまります;La pluie s'est progressivement renforcée.
玉[たま];かれ の かお に たま の よう な あせ が ながれて いた の;Des perles de sueur coulaient sur son visage.
二世[にせい];かれは、日けいアメリカ人二世の一人です。;Il fait partie de la deuxième génération d'Américains d'origine japonaise.
日の入り[ひのいり];きょう の ひのいり は ごご 6 じ でした;Aujourd'hui, le soleil s'est couché à 18h
建つ[たつ];ここ に らいねん いえ が たちます;Notre maison sera construite ici l'année prochaine.
文[ぶん];この ぶん は いみ が わかりません;Je ne comprends pas le sens de cette phrase.
何れ[どれ];この 中[なか]でどれが 好[す]きですか。;Parmi ceux-ci, lequel préférez-vous ? (3 ou plus)
出掛ける[でかける];しゅじん は もう でかけました;Mon mari est déjà sorti.
新入生[しんにゅうせい];しんにゅうせい 新入生が きょうしつ 教室へ はい 入ってきた。;A new student came into the class.
大水[おおみず];その とし この ちいき で は おおみず が ありました;Cette année-là, il y eut une inondation dans cette région.
休める[やすめる];つかれた からだ を やすめて ください;Veuillez reposer vos os fatigués.
赤ちゃん[あかちゃん];ベッドで 赤[あか]ちゃんが 眠[ねむ]っています。;Le bébé dort dans le lit.
向かい[むかい];むかい の せき が あいて います よ;Le siège d'en face est vacant.
字[じ];もっと 大[おお]きく 字[じ]を 書[か]いてください。;Veuillez écrire en plus gros caractères.
下がる[さがる];やっと 熱[ねつ]が 下[さ]がった。;Sa fièvre a fini par tomber.
体力[たいりょく];わかもの は たいりょく が あります ね;Les jeunes ont beaucoup d'endurance.
留守番[るすばん];わたし は るすばん の もの です;Je m'occupe de la maison.
上がる[あがる];わたしたち は にかい に あがった;Nous sommes montés au deuxième étage.
三人[さんにん];わたしには、きょうだいが三人います。;J'ai trois frères et soeurs.
才[さい];わたしは五才です。;J'ai cinq ans.
楽しむ[たのしむ];今日[きょう]は 一人[ひとり]の 時間[じかん]を 楽[たの]しみたい。;Aujourd'hui, je veux profiter un peu de temps pour moi. (Lit.: Aujourd'hui, je veux du temps seul pour me divertir.)
明るい[あかるい];今日[きょう]は 月[つき]が 明[あか]るいね！;La lune est brillante aujourd'hui, n'est-ce pas !
今日は[こんにちは];今日は、疲れ切って帰宅しました。;Je suis rentrée chez moi complètement épuisée aujourd'hui.
終わる[おわる];会議[かいぎ]は４ 時[じ]に 終[お]わります。;La réunion se termine à quatre heures.
何分[なんぷん];何分[なんぷん] 待[ま]つ 必要[ひつよう]がありますか;Combien de minutes d'attente sont nécessaire ?
何も[なにも];僕が何も言えないうちに彼は電話を切った。;Il a raccroché avant que je puisse dire quoi que ce soit.
先々月[せんせんげつ];先々月、キューバにりょこうにいきました。;J'ai fait un voyage à Cuba il y a un mois.
再来週[さらいしゅう];再来週[さらいしゅう]は 忙[いそが]しいです。;Je serai occupé dans deux semaines.
球[たま];彼[かれ]の 額[ひたい]には 玉[たま]のような 汗[あせ]が 浮[う]かんでいた。;Il y avait des gouttes de sueur sur son front.
色々[いろいろ];彼[かれ]はいろいろなことを 知[し]っている。;Il sait des choses variées (nombreuses).
良い[いい];彼女[かのじょ]はいい 友達[ともだち]です。;C'est une bonne amie.
元々[もともと];彼女[かのじょ]はもともとフランスに 行[い]くつもりだったの。;Elle avait à l'origine l'intention d'aller en France.
新幹線[しんかんせん];新幹線[しんかんせん]で 京都[きょうと]に 行[い]きました。;Je suis aller à Kyoto par le Shinkasen.
治す[なおす];早[はや]く 風邪[かぜ]を 治[なお]してください。;Remettez vous de votre rhume rapidement.
明後日[あさって];明後日[あさって] は[わ] 木曜日[もくようび]です。;Après-demain, c'est jeudi.
起こす[おこす];明日[あす]、６ 時[じ]に 起[お]こしてください。;Veuillez me réveiller demain à six heures.
花火[はなび];昨日[きのう]、 花火[はなび]を 見[み]に 行[い]ったよ。;Je suis allé voir des feux d'artifice hier.
次[つぎ]の;次の日曜日にはどこへ行きたいですか。;Où aimeriez-vous aller dimanche prochain ?
店[みせ];私[わたし]はこの 店[みせ]によく 来[き]ます。;Je viens dans ce magasin assez souvent.
集まる[あつまる];駅前[えきまえ]に 人[ひと]が 集[あつ]まっています。;Des gens se rassemblent devant la gare.
横断歩道[おうだんほどう];あそこに 横断[おうだん] 歩道[ほどう]があります。;Il y a un passage piétons là-bas.
イギリス人[イギリスじん];あの鼻すじの通ったイギリス人は、鼻にかかった声で話します。;Ce Britannique au nez droit parle d'une voix nasillarde.
本屋[ほんや];えきまえ に ほんや が あります;Il y a une librairie devant la gare.
作り方[つくりかた];おいしいマカロニチーズの作り方を教えてください。;S'il vous plaît, apprenez-moi à faire de délicieux macaronis au fromage.
足りない[たりない];お金が十円足りないんです。;Il me manque dix yens.
右側[みぎがわ];かのじょ は いつも わたし の みぎがわ を あるきます;Elle marche toujours à ma droite.
左側[ひだりがわ];がめん の ひだりがわ を みて ください;Veuillez regarder le côté gauche de l'écran.
目医者[めいしゃ];きのう目がいたくなって、目医者に行ったら、ものもらいだった。;Mon œil a commencé à me faire mal hier, je suis allé chez l'ophtalmologiste et c'était un orgelet.
鳴き声[なきごえ];きりんの鳴き声を聞いたことがありますか。;Avez-vous déjà entendu à quoi ressemble une girafe ?
生き生きと[いきいきと];こどもたち が いきいきと あそんで いる ね;Les enfants jouent vigoureusement.
水中[すいちゅう];この かめら なら すいちゅう の しゃしん が とれます ね;Avec cet appareil photo, vous pouvez prendre des photos sous-marines.
国内[こくない];この けいたい でんわ が つかえる の は こくない だけ です;Vous ne pouvez utiliser ce téléphone portable qu'à l'intérieur du pays.
若者[わかもの];さいきん の わかもの は ほん を よまない;Les jeunes de nos jours ne lisent pas de livres.
書き入れる[かきいれる];ジェーンは 申込書[もうしこみしょ]に 必要[ひつよう] 事項[じこう]を 書き入[かきい]れた。;Jane a rempli une demande.
秋分[しゅうぶん];しゅうぶん の ひ は まいとし くがつ にじゅうさんにちごろ です;Le jour de l'équinoxe d'automne est environ le 23 septembre de chaque année.
寝室[しんしつ];しんしつ の かべがみ を はりかえました;J'ai retapissé les murs de la chambre.
新年[しんねん];しんねん あけまして おめでとう ございます;Bonne année.
酒屋[さかや];そこ の さかやさん で びーる を かって きて;Allez acheter de la bière dans ce magasin d'alcools.
国々[くにぐに];そのマラソン 大会[たいかい]にはたくさんの 国々[くにぐに]から 選手[せんしゅ]が 集[あつ]まったよ。;Des athlètes de nombreux pays se sont rassemblés pour le marathon.
日本製[にほんせい];"その日本製の刀の柄には、美しい宝石が散りばめられている。|これ[;h] は 日本製[にっぽんせい;h] の テレビ[;a] です 。";La poignée de l'épée a été fabriquée au Japon et est parsemée de beaux bijoux. Il s'agit d'un téléviseur de fabrication japonaise.
ラテン音楽[ラテンおんがく];ダンサーたちは ラテンおんがく ラテン音楽の きょくもく 曲目の あいだ 間、 じつ 実に かっきづ 活気づいた。;Les danseurs s'aimaient vraiment pendant les cours de danse latines.
天[てん];てん から めぐみ の あめ が ふった ね;Une pluie bienvenue est tombée du ciel.
気になる[きになる];どうして 君[きみ]はそれを 信[しん]じる 気[き]になったのか。;Qu'est-ce qui vous a amené à le croire?
話し声[はなしごえ];となり の へや から はなしごえ が きこえます;J'entends des voix venant de la chambre d'à côté.
最悪[さいあく];なんとか さいあく の じたい を さける こと が できました;D'une manière ou d'une autre, nous avons réussi à éviter le pire des scénarios.
年末[ねんまつ];ねんまつ の せーる は いつも こんで いる ね;La vente de fin d'année est toujours bondée.
北海道[ほっかいどう];ぼくは、北海道で雪合せんをしたことがあります。;J'ai participé à des combats de boules de neige yukigassen à Hokkaido.
お兄ちゃん[おにいちゃん];ママー、 今[いま]あのおにいちゃんすごいころんだよー。;Maman, cet homme est tombé à plat sur son visage!
三百[さんびゃく];まんがを三百さつもっています。;J'ai trois cents mangas.
目薬[めぐすり];め が つかれた の で めぐすり を さした よ;Parce que mes yeux étaient fatigués, j'ai mis des gouttes pour les yeux.
日本酒[にほんしゅ];めずらしい にほんしゅ が て に はいりました;J'ai obtenu un saké inhabituel.
使い方[つかいかた];もう少し、言葉の使い方に気を付けた方がいいでしょ。;Vous devriez faire plus attention à la façon dont vous utilisez le langage.
酔っ払う[よっぱらう];ゆうべ は よっぱらいました;Je me suis saoulé hier soir.
スキー場[スキーじょう];ようやく 辿[たどりつ]りついた スキー場[スキーじょう]・・・ 雪[ゆき]が 雨[あめ]に 変[か]わっていた。;Nous sommes finalement arrivés au sommet de la piste de ski... la neige s'est transformée en pluie.
フランス語[フランスご];わたしのむすめは、フランス語もえい語も話せます。;Ma fille peut parler français et anglais.
夏日[なつび];今日[きょう]は、 今年[ことし] 初[はじ]めての 夏日[なつび]になった。;Aujourd'hui était le premier jour d'été de cette année.
何曜日[なんようび];何曜日[なんようび]に 休[やす]ますか？;Quels jours de la semaine se repose-t-on ?
例文[れいぶん];例文(れいぶん)を３つ作(つく)ってください。;Veuillez écrire trois exemples de phrases.
気にする[きにする];健康[けんこう]は 大切[たいせつ]だが、 気[き]にしすぎるのは 良[よ]くない。;La santé est importante, mais il n'est pas bon de trop s'en soucier.
お子さん[おこさん];"先生[せんせい;n3] の お子[おこ;h]さん は 今[いま;a] 中学生[ちゅうがくせい;n3,n4] です か 。";Votre enfant est maintenant au collège ?
別々に[べつべつに];別々[べつべつ]に 払[はら]います。;Nous payons séparément.
大きく[おおきく];大きくいきをついてください。;Veuillez expirer profondément.
妹さん[いもうとさん];妹[いもうと]さんはすぐに 海[うみ]へ 行[い]きますか？;Votre petite sœur va bientôt à la mer ?
弟さん[おとうとさん];弟さんは何歳ですか？;Quel age a ton petit frère ?
か国[かこく];彼[かれ]は ４か国語[よんかこくご]に 精通[せいつう]している。;Il parle couramment la langue de 4 pays.
世界中[せかいじゅう];彼[かれ]は 世界中[せかいじゅう]を 旅行[りょこう]した。;Il a voyagé partout dans le monde.
二十四日[にじゅうよっか];彼[かれ]は 二十四日[にじゅうよっか]に 働[はたら]きました。;Il a travaillé le 24.
名医[めいい];彼[かれ]は 名医[めいい]だそうだ。;On dit qu'il est un bon docteur.
南アメリカ[みなみアメリカ];彼[かれ]は２００ 人[にん]の 男[おとこ]を 連[つ]れて 南[みなみ]アメリカを 目指[めざ]してスペインを 出発[しゅっぱつ]した。;Il avait quitté l'Espagne pour l'Amérique du Sud avec 200 hommes.
アラビア語[アラビアご];彼女[かのじょ]は アラビア語[アラビアご]が 少[すこ]しわかる。;Elle parle un peu l'arabe.
同じような[おなじような];彼女[かのじょ]はあなたが 持[も]っているのと 同[おな]じようなかばんを 持[も]っている。;Elle a le même sac que vous.
連れて来る[つれてくる];息子[むすこ]が 友達[ともだち]を 連[つ]れて 来[き]ました。|むすこ が ともだち を つれて きました;Mon fils a amené un ami.
新入社員[しんにゅうしゃいん];新入社員[しんにゅうしゃいん]は 初[はじ]めての 失敗[しっぱい]をうまくいいぬけた。;Le nouvel employé a ignoré sa première erreur.
新年会[しんねんかい];新年会[しんねんかい]はとても 楽[たの]しかった。;Nous avons passé un très bon moment à une fête du Nouvel An.
お知らせ[おしらせ];状況[じょうきょう]を お知[おし]らせください。;S'il vous plaît, laissez-moi informé sur la situation.
持ち歩く[もちあるく];私[わたし]は お金[おかね]をあまり 持ち歩[もちある]かない。;Je ne porte pas beaucoup d'argent sur moi.
今でも[いまでも];私[わたし]は 今[いま]でも 彼女[かのじょ]の 名前[なまえ]を 覚え[おぼえ]ている。;Encore aujourd'hui, je me souviens de son nom.
十四日[じゅうよっか];私[わたし]は 十四日[じゅうよっか]に 休[やす]んでいます。;je suis au repos le 14.
和食[わしょく];私[わたし]は 和食[わしょく]が 好[す]きです。;J'aime la cuisine japonaise.
日本語[にほんご];私[わたし]は 少[すこ]し 日本語[にほんご]を 話[はな]します。;Je parle un peu japonais.
父[ちち];私[わたし]は 父[ちち]が 大好[だいす]きです。;J'aime mon père.
ゴルフ場[ゴルフじょう];私[わたし]はクラブかゴルフ 場[じょう]で 時[とき]たま 彼[かれ]に 出会[であ]う。;Je le rencontre parfois au club ou au golf.
連れて行く[つれていく];私[わたし]も 連[つ]れて 行[い]ってください。;S'il vous plaît, accompagnez-moi aussi.
何月[なんがつ];貴方[あなた]の 誕生日[たんじょうび]は 何月[なんがつ] 何日[なんにち]ですか。;A quel mois et à quel jour a lieu ton anniversaire?
通行人[つうこうにん];追い剥[おいはぎ]ぎが 通行人[つうこうにん]から 金[かね]を 奪[うば]った。;Un voleur a dérobé l'argent d'un pièton.
どの位[どのぐらい];雨[あめ]はどのくらい 降[お]りますか。;"Combien de temps environ la pluie va-t-elle tomber ? ;"
音楽会[おんがくかい];音楽会[おんがくかい]は 入[はい]りがよかった。;L'audiance du concert était bien fournie.
旅行社[りょこうしゃ];"駅[えき;a] の 近[ちか;n2,a]く の 旅行社[りょこうしゃ;n2] は とても[;h] 親切[しんせつ;a] です 。";L'agence de voyage près de la gare est vraiment gentille.
商店街[しょうてんがい];駅前[えきまえ]に 大[おお]きな 商店街[しょうてんがい]がある。;Il y a un grand quartier commerçant devant la gare.
背中[せなか];「 私[わたし]の 背中[せなか]に 乗[の]りなさい」と 言[い]った。;Monte sur mon dos a-t-il dit.
と言う本[というほん];「パンドラ・アイランド」と言う本を読みます。;Je vais lire un livre intitulé « L'Île de Pandore ».
円[えん];１０００円さつが　テーブルの　上に　ある。;Il y a un billet de 1.000 yens sur la table.
年[ねん];10年[じゅうねん]は 長[なが]い 時間[じかん]です。;10 ans, c'est une longue durée.
九日[ここのか];１１月[じゅういちがつ] ９日[ここのか]にスピーチコンテストがありました。;Le 9 novembre, il y a eu un concours d'éloquence.
間[かん];１時間半かかりますよ;Cela va prendre une heure et demie.
以内[いない];２ 万[まん] 円[えん] 以内[いない] の 時計[とけい] を 買[か]いたい です 。;Je veux acheter une montre dans les 20.000 yens.
二十七日[にじゅうしちにち];2月27日は一日中フリーよ。;Je suis libre toute la journée du 27 février.
二十八日[にじゅうはちにち];2月は28日しかない。;Le mois de février ne compte que 28 jours.
開く[ひらく];３２ページを 開[ひら]いてください。;Ouvrez la page 32.
十日[とおか];３月[さんがつ] １０日[とおか]までに、 予約[よやく]を 確認[かくにん]して 下[くだ]さい。;Veuillez confirmer la réservation avant le 10 mars.
十一日[じゅういちにち];3月11日に未曾有の大震災が発生した。;Un séisme sans précédent a frappé le 11 mars.
二十一日[にじゅういちにち];3月21日は国際人種差別撤廃デーです。;Le 21 mars est la Journée internationale pour l'élimination de la discrimination raciale.
万[まん];5 万[まん] 円[えん] 払[はら]う。;Je paye 50.000 yens.
五百[ごひゃく];567/五百六十七;cinq cent soixante-sept
時間[じかん];5時間に海にいました。;J'étais en mer pendant 5 heures.
小人[しょうにん];５歳[ごさい] 未満[みまん]の 小人[しょうにん]は、 入場料[にゅうじょうりょう]は 要[い]りません。;Il n'y a pas de frais d'admission pour les enfants de moins de cinq ans.
時[じ];8時です。;Il est 8h.
三十一日[さんじゅういちにち];8月は31日あります。;Le mois d'août compte 31 jours.
分かりました[わかりました];ああ、そうですか。分かりました。;Ah, oui ? Je comprends.
ああ良かった[ああよかった];ああ良かった;Oh, c'est bien.
寺[てら];あそこに 古[ふる]いお 寺[てら]があります。;Il y a un vieux temple là-bas.
鳥[とり];あそこにきれいな 鳥[とり]がいます。;Il y a un bel oiseau là-bas.
交番[こうばん];あそこの 交番[こうばん]で 道[みち]を 聞[き]きましょう。;Allons demander notre chemin à ce poste de police, là-bas.
年[とし];あたらしい  年[とし] が はじまりました;Une nouvelle année a commencé.
電話[でんわ];あとで 電話[でんわ]します。;Je t'appellerai plus tard.
待つ[まつ];あなたが 来[く]るのを 待[ま]っています。;J'attends que vous veniez.
名前[なまえ];あなたの 名前[なまえ]を 教[おし]えてください。;S'il vous plait, dites moi votre nom.
話[はなし];あなたの 話[はなし]は 面白[おもしろ]いね。;Votre histoire est intéressante.
何番[なんばん];あなたの 電話番号[でんわばんごう]は 何番[なんばん]ですか ？;Quel est votre numéro de telephone ?
寒い[さむい];あなたの部屋は寒いですか？;Votre chambre est-elle froide ?
英語[えいご];あなたは 英語[えいご]が 話[はな]せますか。;Pouvez-vous parler anglais ?
旅[たび];あね は よく たび を します;Ma grande soeur voyage souvent.
大きい[おおきい];あの 大[おお]きい 建物[たてもの]は 何[なん]ですか。;Quel est ce grand bâtiment ?
女の子[おんなのこ];あの 女[おんな]の 子[こ]を 知[し]っていますか。;Connaissez-vous cette fille?
小さな[ちいさな];あの 小[ちい]さなネズミ 見[み]た？;As-tu vu cette petite souris ?
あのう、お願いがあるんですが[あのうおねがいがあるんですが];あのう、お願いがあるんですが。;Euh, j'ai une faveur à vous demander.
音[おと];あめ の おと が きこえる;Je peux entendre le bruit de la pluie.
実は[じつは];あれ は じつは わたし の かんちがい でした;Pour dire la vérité, c'était mon malentendu.
いい事ですね[いいことですね];いい事ですね;C'est super!
田[た];いま は た に みず を いれる きせつ です;C'est maintenant la saison où les rizières sont remplies d'eau.
始まり[はじまり];いよいよ げき の はじまり です ね;La pièce est sur le point de commencer.
入り口[いりぐち];いりぐち は むこう です;L'entrée est en face.
比べる[くらべる];いろいろな店で値段を比べた。;J'ai comparé les prix dans différents magasins.
牛[うし];うし が くさ を たべて います;La vache mange de l'herbe.
中[ちゅう];うち の こ の しんちょう は くらす で ちゅう くらい です;Mon enfant est de taille moyenne en classe.
来[らい];うちの姉ちゃん、来年の春結婚するんだ。;Ma sœur aînée se marie au printemps prochain.
家族[かぞく];うちは 五[ご] 人[にん] 家族[かぞく]です。;Nous sommes une famille de cinq personnes.
思わず[おもわず];うれしくて おもわず なみだ が でました;J'étais si heureux que j'ai soudainement fondu en larmes.
お前[おまえ];お 前[まえ]の 言[い]うことは 信[しん]じられない。;Je ne peux pas croire ce que vous dites.
お母さん[おかあさん];お 母[かあ]さんによろしくお 伝[つた]えください。;Veuillez passer le bonjour à votre mère.
台所[だいどころ];お 母[かあ]さんは 台所[だいどころ]にいます。;Mère est dans la cuisine.
お父さん[おとうさん];お 父[とう]さんは 会社[かいしゃ] 員[いん]です。;Son père est un employé d'entreprise.
力[ちから];お 相撲[すもう]さんは、みんな 力[ちから] 持[も]ちだ。;Les vénérés lutteurs de sumo possèdent tous la puissance.
気持ちが悪い[きもちがわるい];お 酒[さけ]を 飲[の]み 過[す]ぎて 、 気持[きも]ちが 悪[わる]いです。;J'ai bu trop d'alcool et maintenant je me sens malade.
足りる[たりる];お 金[かね]が 足[た]りなくて 買[か]えなかった。;Puisque mon argent n'étais pas suffisant, je ne pouvais pas l'acheter.
十分[じゅうぶん];お 金[かね]はまだ 十分[じゅうぶん]あります。;Il y a encore assez d'argent.
半分[はんぶん];おかし を ともだち に はんぶん あげた;J'ai donné la moitié des bonbons à un ami.
分ける[わける];おかし を みんな で わけました;Nous avons partagé les bonbons avec tout le monde.
亡くなる[なくなる];おととい、 昔[むかし]の 友人[ゆうじん]が 亡[な]くなった。;Leur vieil ami est mort avant-hier.
社長[しゃちょう];おばは 小[ちい]さな 会社[かいしゃ]の 社長[しゃちょう]です。;Ma tante est le président d'une petite entreprise.
一時[いちじ];おみせ は いちじ きゅうぎょう に なった ん だ;Le magasin a été temporairement fermé.
お元気でいらっしゃいますか[おげんきでいらっしゃいますか];お元気でいらっしゃいますか;comment allez-vous ? (respectueux)
お引き出しですか[おひきだしですか];お引き出しですか;Voulez-vous faire un retrait
お昼[おひる];お昼は家に帰ってから食べるよ。;Je déjeunerai en rentrant à la maison.
何でも[なんでも];お母さんが何でもしてあげるから。;Maman ferait n'importe quoi pour toi.
お茶[おちゃ];お茶でも飲みませんか。;Voulez-vous prendre du thé ?
茶[ちゃ];お茶を飲みませんか。;Ne boiriez-vous pas du thé ?
語学[ごがく];かいがい で ごがく の べんきょう を します;Je vais étudier une langue à l'étranger.
五十[ごじゅう];かいてんずしで、五十さらたべた。;J'ai mangé cinquante assiettes à sushi sur tapis roulant.
冬[ふゆ];カナダの 冬[ふゆ]はとても 寒[さむ]いです。;Les hivers canadiens sont très froids.
生まれ[うまれ];かのじょ は きょうと の うまれ です;Elle est née à Kyoto.
金[きん];かのじょ は きん の ねっくれす を して います;Elle porte un collier en or.
三[さん];かのじょ は さんにん の こども の ははおや だ;Elle est mère de trois enfants.
何で[なんで];かのじょ は なんで こないん だろう;Je me demande pourquoi elle n'est pas venue.
聞く[きく];かのじょ は らじお を きいて います;Elle écoute la radio.
文字[もじ];かべ に もじ が かいて あった;Il y avait une écriture sur le mur.
六[ろく];かれ に は こども が ろくにん います;Il a six enfants.
父親[ちちおや];かれ の ちちおや は せんせい です 。;Son père est enseignant.
住む[すむ];かれ は かいしゃ の ちかく に すんで いる;Il habite près de son entreprise.
当てる[あてる];かれ は くじびき で いっとう しょう を あてた よ;Il a remporté le premier prix de la loterie.
向ける[むける];かれ は じょうし に いかり の め を むけた ん だ よ;Il regarda furieusement son patron.
間[ま];かれ は すこし ま を おいて から へんじ した;Il a répondu après une courte pause.
違いない[ちがいない];かれ は せいこう する に ちがいない わ;Il réussira certainement.
地[ち];かれ は その ち で のこり の しょうがい を すごした ん だ;Il a passé le reste de sa vie dans cet endroit.
名[な];かれ は な の とおった かいしゃ に しゅうしょく しました;Il a trouvé un emploi dans une entreprise bien connue.
能力[のうりょく];かれ は のうりょく の ある しゃいん です;C'est un employé plein de ressources.
流れ[ながれ];かわ の じょうりゅう は ながれ が はやい よ;La rivière coule rapidement en amont.
一日[いちにち];きのうは一日テストのべんきょうをしていました。;J'étudiais pour le test toute la journée d'hier.
夏休み[なつやすみ];きょう が なつやすみ さいご の ひ だ;Aujourd'hui est le dernier jour des vacances d'été.
知らせ[しらせ];きょう ごうかく の しらせ を もらいました;Aujourd'hui, j'ai reçu un avis que j'ai passé.
国語[こくご];きょう の いちじかんめ は こくご です;La première classe aujourd'hui est le japonais.
痛い[いたい];きょう は あたま が いたい です;J'ai mal à la tête aujourd'hui.
二人[ふたり];きょう は つま と ふたり で しょくじ を します;Aujourd'hui, je dîne avec ma femme, rien que nous deux.
二番[にばん];き末しけんで、学年で二番になりました。;J'ai obtenu la deuxième place aux examens finaux de mon année.
売り場[うりば];くつ 売[う]り 場[ば]はどこですか。;Où est le rayon des chaussures ?
雪[ゆき];クリスマスに 雪[ゆき]が 降[ふ]りました。;Il a neigé à Noël.
黒[くろ];くろ の ぼーるぺん は あります か;Avez-vous un stylo noir?
困る[こまる];ケータイをなくして 困[こま]っています。;J'ai perdu mon téléphone cellulaire et je suis embêté.
治る[なおる];けがはもう 治[なお]りましたか。;Votre blessure est-elle déjà guérie ?
止まる[とまる];けさ じこ で でんしゃ が とまりました;Le train s'est arrêté ce matin à cause d'un accident.
ご主人[ごしゅじん];ご 主人[しゅじん]はお 元気[げんき]ですか。;Comment va votre mari ?
集まり[あつまり];ごく 内輪[うちわ]の 集[あつ]まりなのです。;C'est une réunion plutôt informelle.
法[ほう];こくみん は ほう に したがわなければ ならない よ;Les citoyens doivent respecter la loi.
家[いえ];ここが 私[わたし]の 家[いえ]です。;Ici, c'est ma maison.
見える[みえる];ここから 富士山[ふじさん]がよく 見[み]えます。;Vous pouvez bien voir le Mont Fuji d'ici.
心配[しんぱい];ここで待ってるから、心配すんな。;Je vais attendre ici, alors ne t'inquiète pas.
切手[きって];ここに 切手[きって]を 貼[は]ってください。;Veuillez coller votre timbre ici.
青い[あおい];ここの 海[うみ]はとても 青[あお]い。;La mer ici est très bleue.
向く[むく];こっち を むいて ください;Veuillez tourner dans cette direction.
三つ[みっつ];コップを 三[みっ]つ買いました。;J'ai acheté trois verres.
覚ます[さます];こども が め を さました;L'enfant s'est réveillé.
五[ご];ごにん で りょこう に いきました;Nous sommes allé à cinq en voyage.
切る[きる];この かみ を はんぶん に きって ください;Veuillez couper ce papier en deux.
合う[あう];この くつ は わたし の あし に 合[あ]って いる;Ces chaussures conviennent à mes pieds.
自動[じどう];この どあ は じどう よ;Cette porte est automatique.
通り[とおり];この とおり は にぎやか です ね;Cette rue est animée, n'est-ce pas ?
組む[くむ];この ぷろじぇくと で わたし は かれ と くんで いる ん だ;Je fais équipe avec lui pour ce projet.
解く[とく];この もんだい を とけます か;Pouvez-vous résoudre cette question?
何[なに];この 学生[がくせい]は 何[なに]を 書[か]きましたか。;Qu'est-ce que cet étudiant à écrit ?
川[かわ];この 川[かわ]は あの 川[かわ]の ３倍[さんばい] 長[なが]いです。;Cette rivière-ci est trois fois plus longue que celle-là.
安い[やすい];この 服[ふく]はとても 安[やす]かった。;Ces vêtements étaient très bon marché.
犬[いぬ];この 犬[いぬ]はとても 静[しず]かです。;Ce chien est très calme.
番号[ばんごう];この 番号[ばんごう]に 電話[でんわ]してください。;Veuillez téléphoner à ce numéro, svp. 
に取って[にとって];この 証拠[しょうこ]は 彼[かれ]にとって 不利[ふり]だった。;Cette preuve était contre lui.
この間[このあいだ];この 間[あいだ] かのじょ に あった;Je l'ai rencontrée dernièrement.
重い[おもい];このかばんは 重[おも]いです。;Ce sac est lourd.
四百[よんひゃく];このしりょうを四百枚コピーしてください。;Veuillez faire quatre cents copies de ce document.
計る[はかる];このドアの 高[たか]さを 測[はか]ってください。;Veuillez mesurer la hauteur de cette porte.
引く[ひく];このドアは 引[ひ]いてください。;Veuillez tirer pour ouvrir cette porte.
切れる[きれる];このはさみはよく 切[き]れますね。;Ces ciseaux coupent bien.
使う[つかう];このパソコンを 使[つか]ってください。;Veuillez utiliser cet ordinateur.
人気[にんき];このバンドはとても 人気[にんき]があるよ。;Ce groupe est très populaire.
新聞社[しんぶんしゃ];このビルは 新聞[しんぶん] 社[しゃ]です。;Ce bâtiment est une agence de presse.
二万[にまん];このぶどうは二万円もしました。;Ces raisins coûtaient 20 000 yens !
茶わん[ちゃわん];この大きい茶わんは誰のですか。;À qui appartient ce grand bol ?
席[せき];この席は空いていますか。;Ce siège est-il libre (vide) ?
十七日[じゅうしちにち];この年の正月は十四日から十七日まで四日間の雪を見た。;Cette année-là, nous avons eu de la neige pendant quatre jours, du 14 au 17 janvier.
食料品[しょくりょうひん];この店の 食[しょく]料[りょう]品[ひん]は安いです。;Les produits alimentaires de ce magasin sont bon marché.
を下さい[をください];この手紙を受け取ったらすぐに私に電話を下さい。;Veuillez m'appeler dès que vous recevrez cette lettre.
石[いし];この教会は石でできている。;Cette église est construite en pierre.
西[にし];この町は東京の西にある。;Cette ville est située à l'ouest de Tokyo.
一万[いちまん];この靴は1万円です。;Ces chaussures sont à 10 000 yens.
本物[ほんもの];これ は ほんもの の だいやもんど です;C'est un vrai diamant.
これで終わる[これでおわる];これで終わる;C'est la fin.
社会[しゃかい];これは 大[おお]きな 社会[しゃかい] 問題[もんだい]になっている。;C'est en train de devenir un gros problème social. 
葉[は];これは 桜[さくら]の 葉[ハ]です。;C'est une feuille de cerisier.
最近[さいきん];これは 私[わたし]が 最近[さいきん]あなたに 話[はな]した 本[ほん]です。;C'est le livre dont je t'ai parlé récemment.
最高[さいこう];これまで で さいこう の けっか が でた よ;J'ai obtenu mes meilleurs résultats jusqu'à présent.
ご注文は[ごはちゅうもんは];ご注文は何にしますか。;Que souhaitez-vous commander ?
ご飯[ごはん];ご飯がおいしい。;Le repas est bon.
共に[ともに];さいご まで ともに がんばりましょう;Faisons de notre mieux jusqu'au bout.
計[けい];さんにんぶん の だいきん は けい ろくせんえん です;Le coût pour trois personnes est de 6000 yens au total.
多くの[おおくの];ジーンズは多くの人がよく履いている。;Les jeans sont couramment portés par de nombreuses personnes.
ジェット機[ジェットき];じぇっとき が とんで いる;L'avion à réaction vole.
少々[しょうしょう];しお を しょうしょう いれて ください;Merci de mettre un peu de sel.
何[なん];しつもん は なん です か;Quelle est la question ?
赤[あか];しんごう が あか に かわりました;Le feu est passé au rouge.
単に[たんに];しんぱい しない で たんに ねむい だけ です;Ne vous inquiétez pas, j'ai simplement sommeil.
百[ひゃく];スーパーマーケットはここから700メートルです。;Le supermarché est à 700 m d'ici.
消える[きえる];すぐに、 電気[でんき]が 消[き]えた。;La lumière s'est éteinte immédiatement.
下げる[さげる];すこし おんりょう を さげて ください;S'il vous plaît baissez un peu le volume.
地下[ちか];スタジオは 地下[ちか]にあります。;Le studio est au sous-sol.
痛み[いたみ];せなか に いたみ が あります;J'ai mal au dos.
回り[まわり];せんせい の まわり に あつまって ください 。;Rassemblez-vous autour de moi maintenant.
曲がる[まがる];そこ を ひだり に まがって ください;Là-bas, veuillez y tourner à gauche.
工業[こうぎょう];そこは 工業[こうぎょう] 都市[とし]だ。;C'est une ville industrielle.
風[かぜ];そこも風が強い。;Il y a aussi beaucoup de vent là-bas.
左[ひだり];そこを 左[ひだり]に 曲[ま]がってください。;S'il vous plaît, tournez là, à gauche.
品[しな];そちら の しな は はんがく に なって います;Ces biens sont à moitié prix.
七[しち];その ぐるーぷ の めんばー は ぜんぶ で  七[しち]にん だ;Il y a sept membres du groupe en tout.
中古[ちゅうこ];その くるま は ちゅうこ で かった ん だ;J'ai acheté cette voiture d'occasion.
週[しゅう];その つぎ の しゅう は あいてます か;Êtes-vous libre la semaine suivante ?
見せる[みせる];その 写真[しゃしん]を 見[み]せてください。;Veuillez me montrer cette photo.
人口[じんこう];その 国[くに]の 人口[じんこう]はどのくらいですか。;De combien environ est la population de ce pays ?
子[こ];その 子[こ]は 日本語[にほんご]が 分[わ]からない。;Cet enfant ne comprend pas le japonais.
品物[しなもの];その 店[みせ]はいろいろな 品物[しなもの]を 売[う]っている。;Le magasin vend toute sorte de produits.
歌手[かしゅ];その 歌手[かしゅ]は 歌[うた]が 下手[へた]だ。;Ce chanteur n'est pas doué pour le chant.
本当[ほんとう];その 話[はなし]は 本当[ほんとう]ですか。;Cette histoire est-elle vraie ?
飛び出す[とびだす];そのスピードを 出[だ]した 車[くるま]は 道路[どうろ]に 飛び出[とびだ]した 子供[こども]を、 間一髪[かんいっぱつ]で、 避[さ]けることができた。;Un voiture à grande vitesse est soudainement apparu devant l'enfant qui a pu l'évité d'un cheveux.
女性[じょせい];そのパーティーに 女性[じょせい]は 何[なん] 人[にん] 来[き]ますか。;Combien de femmes viennent à la fête ?
注意[ちゅうい];そのビンを落とさないように注意しなさい。;Faites attention à ne pas laisser tomber cette bouteille.
二[に];その人には二回会った。;J'ai rencontré cette personne deux fois.
病気[びょうき];そふ が びょうき に なった;Mon grand-père est tombé malade.
事実[じじつ];それ は すべて じじつ です か;Est-ce que tout est vrai ?
そろそろ失礼します[そろそろしつれいします];それではそろそろ失礼します。;Eh bien, je vous laisse.
二日[ふつか];それは １週間[いっしゅうかん] 前[まえ]、 ４月[しがつ] ２日[ふつか]に ありました。;C'était il y a une semaine, le 2 avril.
半[はん];それはケーキの 半分[はんぶん]です。;Cela fait la moitié du gateau.
出会い[であい];それはドラマのような 出会[であ]いだった。;Notre rencontre ressemblait à une série télévisée.
大丈夫[だいじょうぶ];だいじょうぶ です か;Êtes-vous ok?
行く[いく];タクシーで病院に行った。;Je suis allé à l’hôpital en taxi.
下ろす[おろす];たな から その はこ を おろして ください|彼[かれ]は 車[くるま]から 荷物[にもつ]を 降[お]ろした。;Il a déchargé les bagages de la voiture.
悪い[わるい];タバコは 体[からだ]に 悪[わる]い。;Les cigarettes sont mauvaises pour le corps.
男子[だんし];だんし は こっち に ならんで;Les garçons font la queue ici.
大[だい];ちーずけーき の だい を ひとつ ください;S'il vous plaît, donnez-moi une part du gâteau au fromage de grande taille.
を見せて[をみせて];チケットを見せてください。;Veuillez me montrer votre billet.
悲しむ[かなしむ];ちち は ともだち の し を かなしんで います;Mon père est en deuil à cause de la mort de son ami.
急行[きゅうこう];ちょうど 急行[きゅうこう] 電車[でんしゃ]が 来[き]た。;Le train express vient tout juste d'arriver.
見せて[みせて];ちょっと見せてくださいね。;Montrez-moi un instant, d’accord ?
方[かた];つぎ の かた どうぞ;Personne suivante, je vous prie.
土[つち];つち を ほって き を うえました;J'ai creusé le sol et planté un arbre.
出来るだけ[できるだけ];できるだけ 早[はや]く 来[き]てください。;S'il vous plaît venez le plus tôt possible.
取る[とる];てすと で いい てん を とった;J'ai pris une bonne note au test.
始める[はじめる];テストを 始[はじ]めてください。;Veuillez commencer le test, svp. 
女[おんな];てんいん は わかい  女[おんな] の ひと でした;La vendeuse était une jeune femme.
どうぞお元気で[どうぞおでげんきで];どうぞお 元気で;Prenez soin de vous.
どうぞお上がり[どうぞおあがり];どうぞお上がりください。;Veuillez entrer.
時[とき];とき の たつ の は はやい;Le temps passe vite.
鳴く[なく];どこか で ねこ が 鳴[な]いている;Un chat miaule quelque part.
気づく[きづく];トムの行動に気づく人はいないと思う。;Je ne pense pas que quiconque remarquera ce que fait Tom.
二十九日[にじゅうきゅうにち];トムは、2月29日に生まれました。;Tom est né le 29 février.
運転[うんてん];トムはホテルのエレベーターの運転手と親しくなりました。;Tom s'est lié d'amitié avec le conducteur d'ascenseur de l'hôtel.
日[ひ];なつ は ひ が ながい;Les journées sont longues en été.
島[しま];にっぽん は しまぐに です;Le Japon est une nation insulaire.
卵[たまご];ニワトリは 卵[たまご]を 産[う]みます。;Les poules pondent des œufs.
ねつを出す[ねつをだす];ねつを出す;Développer de la fièvre
年間[ねんかん];ねんかん ごまんにん が ここ を おとずれます;Cet endroit reçoit 50 000 visiteurs par an.
飛行場[ひこうじょう];バス が  飛行場[ひこうじょう] に つきました;Le bus est arrivé à l'aérodrome.
十万[じゅうまん];パチンコで十万円かちました。;J'ai gagné cent mille yens au pachinko.
贈る[おくる];はは に はな を おくった;J'ai offert des fleurs à ma mère.
食う[くう];はらいっぱい くった;J'ai mangé avec appétit.
火[ひ];ひ を けして;Éteins le feu.
でも飲みませんか[でものみませんか];ビールでも飲みませんか。;Que diriez-vous d'aller boire une bière ?
例[れい];ひとつ れい を あげて ください;Veuillez donner un exemple.
ひと言よろしいでしょうか[ひとことよろしいでしょうか];ひと言よろしいでしょうか;Puis-je dire quelques mots ?
四千[よんせん];フォロワーが四千人になりました。;J'ai atteint quatre mille followers.
から来ました[からきました];フランスから 来[き]ました。;Je viens de France.
生まれる[うまれる];フランスで 生[う]まれるのはチャンスです。;Être né en France est une chance.
物[もの];フランスでナイフとフォークでは 食[た]べるものだ。;En France, le couteau et la fourchette sont les objets avec lesquels on mange.
あ、行けない[あ、いけない];べんきょう を なまけて は いけない よ;Vous ne devriez pas négliger vos études.
投げる[なげる];ぼーる を こっち に なげて ください;S'il vous plaît, lancez la balle ici.
当たる[あたる];ボールが 彼[かれ]の 頭[あたま]に 当[あ]たった。;La balle lui a frappé la tête.
ほとんど変わりませんね[ほとんどかわりませんね];ほとんど変わりませんね;Il n'y a pratiquement aucune différence.
今回[こんかい];まあ 今回[こんかい]は 許[ゆる]してあげよう。;Eh bien, je vais vous pardonner cette fois.
通学[つうがく];まいあさ つうがく に いちじかん かかる;Il me faut une heure pour aller à l'école tous les matins.
泳ぎ[およぎ];マイケルは魚よりも泳ぎが上手です。;La nage de Michael est meilleure que celle des poissons !
毎年[まいねん];まいねん きゅうりょう が あがる;Mon salaire augmente chaque année.
未だ未だ[まだまだ];まだまだかかりますか？;Ça va encore prendre pas mal de temps ?
万一[まんいち];まんいち の ため に ほけん に はいった の;J'ai souscrit une assurance pour les urgences.
みたいにして;みたいにして;Comme ça
生きる[いきる];みんな 一生懸命[いっしょけんめ] 生[い]きている。;Ils vivent tous du mieux qu'ils peuvent.
皆[みんな];みんなにお 菓子[かし]をあげましょう。;Donnons à tout le monde des bonbons.
中学[ちゅうがく];むすこ は ちゅうがく に かよって います;Mon fils va au collège.
見つかる[みつかる];めがね が みつかりません;Mes lunettes sont introuvables.
一回[いっかい];もう一回、言ってください。;S'il vous plaît, dites-le une fois de plus.
もう一度[もういちど];もう一度見せてください。;Montrez-moi encore une fois.
広がる[ひろがる];りゅうがく して から わたし の せかい が ひろがった;Mon monde s'est élargi après mes études à l'étranger.
思い出[おもいで];りょこう で たのしい おもいで が できました;J'ai fait de merveilleux souvenirs pendant mon voyage.
八[はち];りんご を はちこ ください;S'il vous plaît, donnez-moi huit pommes.
レポートを出す[レポートをだす];レポートを出 来週の月曜日までにレポートを出してください。;Veuillez rendre votre rapport d'ici lundi prochain.
北[きた];ロシアは 日本[にっぽん]の 北[きた]にあります。;La Russie est au nord du Japon.
文学[ぶんがく];ロシア文学の翻訳をやっています。;Je fais de la traduction de la littérature russe.
私[わたくし];わたくしもです！;Moi aussi! (formel)
青[あお];わたし の すき な いろ は あお です;La couleur que je préfère est le bleu.
歯[は];わたし の は は じょうぶ です;Mes dents sont robustes.
下着[したぎ];わたし は したぎ を て で あらう;Je lave mes sous-vêtements à la main.
学ぶ[まなぶ];わたし は てつがく を まなんで います;J'étudie la philosophie.
別に[べつに];わたし は べつに き に なりません;Je ne suis pas particulièrement anxieux.
２、３日[にち];わたしたち は せんげつ じゅういち にち に けっこん しました;Nous nous sommes mariés le mois dernier le 11.
日[にち];わたしたち は せんげつ じゅういち にち に けっこん しました;Nous nous sommes mariés le mois dernier le 11.
一月[いちがつ];わたしは一月にかんじを千こおぼえました。;J'ai appris mille kanji en janvier.
一つ[ひとつ];一つだけ 忘[わす]れました。;Je n'ai oublié qu'une chose. 
一[いち];一時　です。;Il est une heure.
一日[ついたち];一月一日は何をしていましたか？;Que faisiez-vous le 1er janvier ?
七つ[ななつ];七つの海の名前は何ですか。;Quels sont les noms des sept mers ?
上[うえ];上[うえ]を 見[み]て。;Regardes au-dessus.
十九日[じゅうきゅうにち];二月二十九日;29 février
五日[いつか];五月五日は子供の日だ。;Le 5 mai est la Journée des enfants.
旅館[りょかん];京都[きょうと]では 旅館[りょかん]に 泊[と]まりました。;J'ai séjourné dans une auberge à Kyoto.
多い[おおい];京都[きょうと]にはお 寺[てら]が 多[おお]い。;A Kyoto, les temples sont nombreux.
悪口[わるくち];人[ひと]の 悪口[わるぐち]を 言[い]うのは、やめよう。|かれ は けっして ひと の わるくち を いわない の;Arrêtons de dire du mal des gens. Il ne dit jamais du mal des gens.
十五日[じゅうごにち];人の噂も七十五日。;Les rumeurs ne durent que 75 jours.
時半[じはん];今、六時半です。;Il est six heures et demie maintenant.
向かう[むかう];今[いま]、 会社[かいしゃ]に 向[む]かっています。;Je me dirige vers le bureau en ce moment.
作る[つくる];今[いま]、 朝[あさ]ご 飯[はん]を 作[つく]っています。;Je fais le petit déjeuner maintenant.
時代[じだい];今[いま]は 便利[べんり]さとスピードの 時代[じだい]だ。;Maintenant, c'est l'ère de la commodité et de la rapidité.
今いいでしょうか[いまいいでしょうか];今いいでしょうか;Est-ce le bon moment ?
行けない[いけない];今は行けないんだ。;Je ne peux pas y aller maintenant.
城[しろ];今回[こんかい]の 旅行[りょこう]ではヨーロッパの 城[しろ]を 見[み]て 回[まわ]ります。;Je vais visiter quelques châteaux européens lors de ce voyage.
今夜[こんや];今夜[こんや]は 月[つき]がとてもきれいです。;La lune est très belle ce soir.
月[つき];今夜[こんや]は 月[つき]がとてもきれいです。;La lune est si belle ce soir.
売れる[うれる];今年[ことし]の 夏[なつ]はクーラーがよく 売[う]れた。;Les climatiseurs se sont bien vendus bien cet été.
少ない[すくない];今年[ことし]は 雨[あめ]が 少[すく]ないです。;Cette année, il n'y a pas beaucoup de pluie.
今年[ことし];今年[ことし]はイタリアに 旅行[りょこう]したい。;Je veux voyager en Italie cette année.
位[い];今年は何位だろう？;Je me demande où je vais me classer cette année.
今度[こんど];今度[こんど]はどこに 行[い]きたいですか。;Où voulez-vous aller cette fois ?
大事[だいじ];今日[きょう]の 午後[ごご]、 大事[だいじ]な 会議[かいぎ]があります。;Il y a une réunion importante (sérieuse, majeure) cet après-midi.
新聞[しんぶん];今日[きょう]の 新聞[しんぶん]、どこに 置[お]いた？;Où avez-vous mis le journal d'aujourd'hui ?
今日[きょう];今日[きょう]は 仕事[しごと]がありません。;Je n'ai pas de travail aujourd'hui.
休み[やすみ];今日[きょう]は 休[やす]みです。;Aujourd'hui est un jour ferié.
具合[ぐあい];今日[きょう]は 体[からだ]の 具合[ぐあい]が 悪[わる]いです。;Je ne me sens pas en bonne condition aujourd'hui.
天気[てんき];今日[きょう]はいい 天気[てんき]ですね。;Il fait beau aujourd'hui.
着る[きる];今日[きょう]はスーツを 着[き]ています。;Aujourd'hui je porte un costume.
二十三日[にじゅうさんにち];今日は、二千十六年十一月二十三日です。;Nous sommes le 23 novembre 2016.
十三日[じゅうさんにち];今日は、二千十六年十一月二十三日です。;Nous sommes le 23 novembre 2016.
いい天気ですね[いいてんきですね];今日はいい天気ですね。;Il fait beau aujourd'hui.
お出かけですか[おでかけですか];今日はどちらへお出かけですか？;Où vas-tu aujourd'hui ?
今月[こんげつ];今月[こんげつ]はとても 忙[いそが]しい。;Je suis très occupé ce mois-ci.
鳴る[なる];今朝[けさ]、５ 時[じ]に 電話[でんわ]が 鳴[な]った。;Le téléphone a sonné à cinq heures ce matin.
今朝[けさ];今朝[けさ]テレビでそのニュースを 知[し]りました。;J'ai appris cette nouvelle à la télévision ce matin.
出る[でる];今朝[けさ]は 早[はや]く 家[いえ]を 出[で]ました。;J'ai quitté la maison tôt ce matin.
度[ど];今朝の体温は36度でした。;Ma température corporelle de ce matin était de 36 degrés.
今週[こんしゅう];今週[こんしゅう]は 日本語[にほんご]のテストがあります。;Nous avons un test de japonais cette semaine.
帰り[かえり];仕事[しごと]の 帰[かえ]りにビールを 飲[の]んだ。;J'ai bu de la bière au retour du travail.
参加[さんか];企業説明会に参加すると、業界全体の動向を知ることができる。;Participer aux séances d'information des entreprises vous permet de vous renseigner sur les tendances de l'ensemble du secteur.
体にいい[からだにいい];休むことは体にいいです。;Le fait de se reposer est bon pour la santé.
会場[かいじょう];会場[かいじょう]は 人[ひと]で 一杯[いっぱい]になりました。;Le lieu de réunion est devenu rempli de monde.
場所[ばしょ];会社[かいしゃ]の 場所[ばしょ]を 教[おし]えてください。;Donnez-moi l'emplacement de l'entreprise, s'il vous plaît.
飲み物[のみもの];何[なに]か 飲[の]み 物[もの]が 欲[ほ]しいな。;Je souhaite n'importe quelle boisson.
何時[なんじ];何時[なんじ]に 行[い]きますか。;À quelle heure partez-vous ?
変わる[かわる];信号[しんごう]が 青[あお]に 変[か]わりました。;Le feu a changé au vert.
信号[しんごう];信号[しんごう]が 青[あお]になった。;Le feu est devenu vert.
性格[せいかく];僕[ぼく]と 姉[あね]の 性格[せいかく]は 正反対[せいはんたい]です。;Ma sœur aînée et moi avons des personnalités complètement opposées.
十[とお];僕の部屋は狭いっちゃ狭いけど、僕にとっては十分広い。;Ma chambre est petite, mais elle est suffisamment spacieuse pour moi.
二十五日[にじゅうごにち];僕は一月の二十五日までに図書館の本を返却しなければならない。;Je dois rendre les livres de la bibliothèque avant le 25 janvier.
お宅[おたく];先生[せんせい]のお 宅[たく]はどちらですか。;Professeur, par où se trouve votre maison ?
次の[つぎの];先生[せんせい]は 次[つぎ]の 時間[じかん]にそこにいます。;L'enseignant sera là durant la prochaine heure.
先週[せんしゅう];先週[せんしゅう]は 海[うみ]に 行[い]った。;Je suis allé à la mer la semaine dernière.
何ですか[なんですか];入国目的は何ですか。;Quel est le but de votre entrée dans le pays ?
公園[こうえん];公園[こうえん]に 小[ちい]さな 池[いけ]があります。;Il y a un petit étang dans le parc.
円い[まるい];円いおさらをつくえにならべてください。;Veuillez aligner les assiettes rondes sur le bureau.
出口[でぐち];出口[でぐち]はあそこです。;La sortie est là-bas.
手[て];分[わ]かった 人[ひと]は 手[て]を 上[あ]げてください。;Les personnes qui ont compris, levez la main.
一度[いちど];前[まえ]に 一度[いちど]この 美術館[びじゅつかん]に 行[い]ったことがあります。;Je suis allé dans ce musée une fois auparavant.
助けてくれ[たすけてくれ]！;助けてくれ！;Aide-moi!
動く[うごく];動[うご]かないで。;Ne bougez pas.
十[じゅう];十二時;douze heures
重い病気[おもいびょうき];友だちは重い病気があります。;Mon ami a une maladie grave.
急[きゅう];友達[ともだち]が 急[きゅう]に 家[いえ]に 来[き]た。;Mon ami est soudainement venu chez moi.
向こう[むこう];友達[ともだち]は 向[む]こうにいます。;Mon ami est de l'autre côté.
口[くち];口[くち]を 大[おお]きく 開[あ]けてください。;Ouvrez grandement la bouche s'il vous plait.
木[き];台風[たいふう]で 木[き]が 倒[たお]れた。;Un arbre est tombé sous le typhon.
台風[たいふう];台風で木が倒れた。;Un arbre est tombé dans le typhon.
右[みぎ];右[みぎ]のポケットにハンカチが 入[はい]っています。;Il y a un mouchoir mis dans ma poche droite.
本当ですか[ほんとうですか];君がボストンに住みたかったというのは本当ですか？ その話は本当ですか。;Cette histoire est-elle vraie ?
問題[もんだい];問題[もんだい]が 一[ひと]つあります。;Il y a un (seul) problème.
四[し];四月ですね。;Nous sommes en avril, n'est-ce pas ?
困ったなあ[こまったなあ];困ったなあ。;c'est ennuyeux, que faire ?
困りましたね[こまりましたね];困りましたね;C'est un problème.
図[ず];図[ず]を 描[か]いて 説明[せつめい]しましょう。;Permettez-moi de dessiner un diagramme pour vous expliquer.
図書館[としょかん];図書館[としょかん]で 料理[りょうり]の 本[ほん]を 借[か]りた。;J'ai emprunté un livre de cuisine à la bibliothèque.
大会[たいかい];夏[なつ]には 川辺[かわべ]で 花火[はなび] 大会[たいかい]があります。;Il y aura un festival de feux d'artifice au bord de la rivière en été.
終わり[おわり];夏休[なつやす]みもう 終[お]わりだ。;C'est déjà la fin des vacances d'été.
過ごす[すごす];夏休[なつやす]みを 高原[こうげん]で 過[す]ごしました。;J'ai passé mes vacances d'été dans les hautes terres.
牛肉[ぎゅうにく];夕食[ゆうしょく]に 牛肉[ぎゅうにく]を 買[か]った。;J'ai acheté du boeuf pour le dîner.
昼ご飯[ひるごはん];外[そと]に 昼ご飯[ひるごはん]を 食[た]べます。;Je déjeune dehors.
外[そと];外[そと]は 暑[あつ]いよ。;Il fait chaud dehors.
夜[よる];夜のツアーはありますか。;Y a-t-il des visites de nuit ? 
引き出す[ひきだす];大[おお]きな 買[か]い 物[もの]をするので、お 金[かね]を 引[ひ]き 出[だ]した。;Je vais faire un gros achat, alors j'ai retiré de l'argent.
大きな[おおきな];大きな家に住みたい。;Je veux vivre dans une grande maison.
思い出す[おもいだす];大切[たいせつ]な 用事[ようじ]を 思[おも]い 出[だ]しました。;Je me suis rappelé d'une affaire importante.
大変ですね[たいへんですね];大変ですね;C'est difficile.
大学[だいがく];大学[だいがく]に 行[い]ってもっと 勉強[べんきょう]したいです。;Je veux aller à l'université et étudier plus.
食堂[しょくどう];大学[だいがく]の 食堂[しょくどう]は 安[やす]い。;Le réfectoire de l'université est bon marché.
お元気ですか[おげんきですか];奥様はお元気ですか。;Comment va votre femme ?
上手[じょうず];妹[いもうと]は 歌[うた]が 上手[じょうず]です。;Ma petite soeur est douée pour chanter.
大学生[だいがくせい];姉[あね]は 大学生[だいがくせい]です。;Ma grande sœur est étudiante.
姉[あね];姉[あね]は 大学生[だいがくせい]です。;Ma grande sœur est étudiante.
始め[はじめ];始めにスープが出ます。;Une soupe sera servie au début.
飛ばす[とばす];子供[こども]が 紙飛行機[かみひこうき]を 飛[と]ばしています。;Un enfant fait voler un avion en papier.
子供[こども];子供[こども]たちは 電車[でんしゃ]の 中[なか]で 遊[あそ]んでいた。;Les enfants jouaient dans le train.
科学[かがく];子供[こども]の 時[とき]から科学[かがく]が 好[す]きでした。;J'aime la science depuis que je suis enfant.
頃[ころ];子供[こども]の 頃[ころ]、よくその 公園[こうえん]で 遊[あそ]んだ。;J'ai souvent joué dans ce parc quand j'étais enfant.
金持ち[かねもち];子供[こども]の 頃[ころ]は、お 金持[かねも]ちになりたかった。;Quand j'étais enfant, je voulais devenir riche. 
八日[ようか];学校[がっこう]は ４月[しがつ] ８日[ようか]から 始[はじ]まる。;L'école commence à partir du 8 avril.
学校[がっこう];学校[がっこう]は８ 時半[じはん]に 始[はじ]まります。;L'école débute à 8h30.
遠い[とおい];家[いえ]から 学校[がっこう]までは 遠[とお]いです。;Depuis ma maison jusqu'à l'école, c'est loin.
小学校[しょうがっこう];家[いえ]の 近[ちか]くに 小学校[しょうがっこう]があります。;Il y a une école primaire près de chez moi.
自分[じぶん];宿題[しゅくだい]は 自分[じぶん]でやりなさい。;Fais tes devoirs toi-même. 
未だ[まだ];宿題[しゅくだい]はまだ 終[お]わっていません。;Mes devoirs ne sont pas encore terminés.
小さい[ちいさい];小[ちい]さい 花[はな]が 咲[さ]いています。;De petites fleurs fleurissent.
少し[すこし];少[すこ]し 疲[つか]れました。;Je me suis un peu fatigué.
学[がく];少なくとも三十人の学生が欠席した。;Au moins 30 élèves étaient absents.
山[やま];山[やま]の 空気[くうき]はきれいだ。;L'air de la montagne est sain.
光る[ひかる];川[かわ]の 上[うえ]で、 月[つき]が 綺麗[きれい]に 光[ひか]っていた。;Au-dessus de la rivière, la lune brillait joliment.
市民[しみん];市民[しみん]の 安全[あんぜん]は 大切[たいせつ]だ。;La sécurité des citoyens est importante.
押し入れ[おしいれ];布団[ふとん]を 押[お]し 入[い]れにしまいました。;J'ai mis mon futon dans le placard.
車[くるま];弟[おとうと]が 車[くるま]を 買[か]った。;Mon petit frère a acheté une voiture.
集める[あつめる];弟[おとうと]は 切手[きって]を 集[あつ]めています。;Mon petit frère collectionne des timbres.
弟[おとうと];弟[おとうと]は 野球[やきゅう]が 好[す]きです。;Mon petit frère aime le baseball.
名前は[なまえは]？;弟の名前は？;Quel est le nom de ton petit frère ?
走る[はしる];彼[かれ] は[わ] 毎晩[まいばん]３キロ 走[はし]っています。;Il court chaque soir trois kilomètres.
映画館[えいがかん];彼[かれ]と 近[ちか]くの 映画[えいが] 館[かん]に 行[い]きました。;Je suis allé dans une salle de cinéma à proximité avec lui.
書く[かく];彼[かれ]に 手紙[てがみ]を 書[か]きました。;Je lui ai écrit une lettre.
借りる[かりる];彼[かれ]にビデオを 借[か]りました。;Je lui ai emprunté une vidéo.
ご存じ[ごじぞんじ];彼[かれ]の 名前[なまえ]をご 存知[ぞんじ]ですか。;Savez-vous son nom ? (Poli)
広い[ひろい];彼[かれ]の 家[いえ]はとても 広[ひろ]い。;Sa maison est très spatieuse.
同じ[おなじ];彼[かれ]の 日[に]本[ほん]語[ご]のレベルは 私[わたし]と 同[おな]じくらいだ。;Son niveau de japonais est à peu près le même que le mien.
気持ち[きもち];彼[かれ]の 気持[きも]ちが 分[わ]からない。;Je ne comprends pas ses sentiments (envers moi).
新しい[あたらしい];彼[かれ]の 車[くるま]は 新[あたら]しい。;Sa voiture est neuve.
人[ひと];彼[かれ]は 優[やさ]しい 人[ひと]です。;Il est gentil.
声[こえ];彼[かれ]は 大[おお]きな 声[こえ]で 話[はな]した。;Il parlait d'une voix forte.
売る[うる];彼[かれ]は 家[いえ]を 売[う]った。;Il a vendu la maison.
指[ゆび];彼[かれ]は 指[ゆび]が 太[ふと]い。;Ses doigts sont gros.
白い[しろい];彼[かれ]は 歯[は]が 白[しろ]い。;Ses dents sont blanches.
海外[かいがい];彼[かれ]は 海外[かいがい]での 生活[せいかつ]が 長[なが]いです。;Sa vie à l'étranger est longue.
馬[うま];彼[かれ]は 田舎[いなか]で 馬[うま]に 乗[の]った。;Il a chevauché un cheval à la campagne.
親切[しんせつ];彼[かれ]は 私[わたし]にとても 親切[しんせつ]です。;Il est très gentil avec moi.
方[ほう];彼[かれ]は 私[わたし]の 方[ほう]を 見[み]ました。;Il a regardé dans ma direction.
人生[じんせい];彼[かれ]は 自分[じぶん]の人生[じんせい]を 振[ふ]り 替[か]えたわ。;Il a fait basculer sa vie.
自動車[じどうしゃ];彼[かれ]は 自動車[じどうしゃ] 会社[かいしゃ]で 働[はたら]いています。;Il travaille dans une companie de véhicules.
上げる[あげる];彼[かれ]は 荷物[にもつ]を 網棚[あみだな]に 上[あ]げた。;Il a levé les bagages sur le porte-bagages.
足[あし];彼[かれ]は 足[あし]が 長[なが]い。;Il a de longues jambes.
銀行員[ぎんこういん];彼[かれ]は 銀行員[ぎんこういん]です。;il est employé de banque.
工場[こうじょう];彼[かれ]は 食品[しょくひん] 工場[こうじょう]で 働[はたら]いています。;Il travaille dans une usine alimentaire.
兄弟[きょうだい];彼[かれ]は３ 人[にん] 兄弟[きょうだい]です。;Il a trois frères et sœurs.
立つ[たつ];彼[かれ]はステージに 立[た]った。;Il se tenait sur scène.
運転手[うんてんしゅ];彼[かれ]はタクシーの 運転[うんてん] 手[しゅ]です。;C'est un chauffeur de taxi.
楽しい[たのしい];彼[かれ]はとても 楽[たの]しい 人[ひと]です。;Il est une personne très plaisante.
打つ[うつ];彼[かれ]はバットでボールを 打[う]った。;Il a frappé la balle avec la batte.
映画[えいが];彼[かれ]はよく 映画[えいが]を 見[み]ます。;Il regarde souvent des films.
後で[あとで];彼[かれ]らがいないので、 後[あと]で 彼[かれ]らと 話[はな]すにいく。;Puisqu'ils sont absents, je vais venir leur parler plus tard.
座る[すわる];彼[かれ]らは 後[うし]ろの 椅子[いす]に 座[すわ]った。;Ils se sont assis sur les chaises derrière.
本当は[ほんとうは];彼が本当は何が欲しいのかわからない。;Je ne sais vraiment pas ce qu'il veut vraiment.
と言う[という];彼が泥棒と言うことが判明した。;Il s'est avéré que c'était un voleur.
五つ[いつつ];彼は５つ新しい単語を覚えました。;Il a mémorisé cinq nouveaux mots.
三十日[さんじゅうにち];彼は三十日で太平洋を渡った。;Il a traversé l'océan Pacifique en 30 jours.
上手に[じょうずに];彼は上手に英語を話す。;Il parle bien anglais.
四[よん];彼は二十四歳です。;Il a vingt-quatre ans.
の方[のほう];彼は海の方を向いた。;Il se tourna vers la mer.
留学[りゅうがく];彼は留学しただけのことはある。;Son séjour d'études à l'étranger a sans aucun doute été bénéfique.
良い[よい];彼は良い人です。;Il est une bonne personne.
大家族[だいかぞく];彼は若いが養わなければならない大家族がある。;Il est jeune, mais il a une famille nombreuse à charge.
六つ[むっつ];彼らは6つの物を取りました。;Ils ont pris 6 choses.
月[げつ];彼らは来週の月曜日にボンベに向けて船出する。;Ils partiront pour Bombe lundi prochain.
長い[ながい];彼女[かのじょ]の 髪[かみ]はとても 長[なが]い。;Ses cheveux sont très longs.
歩いて[あるいて];彼女[かのじょ]は 学校[がっこう]に 歩[ある]いて 行[い]きました。;Elle est allée à l'école à pied.
気[き];彼女[かのじょ]は 気[き]が 強[つよ]い。;Elle est forte d'esprit.
秋[あき];彼女[かのじょ]は 秋[あき]に 結婚[けっこん]します。;Elle se mariera cet automne.
耳[みみ];彼女[かのじょ]は 耳[みみ]がよく 聞[き]こえません。;Elle a des oreilles qui ne peuvent pas très bien entendre.
太い[ふとい];彼女[かのじょ]は 足[あし]が 太[ふと]い。;Elle a de grosses jambes.
酒[さけ];彼女[かのじょ]は 酒[さけ]に 強[つよ]い。;Elle tient bien l'alcool.
読む[よむ];彼女[かのじょ]は 雑誌[ざっし]を 読[よ]んでいます。;Elle lit un magazine.
目[め];彼女[かのじょ]は 青[あお]い 目[め]をしています。;Elle a les yeux bleus.
黒い[くろい];彼女[かのじょ]は 黒[くろ]いドレスを 着[き]ています。;Elle porte une robe noire.
泳ぐ[およぐ];彼女[かのじょ]はダイエットのために 泳[およ]いでいる。;Elle nage pour un régime.
喜ぶ[よろこぶ];彼女[かのじょ]はとても 喜[よろこ]びました。;Elle était très contente.
楽しみ[たのしみ];彼女のいちばんの楽しみはショッピングです。;Son plus grand plaisir est le shopping.
音を出す[おとをだす];彼女はピアノで高い音を出した。;Elle a sorti une note aiguë au piano.
出かける[でかける];彼女はよく 出[で]かけますか？;Sort-elle souvent ?
買い物[かいもの];彼女は休日になるとよく買い物に行きます。 昨日、買い物に行きました。;Hier, je suis allé faire des courses.
心[こころ];彼女は心が優しい。;Elle a un coeur tendre.
昼[ひる];彼女は昼頃に到着する。;Elle arrivera vers midi.
開ける[あける];後[あと]で 窓[まど]を 開[あ]けてください;Veuillez ouvrir la fenêtre plus tard.
押す[おす];後[うし]ろから 押[お]すと 危[あぶ]ないですよ。;Pousser par derrière, c'est dangereux.
必ず[かならず];必[かなら]ずシートベルトを 着[つ]けてください。;Mettez impérativement votre ceinture de sécurité.
忙しい[いそがしい];忙[いそが]しいので 手伝[てつだ]ってください。;Je suis très occupé, alors s'il vous plaît aidez-moi.
急に[きゅうに];急[きゅう]に 用事[ようじ]を 思[おも]い 出[だ]した。;Je me souviens soudainement de quelque chose dont je dois m'occuper.
市[し];成 市[し]は千葉県の東にあります。;La ville de Narita se trouve dans la partie Est de la préfecture de Chiba.
閉じる[とじる];教科書[きょうかしょ]を 閉[と]じてください。;Veuillez fermer votre manuel.
七[なな];数字の七十七;numéro soixante-dix-sept
始まる[はじまる];新[あたら]しい 仕事[しごと]が 始[はじ]まりました。;Un nouvel emploi a commencé. (pour moi)
合わせる[あわせる];日時[にちじ]はご 都合[つごう]に 合[あ]わせます。;La date peut être décidée en fonction de vos horaires.
日曜日[にちようび];日曜日[にちようび]は 海[うみ]に 行[い]きました。;Nous sommes allés à la plage dimanche.
食べ物[たべもの];日本[にっぽん]の 食[た]べ 物[もの]はとても 美味[おい]しいです。;La nourriture japonaise est très bonne.
生活[せいかつ];日本[にほん]での 生活[せいかつ]は 楽[たの]しいです。;La vie au Japon est plaisante.
外国人[がいこくじん];日本[にほん]に 住[す]む 外国[がいこく] 人[じん]が 増[ふ]えています。;Le nombre d'étrangers vivant au Japon augmente.
日本[にほん];日本[にほん]は 中国[ちゅうごく]に 近[ちかい]い。;Le Japon est près de la Chine.
一月[ひとつき];日本に一月ぐらいいました。;Je suis resté au Japon pendant environ un mois.
受ける[うける];日本の大学を受けたいです。;Je veux postuler dans une université japonaise.
米[こめ];日本人[にほんじん]はお 米[こめ]が 大好[だいす]きです。;Les Japonais adorent le riz.
作文[さくぶん];日本語[にほんご]で 作文[さくぶん]を 書[か]きました。;J'ai écrit une rédaction en japonais.
休む[やすむ];明日[あした]、 会社[かいしゃ]を 休[やす]みます。;Je suis en congé demain.
天気予報[てんきよほう];明日[あした]の 天気[てんき] 予報[よほう]は 雨[あめ]です。;Les prévisions météo de demain sont de la pluie.
一千[いっせん];昨日、私は一千円で本を買いました。;Hier, j’ai acheté un livre pour 1000 yens.
動物園[どうぶつえん];昨日[きのう] 子供[こども]たちと 動物[どうぶつ] 園[えん]に 行[い]きました。;Je suis allé au zoo avec mes enfants hier.
食べる[たべる];昨日[きのう]タイカレーを 食[た]べました。;J'ai mangé un curry thaï hier.
肉[にく];昨日[きのう]の 夜[よる]は 肉[にく]をたくさん 食[た]べました。;J'ai mangé beaucoup de viande hier soir.
食[しょく];昨日の朝は、ワッフルを食べました。;J'ai mangé des gaufres hier matin.
二十六日[にじゅうろくにち];昨日は2010年1月26日火曜日だった。;Hier, c'était mardi 26 janvier 2010.
失礼いたします[しつれいいたします];昨日は失礼いたしました。;Je vous prie de m'excuser pour hier.
昼休み[ひるやすみ];昼休[ひるやす]みに 公園[こうえん]に 行[い]った。;Je suis allé au parc à l'heure de la pause déjeuner.
昼間[ひるま];昼間[ひるま]は 仕事[しごと]で 忙[いそが]しいです。;Je suis occupé au travail pendant la journée.
過ぎる[すぎる];時[とき]が 過[す]ぎるのは 速[はや]い。;Le temps passe vite. Lit.: le temps qui s'écoule est rapide.
時計[とけい];時計[とけい]を 見[み]たらちょうど３ 時[じ]だった。;Il était exactement trois heure lorsque j'ai regardé l'horloge.
生ビール[なまビール];暑い日の生ビールの味はまた格別だ。;Une bière pression bien fraîche par une chaude journée est particulièrement agréable.
回る[まわる];月[つき]は 地球[ちきゅう]の 周[まわ]りを回[まわ]っています。;La lune tourne autour de la terre.
月曜日[げつようび];月曜日[げつようび]に 会[あ]いましょう。;Rendez-vous lundi.
引っ越す[ひっこす];来月[らいげつ] 大阪[おおさか]に 引[ひ]っ 越[こ]します。;Je vais déménager à Osaka le mois prochain.
立てる[たてる];来週[らいしゅう]のスケジュールを 立[た]てた。;J'ai mis en place le programme pour la semaine prochaine.
来週[らいしゅう];来週[らいしゅう]は 忙[いそが]しいです。;Je vais être occupé la semaine prochaine.
水道[すいどう];東京[とうきょう]は 水道[すいどう]の 水[みず]がまずい。;L'eau du robinet à Tokyo n'a pas bon goût.
特急[とっきゅう];東京[とうきょう]まで 特急[とっきゅう]で３ 時間[じかん]かかります。;Ça dure trois heure pour aller à Tokyo par train express.
見物[けんぶつ];東京[みんな]で 東京[とうきょう] 見物[けんぶつ]をした。;Nous sommes tous allés visiter Tokyo.
疲れました[つかれました];楽しく街を見ましたが、少し疲れました。;J'ai beaucoup aimé visiter la ville, mais je suis un peu fatigué.
次[つぎ];次[つぎ] は いつ あいましょう か;Ensuite, quand nous reverrons-nous ?
話す[はなす];母[ハハ]と 電話[でんわ]で 話[はな]しました。;J'ai parlé à ma mère au téléphone.
確かめる[たしかめる];母[はは]はお 釣[つ]りを 確[たし]かめたの。;Ma mère a compté la monnaie.
外国[がいこく];母[はは]はまだ 外国[がいこく]に 行[い]ったことがありません。;Ma mère n'est pas encore allée à l'étranger.
晩ご飯[ばんごはん];母は 晩御飯[ばんごはん]を 作[つく]るのに 忙[いそ]がしいです。;Maman est occupée à cuisiner le dîner.
毎年[まいとし];毎年お花見をする。;Je regarde les fleurs de cerisier chaque année.
通る[とおる];毎日[まいにち]、この 道[みち]を 通[とお]ります。;Je passe par cette route tous les jours.
気分[きぶん];気分[きぶん]は良くなりましたか。;Te sens-tu mieux maintenant?
気分がいい[きぶんがいい];気分がいいです。昨晩はよく眠れました。;Je me sens bien. J'ai très bien dormi la nuit dernière.
朝[あさ];気持[きも]ちのいい 朝[あさ]です。;C'est une matinée agréable.
水[みず];水[みず]を 一杯[いっぱい]ください。;Donnez-moi un verre d'eau, svp.
下さい[ください];水を下さい。;S'il vous plaît, donnez-moi de l'eau.
水曜日[すいようび];水曜日[すいようび]はバイトがあります。;Le mercredi, j'ai un travail à temps partiel.
海[うみ];海[うみ]は 広[ひろ]くて 大[おお]きい。;La mer est vaste et grande.
消しゴム[けしゴム];消[け]しゴムが 必要[ひつよう]です。;Une gomme est nécessaire.
気持ちがいい[きもちがいい];温泉のお湯は、本当に気持ちがいいものでした。;L'eau de la source chaude était vraiment agréable.
以下[いか];漢字[かんじ]のテストはいつも５０ 点[てん]以[い]下[か]です。;J'ai toujours 50 points ou moins dans les tests de Kanji.
火事[かじ];火事[かじ]です。１１９ 番[ばん]に 電話[でんわ]してください。;Il y a un feu. Veuillez appeler le 119.
火曜日[かようび];火曜日[かようび]に 会議[かいぎ]があります。;Il y a une réunion mardi.
今[いま];父[ちち]は 今[いま]テレビを 見[み]ている。;En ce moment, mon père regarde la télévision.
中[なか];父[ちち]は 家[いえ]の 中[なか]にいます。;Mon père est à l'intérieur de la maison.
草[くさ];牛[うし]が 草[くさ]を 食[た]べています。;La vache mange de l'herbe.
死ぬ[しぬ];犬[いぬ]が 病気[びょうき]で 死[し]にました。;Notre chien est mort de maladie.
出す[だす];猫を外に出した？;Tu as sorti le chat dehors ?
現在[げんざい];現在[げんざい]の 気温[きおん]は３０ 度[ど]です。;La température actuelle est de 30 degrés.
席を外す[せきをはずす];申し訳ありません。田中は今、席を外しております。;Je suis désolé, mais Tanaka est actuellement absent de son bureau.
男の子[おとこのこ];男[おとこ]の 子[こ]たちがサッカーをしている。;Les garçons jouent au football.
病院[びょういん];病院[びょういん]はどこですか。;Où est l'hôpital ?
皆さん[みなさん];皆[みな]さんにお 話[はなし]があります。;J'ai quelque chose à dire à tout le monde.
皆で[みんなで];皆でその歌を歌いましょう！;Chantons la chanson tous ensemble !
前半[ぜんはん];相手[あいて]チームのリードで 前半[ぜんはん]が 終[お]わったよ。;La première mi-temps s'est terminée avec l'équipe adverse en tête.
知らせる[しらせる];知らせてくれてありがとう。;Merci de me le faire savoir.
丈夫[じょうぶ];祖母[そぼ]は 体[からだ]が 丈夫[じょうぶ]だ。;Ma grand-mère a un corps robuste.
祖父[そふ];祖父[そふ]は 元気[げんき]です。;Mon grand-père va bien.
月[がつ];祭日が日曜にダブると月曜が休みになる。;Si un jour férié tombe un dimanche, le lundi devient un jour de repos.
手伝う[てつだう];私[わたし]が 手伝[てつだ]いましょう。;Je vais vous aider.
払う[はらう];私[わたし]が 払[はら]いましょう。;C'est moi qui vais payer.
私[わたし];私[わたし]が 行[い]きましょう。;J'y vais.
建てる[たてる];私[わたし]たち は[わ] 来年[らいねん]、 家[いえ]を 建[た]てます。;Nous ferons construire une maison l'année prochaine.
歌う[うたう];私[わたし]たちは 大[おお]きな 声[こえ]で 歌[うた]いました。;Nous avons chanté d'une voix forte.
教会[きょうかい];私[わたし]たちは 教会[きょうかい]で 結婚式[けっこんしき]をしました。;Nous nous sommes mariés dans une église.
毎日[まいにち];私[わたし]たちは 毎日[まいにち] 散歩[さんぽ]をします。;Nous allons faire une promenade tous les jours.
急ぐ[いそぐ];私[わたし]たちは 駅[えき]へ 急[いそ]ぎました。;Nous nous sommes dépêché d'aller à la gare.
気分が悪い[きぶんがわるい];私[わたし]の 国[くに]から 遠[とお]く 住[す]んでいるので、 少[すこ]し 気分[きぶん]が 悪[わる]い。;J'habite loin de mon pays, donc je me sens un peu mal.
国[くに];私[わたし]の 国[くに]について 少[すこ]しお 話[はなし]しましょう。;Parlons un peu de mon pays. (si vous me le permettez)
太る[ふとる];私[わたし]の 姉[あね]はすぐ 太[ふと]ります。;Ma grande soeur prend du poids facilement.
南[みなみ];私[わたし]の 家[いえ]は 町[まち]の 南[みなみ]にあります。;Ma maison est au sud de la ville.
教室[きょうしつ];私[わたし]の 教室[きょうしつ]は３ 階[かい]にあります。;Ma salle de classe est au troisième étage.
以上です[いじょうです];私[わたし]は 18歳[さい]以上[いじょう]です。;J'ai plus de 18 ans.
世界[せかい];私[わたし]は 世界[せかい] 旅行[りょこう]をしたい。;Je veux voyager à travers le Monde.
二十日[はつか];私[わたし]は 二十日[はつか]までに 帰[かえ]るつもりです。;Je prévois de revenir avant le 20 du mois.
役に立つ[やくにたつ];私[わたし]は 人々[ひとびと]の 役[やく]に 立[た]ちたいと 思[おも]っています。;(Je pense que...) Je veux être utile aux autres.
体[からだ];私[わたし]は 体[からだ]が 丈夫[じょうぶ]だ。;Mon corps est solide. 
動物[どうぶつ];私[わたし]は 動物[どうぶつ]が 大好[だいす]きです。;J'adore les animaux.
所[ところ];私[わたし]は 友達[ともだち]の 所[ところ]に 泊[と]まった。;Je suis resté chez mon ami pour la nuit.
古い[ふるい];私[わたし]は 古[ふる]い 車[くるま]が 好[す]きです。;J'aime les vieilles voitures.
地下鉄[ちかてつ];私[わたし]は 地下鉄[ちかてつ]で 仕事[しごと]に 行[い]きます。;Je me rends au travail en métro.
時々[ときどき];私[わたし]は 時[とき]々[どき]ピアノを 弾[ひ]く。;Je joue parfois du piano.
森[もり];私[わたし]は 森[もり]を 歩[ある]くのが 好[す]きです。;J'aime marcher dans la forêt.
下手[へた];私[わたし]は 歌[うた]が 下手[へた]だ。;Je suis mauvaise en chant.
歯医者[はいしゃ];私[わたし]は 歯医者[はいしゃ]が 嫌[きら]いです。;Je déteste le dentiste.
毎朝[まいあさ];私[わたし]は 毎朝[まいあさ]ジョギングをします。;Je fais du jogging tous les matins.
毎週[まいしゅう];私[わたし]は 毎週[まいしゅう] 母[ハハ]に 電話[でんわ]をします。;J'appelle ma mère chaque semaine.
大好き[だいすき];私[わたし]は 犬[いぬ]が 大好[だいす]きだ。;J'adore les chiens.
猫[ねこ];私[わたし]は 猫[ねこ]が 大好[だいす]きです。;J'adore les chats.
見る[みる];私[わたし]は 絵[え]を 見[み]るのが 好[す]きです。;J'aime regarder des images.
電車[でんしゃ];私[わたし]は 電車[でんしゃ]で 学校[がっこう]に 行[い]きます。;Je vais à l'école en train.
番組[ばんぐみ];私[わたし]はこの 番組[ばんぐみ]が 好[す]きです。;J'aime ce programme télé.
通り過ぎる[とおりすぎる];私[わたし]はその 暗[くら]い 道[みち]を 通[とおりす]り 過[か]ぎた。;Je suis passé dans la rue sombre.
嫌い[きらい];私[わたし]はタバコが 嫌[きら]いです。;Je déteste les cigarettes.
習う[ならう];私[わたし]はダンスを 習[なら]っています。;J'apprends à danser.
交差点[こうさてん];私[わたし]はどの 交差点[こうさてん]で 左[ひだり]に 曲[ま]がるですか。;Je tourne à gauche à quelle intersection ?
好き[すき];私[わたし]はワインが 好[す]きです。;J'aime le vin.
九つ[ここのつ];私たちの学校にはクラスが９つある。;Il y a neuf classes dans notre école.
熱い[あつい];私のおばあちゃんは熱いお茶が好きです。;Ma grand-mère aime le thé chaud.
男の人[おとこのひと];私のドイツ語の先生は男の人です。;Mon professeur d'allemand est un homme.
の代わりに[のかわりに];私の代わりに彼女に言ってください。;Veuillez lui dire cela de ma part.
二十二日[にじゅうににち];私の誕生日は3月22日です。;Mon anniversaire est le 22 mars.
自分で[じぶんで];私は、自分で料理します。;Je cuisine moi-même.
お酒[おさけ];私はあまりお酒を飲みません。;Je ne bois pas beaucoup d'alcool.
語[ご];私はフランス語が読めないし、話すこともまたできない。;Je ne sais ni lire ni parler français.
二百[にひゃく];私は二百円持っていたけど、使わなかった。;J'avais 200 yens, mais je ne les ai pas dépensés.
医者[いしゃ];私は医者です。;Je suis un médecin.
楽しみにしている[たのしみにしている];私は君や君の家族に会えるのを楽しみにしている。;J'ai hâte de vous rencontrer, vous et votre famille.
元気です[げんきです];私も元気です。;Moi aussi, je vais bien.
林[はやし];私達[わたしたち]は 生[はやし]の 中[なか]に 入[はい]っていた。;Nous sommes entrés au cœur des bois.
後[ご];私達は明日の午後また公園で会う事になっている。;Nous sommes censés nous retrouver au parc demain après-midi.
いいえ、違う[いいえ、ちがう];答[こた]えが 違[ちが]います。;La réponse n'est pas la bonne / diffère. (de la réponse attendue)
水色[みずいろ];箱[はこ]に 水色[みずいろ]のリボンがかかっていたの。;Un ruban bleu clair était attaché autour de la boîte.
色[いろ];素敵[すてき]な 色[いろ]のセーターですね。;C'est un pull de jolie couleur, hein ?
お先にどうぞ[おさきにどうぞ];紳士の人からお先にどうぞ。;Messieurs, veuillez passer en premier.
感じる[かんじる];膝[ひざ]に 痛[いた]みを 感[かん]じます。|彼女[かのじょ]の 言葉[ことば]に 愛情[あいじょう]を 感[かん]じた。;Je sens une douleur dans mon genou.
乗り物[のりもの];自転車[じてんしゃ]は 便利[べんり]な 乗[の]り 物[もの]です。;Les vélos sont un moyen de transport pratique.
船[ふね];船[ふね]は 川[かわ]を 上[のぼ]りました。;Le navire a remonté la rivière.
幸せ[しあわせ];良[い]い 友達[ともだち]がいて 私[わたし]は 幸[しあわ]せだ。;Je suis heureux de bons amis.
良かったですね[よかったですね]？;良かったですね;tant mieux, n'est-ce pas ?
良かったら[よかったら];良かったら連れてくよ。;Je peux vous emmener si vous voulez.
茶色[ちゃいろ];茶色い熊が川の中を走っている。;L'ours brun court dans la rivière.
中々[なかなか];荷物[にもつ]がなかなか 届[とど]きません。;Le colis n'arrive pas facilement.
親切にする[しんせつにする];親切[しんせつ]にしてくださってどうもありがとうございます。;Merci d'être si gentil avec moi.
十八日[じゅうはちにち];訪問客は18日に来て、20日に発つことになっている。;Les visiteurs devraient arriver le 18 et repartir le 20.
小鳥[ことり];誕生[たんじょう]日[び]に 小鳥[ことり]を 飼[か]ってもらいました。;Pour mon anniversaire, je me suis fait acheter un petit oiseau.
知る[しる];誰[だれ]もその 話[はなし]を 知[し]らない。;Personne ne connaît cette histoire.
言う[いう];課長[かちょう]は「 一杯[いっぱい] 飲[の]みましょう」と 言[い]った。;Le chef de section a dit : «Prenons un verre».
引き出し[ひきだし];財布[さいふ]は 引[ひ]き 出[だ]しの 中[なか]にあります。;Mon portefeuille est dans le tiroir.
下[した];財布[さいふ]は 机[つくえ]の 下[した]にあった。;Le portefeuille était sous le bureau. 
分かる[わかる];質問[しつもん]の 意味[いみ]は 分[わ]かりましたか。;Avez-vous compris le sens de la question ?
質問[しつもん];質問をしてもいい？;Puis-je poser une question ?
赤い[あかい];赤[あか]いバラを 買[か]いました。;J'ai acheté une rose rouge.
止める[とめる];車[くるま]を 止[と]めて。;Arrête la voiture.
台[だい];車が一台こちらのほうへ近づいてきた。;Une voiture s'approchait de nous.
落とす[おとす];途中[とちゅう]で 財布[さいふ]を 落[お]としました。;J'ai fait tombé mon portefeuille sur le chemin.
理由[りゆう];遅[おく]れた 理由[りゆう]を 教[おし]えてください。;Expliquez moi la raison pour laquelle vous étiez en retard.
十六日[じゅうろくにち];選挙は5月16日に行われた。;L'élection a eu lieu le 16 mai.
買う[かう];郵便[ゆうびん] 局[きょく]で 切手[きって]を 買[か]いました。;J'ai acheté un timbre au bureau de poste.
何か[なにか];郵便局[ゆうびんきょく]で 何[なに]か 忘[わす]れた。;J'ai oublié quelque chose au bureau de poste.
九[きゅう];野球は9人でひとチームです。;Au baseball, il y a neuf personnes dans une équipe.
金曜日[きんようび];銀行[ぎんこう]は 金曜日[きんようび]の 遅[おそ]くに 閉[し]まる。;La banque ferme tard le vendredi.
回す[まわす];鍵[かぎ]を 左[ひだり]に 回[まわ]すとドアが 開[ひら]きます。;Tournez la clé vers la gauche et la porte s'ouvrira.
聞こえる[きこえる];隣[となり]の 部屋[へや]からテレビの 音[おと]が 聞[き]こえる。;Je peux entendre le bruit de la télévision depuis la pièce voisine.
雨[あめ];雨[あめ]が 降[ふ]っています。;Il pleut.
町[まち];雪[ゆき]が 街[まち]に 降[ふ]った。;La neige est tombée sur la ville.
込む[こむ];電車[でんしゃ]が 込[こ]んでいる。;Le train est bondé.
間に合う[まにあう];電車[でんしゃ]に 乗[の]るのが 間[ま]に 合[あ]いました。;J'étais à temps pour monter dans le train.
たった今[たったいま];電車[でんしゃ]はたった 今[いま]出[で]たところです;Le train vient de partir.
入れる[いれる];鞄に本を入れます。;Je mets le livre dans le sac.
痛いだ[いたいだ];頭が痛いの？;Avez-vous mal à la tête ?
食品[しょくひん];食品[しょくひん]は 日曜日[にちようび]にまとめて 買[か]います。;J'achète ma nourriture en une fois le dimanche.
乗る[のる];駅[えき]からはタクシーに 乗[の]ってください。;Veuillez monter dans un taxi depuis la gare.
歩く[あるく];駅[えき]まで 歩[ある]きましょう。;marchons jusqu'à la gare.
魚[さかな];魚[さかな]がたくさん 泳[およ]いでいます。;Il y a beaucoup de poissons qui nagent.
飛ぶ[とぶ];鳥[とり]が 飛[と]んでいます。;Il y a un oiseau qui vole.
鳥肉[とりにく];鳥肉[とりにく]を３ポンドください。;Je voudrais trois livres de poulet.
頃[ごろ];小さい頃、うちの壁にはお手伝い表が貼ってありました。;Quand j'étais petite, nous avions un tableau des tâches ménagères affiché au mur à la maison.
そう; 悲しそうな男の子 ;Un garçon à l'air triste.
イコール;「＝」はイコールと 読[よ]む。;"Le signe ""="" est lu comme ""égal""."
コンパ;「ええと、その 合[ごう]コンというのはつまり・・・」「 普通[ふつう]のコンパだよ」;"Et bien, cette fête étudiante, en fait… ""c'est une soirée ordinaire""."
否[いな];「どう 思[おも]う？」「いや、 賛成[さんせい]だ」;"Qu'en penses tu ? ""Eh bien, je suis pour."""
だけど;「彼女も来る？」「だといいんだけど」;« Elle vient aussi ? » « Je l’espère. »
いらっしゃい;「早くいらっしゃい、ビル」「はい、おかあさん」;"""Viens vite, Bill."" ""Oui, maman."""
はあ;・・・はぁ、どう 状況[じょうきょう]を 受け止[うけと]めればいいのかしら。;... Aaah, juste comment suis-je censé faire face à cela, je me le demande?
キログラム;１キログラムは、だいたい2.2ポンドです;Un kilogramme équivaut à environ 2,2 livres.
メートル;1マイルは1600メートルくらいです。;Un mile équivaut à environ 1600 mètres.
くらい;2週間くらいイタリアに行きます。;Je pars en Italie pour environ 2 semaines.
スーパー;３ 週間[しゅうかん]に２ 回[かい]スーパーに 買[か]い 物[もの]に 行[い]きます。;Je vais faire les courses au supermarché 2 fois toutes les 3 semaines.
エスカレーター;３ 階[かい]までエスカレーターで 行[い]きましょう。;Allons jusqu'au troisième étage en escalator.
セミナー;８月[はちがつ] １０日[とおか]から３１ 日[にち]までドイツでセミナーに 出席[しゅっせき]するために 休[やす]みます。;Je prends un congé du 10 au 31 août pour assister à un séminaire en Allemagne.
ああ;ああいう 消[け]しゴムが 好[す]き。;J'aime les gommes comme ça (là-bas).
アイスクリーム;アイスクリームを ３つ[みっつ]ください。;Donnez-moi trois glaces, s'il vous plaît.
アイスコーヒー;あいすこーひー を ください;Je vais prendre un café glacé s'il vous plaît.
デカイ;あいつは 態度[たいど]がでかい;Cet homme en impose.
アイデア;アイディアが 足[た]りないということはない。|かれ が いい あいであ を だした ね;Il n'y a pas de pénurie d'idées.
ブレーキ;あかしんごう で ぶれーき を ふんだ の;J'ai appuyé sur le frein au feu rouge.
ぐっすり;あかちゃん が ぐっすり ねて いる;Le bébé dort profondément.
アクセル;アクセルを 踏[ふ]んで、スピードを 上[あ]げた。;J'ai appuyé sur l'accélérateur et j'ai augmenté la vitesse.
ぶらぶら;あさ きんじょ を ぶらぶら した;Je me suis promené dans le quartier ce matin.
アジア;アジアからの留学生は日本語同様に英語も話す。;Les étudiants originaires d'Asie parlent aussi bien anglais que japonais.
いけない;あそこから、写真を撮ってはいけない。;Il ne faut pas prendre de photos depuis là-bas.
パトカー;あそこにパトカーがいる。;Il y a une voiture de police là-bas.
コーチ;あたらしい こーち の しどう は きびしかった;La formation du nouvel entraîneur a été dure.
あっ;あっ、木村さんからメールが入ってきました。;Oh, un e-mail de M. Kimura est arrivé.
クーラー;あつい の で くーらー を つけました;J'ai allumé la climatisation car il faisait chaud.
スポーツ;あなたは 何[なに]かスポーツをしていますか。;Est-ce que tu fais quelque sport que ce soit ?
ドライバー;あなたはけっして 注意深[ちゅういぶか]いドライバーではありませんよ。;Vous êtes loin d'être un conducteur prudent.
スポーツクラブ;あなたはこのスポーツクラブの 会員[かいいん]なのだから、ここのルールに 従[したが]わなければいけない。;Puisque vous êtes membre de ce club sportif, vous devez vous conformer à ses règles.
スタンド;あね は すたんど の した で ほん を よんで いた ん だ;Ma sœur aînée lisait un livre près de la lampe de bureau.
バスケットボール;あね は ばすけっとぼーる の せんしゅ です;Ma grande sœur est basketteuse.
そっくり;あの おやこ は そっくり だ ね;Ce parent et cet enfant se ressemblent.
どこ;あの ほん を どこ に おきました か;Où as-tu mis ce livre ?
モーニング;あの 店[みせ]のモーニングセットは、 安[やす]くて 美味[おい]しい。;Le menu du matin de ce restaurant est bon marché et délicieux.
モダン;あの 建物[たてもの]はモダンだね。;Ce bâtiment a un design moderne.
あのう;あのう、すみません。すずきさんですか。;Euh, excusez-moi. Êtes-vous M. Suzuki ?
スーツ;あのスーツはそんなに 高[たか]くない。;Ce costume n'est pas si cher.
はず;あの二人、たしか去年結婚したはずだよ。;Ces deux-là auraient dû se marier l'année dernière.
おしゃべり;あの男はおしゃべりすぎる。;Cet homme parle trop.
アフリカ;アフリカには 行[い]きにくいです。;Il est difficile d'aller en Afrique.
アポ;アポを 取[と]ろうとしたが、 彼[かれ]は 時間[じかん]をくれなかった。;J'ai demandé un rendez-vous, mais il ne m'accordait pas le temps.
きれ;あまった きれ で にんぎょう を つくりましょう;Faisons une poupée avec le surplus de tissu.
ドキュメンタリー;あまり えいが 映画は み 見ないほうだが、ドキュメンタリーだけははずせない。;Je ne regarde pas beaucoup de films, mais je ne peux pas résister à un bon documentaire.
レインコート;あめ な の で れいんこーと を きました;J'ai mis mon imperméable car il pleuvait.
アクセント;あめりか えいご と いぎりす えいご で は あくせんと が ちがう こと が ある ね;Il peut y avoir une différence de stress entre l'anglais américain et l'anglais britannique.
アメリカ;アメリカから帰る前に私は卒業してしまってるでしょう。;Je serai probablement diplômé avant mon retour d'Amérique.
アルコール;アルコールを 飲[の]んで 運転[うんてん]するのは 危険[きけん]です。;Boire de l'alcool et conduire une voiture est dangereux.
アルミホイル;アルミホイルで 包[つつ]んで、 魚[さかな]を 焼[や]く。;Enveloppez le poisson dans du papier d'aluminium et faites-le cuire.
あんな;あんな 本[ほん]は 子供[こども]の 本[ほん]です。;Un tel livre est un livre pour enfants.
あんなに;あんなにいい 人[ひと]はいません。;Je n'ai jamais vu une personne d'aussi bon cœur.
いいですよ;いいえ、消してもいいですよ。;Non, vous pouvez l'effacer.
いえ;いいえ、辛くないです。;Non, ce n'est pas épicé.
じゃ;いいね。じゃ、行こう！;Super. Allez, on y va !
ほっと;いえ に ついて ほっと した よ;Je me suis senti soulagé d'être à la maison.
シーン;いくつかのシーンがオリジナルから 外[はず]された。;Plusieurs scènes ont été retirées par rapport à l'original.
カチカチ;いけ が かちかち に こおって います;L'étang est gelé.
ボート;いけ で ぼーと に のりました;Je suis monté sur le bateau à l'étang.
セールスマン;いぜん せーるすまん を して いた こと が あります;J'ai travaillé comme vendeur auparavant.
イチゴ;いちごはいまがシーズンだ。;Les fraises sont de saison en ce moment.
やる;いっしょ に しゅくだい を やろう;Faisons nos devoirs ensemble.
ランチ;いっしょ に らんち に いきません か;Voulez-vous aller déjeuner ensemble ?
いっそ;いっそ 何[なに]もかも 話[はな]してみたらどうですか;Wouldn't it be better to talk about everything?
プレイヤー;いつも 一人[ひとり]で 仕事[しごと]をしているから。 僕[ぼく]は、チームプレーヤーではない。;Je travaille toujours seul. Je ne suis tout simplement pas un joueur d'équipe.
ペットボトル;"いつも[;a] お茶[おちゃ;h] の ペットボトル[;n4] を 持[も,もつ;k1]って います[,います;k2] 。";J'ai toujours une bouteille de thé en plastique.
ぐるぐる;いぬ が じぶん の しっぽ を おいかけて ぐるぐる まわって いる;Le chien tournait en rond en chassant sa queue.
ブラシ;いぬ の け を ぶらし で とかして やった の;J'ai brossé les poils du chien avec une brosse.
ダム;いま だむ の みず が すくない ね;Maintenant, le barrage n'a plus beaucoup d'eau.
フルート;いま 今、 わたし 私はフルートに むちゅう 夢中になってきている。;Maintenant, je suis accro à jouer de la flûte.
バレーボール;いもうと は ばれーぼーる が とくい です;Ma petite sœur est douée au volley-ball.
マネー;いんたーねっと で まねー じょうほう を ちぇっく した よ;J'ai vérifié certaines informations financières sur Internet.
インターン;インターンは 学生[がくせい]にとって、いい 経験[けいけん]だ。;Être stagiaire est une bonne expérience pour les étudiants.
イントネーション;イントネーションの 違[ちが]いに 気[き]を 付[つ]けて。;Assurez-vous de noter la différence d'intonation.
ウイスキー;ウイスキーが１本あるんだ。;J'ai une bouteille de whisky.
ううん;ううん、見なかった。;Non, je ne l'ai pas vu.
ウェーター;うぇーたー が みず を はこんで きました;Le serveur apporta de l'eau.
ウェートレス;うぇーとれす を よんだ;J'ai appelé la serveuse.
ウガンダ;ウガンダ 人[じん]は 国[くに]に 収入[しゅうにゅう]をもたらすのにコーヒーの 収穫[しゅうかく]に 頼[たよ]っている。;Les Ougandais dépendent de leur récolte de café pour assurer les revenus de leur pays.
プログラム;うけつけ で ぷろぐらむ を うけとった;J'ai eu mon programme à la réception.
こちら;うけつけ は こちら です;La réception est par ici.
ウサギ;うさぎ と かめ の はなし を しって います か;Connaissez-vous l'histoire de la tortue et du lièvre ?
ストーブ;うち で は まだ ストーブ を つかって います;Nous utilisons encore un poêle de chauffage chez moi.
ウナギ;うなぎ の かばやき は おいしい ね;L'anguille grillée est délicieuse.
ヌルヌル;うなぎはぬるぬるしていますね。;Les anguilles sont visqueuses.
うん;うん、テーブルがないね。;Ouais, il n'y a pas de table (libre), n'est-ce pas ?
だって;うん。起きるの早いんだって。;Ouais. Il a dit qu'il se levait tôt.
びっしょり;うんどう して あせ びっしょり です;J'ai fait de l'exercice et maintenant je suis tout en sueur.
ガラガラな;えいがかん は がらがら でした|この 時間[じかん]のバスはガラガラだ。;La salle de cinéma était vide. | Le bus est vide en ce moment.
バランス;えいよう ばらんす の いい しょくじ を しよう;Nous devrions manger des repas bien équilibrés.
ええ;ええ、私も知りたいです。;Oui, j'aimerais bien le savoir aussi.
エチケット;えちけっと を まもる こと は たいせつ です;Il est important de respecter les règles de l'étiquette.
エレベーター;エレベーターで 下[した]に 降[お]りましょう。;Sortons en bas par l'ascenseur.
わくわく;えんそくが 楽[たの]しみでワクワクしてます。;J'attends avec impatience le voyage, donc je suis vraiment excité.
いらっしゃる;お 客様[きゃくさま]がいらっしゃいました。;Votre invité est arrivé. (Respect)
フルーツ;おいし そう な ふるーつぜりー だ ね;Cette pâte de fruits a l'air délicieuse, n'est-ce pas ?
オーナー;オーナーの 人達[ひとたち]は 彼[かれ]を 支配人[しはいにん]に 任命[にんめい]した。;Les propriétaires l'ont nommé directeur.
アンテナ;おくじょう に あんてな が たって います ね;L'antenne se dresse sur le toit.
からから;おしゃべり して のど が からから に なりました;Ma gorge s'est asséchée à force de bavarder.
しゃがむ;おとしより が みちばた に しゃがんで います ね;Une personne âgée est accroupie sur le bord de la route.
オフ;オフの 日[ひ]も、 会社[かいしゃ]の 同期[どうき]と 会[あ]う。;Je rencontre mes contemporains même pendant mes jours de repos.
ポット;おゆ は ぽっと に はいって います;Il y a de l'eau chaude dans le thermos.
オリンピック;おりんぴっく は よねん に いちど かいさい されます;Les Jeux Olympiques ont lieu tous les quatre ans.
ロック;おれ は ろっく を きく の が すき だ;J'aime écouter du rock.
カーナビ;カーナビがあれば、どこへでも 行[い]ける。;Si vous avez un GPS dans votre voiture, vous pouvez aller n'importe où.
スピード;カーブを 曲[ま]がるときはスピードを 落[お]としましょう。;Vous devriez ralentir quand vous abordez un virage.
キョロキョロ;かいじょう で こども が きょろきょろ して いる わ よ;L'enfant regarde la salle.
ガイド;ガイド 付[つ]きの 旅行[りょこう]を 申[もう]し 込[こ]んだの。;Je me suis inscrit pour une visite guidée.
カウンセリング;カウンセリングを 受[う]けると、 気持[きも]ちが 楽[らく]になる。;Lorsque vous recevez des conseils, vous vous sentez beaucoup mieux.
ぴょんぴょん;かえる が ぴょんぴょん はねて いる ね;Les grenouilles sautent autour de l'étang.
へそ;かえる に は へそ が ない ん だ;Les grenouilles n'ont pas de nombril.
コスト;かかく 価格はコストと じゅよう 需要で き 決まる。;Price depends on costs and demand.
ガスレンジ;ガスレンジから 変[へん]な 臭[にお]いがする。;Il y a une odeur étrange provenant de la cuisinière à gaz.
ぴったり;かぜ が ぴたりと やんだ ね;Le vent s'est soudainement calmé.
くしゃみ;かぜ で くしゃみ が とまりません;Je n'arrête pas d'éternuer à cause de mon rhume.
カタログ;カタログを 見[み]て 注文[ちゅうもん]しました。;J'ai consulté le catalogue, j'ai passé une commande.
ヘアスタイル;"かっこいい[,かっこいい;k4] ヘアスタイル[;n4] に したい[,する;h] です 。";Je veux avoir une coiffure cool.
トルコ;かつてサルタンが 今日[きょう]のトルコを 統治[とうち]していた。;Durant une période, le sultan a dominé la Turquie d'aujourd'hui.
ベタベタ;かっぷる が べたべた して いる ね;Ce couple est inséparable.
プラン;かのじょ と りょこう の ぷらん を かんがえました;J'ai pensé à un plan de voyage avec elle.
ドキドキ;かのじょ に あう と どきどき します;Je me sens nerveux quand je la rencontre.
ショッピング;かのじょ の いちばん の たのしみ は しょっぴんぐ です;Son plus grand plaisir est le shopping.
さっぱり;かのじょ の いって いる こと が さっぱり わからない の;Je ne comprends pas du tout ce qu'elle dit.
はっと;かのじょ の うつくしさ に はっと した よ;J'ai été émerveillé par sa beauté.
パターン;かのじょ の こうどう ぱたーん は きょうみぶかい な;Son comportement est intéressant.
スカート;かのじょ は あまり スカート は はかない;Elle ne porte pas souvent de jupes.
いつ;かのじょ は いつ きます か;Quand vient-elle ?
ゲラゲラ;かのじょ は いつ まで も げらげら わらって いた な;Elle a continué à rire à haute voix.
ピン;かのじょ は いつも かみ を ぴん で とめて いる ね;Elle tient toujours ses cheveux avec des épingles.
ニコニコ;かのじょ は いつも にこにこ して います;Elle est toujours souriante.
インテリ;かのじょ は いんてり で しかも びじん です ね;Elle est non seulement intelligente mais belle aussi.
きっちり;かのじょ は きっちり さんじ に きた わ;Elle est venue à trois heures précises.
キッチン;かのじょ は きっちん で ゆうしょく を つくって います;Elle prépare le dîner dans la cuisine.
マフラー;かのじょ は くび に まふらー を まいて いた;Elle portait un foulard autour du cou.
こっそり;かのじょ は こっそり だいえっと を はじめた の;Elle a commencé un régime en secret.
モデル;かのじょ は この しょうせつ の しゅじんこう の もでる です;Elle est le modèle de l'héroïne de ce roman.
アイロン;かのじょ は しゃつ に あいろん を かけた;Elle a repassé la chemise.
ショック;かのじょ は しょっく で くち も きけなかった わ;Elle était trop choquée pour parler.
ブラウス;かのじょ は しろい ぶらうす を きて いる;Elle porte un chemisier blanc.
ワンピース;かのじょ は しろい わんぴーす を きて いた よ;Elle portait une robe blanche.
パンツ;かのじょ は すかーと より ぱんつ が にあう ね;Elle est plus belle en pantalon qu'en jupe.
スチュワーデス;かのじょ は すちゅわーです に なった;Elle est devenue hôtesse de l'air.
イヤリング;かのじょ は すてき な いやりんぐ を して いる;Elle porte de magnifiques boucles d'oreilles.
デモ;かのじょ は でも に さんか した よ;Elle a participé à la manifestation.
ペラペラ;かのじょ は どいつご が ぺらぺら です;Elle parle couramment l'allemand.
どんなに;かのじょ は どんなに うれしかったろう;Comme elle a dû être heureuse.
にっこり;かのじょ は にっこり ほほえんだ;Elle sourit largement.
パッと;かのじょ は ぱっと め を ひらいた;Elle ouvrit soudain les yeux.
マイク;かのじょ は まいく を もって はなしはじめた の;Elle prit le micro et commença à parler.
ジャーナリスト;かのじょ は ゆうのう な じゃーなりすと だ;C'est une journaliste compétente.
ゆったり;かのじょ は ゆったり した ふく を きて います ね;Elle porte des vêtements amples.
ロマンチック;かのじょ は ろまんちっく な ひと です;C'est une personne romantique.
アイドル;かのじょ は わかもの の あいどる です;C'est une icône de la jeunesse.
くしゃくしゃ;かみ を くしゃくしゃ に まるめました;J'ai roulé le papier en boule.
ゴロゴロ;かみなり が ごろごろ なって いる;Le tonnerre gronde.
カメラ;カメラが 壊[こわ]れた。;Mon appareil photo s'est cassé.
カラー;からーこぴー は いちまい いくら です か;Combien coûte une copie couleur ?
まれ;かれ が しごと を やすむ の は まれ です;Il est rare qu'il prenne un jour de congé.
イメージする;かれ に は せいけつ な いめーじ が ある ね;Il a une image propre.
スピーチ;かれ の すぴーち は すばらしかった 。;Son discours était excellent.
まあまあ;かれ の せいせき は まあまあ です;Ses résultats sont moyens.
オーバー;かれ の はなし は いつも おーばー です;Son histoire est toujours exagérée.
せっせと;かれ は あさ から ばん まで せっせと はたらいた の;Il a travaillé dur du matin au soir.
アパート;かれ は あぱーと に すんで います;Il vit dans un appartement.
アマ;かれ は あまちゅあ おんがくか です;C'est un musicien amateur.
マーケット;かれ は いたりあ の まーけっと を かいたく しました;Il a percé le marché italien.
ジーパン;かれ は いつも じーぱん を はいて いる ね;Il porte toujours des jeans.
スマート;かれ は いつも すまーと に こうどう する ね;Il agit toujours avec sophistication.
インタビュー;かれ は いんたびゅー に はきはき と こたえて た よ;Il a répondu avec empressement aux questions de l'interview.
コック;かれ は うで の いい こっく です;C'est un bon cuisinier.
オーケストラ;かれ は おーけすとら を しき して いる の;Il dirige l'orchestre.
ジャブジャブ;かれ は かお を じゃぶじゃぶ あらった の;Il se lava vigoureusement le visage.
メーカー;かれ は くつ の めーかー で はたらいて います;Il travaille pour un fabricant de chaussures.
サングラス;かれ は さんぐらす が にあう ね;Les lunettes de soleil lui vont bien.
ジャーナリズム;かれ は じゃーなりずむ を せんこう して いる;Il se spécialise en journalisme.
ワイシャツ;かれ は しろい ワイシャツ を きて いる;Il porte une chemise blanche.
ステージ;かれ は すてーじ に たった よ;Il se tenait sur scène.
せっかち;かれ は せっかち で こまります;Son impatience me trouble.
ミュージック;かれ は そうる みゅーじっく を よく きく の;Il écoute souvent de la musique soul.
ファン;かれ は だい の さっかーふぁん です;C'est un grand fan de football.
タレント;かれ は たれんと な の で よく てれび に でて います;Comme il est une célébrité, il apparaît souvent à la télévision.
ぼんやり;かれ は とおく を ぼんやり みて いた の;Il regarda vaguement au loin.
トップ;かれ は とっぷ の せいせき で ごうかく しました;Il a réussi avec le meilleur score.
ペース;かれ は とても はやい ぺーす で はしって いる ね;Il court à un rythme très rapide.
パイロット;かれ は ぱいろっと です;C'est un pilote.
ビジネス;かれ は びじねすくらす に のった の;Il a voyagé en classe affaires.
ぶつぶつ;かれ は ぶつぶつ と ひとりごと を いった ん だ;Il grommela pour lui-même.
プライド;かれ は ぷらいど が たかい ひと です;C'est une personne fière.
ぶるぶる;かれ は ぶるぶる ふるえて いた よ;Il tremblait.
ベテラン;かれ は べてらん の うんてんしゅ です;C'est un chauffeur expérimenté.
バッジ;かれ は べんごし ばっじ を つけて いた よ;Il portait un badge d'avocat.
トレーニング;かれ は まいにち とれーにんぐ を する の;Il s'entraîne tous les jours.
パチンコ;かれ は まいにち ぱちんこ を して います;Il joue au pachinko tous les jours.
がぶがぶ;かれ は みず を がぶがぶ のんだ ん だ;Il avala l'eau.
マスコミ;かれ は よく ますこみ に も とうじょう する ね;Il apparaît souvent dans les médias.
スプーン;カレーライスはスプーンで 食[た]べます。;Le riz au curry se mange avec une cuillère.
カレンダー;カレンダーに 予定[よてい]を 書[か]いた。;J'ai écrit mon emploi du temps sur le calendrier.
どっと;かんしゅう が どっと わらった ん だ;Le public éclata de rire.
カンニング;かんにんぐ を した ひと は れいてん です;Ceux qui trichent à l'examen n'obtiennent aucun point.
カン;カンは 月曜日[げつようび] に 出[だ]して ください 。;Merci de sortir les canettes lundi.
バンド;きついバンドは けつえき 血液の じゅんかん 循環を さまた 妨げる。;Une ceinture trop serrée bloquera la circulation du sang.
ドレス;きのう すてき な どれす を かいました;J'ai acheté une magnifique robe hier.
ピンポン;きのう の ゆうがた ともだち と ぴんぽん を した;J'ai joué au ping-pong avec un ami hier soir.
バーゲン;きのう ばーげん で すーつ を かいました;J'ai acheté un costume aux soldes hier.
より;きのう　より　さむい。;Il fait plus froid qu'hier.
キャッシュカード;キャッシュカードでお 金[かね]を 下[お]ろした。;J'ai retiré de l'argent avec ma carte de paiement.
キャベツ;キャベツの 千切[せんぎ]りを 添[そ]えたよ。;Je l'ai garni de chou émincé.
ハンバーガー;きょう の ひるごはん は はんばーがー でした;J'ai eu un hamburger pour le déjeuner aujourd'hui.
バイト;きょう は 6 じ から ばいと です;Mon travail à temps partiel commence à 6 heures aujourd'hui.
ピクニック;きょう は ぴくにっく に いきましょう;Allons pique-niquer aujourd'hui.
ぽかぽか;きょう は ぽかぽか あたたかい ひ です;C'est une belle journée chaude aujourd'hui.
リットル;きょう は みず を 2 りっとる いじょう のんだ わ;J'ai bu plus de deux litres d'eau aujourd'hui.
ギョーザ;ぎょうざは 中国[ちゅうごく]のラビオリです。;Les Gyoza sont des raviolis Chinois.
キリスト;きりすと の ははおや の なまえ は まりあ だ;Le nom de la mère du Christ est Maria.
クイズ;くいず ばんぐみ を みる の が すき です;J'aime regarder des émissions de quiz.
ゴクン（と）;くすり を ごくんと のみこんだ ん だ;J'ai avalé le médicament d'une traite.
クッキー;くっきー と こうちゃ を いただきました;J'ai eu des biscuits et du thé.
ガラス;クリスタルガラスの 花瓶[かびん]を 買[か]いました。;J'ai acheté un vase en verre de cristal.
クリスマス;クリスマスにはケーキを 食[た]べます。;Nous mangeons du gâteau à Noël.
メンバー;グループのメンバーは１０ 人[にん]です。;Il y a 10 membres dans le groupe.
バック;くるま の ぎあ を ばっく に いれた よ;J'ai mis la voiture en marche arrière.
のろのろ;くるま は ゆきみち を のろのろ と はしった の;La voiture roulait très lentement sur la route enneigée.
ノー;ケイトは歴史の講義を丹念にノートにとった。;Kate prenait des notes méticuleusement pendant ses cours d'histoire.
がさがさ;げんかん で がさがさ と おと が しました よ;J'ai entendu un bruissement à l'entrée.
ずらり;げんかん に くつ が ずらり と ならんで いた な;Des chaussures étaient alignées dans l'embrasure de la porte.
ベル;げんかん の ベル が なった;La cloche d'entrée sonnait.
～と～;ご 飯[はん]はナイフとフォークで 食[た]べます。;Je mange mes repas avec un couteau et une fourchette.
テーマ;こうえん の てーま は なん です か;Quel est le sujet de la leçon ?
レモン;こうちゃ に れもん を いれて のんだ;J'ai mis du citron dans mon thé et je l'ai bu.
コード;こーど が みじかく て こんせんと に とどきません;Le cordon est trop court pour atteindre la prise.
リサイクルする;"コート[;a] を リサイクル[;n2] に 出[だ,だす;k1]しました 。";J'ai recyclé mon manteau.
けど、;コートはあるけど、帽子はないです。;J'ai un manteau, mais je n'ai pas de chapeau.
ホット;こーひー を ほっと で ください;S'il vous plaît, apportez-moi une tasse de café chaud.
コーヒーショップ;コーヒーショップはどこですか。;Où est le café?
ゴールデンウィーク;ごーるでんうぃーく に かいがい りょこう を します|４月[しがつ] 下旬[げじゅん]から ５月[ごがつ]の 初[はじ]めに、ゴールデンウイークという 連休[れんきゅう]がある。;Je voyagerai à l'étranger pendant la Golden Week.|Il y a un jour férié consécutif de fin avril à début mai appelé Golden Week.
ストップ;ここ で いったん すとっぷ して ください;Veuillez vous arrêter ici tout de suite.
サイン;ここ に さいん して ください;Signez ici s'il vous plait.
キロ;ここから 彼女[かのじょ] の 家[いえ] まで ２ キロ あります 。;Il y a deux kilomètres d'ici jusqu'à sa maison.
から;ここからタワーが見えるよ。;On peut voir la tour d'ici.
ステーキ;ここのステーキはまあまあです。;Le steak ici est correct.
クリック;ここをクリックすると、 画面[がめん]が 変[か]わる。;Si vous cliquez ici, l'écran changera.
どうぞ;こちらへどうぞ。;Par ici, je vous prie.
すやすや;こども が すやすや ねむって いる ね;L'enfant dort profondément.
ぴょん;こども が みずたまり を ぴょんと とびこえた ね;L'enfant a sauté par-dessus la flaque d'eau.
カレーライス;こども は かれーらいす が すき です;Les enfants aiment le curry et le riz.
ティーシャツ;この Ｔ[ティー]シャツはバーゲンで 買[か]った。;J'ai acheté ce T-shirt en solde.
アクセサリー;この アクセサリー は すてき ね;Ce bijoux est ravissant.
ガタガタ;この いす は がたがた して いる ね;Cette chaise est instable.
ウィスキー;この うぃすきー は つよい よ;Ce whisky est fort.
ウール;この うーる の せーたー は あたたかい;Ce pull en laine est chaud.
アルミ;この おなべ は あるみにうむ せい です;Cette casserole est en aluminium.
カーブ;この かーぶ は き を つけて;Soyez prudent sur cette courbe.
プラスチック;この かっぷ は ぷらすちっく です;Ce gobelet est en plastique.
テンポ;この きょく は てんぽ が はやい です ね;Le tempo de ce morceau est rapide.
プラス;この けいけん は あなた に とって ぷらす に なる でしょう;Cette expérience sera une bonne chose pour vous.
ケース;この けーす に は CD が 50 まい はいります;50 CD rentreront dans cette mallette.
ルール;この げーむ の るーる は かんたん です;Les règles de ce jeu sont simples.
アルファベット;この こ は あるふぁべっと を ぜんぶ いえます;Cet enfant peut dire tout l'alphabet.
ナイロン;この じゃけっと は ないろん で できて います;Cette veste est en nylon.
セルフサービス;この しょくどう は せるふさーびす です;Cette salle à manger est en libre-service.
スピーカー;この すぴーかー は おと が いい です ね;Le son de cette enceinte est bon.
センター;この せんたー で こうじょう ぜんたい を かんり して います;Toute l'usine est gérée à partir de ce centre.
ソファー;この そふぁー は きもち が いい;Ce canapé est très confortable.
パイナップル;この ぱいなっぷる を きって ください;Veuillez couper cet ananas.
パイプ;この ぱいぷ は つまって います よ;Ce tuyau est bouché.
ぎっしり;この はこ に は ぎっしり もの が つまって います;Cette boîte est bien remplie de choses.
パジャマ;この ぱじゃま を きて;Mettez ce pyjama.
バット;この ばっと は きんぞく で できて います;Cette batte est en métal.
デザイン;この ふく の でざいん は すてき です ね 。;Le design de ce vêtement est magnifique.
だぶだぶ;この ふく は おおき すぎて だぶだぶ です;Ces vêtements sont trop grands et amples.
ドル;この ふく は さんびゃくどる しました;Ces vêtements coûtent 300 dollars.
パーセント;この むら の はちじゅっぱーせんと は ろうじん です;Quatre-vingt pour cent des habitants de ce village sont des personnes âgées.
メロディー;この めろでぃー は きいた こと が ある;J'ai déjà entendu cette mélodie.
ハードウェア;この もんだい は はーどうぇあ の こしょう が げんいん です;Ce problème est dû à un dysfonctionnement matériel.
サービス;この 店[みせ]はサービスがいい。;Dans ce magasin, le service est bon.
チケット;この 映画館[えいがかん]のチケットは1800 円[えん]です。;Ce billet de cinéma coûte 1800 yens.
ベストセラー;この 本[ほん]はかつてはベストセラーだったが、 今[いま]は 絶版[ぜっぱん]になっている。;Ce livre, qui était autrefois un best-seller, est maintenant épuisé.
カエル;この 池[いけ]には 以前[いぜん] 蛙[かえる]がたくさんいたものだった。;Il y avait beaucoup de grenouilles dans cet étang.
ハンドル;この 車[くるま]は 左[ひだり]ハンドルです。;Cette voiture a un volant à gauche.
ガソリンスタンド;この 近[ちか]くにガソリンスタンドはありますか。;Y a-t-il une station-essence à proximité ?
ミュージカル;この 間[このあいだ]ミュージカルに 見[みにい]に行ったんだ。;J'étais à une comédie musicale récemment.
だから;この 音楽[おんがく]が 好[す]きだから、 踊[おど]りやすい。;Parce que j'aime cette musique, c'est facile de danser dessus.
リュック;"この[;h] リュック[;a] に は 教科書[きょうかしょ;n3] が たくさん[;n3] 入[はい,はいる;k1]って います[,います;k2] 。";Il y a beaucoup de manuels dans ce sac à dos.
アドレス;このアドレスのところに 行[い]ってください。;Veuillez me conduire à cette adresse.
ジャム;このいちごでジャムを 作[つく]りましょう。;Faisons de la confiture avec ces fraises.
イベント;このイベントに さんか 参加しませんか。;Would you take part in this event ?
インスタント;このインスタントスープは １つ１つ[ひとつひと] 包[つつ]みの 中[なか]に 入[は]っている。;Cette soupe instantanée est livrée en paquets individuels.
カツオ;このカツオの 塩辛[しおから]は 塩辛[しおから]すぎる。;Ces boyaux salés sont trop salés pour moi.
クレジットカード;このクレジットカードは、とても 便利[べんり]だ。;Cette carte de crédit est très pratique.
コンテスト;このコンテストに 優勝[ゆうしょう]すると 車[くるま]がもらえるんだ。;Si vous gagnez ce concours, vous recevrez une voiture.
サイズ;このサイズは 私[わたし]には 小[ちい]さすぎます。;Cette taille est trop petite pour moi.
きつい;このシャツは 少[すこ]しきついです。;Cette chemise est un peu serré.
シャツ;このシャツはアイロンが 必要[ひつよう]だ。;Cette chemise a besoin de repassage.
シャンプー;このシャンプーを 買[か]うと 素敵[すてき]なヘアブラシがついてきます。;Ce shampooing est livré avec une belle brosse à cheveux.
ジュース;このジュースは 甘[あま]すぎる。;Ce jus est trop sucré.
シリーズ;このシリーズは５０ 話[わ]もあるそうよ。;J'ai entendu dire que cette série a plus de 50 épisodes.
セーター;このセーターはウールだ。;Ce pull est en laine.
ソフト;このソフトで 日本語[にほんご]を 勉強[べんきょう]することができます。;Vous pouvez étudier le japonais avec ce logiciel.
トーナメント;このトーナメントに 優勝[ゆうしょう]するには、７ 回[かい] 続[つづ]けて 勝[か]たなくてはいけません。;Nous devons gagner sept fois de suite pour remporter ce tournoi.
ハウス;このトマトはハウス 栽培[さいばい]だ;These tomatoes are grown under glass.
ひらひら;このは が ひらひら と おちた の;Une feuille tomba.
ファイル;このファイルの 仕事[しごと]、 手伝[てつだ]ってよ。;Aidez-moi avec ce classeur.
マーク;このブランドのマークは 可愛[かわい]いですね。;Ce logo de marque est mignon.
セット;このメニューはサラダと 飲[の]み 物[もの]がセットになっています。|もし 眠[ねむ]るといけないので 目覚し時計[めざましどけい]をセットしなさい。;Pour ce menu, une salade et une boisson deviennent un ensemble.|Si vous dormez, mettez l'alarme du réveil.
どうやって;この動画、どうやって作ったんですか？;Comment avez-vous réalisé cette vidéo ?
コピー;この機械は一分間に１００部のコピーをつくる。;Cette machine produit 100 copies par minute.
ビニール;ごみ は その びにーるぶくろ に いれて ください;Veuillez mettre les ordures dans ce sac en plastique.
コミュニケーション;コミュニケーション 不足[ぶそく]は 様々[さまざま]な 問題[もんだい]を 引き起[ひきお]こす;Le manque de communication est la source de nombreux problèmes.
ゴム;ゴムが 伸[の]びてしまった。;L'élastique s'est distendue.
グラス;これ は きれい な ぐらす です ね|ビールを 飲[の]むグラスは、どれがいいですか。;C'est un beau verre.|Quel verre est bon pour boire de la bière ?
コレステロール;コレステロールをためたくなかったら、 脂肪[しぼう]のない 赤身[あかみ]の 肉[にく]を 食[た]べるのがよい。;Si vous voulez éviter le cholestérol, mangez de la viande maigre sans gras.
ホームラン;これで、 今日[きょう]３ 本[ぼん] 目[め]のホームランだ。;C'est le troisième coup de circuit aujourd'hui.
まし;これでもないよりましだ。;C'est même mieux que rien.
アイロンをする;これにアイロンをかけてください。;Veuillez repasser ceci.
ヒット;これは 我[わ]が 社[しゃ]のヒット 商品[しょうひん]です;C'est notre produit far.
チャンス;これは 素晴[すば]らしいチャンスだ。;C'est une chance inéspérée.
ペット;これはうちのペットです。;C'est notre animal de compagnie.
スイス;これはスイスのですか。;Est que c'est Suisse ?
ギター;これは兄のギターです。;Ceci est la guitare de mon grand frère.
ダイヤ;これは本物のダイヤでしょう。;C'est un véritable diamant, n'est-ce pas ?
ガクンと;こんがっき は せいせき が がくんと おちて しまった;Mes notes ont fortement chuté ce semestre.
コンクリート;こんくりーと に ひび が はいって います ね;Le béton est fissuré.
ウィークエンド;こんど の うぃーくえんど は えいが を みます;Je vais regarder un film ce week-end.
こんなに;こんなに 面白[おもしろ]い 本[ほん]は 初[はじ]めて 読[よ]んだ。;C'est la première fois que j'ai lu un livre aussi intéressant.
こんな;こんな靴がほしかった。;Je voulais des chaussures comme celles-ci.
やなど;コンビニで 寿司[すし]やサンドイッチやラーメンなどがあります。;A l'épicerie, Il y a entre autre, des sushis, des sandwichs et des ramen.
コンビニ;コンビニでは 何[なん]でも 買[か]えます。;Je peux acheter n'importe quoi dans une superette
コンピュータ;コンピューターを直せますか。;Pouvez-vous réparer mon ordinateur ?
サーカス;サーカスで、 商品[しょうひん]としておもちゃを 配[くば]っている。;Les cirques offrent des jouets comme prix.
ダウン;さーばー が だうん して います;Le serveur a planté.
さあ;さあ仕事をはじめましょう。;Maintenant, commençons le travail !
ウエスト;さいきん うえすと が ふとく なった な;Ma taille a grossi ces derniers temps.
ハード;さいきん しごと が かなり はーど です;Récemment, mon travail est assez dur.
ネットワーク;さいきん しゃない ねっとわーく の ちょうし が わるい;L'intranet du bureau ne fonctionne pas bien ces derniers temps.
ゆとり;さいきん せいかつ に ゆとり が でて きました;J'ai plus d'espace pour respirer ces derniers temps.
ブーム;さいきん にほん は けんこう ぶーむ です;Il y a eu une mode santé au Japon récemment.
チェンジ;さかみち で ぎあー を ちぇんじ した よ;J'ai changé de vitesse alors que la route était en pente.
ひらり;さくら の はなびら が ひらりと まいおちた な;Les pétales de fleurs de cerisier flottaient doucement vers le bas.
カー;サッカーをしますか、それともラグビー？;Tu joues au football ou au rugby ?
さっき;さっきの 話[はなし]を 続[つづ]けましょう。;Continuons la conversation que nous avons eue plus tôt.
さて;さて、順番に並べましたか。;Bon, les avez-vous alignés dans l’ordre ?
マヨネーズ;さらだ に まよねーず を かけた の;J'ai mis de la mayonnaise sur la salade.
サラダ;サラダをたくさん 食[た]べました。;J'ai mangé beaucoup de salade.
ジャンプ;さる が たかい き に じゃんぷ した;Le singe a sauté dans le grand arbre.
ページ;さんじゅうにページ を ひらいて ください;Veuillez ouvrir à la page 32.
シートベルト;シートベルトを 締[し]めてください。;Attachez votre ceinture de sécurité, s'il vous plaît.
シェフ;シェフが 腕[うで]によりをかけて 作[つく]った 料理[りょうり]というわりにはたいしたことない 味[あじ]だね。;Avec tout les efforts et le savoir faire déployé par le chef, le goût n'est pas très élaboré.
ヘリコプター;じこ げんば の じょうくう を へりこぷたー が とんで います;Un hélicoptère survole le lieu de l'accident.
インフレーション;しじょう に は いんふれーしょん の えいきょう が でて いる ね;Le marché a montré l'impact de l'inflation.
グラグラ;じしん で いえ が ぐらぐら と ゆれた;La maison a tremblé à cause du tremblement de terre.
パンク;じてんしゃ の たいや が ぱんく しました;Mon vélo a eu un pneu crevé.
レコード;ジャズ の レコード を かけました;J'ai mis un disque de jazz.
オフィス;ジャックと私は、土曜日は交代でオフィスで働くことに同意した。;Jack et moi avons convenu de travailler à tour de rôle au bureau le samedi.
ストライキ;じゅうぎょういん は あす から すとらいき です;Les salariés se mettront en grève à partir de demain.
カメラマン;しょうらい は ぷろ の かめらまん に なりたい です;Je veux être un photographe professionnel à l'avenir.
イヤホン;ジョギング 中[ちゅう]に、イヤホンで 音楽[おんがく]を 聞[き]いている。;J'écoute de la musique avec mes écouteurs en faisant du jogging.
シューズ;ジョギング 用[よう]のシューズは 安[やす]くないな。;Les chaussures de jogging ne sont pas bon marché.
ミスプリント;しりょう に みすぷりんと が ありました;Il y avait une erreur d'impression dans les documents.
パンティー;しろい ぱんてぃー を かいました;J'ai acheté une culotte blanche.
シングルベッド;"シングル[;a] の 部屋[へや;o] を 予約[よやく;h] しました[,する;h] 。";J'ai réservé une chambre avec un lit simple.
クリーニング;スーツをクリーニングに 出[だ]しました。;J'ai envoyé le costume aux nettoyeurs.
スーパーマーケット;すーぱーまーけっと で にんじん を かった;J'ai acheté des carottes au supermarché.
しわ;すかーと に しわ が よって いる よ;Votre jupe est froissée.
タワー;スカイツリーは、 日本[にほん]で 一番[いちばん] 高[たか]いタワーだ。;La Tokyo Skytree est la plus haute tour du Japon.
ファックス;すぐにファックスでその 書類[しょるい]を 送[おく]ります。;Je vous enverrai les papiers par fax tout de suite.
コピーする;すぐにレポートをコピーします。;Je vais immédiatement copier le rapport.
スケジュール;スケジュールの 調整[ちょうせい]は 君[きみ]に 任[まか]せるわ。;Je vais vous laisser ajuster mon emploi du temps.
ストレス;ストレスがいろいろな 病気[びょうき]の 元[もと]になっているの。;Le stress est la source de diverses maladies.
ザラザラ;すなぼこり で つくえ が ざらざら して いる ね;Le dessus du bureau est rugueux à cause de la poussière de sable.
ウェア;スポーツを 始[はじ]めるなら、まずウェアが 必要[ひつよう]だ。;Si vous allez commencer à faire du sport, vous aurez besoin de vêtements de sport pour commencer.
ズボン;ズボンが 汚[よご]れた。;Mon pantalon a été sali.
スリッパ;スリッパ を はいて ください;Portez des pantoufles s'il vous plaît.
がやがや;せいとたち が がやがや と さわいで います ね;Les étudiants font beaucoup de bruit.
バラバラな;せいとたち は ばらばら に きたく した ね|このシャツのボタンは、 色[いろ]もデザインもばらばらだ。;Les élèves sont rentrés chez eux séparément.|Le design et la couleur des boutons de cette chemise sont incohérents.
せめて;せめてこれだけは 約束[やくそく]してください。;At least promise this, please.
セロテープ;セロテープはありますか。;Avez-vous un rouleau de scotch?
あっさり;そうあっさり 言[い]わないで。;Ne le dites pas si brutalement.
そうですか;そうですか。ではこれはなんですか。;Ah bon ? Alors, qu'est-ce que c'est, ça ?
ソース;そーす は どれ です か;Laquelle de ces sauces est la sauce Worcestershire ?
マイナス;そと の おんど は まいなす 3 ど です;La température extérieure est de moins trois degrés.
うろうろ;その おとこ は ろびー を しばらく うろうろ して いた よ;Cet homme a erré dans le hall pendant un moment.
エイズ;その くに で は えいず が おおき な しゃかい もんだい ね;Le sida est un problème social majeur dans ce pays.
グリーン;その ぐりーん の すかーふ すてき です ね;Cette écharpe verte est ravissante, n'est-ce pas ?
ナンバー;その くるま の なんばー を おぼえて います か;Vous souvenez-vous du numéro d'immatriculation de la voiture ?
スラスラ;その しょうがくせい は むずかしい ほん を すらすら よんだ の;Cet élève du primaire a lu facilement un livre difficile.
プロフィール;その しんぶん 新聞は あたら 新しい しゅひつ 主筆のプロフィールを の 載せた。;Le journal a publié un profil de son nouvel éditeur.
ずつ;その 一節[いっせつ]を 一語[いちご]ずつ 訳[やく]しなさい。;Traduire le passage mot à mot.
コンピューターシステム;その 会社は[かいしゃ] 新[あたら]しいコンピューターシステムを 購入[こうにゅう]した。;La société a acheté un nouveau système informatique.
エピソード;その 痛[いた]ましいエピソードは 私[わたし]には 痛切[つうせつ]に 感[かん]じられた。;Cet épisode (tv ou autre) tragique m'a particuliérement passioné.
シーズン;その 選手[せんしゅ]は 今[こん]シーズンも 好調[こうちょう]だね。;Le joueur est également en bonne forme cette saison.
アニメ;そのアニメは 外国[がいこく]でも 放送[ほうそう]されます。;Ce dessin animé va même finir par être diffusé dans d'autres pays.
ツアー;そのツアーには 昼食[ちゅうしょく]は 含[ふく]まれていますか。;Le déjeuner est-il inclus dans la visite?
テープ;そのテープを聞きましょう。;Écoutons cette cassette.
バネ;そのばね いっこ １個で くるま 車の ぜん 全 じゅうりょう 重量を ささえ 支えている。;Ce ressort porte tout le poids de la voiture.
バン;そのバンドはただいまお休みです。;Ce groupe est actuellement en pause.
ピアニスト;そのピアニストはアンコールに 答[こた]えて２ 曲[きょく] 弾[ひ]いた。;Le pianiste a joué  encore deux morceaux.
プロジェクト;そのプロジェクトは 現在[げんざい] 進行中[しんこうちゅう]である。;Le projet est en cours.
ワイングラス;そのワイングラスの 取り扱[とりあつか]いに 気を付[きをつ]けてね。;Vous devez faire attention au verre à vin en les manipulant.
クッション;ソファーに 合[あ]うクッションを 買[か]った。;J'ai acheté un coussin assorti au canapé.
ソファ;ソファーに寝転がってもいい？;Est-ce que je peux m'allonger sur le canapé ?
そろそろ;そろそろ 始[はじ]めましょうか。;Commençons-nous bientôt (tranquillement) ?
ぞんざい;そんな ぞんざい な くち の ききかた は よくない よ;Ce genre de façon bâclée de parler n'est pas bon.
ダイナマイト;ダイナマイトが 爆発[ばくはつ]した;La dynamite a explosé.
タイムマシン;タイムマシーンを 持[も]っていると 想像[そうぞう]して 見[み]てください。;Imaginez que vous ayez une machine à remonter le temps.
ダイヤモンド;だいやもんど は とても こうか です ね;Les diamants sont très chers.
タイヤ;タイヤを 交換[こうかん]してください。;Remplacez les pneus.
ギラギラ;たいよう が ぎらぎら して いる;Le soleil est éblouissant.
タクシー;タクシーを 呼[よ]んでください。;Veuillez appeler un taxi.
たっぷり;たっぷりとマッサージしてもらいました。;I got a full massage.
タコ;たべ 食べられることなくそのたこは、 うみ 海に かえ 帰ったのであった。;That octopus returned to the sea without being eaten.
パーマ;たまにはパーマをかけて、 気分[きぶん]を 変[か]えよう。;De temps en temps, je reçois une permanente pour changer mon humeur.
チーズ;ちーず を ひときれ たべました;J'ai mangé une tranche de fromage.
アウト;チェックアウト・タイムは何時ですか。;À quelle heure se fait le départ ?
チキン;ちきんそてー は わたし の だいこうぶつ です;Le sauté de poulet est mon plat préféré.
サラリーマン;ちち は さらりーまん です;Mon père est un employé de l'entreprise.
ラグビー;ちち は わかい ころ らぐびー の せんしゅ でした;Quand il était jeune, mon père était joueur de rugby.
レクリエーション;ちょうないかい の れくりえーしょん に さんか した の;J'ai participé aux activités récréatives organisées par l'association du quartier.
チョーク;ちょーく で こくばん に じ を かきました;J'ai écrit des lettres sur le tableau noir avec de la craie.
ちょっと~まで;ちょっとあそこまでいこう。 ちょっとさいごまで わたしの はなしをきいて！ きのうは ちょっとおそくまで おきていました。;Allons un peu plus loin. Écoute-moi d'abord un peu, s'il te plaît ! Hier, je suis resté debout un peu tard.
ツイン;ツインの 部屋[へや]にエキストラベッドを 入[い]れてください。;Mettez un lit d'appoint dans la chambre double, svp.
ネックレス;つま に ねっくれす を ぷれぜんと しました;J'ai offert un collier à ma femme.
ティッシュ;てぃっしゅ を とって ください;S'il vous plaît, passez-moi les mouchoirs.
デート;でーと で ゆうえんち に いきました;Je suis allé à un parc pour un rendez-vous amoureux.
テープレコーダー;テープレコーダーを使います。;J’utilise un enregistreur magnétophone.
テキスト;テキストを 読[よ]んでください。;Veuillez lire le texte.
デザート;でざーと に けーき を たべました;J'ai eu le gâteau pour le dessert.
プリント;でじかめ で とった しゃしん を ぷりんと した ん だ;J'ai imprimé la photo que j'ai prise avec mon appareil photo numérique.
ざっと;テスト 前[まえ]に 教科書[きょうかしょ]をざっと 復習[ふくしゅう]した。;J'ai fait une révision approximative avec mon manuel avant le test.
ラケット;てにす の らけっと を かいました;J'ai acheté une raquette de tennis.
チャレンジ;テニスにチャレンジすれば？;Pourquoi ne pas essayer le tennis?
では;では 今晩[こんばん]またね、さようなら。;Alors, rendez-vous ce soir. Au revoir.
サンプル;デパートで、 化粧[けしょう] 品[ひん]のサンプルをもらった。;J'ai reçu un échantillon de produits de beauté au grand magasin.
チャンネル;てれび の ちゃんねる を かえて ください;Veuillez changer de chaîne de télévision.
リモコン;テレビのリモコンを 取[と]ってください;Passez-moi la télécommande.
ポスター;でんちゅう に ぽすたー が はって あった;Il y avait une affiche collée sur le poteau télégraphique.
じゃんじゃん;でんわ が じゃんじゃん かかって きた な;Le téléphone sonna bruyamment.
ドア;ドアを 開[あ]けてください。;Ouvre la porte s'il te plaît.
トイレットペーパー;といれっとぺーぱー を こうかん しました;J'ai changé le papier toilette.
トイレ;トイレを 掃除[そうじ]しましたか。;As-tu nettoyé les toilettes ?
アクセス;どういうわけかメールにアクセスできませんでした。;Pour une raison quelconque, je n'ai pas pu accéder à mon e-mail.
如何か[どうか];どうか おゆるし ください;S'il vous plaît, pardonnez-moi.
どうせ;どうせ まにあわない なら ゆっくり いこう;Allons-y doucement car nous ne serons pas à l'heure de toute façon.
どうにか;どうにか 締[し]め 切[き]りに 間[ま]に 合[あ]った。;J'ai réussi à respecter la date limite.
スモッグ;とかい の そら は すもっぐ で はいいろ ね;Le ciel de la ville est gris à cause du smog.
ドキッと;とつぜん の しつもん に どきっと した よ;J'ai été surpris par la question soudaine.
サークル;どのサークルに 入[はい]るか 迷[まよ]っちゃった。;Je ne savais pas quel groupe rejoindre.
ゼミ;どのゼミを 選[えら]ぶか、まだ 考[かんが]えている。;Je réfléchis encore au séminaire à suivre.
スクリーン;トムはスクリーンに釘付けだった。;Tom était rivé à l'écran.
ハンサム;トムは若い時にハンサムでした。;Tom était beau quand il était jeune.
トランプ;ともだち と とらんぷ を して あそびました;Je jouais aux cartes avec un ami.
ドライヤー;ドライヤーは 小[ちい]さい 方[ほう]がいい。;Il est préférable d'avoir un petit sèche-cheveux.
トラック;トラックを 運転[うんてん]できますか。;Pouvez-vous conduire un camion?
どんな;どんな 果物[くだもの]が 好[す]きですか。;Quel genre de fruit aimez-vous ?
トンネル;とんねる を ぬける と うみ が みえた よ;Quand nous sommes sortis du tunnel, nous pouvions voir la mer.
ナイジェリア;ナイジェリアはかつてイギリスの 植民地[しょくみんち]であった。;Autrefois, le Nigéria était une colonie britannique.
ナイフ;ナイフで 手[て]を 切[き]った。;Je me suis coupé la main avec un couteau.
ニヤニヤ;なぜ か かれ は にやにや して います;Il sourit pour une raison quelconque.
クラブ;なつやすみ に は くらぶ の がっしゅく に さんか します;J'assiste au camp d'entraînement de mon club pendant les vacances d'été.
ロッカー;にもつ を えき の ろっかー に いれた;Je mets mes bagages dans un casier à la gare.
キーワード;"ニュース[;a] の キーワード[;n3] を メモ[;a] しましょう[,する;h] 。";Écrivons les mots-clés de l'actualité.
くるくる;ねこ は わたし の あしもと を くるくる と まわった の;Le chat se frottait autour de mes jambes.
ノート;ノートを 開[ひら]いてください。;Veuillez ouvrir votre ordinateur portable / votre cahier.
ファクス;ノートをファクスに 送[おく]ります。;Envoyer des notes par fax.
コーナー;バーゲンコーナーでＤＶＤを 買[か]いました。;J'ai acheté un DVD dans le coin des bonnes affaires.
バーゲンセール;バーゲンセールを 利用[りよう]してセーターを３ 枚[まい] 買[か]った。;J'ai profité des soldes pour acheté trois sweet.
パーティールーム;パーティールームを飾りに行きましょう。;Allons décorer la salle de fête.
はい;はい、そうです。;Oui, c'est vrai.
ノック;はいる とき は どあ を のっく して ください;Veuillez frapper avant d'entrer.
バカ;バカな質問していい？;Puis-je poser une question bête ?
バケツ;ばけつ に みず を くんで きて ください|もう 少[すこ]し 大[おお]きなバケツは、ありませんか。;Veuillez aller chercher de l'eau dans le seau.|Avez-vous un seau légèrement plus grand ?
キス;はじめて の きす は かいがん で だった の;Mon premier baiser était sur la côte.
バス;バスで 行[い]こう。;Allons en bus.
パスポート;パスポートが 見[み]つからない。;Mon passeport est introuvable.
マウス;パソコンは 古[ふる]いが、マウスは 新[あたら]しい。;L'ordinateur est vieux, mais la souris est nouvelle.
バター;バターはあまり好きではありません。;Je n'aime pas trop le beurre.
バツ;ばつ が みっつ ある の で 85 てん です;Parce qu'il y a trois erreurs, vous obtenez 85 points.
とんとん;はは の かた を とんとん たたいた;J'ai tapoté les épaules de ma mère en guise de massage.
タイプライター;はは は ふるい たいぷらいたー を もって います;Ma mère a une vieille machine à écrire.
そっと;ははおや は むすめ の かみ を そっと なでた の;La mère tapota tranquillement les cheveux de sa fille.
ハム;はむ さんど を ください;Puis-je avoir un sandwich au jambon, s'il vous plaît.
ハンカチ;ハンカチで 手[て]をふきました。;Je m'essuyai les mains avec mon mouchoir.
パンダ;パンダは 笹[ささ]を 食[た]べます。;Les pandas mangent des tiges de bambou.
パンチ;パンチはどこですか？;Où est le perforateur ?
ハンドバッグ;ハンドバッグ を わすれました;J'ai oublié mon sac à main.
ピストル;はんにん は ぴすとる を もって いる わ;Le criminel a un pistolet.
ビーチ;びーち で ともだち と さーふぃん した よ;J'ai surfé avec mes potes sur la plage.
ピカピカ;ピカピカの 新製品[しんせいひん]です。;C'est tout neuf.
ビタミンＣ;ビタミＣを毎日とった方がいいですよ。;Tu devrais prendre de la vitamine C tous les jours.
ビタミン;びたみん を まいにち とりましょう;Nous devrions prendre des vitamines tous les jours.
じろじろ;ひと を じろじろ みる もの で は ありません;Ne scrutez pas les gens.
レントゲン;びょういん で れんとげん を とった よ;J'ai fait des radiographies à l'hôpital.
ひょっとしたら;ひょっとしたら かれ は その こと を しらない の かも しれない;Peut-être ne le savait-il pas.
ピラミッド;ピラミッドは 古代[こだい]に 建造[けんぞう]された。;Les pyramides ont été construites dans les temps anciens.
フォーク;フォークをもらえますか。;Puis-je avoir une fourchette ?
ビショビショ;ふく が あめ で びしょびしょ に なった よ;Mes vêtements ont été trempés par la pluie.
フクロウ;フクロウは 昼間[ひるま]は 目が見[めがみ]えない。;Les hiboux ne peuvent pas voir le jour.
フライパン;ふらいぱん で めだまやき を つくった よ;J'ai fait des œufs au plat dans la poêle.
コンセント;ぷらぐ を こんせんと に さしこんだ よ;J'ai mis la fiche dans la prise.
プラットホーム;ぷらっとほーむ で でんしゃ が くる の を まった の;J'ai attendu sur le quai que le train arrive.
スカーフ;ブランドのスカーフを 何[なん] 枚[まい]か 持[も]っている。;J'ai plusieurs écharpes de marque.
フリーマーケット;フリーマーケットをやっている 場所[ばしょ]がありますか。;Y a-t-il un endroit où je puisse aller pour trouver un marché aux puces ?
インク;ぷりんたー の いんく を かった;J'ai acheté de l'encre pour imprimante.
リボン;ぷれぜんと に りぼん を つけた;J'ai mis un ruban sur le cadeau.
フワフワ;ふわふわ の ふとん に ねた よ;J'ai dormi sur un futon moelleux.
へえ;へえ、それは知りませんでした。;Ah bon, je ne savais pas ça.
ベジタリアン;ベジタリアンなので、できればお 肉[にく]は 遠慮[えんりょ]したい。;Je suis végétarien, donc je préfère ne pas avoir de viande, si ça va.
ムード;へや を くらく して むーど を だして みた よ;J'ai assombri la pièce pour créer l'ambiance.
ベルト;べると が きつく なりました;Ma ceinture s'est serrée.
ペン;ぺん を かして ください;Merci de me prêter le stylo.
ペンチ;ぺんち で はりがね を きります;J'ai coupé le fil avec des pinces.
ボーイ;ぼーい に にもつ を はこんで もらった;J'ai demandé au portier de porter les bagages.
ホームステイ;ホームステイでは、会話を練習できます。;En Séjour chez l'habitant, vous pouvez pratiquer votre conversation.
ボールペン;ボールペンで 名前[なまえ]を 書[か]いてください。;Veuillez écrire votre nom avec un stylo à bille.
オルガン;ぼくたち は おるがん に あわせて さんびか を うたった んだ;Nous avons chanté des hymnes avec un accompagnement d'orgue.
キラキラ;ほし が きらきら ひかって いる;Les étoiles brillent de mille feux.
ずれる;ポスターの 位置[いち]が 少[すこ]しずれているよ。;L'affiche est légèrement en dehors de sa position.
ボタン;ボタンを 押[お]してください。;Veuillez appuyer sur le bouton.
ホッチキス;ホッチキスを 貸[か]してくれませんか。;Pouvez-vous me prêter une agrafeuse ?
ジャガイモ;ぽてと さらだ を つくる から じゃがいも を かって きて;Je vais faire une salade de pommes de terre, alors va acheter des pommes de terre.
フロント;ホテルのフロントで 鍵[かぎ]を 受け取[うけと]った;J'ai reçu la clé à la réception de l'hôtel.
ロビー;ホテルのロビーで 待[ま]っています。;J'attends dans le hall de l'hôtel.
ガード;ほどう に あたらしく がーど が つきました ね;Ils ont mis un nouveau garde-corps sur le trottoir.
まあ;まあこれでいいだろう。;Eh bien, cela ira, je suppose.
サボる;また しごと を さぼって います ね;Il saute encore le travail, n'est-ce pas ?
ダイニングキッチン;また、ダイニングキッチンの隣 には部屋があります。;Il y a aussi une pièce à côté de la cuisine à manger.
シナリオ;まだシナリオを 全部[ぜんぶ] 読[よ]んでいない;Je n'ai toujours pas lu tous les scripts.
マッチ;マッチ を もって います か;Avez-vous une allumette?
ママ;まま に きいて みよう;Demandons à maman.
ゴール;マラソンで、５ 時間[じかん]かかってゴールした。;Au marathon, il a fallu cinq heures pour arriver au but.
スタート;マラソンは 雨[あめ]の 中[なか]でスタートしたの。;Le marathon a commencé en pleine pluie.
ちゃん;マリちゃんは 友達[ともだち]です。;Mari est une amie. (Affectif)
ミス;みす は だれ に で も あります;Tout le monde fait des erreurs.
スケート;みずうみ で すけーと を した;Nous sommes allés patiner sur le lac.
ツル;みずうみ に つる が います よ;Il y a une grue sur le lac.
グループ;みせ に がくせい の ぐるーぷ が きた;Un groupe d'étudiants est venu à la boutique.
ライター;みせ に らいたー を わすれました;J'ai oublié mon briquet au magasin.
ねぎ;みそしる に ねぎ を いれました;J'ai mis des oignons verts dans la soupe miso.
テント;みんな で てんと を はりました;Nous avons tous monté la tente ensemble.
ワイワイ;みんなでわいわい 騒[さわ]いだ;Nous avons tous fait beaucoup de bruit.
カセットテープ;むかし は かせっとてーぷ を つかっていました 。;Il y a longtemps, j'utilisais des cassettes.
ガールフレンド;むかし は かのじょ の こと を がーるふれんど と いって いました;"Nous avions l'habitude d'appeler les copines ""garufurendo""."
ディスコ;むかし は よく でぃすこ に いった な;J'allais souvent à la discothèque dans le passé.
ピンク;むすめ が ぴんく の どれす を きて いる;Ma fille porte une robe rose.
シーツ;めいど が しーつ を こうかん して くれた ね;La bonne a changé les draps.
レンズ;めがね の れんず を かえました;J'ai fait changer les verres de mes lunettes.
メニュー;メニューをください。;Puis-je avoir un menu, s'il vous plaît?
ホーム;もうすぐこのホームに 電車[でんしゃ]が 来[き]ます。;Le train arrivera bientôt sur ce quai.
もしもし;もしもし、ジョンソンさんをお願いします。;Allô, passez-moi M. Johnson, svp.
もっと;もっと 近[ちか]くに 来[き]てください。;S'il vous plaît, venez plus près.
ポテトチップス;もっとポテトチップスをご 自由[じゆう]に 召し上[めしあ]がれ。;Servez-vous, prenez des chips.
ゆっくり;もっとゆっくり 話[はな]してください。;Parlez plus lentement, s'il vous plaît.
グラウンド;やきゅうぶ は ぐらうんど で れんしゅう して います;Le club de baseball s'entraîne sur le terrain.
やっと;やっと 仕事[しごと]が 終[お]わりました。;Enfin, le travail s'est terminé.
よそ;ゆうしょく は よそ で ごちそう に なりました;J'ai eu droit à un dîner au restaurant.
あっち;ゆうびんきょく は あっち です;La poste est par là.
つるつる;ゆか が つるつる すべります;Le sol est brillant et glissant.
ペンキ;ゆか に ぺんき を こぼして しまいました;J'ai renversé de la peinture sur le sol.
ヨーロッパ;ヨーロッパにいる 間[あいだ]に 僕[ぼく]はパリを 見[み]ました。;J'ai vu Paris, quand j'étais en Europe.
すっきり;よく ねむったら きぶん が すっきり した;Je me sentais beaucoup mieux après une bonne nuit de sommeil.
ヨット;よっと で くるーじんぐ を たのしみました わ;J'ai aimé naviguer sur le yacht.
ライス;ライスとキャベツを お代[おか]わり お願[おねが]いします。;Puis-je avoir una autre portion de riz et de chou s'il vous plaît ?
コンクール;らいねん の こんくーる に しゅつじょう する つもり です;Je vais participer au concours de l'année prochaine.
ライバル;ライバルには、 絶対[ぜったい]に 負[ま]けたくない。;Je ne veux absolument pas perdre contre mon rival.
ボリューム;らじお の ぼりゅーむ を あげて ください;Veuillez monter le volume de la radio.
リクエスト;らじお ばんぐみ に りくえすと を おくった の;J'ai envoyé une demande à l'émission de radio.
ラジオカセット;ラジオカセットで音楽を聞きます。;J'écoute de la musique sur un radio-cassette.
ラジカセ;ラジカセで音楽を聞く。;J'écoute de la musique sur un radiocassette.
リビング;リビングが 広[ひろ]いので、この 部屋[へや]に 決[き]めた。;J'ai choisi cet appartement car le salon est très spacieux.
リレー;リレー よう 用のバトンが いっぽん １本 た 足りないんです。;We're one baton short for the relay.
グラム;リンゴは157グラムあります。;La pomme pèse 157 grammes.
レシート;れしーと を さいふ に いれました;J'ai mis le reçu dans mon portefeuille.
レジ;レジの 前[まえ]に１０ 人[にん]くらい 並[なら]んでいます 。;Il y a environ 10 personnes alignées devant la caisse enregistreuse.
レストラン;レストランでインド 料理[りょうり]を 食[た]べました。;J'ai mangé de la nourriture indienne au restaurant.
レバー;レバーを 押[おしあ]しあげて 下[くだ]さい。;Veuillez tirer le levier vers le haut.
メダル;ロイはそのメダルをピンで 止[と]めた。;Roy a attaché la médaille avec une épingle.
ロープ;ろーぷ を つかって がけ を おりた ん だ;J'ai descendu la falaise à l'aide d'une corde.
ロケット;ロケットは今頃には当然月についているはずだ。;La fusée aurait dû atteindre la lune depuis longtemps, bien sûr.
わあ;わぁ、たまねぎ 味[あじ]のベーグルだ。;Oh, c'est un bagel aux oigons.
ワープロ;ワープロがあれば、こんな煩わしさはなくなるだろう。;Si j'avais un traitement de texte, ce genre de désagréments disparaîtrait.
メールアドレス;ワイルダー 氏[し]よりあなたのメールアドレスを 伺[うかが]いました。;M. Wilder m'a donné votre adresse e-mail.
ワイン;ワインを 少[すこ]し 飲[の]みました。;J'ai bu un peu de vin.
ニックネーム;わからない。 とうきょう 東京にはニックネームがある？;Je ne sais pas. Y a-t-il un surnom pour Tokyo?
ワザワザ;わざわざ きて くれて ありがとう;Merci d'être venu jusqu'ici.
コーラ;わたし の あに は こーら が すき だ;Mon frère aîné aime le cola.
パパ;わたし の ぱぱ は 36 さい です;Mon père a 36 ans.
ボーイフレンド;わたし の ぼーいふれんど は はんさむな かた でした;Mon copain était un bel homme.
アナウンサー;わたし は アナウンサー に なりたい;Je veux devenir annonceur.
クリーム;わたし は あらいもの を した あと て に くりーむ を ぬります;Je mets de la crème pour les mains après avoir fait la vaisselle.
オレンジ;わたし は おれんじ が すき です;J'aime les oranges.
ジェイアール;わたし は つうきん に じぇいあーる を つかう ん だ|私[わたし]は JR[ジェイアール]を、よく 利用[りよう]する。;Je fais la navette avec JR.|J'utilise souvent les lignes JR.
ふらふら;わたし は つかれて ふらふら です;Je suis fatigué et j'ai des vertiges.
トマト;わたし は とまと が だいすき です;J'adore les tomates.
ビデオテープ;わたし は びでおてーぷ を さんじゅっぽん もって います;J'ai 30 cassettes vidéo.
ベスト;わたし は べすと を つくしました;J'ai fait de mon mieux.
トースト;わたし は まいあさ とーすと を 2 まい たべます;Je mange deux tranches de pain grillé tous les matins.
バナナ;わたし は まいあさ ばなな を たべます;Je mange une banane tous les matins.
ラッシュ;わたし は まいあさ らっしゅ の でんしゃ に のって います;Je prends le train aux heures de pointe tous les matins.
ラッシュアワー;わたし は らっしゅあわー の でんしゃ が きらい です;Je déteste les trains aux heures de pointe.
そんなに;一[いち] 度[ど]にそんなにたくさんはできない。;Vous ne pouvez pas faire beaucoup en une seule fois comme ça.
ショップ;一番[いちばん] 近[ちか]いアンティークショップはどこにあるか 教[おし]えていただけますか。;Pouvez-vous me dire où se trouve le magasin d'antiquité le plus proche?
グランド;一般的に言ってイングランドの気候は穏やかだ。;De manière générale, le climat en Angleterre est doux.
シミュレーション;上に[うえ] 示[しめ]した 数値[すうち]はホブソンのシミュレーションによる 結果[けっか]である。;Les valeurs numériques indiquées ci-dessus découlent de la simulation de Hobson.
プレッシャー;上司[じょうし]からのプレッシャーに 負[ま]けたくない。;Je ne veux pas craquer sous la pression de mon superviseur.
ですから;上手ですから、スキーが好きです。;
ポイント;両[りょう]チーム、どちらも 強[つよ]くて、なかなかポイントが 入[はい]らない。;Les deux équipes sont bonnes, donc il n'y a pas eu beaucoup de buts.
シャッター;丸[まる]いボタンを 押[お]すとシャッターが 閉[し]まります。;L'obturateur se ferme lorsque vous appuyez sur le bouton rond.
キャンセル;予約[よやく]をキャンセルしたよ。;J'ai annulé la réservation.
カップル;二人[ふたり]はお 似合[にあ]いのカップルだ;They are a well-matched couple.
ホテル;今[いま] ホテルに 着[つ]きました。;Je viens d'arriver à l'hôtel.
ストーリー;今回[こんかい] 発売[はつばい]されたアルバムは、ストーリー 仕立[した]てになっていて 力作[りきさく]だ。;Son dernier album est un vrai tour de force, Il contient aussi une histoire.
インフルエンザ;今年、インフルエンザはすぐにやって来ました。;Cette année, la grippe est arrivée d'un coup.
ウイルス;今年[ことし]のインフルエンザのウイルスは、とても 強[つよ]いようだ。;Le virus de la grippe de cette année semble être très fort.
ボーナス;今年[ことし]はボーナスがたくさん 出[で]ました。;Cette année, beaucoup de bonus ont été donnés.
バザー;今日[きょう] 友達[ともだち]とバザーに 行[い]きました;Je suis allé dans un bazar avec un ami aujourd'hui.
ゼロ;今日[きょう]の 交通[こうつう]事故[じこ]はゼロです。;Aujourd'hui, il y a eu zéro accident de la circulation.
ピーク;今日[きょう]の 暑[あつ]さが、 今年[ことし]のピークと 言[い]えるだろう。;On pourrait dire que la chaleur d'aujourd'hui est le pic de cette année.
サンドイッチ;今日[きょう]のお 昼[ひる]はサンドイッチです。;Le déjeuner d'aujourd'hui est un sandwich
はっきり;今日[きょう]は 山[やま]がはっきり 見[み]える。;Vous pouvez clairement voir les montagnes aujourd'hui.
ドライブ;今日[きょう]は 群馬[ぐんま]までドライブしました。;Aujourd'hui, j'ai roulé jusqu'à Gunma.
コメント;今日[きょう]はユーザーからのコメントはなかった。;Il n'y a pas eu de commentaires d'utilisateurs aujourd'hui.
クレーム;今日[きょう]も 一日[いちにち]クレーム 処理[しょり]ばかりで、もうくたくた。;Tout ce que j'ai fait aujourd'hui est de gérer les plaintes, j'en peu plus.
でも;今日は学校がある。でも、病気で行けなかった。;Aujourd'hui, il y avait école. Mais parce que j'étais malade, je n'ai pas pu y aller.
とんでもない;仕事中に帰るなんてとんでもない。;Je ne supporte pas de rentrer chez moi pendant le travail.
ノウハウ;以上[いじょう]のように、 実[じつ]にシンプルな 誰[だれ]でも 出来[でき]るノウハウで 十分[じゅうぶん]な 利益[りえき]と 顧客[こきゃく]は 確保[かくほ]できるのです！;Comme indiqué ci-dessus, il est possible d'obtenir de nombreux avantages pour les clients, employés et patrons avec un savoir-faire à la portée de tous le monde !
のんびり;休みの日は家でのんびり過ごします。;Les jours de repos, je passe tranquillement mon temps à la maison.
カラオケ;会社[かいしゃ] 帰[がえ]りに 仲間[なかま]とカラオケに 行[い]きました。;Au retour du travail, je suis allé au karaoké avec mes collègues.
ユニーク;会社[かいしゃ]にパンタロンとアロハシャツを 着[き]てくる 彼[かれ]は、かなりユニークな 存在[そんざい]だ。;C'est une personne atypique qui porte des pantalons à patte d'éléphant et des chemises hawaïennes au bureau.
つい;会議[かいぎ]中[ちゅう]ついあくびをしてしまいました。;J'ai bâillé par inadvertance pendant la réunion.
そんな;何[なに]がそんなに 悲[かな]しいの？;Qu'est-ce qui te rend triste à ce point ?
ヒント;何[なに]かヒントをください。;Donnez-moi un indice.
メモ;何でもかんでもメモをしますがあとで使い物になりません。;Je prends des notes sur tout, mais elles deviennent inutiles par la suite.
チェックイン;何時[なんじ]からチェックインできますか。;A quelle heure commencez-vous l'enregistrement?
チェックする;作文[さくぶん]を 日本人[にほんじん]の 友達[ともだち]にチェックしてもらいました 。;J'ai demandé à mon ami japonais de vérifier ma rédaction.
ダウンロード;便利[べんり]なソフトウェアを、 無料[むりょう]でダウンロードした。;J'ai téléchargé gratuitement des logiciels utiles.
ミリ;俺[おれ]が 入り込[はいりこ]む 隙[すき]なんて 一[いち]ミリもない。;Je n'ai pas un millimètre pour m'insérer.
アルバイト;兄[あに]はアルバイトをしています。;Mon grand frère fait un petit job.
ゴルフ;兄[あに]はゴルフを 始[はじ]めました。;Mon frère aîné a commencé à jouer au golf.
バイク;兄[あに]はバイクが 大好[だいす]きです。;Mon frère aîné aime les motos.
マニアック;先日[せんじつ]、パソコンショップでＳＩＭＭの 掴み取[つかみど]りをやっていた。いくらなんでもマニアックすぎる。;J'ai attrapé autant de SIMM que possible dans la boutique informatique l'autre jour. Dites ce que vous voulez, mais ce n'est que de l'enthousiasme.
レポート;先生[せんせい]にレポートを 送[おく]りました。;J'ai envoyé mon rapport au professeur.
システム;全[すべ]てのシステムが 停止[ていし]した。;Tous les systèmes ont cessé de fonctionner.
ベンチ;公園[こうえん]のベンチで 本[ほん]を 読[よ]んでいます。;Je lis un livre sur un banc de parc
アップ;写真[しゃしん]をアップで 撮[と]ろう。;Prenons une photo en gros plan.
スキー;冬[ふゆ]はよくスキーに 行[い]きます。;Je vais souvent skier en hiver.
データ;去年[きょねん]のデータを 見[み]せてください。;Veuillez me montrer les données de l'année dernière.
キャンプ;友達[ともだち]とキャンプに 行[い]った。;Je suis allé camper avec mon ami.
コンサート;友達[ともだち]とジャズのコンサートに 行[い]きました。;Je suis allé à un concert de jazz avec mon ami.
ブログ;友達[ともだち]のブログは、 毎日[まいにち] 更新[こうしん]されている。;Le blog de mon ami est mis à jour quotidiennement.
タイプ;同[おな]じタイプで 色[いろ]の 違[ちが]うものはありますか。;Avez-vous le même type dans une couleur différente ?
マニュアル;君[きみ]もこの 手[て]の 仕事[しごと]は 初[はじ]めてなんだろう？ 勝手[かって]がわかるまではマニュアル 通[とお]りにやっておいたほうがいいよ。;C'est la première fois que vous faites ce genre de travail. Vous devriez suivre scrupuleusement le manuel jusqu'à ce que vous acquériez plus d'expérience.
スラスラ（と）;問題[もんだい]が 簡単[かんたん]なので、すらすらと 解[と]けた。;Les questions étaient faciles, donc je les ai résolues en douceur.
きちんと;問題[もんだい]についてきちんと 話[はな]し 合[あ]ったよ。;We discussed the problem thoroughly.|Nous avons discuté du problème en profondeur.
していらっしゃいます;土曜日は診察していらっしゃいますか。;Êtes-vous disponible pour des consultations le samedi ?
ガス;地震[じしん]でガスが 止[と]まった。;Le gaz s'est stoppé à cause du tremblement de terre.
ビール;夏[なつ]はビールがとても 美味[おい]しい。;La bière a vraiment un bon goût en été.
ラーメン;夕食[ゆうしょく]にラーメンを 食[た]べました。;J'ai mangé des ramen pour dîner.
マスター;外国[がいこく] 語[ご]をマスターするのは 大変[たいへん]だ。;Il est difficile de maîtriser les langues étrangères.
カルチャーショック;外国[がいこく]に 行[い]くと 我々[われわれ]は 大抵[たいてい]カルチャーショックを 体験[たいけん]する。;Lorsque nous allons dans un pays étranger, la plupart d'entre nous vivent un choc culturel.
ニュース;夜[よる]のニュースを 見[み]ましたか。;Avez-vous vu les nouvelles du soir ?
インスタントラーメン;夜食[やしょく]にインスタントラーメンを 食[た]べた。;J'ai eu des nouilles instantanées comme une collation de minuit.
パニック;大[おお]きな 事故[じこ]の 現場[げんば]を 見[み]て、パニックになった。;Après avoir vu la scène du grand accident, j'ai paniqué.
うっかり;大事[だいじ]なメールをうっかり 消[け]してしまった。;J'ai accidentellement supprimé un e-mail important.
プレー;大好[だいす]きな 選手[せんしゅ]が、アメリカでプレーしている。;Mon athlète préféré joue en Amérique.
ブランド;好[す]きなブランドはなんですか。;Quelle marque préférez-vous?
チョコレート;妹[いもうと]はチョコレートが 大好[だいす]きです。;Ma petite sœur aime le chocolat.
パート;妻がパートの仕事を探しています。;Ma femme est à la recherche d'un emploi à temps partiel.
ブランコ;娘[むすめ]とブランコで 遊[あそ]んだ;I played with my daughter on the swing.
ドラえもん;子供のときドラえもんをよく見たものだ。;Quand j'étais petit je regardais souvent Doraemon.
ビザ;学生[がくせい]ビザを 持[も]っています。;J'ai un visa d'étudiant.
リラックス;家[いえ]に 帰[かえ]って、リビングでリラックスする。;Quand je rentre chez moi, je me détends dans le salon.
ローン;家[いえ]を 25 年[ねん]ローンで 買[か]いました;J'ai acheté la maison avec un prêt sur 25 ans.
コート;寒いのでコートを着なければなりません。;Puisqu'il fait froid, je dois porter un manteau.
エアコン;寝室[へや]のエアコンをつけてもらえますか？;Pouvez-vous allumer le climatiseur dans la chambre ?
イラスト;"将来[しょうらい;a] イラスト[;h] の 仕事[しごと;h] が したい[,する;h] です 。";À l'avenir, je veux avoir un travail lié à l'illustration.
さん;山田[やまだ]さんです。;C'est Monsieur Yamada.
ホール;市[し]のホールで、よくコンサートが 開[ひら]かれる。;Des concerts ont souvent lieu à la mairie.
カット;市長[しちょう]がテープをカットした。;Le maire a coupé le ruban. (lors d'une cérémonie pour l'ouverture d'un bâtiment par exemple).
プロバイダー;引っ越[ひっこ]ししたので、プロバイダーに 連絡[れんらく]した。;J'ai déménagé, j'ai donc contacté le fournisseur d'accès Internet.
フリーター;弟[おとうと]は 大学[だいがく]を 卒業[そつぎょう]してからずっとフリーターだ。;Mon frère cadet est un freeter depuis qu'il est diplômé de l'université.
ロボット;彼[かれ] は[わ]ロボットの 研究[けんきゅう]をしています。;Il fait des recherches sur les robots.
パス;彼[かれ]が 試験[しけん]にパスしたのは 不思議[ふしぎ]ではない。;Il n'est pas étonnant qu'il ait réussi l'examen.
エアメール;彼[かれ]にエアメールを 送[おく]りました。;Je lui ai envoyé un courrier aéropostal.
アドバイス;彼[かれ]のアドバイスはいつも 有[あ]り 難[がた]いわね。;J'apprécie toujours ses conseils.
エラー;彼[かれ]のエラーがなかったなら 我[われわれ]々は 勝[か]てたのだが。;S'il n'avait pas commis d'erreur, nous aurions gagné.
サッカー;彼[かれ]は １時間[いちじかん] サッカーをしている。;Il joue au football depuis une heure.
テクニック;彼[かれ]は 優[すぐ]れたテクニックの 持ち主[もちぬし]です;Il a une excellente technique.
グラフ;彼[かれ]は 売上[うりあげ]をグラフにした。;Il a réalisé une représentation graphique des chiffres de ventes.
リード;彼[かれ]は 彼女[かのじょ]をリードしながら 踊[おど]ったね。;Il conduisait sa partenaire dans la danse.
センス;彼[かれ]は 服装[ふくそう]のセンスはないようだ;Il semble n'avoir aucun goût de tenue vestimentaire.
ケチ;彼[かれ]は 金持[かねも]ちだけど、けちね。;He is rich but stingy.
マンション;彼[かれ]は[わ]マンションに 住[す]んでいます。;Il vit dans une résidence.
イギリス;彼[かれ]はイギリスにいます。;Il est en Angleterre.
くよくよ;彼[かれ]はいつまでもくよくよ 悩[なや]んでいた。;Il ne cessait de broyer du noir.
ピッチャー;彼[かれ]はエースピッチャーです。;Il est un lanceur hors pair. (terme du base ball)
オートバイ;彼[かれ]はオートバイに 乗[の]っている。;Il conduit une moto.
グルメ;彼[かれ]はグルメで、 色々[いろいろ]な 店[みせ]を 知[し]っている。;C'est un fin gourmet, donc il connaît de nombreux restaurants.
レギュラー;彼[かれ]はサッカーチームのレギュラー 選手[せんしゅ]です;Il est régulièrement titulaire de l'équipe de football.
しょっちゅう;彼[かれ]はしょっちゅう 遅刻[ちこく]しているな。;Il est souvent en retard.
プロ;彼[かれ]はスケートのプロです。;C'est un patineur professionnel.
ステレオ;彼[かれ]はステレオで 音楽[おんがく]を 聞[き]いた。;Il écoutait de la musique sur la chaîne stéréo.
スター;彼[かれ]はそのときスターだったよ。;Il était une star à l'époque.
チーム;彼[かれ]はチームの 一員[いちいん]です。;Il est membre de l'équipe.
パソコン;彼[かれ]はパソコンを２ 台[だい] 持[も]っています。;Il a deux ordinateurs personnels.
ビジネスマン;彼[かれ]はビジネスマンとして 成功[せいこう]した;Il a réussi en tant qu'homme d'affaires.
ボール;彼[かれ]はボールを 投[な]げた。;Il a lancé la balle.
マラソン;彼[かれ]はマラソンに 出場[しゅつじょう]したよ。;Il a participé au marathon.
トップブランド;彼[かれ]はもう 少[しょう]しの 所[ところ]でトップの 部[ぶ]にはいるところだった。;Il s'est rapproché du sommet (部 à deux signification possible: du classement de compétitions ou bien des dirigents d'une compagnie)
ソフトウェア;彼[かれ]らはソフトウエア 製品[せいひん]を 扱[あつか]っている。;Il travail dans le sercteur des logiciels.
ボランティア;彼[かれ]らはボランティアが 必要[ひつよう]です。;Ils ont besoin de bénévoles.
テニス;彼[かれ]らはよくテニスをしています。;Ils jouent souvent au tennis.
だが;彼にはよくあることだが、夜遅くまで起きている。;Comme à son habitude, il reste éveillé tard dans la nuit.
いいですね;彼にもわかるように、私達も英語で話した方がいいですね。;Il serait préférable que nous parlions en anglais pour qu'il puisse comprendre.
トランプをする;彼はトランプをするときがない。;Il ne joue jamais aux cartes.
もう;彼はもう宿題をやってしまった。;Il a déjà fini ses devoirs.
うまい;彼は歌を歌うのがうまい。;Il chante bien.
けれど;彼は疲れていたけれども、働くのをやめようとはしなかった。;Il était fatigué, mais il n'a pas cessé de travailler.
スーツケース;彼女[かのじょ]のスーツケースは 重[おも]すぎて 運[はこ]べません。;Sa valise est trop lourde et ne peut pas être portée.
ダイエット;彼女[かのじょ]は2 ヶ月間[かげつかん]ダイエットをしました。;Elle a suivi un régime pendant 2 mois.
ペラペラ（と）;彼女[かのじょ]は５か 国[こく] 語[ご]を、ぺらぺらと 話[はな]す。;Elle parle couramment cinq langues.
アンケート;彼女[かのじょ]はアンケートに 答[こた]えたよ。;Elle a répondu au questionnaire.
カンカン;彼女[かのじょ]はカンカンに 怒[おこ]っています。;Elle est enflammée de rage.
クラシック;彼女[かのじょ]はクラシック 音楽[おんがく]が 好[す]きです。;Elle aime la musique classique.
ダンス;彼女[かのじょ]はダンスが 大好[だいす]きです。;Elle adore danser.
コマーシャル;彼女[かのじょ]はテレビのコマーシャルに 出[で]ているわ。;Elle est passé dans une publicité télévisée.
バイオリン;彼女[かのじょ]はバイオリンを 習[なら]っています。;She's learning the violin.
ファッション;彼女[かのじょ]はファッションの 専門[せんもん] 家[か]だ。;She's a fashion expert.
スタイル;彼女[かのじょ]はモデルのようにスタイルがいいね。;Avec sa belle silhouette, elle a un style qui ressemble à un mannequin.
ユーモア;彼女[かのじょ]はユーモアのセンスがあります。;Elle a le sens de l'humour.
チェック;彼女がホテルのチェックアウトしたのって、何時だった？;À quelle heure a-t-elle quitté l'hôtel ?
トラブル;思[おも]いがけないトラブルで 出発[しゅっぱつ]が 遅[おく]れてしまった;Le départ est retardé en raison de problèmes inattendus.
ショート;怪我[けが]をしたためにショートの 選手[せんしゅ]は 出場[しゅつじょう]できなくなった。;Une blessure a réduit le nombre d'athlète annulant la participation.
トン;戦争が始まったとき、トムはボストンにいた。;Tom était à Boston lorsque la guerre a éclaté.
ポスト;手紙[てがみ]をポストに 入[い]れました。;J'ai mis la lettre dans la boîte aux lettres.
ワールドカップ;招待[しょうたい]されたが、 彼女[かのじょ]はワールドカップを 見に行[みにい]かなかった。;Bien qu'elle fût invitée, elle n'est pas allé voir la coupe du monde.
サイト;新[あたら]しいゲームサイトに 登録[とうろく]した。;Je me suis inscrit à un nouveau site de jeux.
コンピューター;新[あたら]しいコンピューターを 買[か]った。;J'ai acheté un nouvel ordinateur.
テーブル;新[あたら]しいテーブルを 買[か]いました。;J'ai acheté une nouvelle table.
フィルム;旅行[りょこう]のためにたくさんフィルムを 買[か]った。;À cause du voyage, j'ai acheté beaucoup de pellicules.
リーダー;日本[にほん]は 世界[せかい]のハイテク 産業[さんぎょう]のリーダーだ。;Le Japon est un leader dans l'industrie high-tech mondiale.
カレー;日本ではカレーが甘いです。;Au Japon, le curry est doux.
テスト;明日[あした]は 英語[えいご]のテストです。;J'ai un test d'anglais demain.
どうやら;明日[あした]はどうやら 雨[あめ]らしいよ。;Il semble qu'il pleuve demain.
ピアノ;昔[むかし]、ピアノを 習[なら]っていました。;Naguère, j'apprenais le piano.
ジャズ;昨日[きのう]の 夜[よる]、ジャズを 聴[き]きに 行[い]きました。;Je suis allé écouter un concert de jazz hier soir.
ディナー;昨日[きのう]のディナーは 高級[こうきゅう]レストランで 食[た]べた。;Hier, j'ai dîné dans un restaurant de grande classe.
ハイキング;昨日[きのう]は 友人[ゆうじん]とハイキングに 行[い]きました。;Je suis allé faire de la randonnée avec mon ami hier.
それと;昨日読んでたのって、フランス語の本？それとも英語の本？;Le livre que vous lisiez hier était-il en français ou en anglais ?
ホームシック;"時々[ときどき;h] ホームシック[;n4] で 泣[な,なく;h]いて います[,います;k2] 。";Parfois, j'ai le mal du pays et je pleure.
こうやって;普段はこうやって魚を料理してるんだよ。;Voici comment je cuisine habituellement le poisson.
アイス;暑[あつ]いのでアイスを 食[た]べました。;J'ai mangé de la crème glacée parce qu'il faisait chaud.
スイッチ;暗[かる]いのでスイッチを 押[お]して。;Puisqu'il fait sombre, appuyez sur l'interrupteur.
リズム;最近[さいきん] 彼[かれ]は 生活[せいかつ]のリズムが 乱[みだ]れています。;Sa routine quotidienne a été perturbée ces derniers temps.
シャワー;朝[あさ]、 急[いそ]いでシャワーを 浴[あ]びました。;J'ai pris une douche hâtive le matin.
カーテン;朝[あさ]、カーテンを 開[あ]けた。;J'ai ouvert les rideaux le matin.
ミーティング;朝[あさ]９ 時[じ]からミーティングが 始[はじ]まった。;Le meeting a commencé à 9 heures du matin.
パン;朝[あさ]ご 飯[はん]にはいつもパンを 食[た]べる。;Je mange toujours du pain pour le petit déjeuner.
ちゃんと;朝食[ちょうしょく]はちゃんと食[た]べましたか。;Avez-vous pris un bon petit déjeuner ?
カバー;本[ほん]にカバーを 掛[か]けました。;J'ai mis une couverture sur le livre.
ガイドブック;"本屋[ほんや;a] さん で ガイドブック[;n4] を 買[か,かう;h]いました 。";J'ai acheté un guide dans une librairie.
センチ;来世紀[らいせいき]の 終[お]わりまでに 海[うみ]は５０センチで 上昇[じょうしょう]すると 予想[よそう]される。;Les océans devraient augmenter de 50 centimètres d'ici la fin du siècle prochain.
じめじめ;梅雨時[つゆどき]はジメジメする。;Il est humide pendant la saison des pluies.
サンダル;歩[ある]き 安[やす]い サンダルを 探[さが]して います 。;Je recherche des sandales faciles à enfiler (facile pour marcher).
ラップ;残[のこ]ったものはラップして、 冷蔵庫[れいぞうこ]に 入[い]れておく。;Enveloppez les restes et mettez-les au réfrigérateur.
スープ;母[はは]がコーンスープを 作[つく]っている。;Ma mère a préparé de la soupe de maïs.
クリスマスケーキ;母[はは]はクリスマスケーキを 作[つく]ってくれた。;Ma mère m'a fait un gâteau de Noël.
ポピュラー;毎年[まいとし]およそ４５００ 種[しゅ]のポピュラーのＬＰが 登場[とうじょう]する。;Chaque année, quelque 4500 33 tours différents apparaissent.
ネットニュース;"毎日[まいにち;a] 、 ネットニュース[;n4] を 読[よ,よむ;k1]んで います[,います;k2] 。";Je lis des nouvelles en ligne tous les jours.
グダグダな;毎日[まいにち] 仕事[しごと]が 忙[いそが]しくて、もうクタクタだ。;Je suis occupé au travail tous les jours, donc je suis épuisé.
どうも;気にかけていただいてどうも。;Merci beaucoup de vous en soucier.
カップ;水[みず]を１カップ 入[い]れてください。;Veuillez remplir d'une tasse d'eau.
パンフレット;海外[かいがい] 旅行[りょこう]のパンフレットをもらって 来[き]た;J'ai reçu et ramené une brochure de voyages à l'étranger.
コイン;海外[かいがい]のコインを 集[あつ]めるのが 好[す]きだ。;J'aime collectionner les pièces d'autres pays.
ネクタイ;父[ちち]の 日[ひ]にネクタイをプレゼントした。;Je lui ai offert une cravate en cadeau pour la fête des pères.
ずっと;父[ちち]は 休[やす]みの 日[ひ]はずっとテレビを 見[み]ている。;Mon père passe ses jours de repos à regarder la télévision tout le temps.
そそっかしい;田中[たなか]さんはそそっかしくて、１ 日[にち]に３ 回[かい]はミスする。;Tanaka-san est si négligent qu'il fait trois erreurs en une journée.
ちらちら;男[おとこ]の 人[ひと]がこちらをちらちらと 見[み]ている;L'homme continue de regarder par ici.
カーペット;畳[たた]みの 上[うえ]に、カーペットを 敷[し]いている。;Il y a un tapis étalé sur les tatamis.
じゃあ;病気じゃありませんから、心配しないでください。;Je ne suis pas malade, alors ne vous inquiétez pas.
アレルギー;病院[びょういん]で、 猫[ねこ]アレルギーと 言[い]われた。;À l'hôpital, on m'a dit que j'avais une allergie aux chats.
アピール;着物[きもの]は 日本[にほん] 女性[じょせい]の 魅力[みりょく]をアピールします;Le kimono fait ressortir le charme d'une femme japonaise.
にきび;睡眠[すいみん] 不足[ぶそく]で、にきびができた。;En raison d'un manque de sommeil, des boutons ont éclaté.
ばったり;知り合いとばったり道で会った。;J'ai croisé une connaissance dans la rue.
ゲーム;私[わたし]たちはビデオゲームをした。;Nous avons joué à un jeu vidéo.
グレー;私[わたし]の 事務所[じむしょ]はあのグレーの６ 階建[かいだて]てのビルの４ 階[かい]だ。;Mon bureau est au quatrième étage de ce bâtiment gris à six étages.
ビル;私[わたし]の 会社[かいしゃ]はあのビルの８ 階[かい]です。;Mon entreprise est au huitième étage de ce bâtiment.
メモする;私[わたし]の 電話[でんわ] 番号[ばんごう]をメモしましたか。;Avez-vous noté mon numéro de téléphone?
シャープペンシル;私[わたし]のシャープペンシルがありません。;Mon criterium n'est pas là.
ネット;私[わたし]のパソコンなんかへんでネットに 乗[の]れませんでした。;Quelque chose n'allait pas avec mon ordinateur et je ne pouvais pas me connecter en ligne.
シングル;私[わたし]のベッドはシングルです;Mon lit est un lit simple.
プール;私[わたし]は 夏休[なつやす]みにプールに 行[い]った。;Je suis allé à la piscine pendant les vacances d'été.
アルバム;私[わたし]は 彼[かれ]のアルバムを 見[み]た。;J'ai vu son album.
ジーンズ;私[わたし]は 日曜日[にちようび]はたいていジーンズをはいている。;Je porte habituellement des jeans le dimanche.
コース;私[わたし]は 日本語[にほんご]コースを 取[と]っています。;Je prends un cours de japonais.
ジョギング;私[わたし]は 毎日[まいにち]ジョギングをしています。;Je fais du jogging tous les jours.
コーヒー;私[わたし]は 毎朝[まいあさ]コーヒーを 飲[の]みます。;Je bois du café tous les matins.
コップ;私[わたし]は 毎朝[まいあさ]コップ 一杯[いっぱい]の 水[みず]を 飲[の]む。;Je bois un verre d'eau tous les matins.
ラジオ;私[わたし]は 毎朝[まいあさ]ラジオを 聴[き]きます。;J'écoute la radio tous les matins.
ジャズダンス;私[わたし]は 舞踏[ぶとう] 家[いえ]が 職業[しょくぎょう]で、ジャズダンスを 教[おし]えています。;Je suis danseur par métier et j'enseigne la danse du jazz.
バッグ;私[わたし]は 黒[くろ]いバッグを 持[も]っています。;Je possède un sac noir.
プリンター;私[わたし]はきのうこのプリンターを 買[か]った。;J'ai acheté cette imprimante hier.
ノートパソコン;私[わたし]はこのノートパソコンを、８ 年[ねん]も 使[つか]っている。;J'utilise mon ordinateur portable depuis huit ans maintenant.
ビデオ;私[わたし]はその 番組[ばんぐみ]をビデオに 撮[と]った。;J'ai enregistré ce programme en vidéo.
タオル;私[わたし]はタオルで 顔[かお]をふいた。;J'ai essuyé mon visage avec une serviette.
デパート;私[わたし]はデパートで 靴[くつ]を 買[か]った。;J'ai acheté une paire de chaussures au grand magasin.
テレビ;私[わたし]はテレビをあまり 見[み]ません。;Je ne regarde pas beaucoup de télé.
ドラマ;私[わたし]はドラマを 見[み]るのが 好[す]きです。;J'aime regarder des séries TV.
ノンフィクション;私[わたし]はノンフィクションをよく 読[よ]みます;Je lis souvent des oeuvres documentaires.
パリ;私[わたし]はパリに 10回[じゅっかい]しか 行[い]ったことがありません。;Je ne suis allé à Paris qu'une dizaine de fois.
プレゼント;私が買ったプレゼント、トムは気に入ると思う？;Penses-tu que Tom aimera le cadeau que je lui ai acheté ?
デスクトップパソコン;私はノートパソコンとデスクトップパソコンの二台のコンピューターを持っている。;Je possède deux ordinateurs : un ordinateur portable et un ordinateur de bureau.
すると;空[そら]が 急[きゅう]に 暗[くら]くなりました。すると、 大雨[おおあめ]が 降[ふ]ってきました。;Le ciel s'est soudain assombri. Après cela, il s'est mis à pleuvoir abondamment.
ライト;突然[とつぜん]ライトが 消[き]えた。;Tout à coup, les lumières s'éteignirent.
ストライプ;細[ほそ]いストライプの T[ティー]シャツを 買[か]った。;J'ai acheté un T-shirt à fines rayures.
レンタル;結婚式[けっこんしき]のドレスは、レンタルにした。;J'ai loué une robe pour le mariage.
が、;美[うつく]しい 街[まち]ですが、 火事[かじ]になりました。;C'est une belle ville mais elle a subi un incendie.
マッサージ;肩凝[かたこ]りが 酷[ひど]いので、マッサージしてもらった。;Mes épaules raides étaient assez mauvaises, alors j'ai eu un massage.
レベル;自分[じぶん]のレベルに 合[あ]った 授業[じゅぎょう]を 選[えら]んでください。;Please choose a class suitable to your level.
マスク;花粉[かふん] 症[しょう]の 季節[きせつ]は、マスクをする。;Je porte un masque pendant la saison du rhume des foins.
エネルギー;若者[わかもの]たちはエネルギーにあふれていますね。;Les jeunes sont toujours plein d'énergie.
パワー;若者[わかもの]のパワーが、これからの 社会[しゃかい]をつくる。;Le pouvoir des jeunes construit l'avenir de la société.
ホームページ;行[い]きたい 会社[かいしゃ]のホームページをチェックする。;Je vais vérifier la page d'accueil de l'entreprise vers laquelle je veux aller.
すっと;言[い]いたいことを 言[い]ったら 胸[むね]がすっとした。;"Je me suis senti soulagé (directement; tranquillement) après avoir dit ce que je voulais dire."
ジェスチャー;言葉[ことば]が 通[つう]じない 場合[ばあい]は、ジェスチャーで 伝[つた]える。;Lorsque les mots ne fonctionnent pas pour la communication, utilisez des gestes.
がっかり;試験の結果が悪くて、がっかりした。;J'étais déçu que mes résultats à l'examen soient mauvais.
ケーキ;誕生[たんじょう] 日[び]にケーキを 食[た]べました。;Nous avons mangé du gâteau à son anniversaire.
ハンバーグ;"豆腐[とうふ;o,h] の ハンバーグ[;n3] は 体[からだ;h] に いい[,いい;k1] です 。";Le steak haché au tofu est bon pour vous.
たった;財布[さいふ]の 中[なか]にたった１０００ 円[えん]しかないよ。;J'ai seulement 1000 yens dans mon porte-monnaie.
ポケット;財布[さいふ]をポケットにしまった。;J'ai mis mon portefeuille dans ma poche.
すっかり;買[か]い 物[もの]をすっかり 忘[わす]れてい た。;J'ai complètement oublié les courses.
カード;買[か]いものはカードでお 願[ねが]いします。;Veuillez payer vos courses par carte de crédit.
ミルク;赤[あか]ちゃんにミルクをあげた。;J'ai nourri le bébé avec du lait.
か;赤いか青い。 ;Rouge ou bleu.
ガソリン;車[くるま]にガソリンを 入[い]れました。;J'ai mis de l'essence dans ma voiture.
エンジン;車[くるま]のエンジンが 調子[ちょうし] 悪[わる]い。;Le moteur de la voiture est en mauvais état.
キー;車[くるま]のキーがない;Je n'ai pas de clés de voiture.
トランク;車[くるま]のトランクに、ゴルフの 道具[どうぐ]が 入[はい]っている。;Il y a du matériel de golf dans le coffre de la voiture.
モーター;車[くるま]のモーターを 修理[しゅうり]したぜ。;J'ai réparé le moteur de la voiture.
できれば;遅れを取り戻す事ができればよいのに。;J'aimerais que nous puissions rattraper le temps perdu.
オリジナリティー;違[ちが]う 違[ちが]う。オリジナリティがあるっていうか。;No, no. I mean to say that it has originality.
チームワーク;野球[やきゅう]の 最[もっと]もすばらしいところはチームワークだ。;La plus belle chose à propos du baseball est le travail d'équipe.
ザーザー;雨[あめ]がザーザー降[ふ]っている。;Il pleut.
スリップ;雨[あめ]の 日[ひ]はスリップ 事故[じこ]が 多[おお]い;Les jours de pluie, il y'a beaucoup d'accident suite à une perte d'adhérence.
メキシコ;飛行機[ひこうき]でメキシコへ 旅行[りょこう]した。;Nous sommes allé au Méxique par avion.
マナー;食事[しょくじ]のマナーを 守[まも]りましょう。;Nous devrions observer les manières de la table.
カロリー;食品[しょくひん]のカロリーが、とても 気[き]になる。;Je suis vraiment préoccupé par les calories dans les aliments.
キャプテン;高校[こうこう]３ 年[ねん]の 時[とき]、キャプテンだった。;Quand j'étais en troisième année de lycée, j'étais capitaine.
サケ;鮭[さけ]は 川[かわ]をさかのぼって 砂[すな]に 産卵[さんらん]する。;Les saumons remontent la rivière et pondent leurs œufs dans le sable.
物真似[ものまね];「いつも何してるの？」「毎日一日中物真似の練習をしてるよ。」;"Qu'est-ce que vous faites chaque jour? ""Je pratique des imitations toute la journée, tous les jours."""
鬱陶しい[うっとうしい];「この女マジ鬱陶しいんだけど。」「よー。気にすんなって。」;Cette fille est tellement déprimante. « Yo, ne t'inquiète pas pour ça.
河豚[ふぐ];「豆腐と河豚のサンドイッチをお願いします。」 「同じく。」;"Je prendrai un sandwi au poisson-globe et au tofu ""Je prendrai le même."""
矢張り[やはり];"Δ il y'a une nuance: après avoir réfléchi ; Δ cette forme est utilisée en discours soutenue. en discour parlé on utilise やぱり    彼[かれ]はやはり 遅刻[ちこく]しました。";Il était en retard, comme prévu.
呆け[ぼけ];あいつは色呆けしてるんだよ。;Ce mec est obsédé par le sexe.
巡る[めぐる];あした から おんせん を めぐる たび に でます;Je vais faire un tour des sources chaudes demain.
彼処[あそこ];あそこに 人[ひと]が います。;Il y a une personne là-bas.
辛子[からし];あなたすごく考えすぎてるのよ。さっさと辛子を口の中に放り込んじゃいなさいよ。きっとそこまで辛くないわよ。;Tu penses à ça aussi mu Jette juste la moutarde dans ta bouche. Il ne fait sûrement pas si chaud.
貴方[あなた];あなたはアメリカ 人[じん]ですか;es-tu américain ?
いらっしゃいませ;あなたも私たちと一緒にいらっしゃいませんか。;Ne viendriez-vous pas avec nous  (Respectueux)
何処[どこ];あの 本[ほん]をどこに 置[お]きましたか。;Où avez-vous mis ce livre-là ?
彼の[あの];あのワインのボタルはいくらですか。;Combien coûte cette bouteille de vin, là-bas ?
呆ける[ぼける];あの芸人は呆けるのが本当にうまい。;Cet acteur est vraiment doué pour jouer les séniles.
予め[あらかじめ];あらかじめ ひつよう な もの を かきだして ください;Veuillez noter à l'avance ce dont vous avez besoin.
蟻[あり];あり の むれ が さとう に たかっている 。;L'armée de fourmis grouille autour du sucre.
喋る[しゃべる];いつも 誰[だれ]かが 喋[しゃべ]っている。|かのじょ は よく しゃべる ね;Il y a toujours quelqu'un qui parle.
徒[ただ];いまさら 後悔[こうかい]しても 無駄[むだ]だ。;Il est inutile de le regretter maintenant.
繋ぐ[つなぐ];いんたーねっと は せかい の ひとびと を つなぎます ね;Internet relie les gens du monde entier.
雄[おす];うち の ねこ は おす です;Notre chat est un mâle.
御免なさい[ごめんなさい];おくれて ごめん|御免なさい。このＴシャツのMサイズは売り切れちゃったんです。;Je suis désolé d'être en retard.|Je suis désolé. Nous n'avons plus de tailles moyennes pour cette chemise.
水仙[すいせん];お墓の真後ろに、水仙の花々が咲いていました。;Il y avait des jonquilles en fleurs juste derrière la tombe.
玩具[おもちゃ];お母さんは私に玩具[おもちゃ]をくれました。;Ma mère m'a donné un jouet.
蟹[かに];お腹がすいてきた。晩ご飯の蟹が楽しみだ。;J'ai faim. J'ai hâte d'avoir du crabe pour le dîner.
微か[かすか];かいか から かすか な おと が きこえた;J'ai entendu un léger bruit venant d'en bas.
喉[のど];かぜ を ひいて のど が いたい です;J'ai attrapé froid et j'ai mal à la gorge.
括弧[かっこ];かっこ の ぶぶん は しょうりゃく できます;La partie entre parenthèses peut être omise.
兼ねる[かねる];かのじょ は ひしょ と じむ の たんとう を かねて います;Elle s'occupe à la fois du secrétariat et du secrétariat.
南瓜[かぼちゃ];かぼちゃの すーぷ は おいしい です;La soupe au potiron est délicieuse.
屑[くず];かれ の せびろ に いとくず が ついて いる わ;Il a des peluches sur son costume.
敢えて[あえて];かれ は あえて きけん を おかした;Il a osé affronter le danger.
胡座[あぐら];かれ は あぐら を かいて しゃべって います ね;Il parle assis les jambes croisées.
骨[ほね];かれ は あし の ほね を おりました;Il s'est cassé un os du pied.
弾く[ひく];かれ は ぎたー を ひきます;Il joue de la guitare.
寧ろ[むしろ];かれ は けんちくか と いう より むしろ げいじゅつか ね;C'est un artiste plutôt qu'un architecte.
頻りに[しきりに];かれ は しきりに とけい を き に して いた;Il ne cesse de regarder l'horloge.
懸ける[かける];かれ は しごと に いのち を かけている の 。;Il risque sa vie dans son travail.
煙草[たばこ];かれ は たばこ を すいません;Il ne fume pas.
潜る[もぐる];かれ は ながい あいだ うみ に もぐって いた の;Il a longtemps plongé dans la mer.
丸で[まるで];かれ は まるで こども の よう に はしゃいだ よ;Il a gambadé comme un gosse.
巧い[うまい];かれ は やきゅう が うまい;Il est bon au baseball.
麓[ふもと];かれ は やま の ふもと に すんで いる よ;Il vit au pied d'une montagne.
吐く[はく];かれ は らんぼう な ことば を はいた ぞ;Il a crié des mots durs.
態と[わざと];かれ は わざと まけた よう に みえた な;On dirait qu'il a perdu exprès.
狐[きつね];かわいい狐が茂みからひょこっと顔を出した。;Un mignon renard a soudainement sorti sa tête du fourré.
若布[わかめ];かん国ではたん生日には若布スープを飲む習かんがあります。;En Corée, il est de coutume d'avoir de la soupe wakame le jour de votre anniversaire.
烏[からす];き の うえ で からす が ないて います;Le corbeau croasse sur l'arbre.
熟[つくづく];きて よかったと つくづく おもいます;J'ai vraiment l'impression que c'était bien de venir.
怠い[だるい];きのう は かぜ で すこし だるかった ん だ|少[すこ]し 寝[ね]たら、 体[からだ]のだるさが 少[すこ]しとれた。;Hier, je me suis senti épuisé parce que j'avais un rhume.|Après avoir dormi un peu, la paresse a quelque peu disparu.
胡瓜[きゅうり];きゅうり に みそ を つけて たべた の;J'ai mangé du concombre avec du miso dessus.
無くす[なくす];きょう かぎ を なくしました;J'ai perdu ma clé aujourd'hui.
麒麟[きりん];きりんの 首[くび]は 長[なが]い;Les girafes ont le cou long.
踵[かかと];くつ の かかと で かれ の あし を ふん でしまった の 。;J'ai fini par marcher sur son pied avec le talon de ma chaussure.
達[たち];コウイチ達、一体どこに行ったんだろう。;Je me demande où sont allés Koichi et les autres.
銘々[めいめい];こうつうひ は めいめい しはらって ください;Veuillez payer le tarif individuellement.
判子[はんこ];ここ に はんこ を おして ください;Veuillez apposer ici votre sceau personnel.
此処[ここ];ここから近い;Depuis ici, c’est proche.
苺[いちご];この いちご は とても あまい;Cette fraise est très sucrée.
只[ただ];この おんせん は ただ です;Cette source chaude est gratuite.
面倒臭い[めんどうくさい];この けいさん は めんどうくさい なあ;Ce calcul est gênant.
どれ;この なか で どれ が すき です か;Lequel de ceux-ci aimez-vous?
雌[めす];この ねこ は めす です;Ce chat est une femelle.
迚も[とても];この 本[ほん]はとてもおもしろい。;Ce livre est très intéressant.
幾ら[いくら];この 果物[くだもの]はいくらですか？;Combien coûte ce fruit ?
丁度いい[ちょうどいい];この 柔[やわ]らかいブランケットは 赤[あか]ちゃんにちょうどいい。;Cette couverture douce est parfaite pour votre bébé.
美味しい[おいしい];このケーキは 美味[おい]しいね。;Ce gâteau est délicieux.
無し[なし];このブドウはたね無しだから食べやすいですよ。;Ces raisins sont sans pépins, ils sont donc faciles à manger.
蜜柑[みかん];このみかんは カラフルだ。;Ces mandarines sont colorées.
堪える[こらえる];この作品は読むに堪えない出来栄えだ。;Au final, je n'ai pas supporté la lecture de l'ouvrage.
気違い[きちがい];この吹雪の中、パンツ一丁で踊るなんて、気違いにも程がある。;Danser dans une tempête de neige sans rien d'autre que votre slip est tout simplement trop fou.
聡い[さとい];この子は本当に聡い子だよ。;C'est un enfant vraiment intelligent.
染み[しみ];この染みなんとか取れないかなあ。|ほほに 小[ちい]さなしみができた。;N'avez-vous pas trouvé un moyen d'enlever cette tache ? J'ai développé une petite tache sur ma joue.
蓮花[れんげ];この池にはいつから蓮花があるのですか。;Depuis combien de temps les fleurs de lotus sont-elles dans cet étang ?
梨[なし];この洋梨のマカロンは、お好みで冷やしても美味しく御賞味頂けます。;Ces macarons aux poires Bartlett peuvent également être réfrigérés si vous le souhaitez.
此の[この];この猫ですね。;C'est ce chat-ci, n'est-ce pas ?
畜生[ちくしょう];この畜生め！何でシラチャソースを俺のベッドにぶちまけやがったんだ！;Espèce de fils de pute stupide ! Comment osez-vous vaporiser de la sauce sriracha sur mon lit !
拠る[よる];この病気はウイルスの感染によって起こる。;Cette maladie est causée par une infection virale.
鰐[わに];この鰐の置物、邪魔なんだけど。;Cette statue d'alligator est gênante.
颯と[さっと];こぼれた ぎゅうにゅう を さっと ふきとった の;J'ai rapidement essuyé le lait renversé.
此れから[これから];これからはもっと 気[き]を 付[つ]けます。;Je vais être beaucoup plus prudent à partir de maintenant.
之[これ];これをください。;J'aurai ceci s'il vous plait.
此れ[これ];これをください。;Ceci s'il vous plait.
台詞[せりふ];こんな長い台詞、よく覚えられるわね。;Vous vous souvenez bien de ces longs discours.
山葵[わさび];さしみ に わさび は かかせません ね;Le wasabi est indispensable au sashimi.
略[ほぼ];しごと が ほぼ おわりました;Mon travail est presque terminé.
餅[もち];しょうがつ に は もち を たべます よ;Nous mangeons des gâteaux de riz pendant le Nouvel An.
益々[ますます];じょうきょう は ますます わるく なった ね;
逸れる[それる];すぐ話が脇道へ逸れてしまう。;La conversation a rapidement dévié.
喧しい[やかましい];すぴーかー の おと が やかましい な;Le son provenant du haut-parleur est trop fort.
折角[せっかく];せっかく きたん だから ゆっくり して いきなさい;Puisque tu as fait tout le chemin, pourquoi ne restes-tu pas un moment ?
痒い[かゆい];せなか が かゆい です;Mon dos me gratte.
そうですね;そうですね。。。;euh... voyons... eh bien... (pour réfléchir avant de répondre)
其処で[そこで];そこで 彼女[かのじょ]に 会[あ]えるといいと 思[おも]ったのですが。;J'avais espéré l'avoir rencontrée là-bas.
暫く[しばらく];そこでしばらく 休[やす]んでいます。;Je me repose là pendant un moment.
其処[そこ];そこに 座[すわ]ってください。;Asseyez vous là s'il vous plait.
既に[すでに];その こと は すでに みんな しって います;Tout le monde le sait déjà.
悪戯[いたずら];その 子[こ]は悪戯[いたずら]が 大[だい]好[す]きだ。;Ce gamin adore jouer des tours.
鞄[かばん];その 黒[くろ]い 鞄[かばん]は 僕[ぼく]のです。;La mallette noire est la mienne.
紛れ[まぐれ];そのクイズの答えが当たったのはただの紛れです。;C'est par hasard que j'ai pu répondre aux questions du quiz.
薔薇[ばら];そのバラはよい 香[かお]りを 発散[はっさん]した。;Les roses dégageaient une belle odeur.
甚だ[はなはだ];そのようなことが事実だとすれば、甚だ遺憾である。;Si ce genre de chose est vrai, je suis vraiment désolé.
鉢巻[はちまき];そのラーメン屋の店主は、いつも色あせた綿の鉢巻を絞めていました。;Le propriétaire de ce magasin de ramen portait toujours un bandeau en coton délavé.
終に[ついに];その仕事を終えるのは君の義務だ。;Il est de votre devoir de terminer ce travail.
海亀[うみがめ];その種の海亀は、絶滅の危機にあります。;Ce genre de tortue de mer est en danger d'extinction.
傍[そば];そば に いて ください;Restez avec moi.
癌[がん];そふ は がん で なくなりました;Mon grand-père est mort d'un cancer.
零す[こぼす];そふぁ に わいん を こぼした;J'ai renversé du vin sur le canapé.
其れから[それから];それから、お 茶[ちゃ]を 一[ひと]つとコーヒーを 一[ひと]つ。;Et puis, 1 thé et 1 café.
其れ[それ];それはとってもいい 話[はなし]だ。;Cela est une très bonne histoire.
所為[せい];それは実際君の所為である。;C'est en fait de votre faute.
事[こと];そんな 事[こと]をしてはいけません。;Ne faites pas une telle chose.
却って[かえって];そんなことをしたら、かえってよくないよ。;Si vous faites quelque chose comme ça, cela aura plutôt des résultats négatifs.
鼠[ねずみ];だいどころ に ねずみ が でた;Quand le chat est absent, les souris jouent.
鼾[いびき];ちち の いびき は おおきい ん だ;Mon père ronfle bruyamment.
団扇[うちわ];ちち は うちわ で あおいで いる の;Mon père s'évente avec un éventail en papier.
燕[つばめ];つばめ が とんで います ね;Les hirondelles volent.
為[ため];デザインの 勉強[べんきょう]の 為[ため]に 留学[りゅうがく]しました。;J'ai fait un programme d'échange à l'étranger pour étudier le design.
ぎゅうぎゅう;でんしゃ が ぎゅうぎゅう に こんで います ね;Le train est bondé.
如何して[どうして];どうして 泣[な]いているの。;Pourquoi es-tu en train de pleurer ?
括る[くくる];どうしてこの文章を括弧で括ったんですか？;Pourquoi avez-vous mis cette phrase entre parenthèses ?
何方も[どちらも];どちらも 本当[ほんとう]に 面白[おもしろ]い。;Les deux sont vraiment intéressants.
凡[ぼん];トムはよく凡ミスをする。;Tom fait souvent des erreurs d'inattention.
何故[なぜ];なぜ 来[こ]なかったの？;Pourquoi n'êtes vous pas venu ?
西瓜[すいか];なつ は すいか が おいしい|夏といえば西瓜ですよね。;La pastèque est délicieuse en été.|En parlant d'été, c'est une pastèque.
ようこそ;にっぽん へ ようこそ;Bienvenue au Japon.
熊之実[くまのみ];ニモやその家族は、隠熊之実という魚だよ。;Nemo et sa famille sont des poissons appelés clownfish.
瞼[まぶた];ねむくて まぶた が おもく なってきた 。;J'ai sommeil et mes paupières sont devenues lourdes.
蝿[はえ];はえ が うるさく とん でいる ね 。;Une mouche gênante vole.
馬鹿馬鹿しい[ばかばかしい];ばかばかしい えいが だ が おもしろかった;C'était un film absurde mais intéressant.
鋏[はさみ];はさみを 借[か]ります。;Je vais emprunter des ciseaux.
遥か[はるか];はるか むこう に もくてきち が みえて きた;Au loin, notre destination est apparue.
擦る[こする];ひえた て を こすって あたためた;J'ai réchauffé mes mains froides en les frottant.
凄く[すごく];ベトナムのコーヒー、凄く甘くて驚きました。;Le café vietnamien était très sucré. J'ai été surpris!
頑張れ[がんばれ];まあ、結果を気にせずに、頑張れよ！;Eh bien, ne vous inquiétez pas des résultats, faites de votre mieux !
鮪[まぐろ];まぐろ の さしみ を たべました;J'ai mangé du sashimi de thon.
寛ぐ[くつろぐ];まるで自分の家のように寛いでいました。;Je me suis détendu comme si c'était chez moi.
勿論[もちろん];もちろん 一緒[いっしょ]に 行[い]きます。;Bien sûr, je vais avec vous.
漸く[ようやく];ようやく ごーる が みえて きました;Enfin, on peut voir la ligne d'arrivée.
宜しく[よろしく];よろしく おねがい します;Mes meilleures salutations.
林檎[りんご];りんごを少し買ってください。;Veuillez acheter quelques pommes.
宜しい[よろしい];レポートは これで よろしいですか。;Est-ce que le rapport est bon comme ça ?
爽やか[さわやか];れもん の さわやか な かおり が した;Il y avait l'odeur fraîche du citron.
烏賊[いか];わたし は いか の さしみ が だいすき です;J'adore le sashimi de calmar.
饂飩[うどん];わたし は おひる に うどん を たべました;J'ai mangé des nouilles udon pour le lun
玉ねぎ[たまねぎ];わたし は たまねぎ が きらい です 。|玉ねぎをきっていたら、なみだが出てきた。;Je déteste les oignons.|Quand j'ai coupé les oignons, j'ai déchiré.
人参[にんじん];わたし は にんじん が きらい だ;Je déteste les carottes.
馬鹿[ばか];わたし は ばか だった;J'étais stupide.
丸ごと[まるごと];わたしは、そのうたを丸ごとあんきしています。;Je mémorise toute la chanson.
粁[キロメートル];七千キロメートル;7000 kilomètres
御数[おかず];今晩[こんばん]のおかずはもう 決[き]めてあります。;J'ai décidé quoi cuisiner pour le dîner.
今晩は[こんばんは];今晩は。こんな所で何してるの？;Bonsoir. Que fais-tu dans un endroit comme celui-ci ?
伊達[だて];伊達巻きはおせち料理の中で私が好きなものの一つです。;De tous les plats servis pendant le Nouvel An japonais, l'omelette roulée est ma préférée.
隼[はやぶさ];俺の一番好きなバイクは、スズキの隼です。;Ma moto préférée est la Suzuki Falcon.
丁度[ちょうど];値段[ねだん]はちょうど３ 万[まん] 円[えん]です。;Le prix est de 30 000 yens exactement.
僕[ぼく];僕[ぼく]は 学生[がくせい]です。;Je suis un étudiant. (Familier Masculin)
首になる[くびになる];先月、会社を首になりました。;J'ai été licencié de l'entreprise le mois dernier.
兎[うさぎ];兎を素手で捕まえるのは容易いことじゃない。;Attraper un lapin à mains nues n'est pas une mince affaire.
凄い[すごい];凄[すご]い 雨[あめ]になった。;C'est devenu une pluie incroyable.
御[ご];北海道の御出身ですよね。;Vous êtes d'Hokkaido, n'est-ce pas ?
呉れる[くれる];友達[ともだち]が 誕生[たんじょう] 日[び]プレゼントをくれた。;Mon ami m'a donné un cadeau d'anniversaire.
此方[こちら];受付[うけつけ]はこちらです。;La réception est par ici.
疎か[おろそか];基本を疎かにしてはいけません。;Il ne faut pas négliger les bases.
掛かる[かかる];壁[かべ]に 大[おお]きな 時計[とけい]が 掛[か]かっています。;Il y a une grosse horloge accrochée au mur.
其方[そちら];夕方[ゆうがた]そちらに 着[つ]きます。;J'arriverai par là dans la soirée.
片仮名[かたかな];外国[がいこく]の 単語[たんご]はカタカナで 書[か]きます。;Les mots étrangers sont écrits en katakana.
為に[ために];夜勤の為に寝ておきたかったが、電車の音がうるさすぎた為に眠れなかった。;Je voulais dormir pour être prêt pour mon quart de nuit, mais je ne pouvais pas car les trains étaient trop bruyants.
掛ける[かける];夫[おっと]の 服[ふく]をハンガーに 掛[か]けた。;J'ai mis les vêtements de mon mari sur un cintre.
諺[ことわざ];好きな諺は何ですか？;Quel est votre proverbe préféré ?
酷い[ひどい];妹[いもうと]とひどい 喧嘩[けんか]をした。;J'ai eu une affreuse dispute avec ma petite soeur.
謎々[なぞなぞ];子どもはみんな謎々遊びをするのが好きだろう。;Pratiquement tous les enfants aiment résoudre des énigmes, n'est-ce pas ?
阿呆[あほう];学生の頃は、いつも阿呆なことばかりしてたな。;Quand j'étais étudiant, je ne faisais que des bêtises.
屈む[かがむ];屈むと腰が痛いんです。;J'ai mal au bas du dos quand je me baisse.
猿[さる];山[やま]で 猿[さる]の 親子[おやこ]を 見[み]ました。;J'ai vu une mère et son enfant singes dans la montagne.
被る[かぶる];帽子[ぼうし]を 被[かぶ]って 出[で]かけました。;J'ai mis un chapeau et je suis sorti.
杏[あんず];干し杏のジャムを作りました。;J'ai fait de la confiture d'abricots secs.
平壌[へいじょう];平壌で英語を教えていたことがあります。;J'ai enseigné l'anglais à Pyongyang.
故に[ゆえに];度重なる無断遅刻故に、 休暇日数が減らされてしまった。;J'étais à plusieurs reprises en retard sans permission et par conséquent mes jours de vacances ont été écourtés.
幾つ[いくつ];弟さんって、お幾つですか？;Quel âge a votre petit frère ?
何故なら[なぜなら];彼[かれ]が 変[へん]な 人[ひと]だと 分[わ]かっていました。なぜならみんなあの 人[ひと]には 気[き]をつけろと 言[い]っていたからです。;Je savais que c'était un homme étrange. Parce que tout le monde m'a dit de faire attention à ce type.
可笑しい[おかしい];彼[かれ]の 話[はなし]はおかしかった。;Son histoire était drôle.
火傷[かしょう];彼[かれ]は 手[て]に 火傷[やけど]をしました。;Il lui brûla la main.
更に[さらに];彼[かれ]は 更[さら]に 質問[しつもん]を 続[つづ]けたの。;Il a de nouveau posé des questions.
眼鏡[めがね];彼[かれ]は 眼鏡[めがね]をかけています。;Il porte des lunettes.
駄目[だめ];彼[かれ]は 駄目[だめ]な 男[おとこ]だ。;Cet homme est un  bon à rien.
如何にも[いかにも];彼[かれ]はいかにもスポーツマンらしいですね。;Il ressemble en effet à un athlète.
格好いい[かっこいい];彼[かれ]はおしゃれで、とてもかっこいい。;Il est élégant et très cool.
可也[かなり];彼[かれ]はかなり 英語[えいご]が 上手[じょうず]です。|日本で初恋の人にバッタリ出くわした時は、可也驚きました。;Il est plutôt doué en anglais.
偶に[たまに];彼[かれ]はたまに 料理[りょうり]をします。;Il cuisine à certaines occasions.
癖に[くせに];彼は陰では顧客のことを「カモ」と呼んでいる癖に、表ではペコペコ頭を下げておべっかを言っている。;Il traite ses clients de ventouses dans leur dos et pourtant il hoche la tête et leur dit des choses flatteuses en face.
貰う[もらう];彼女[かのじょ]からプレゼントをもらいました。;J'ai reçu un cadeau d'elle.
可愛い[かわいい];彼女[かのじょ]の 赤[あか]ちゃんは 可愛[かわい]いです。;Son bébé est mignon.
尚更[なおさら];彼女[かのじょ]のことがなおさら 好[す]きになった;Je l'aimais de plus en plus.
筈[はず];彼女[かのじょ]は 今頃[いまごろ]そこへ 着[つ]いている 筈[はず]だ。;Elle doit être arrivée là-bas à présent.
仕舞う[しまう];彼女[かのじょ]は 大切[たいせつ]な 書類[しょるい]を 机[つくえ]に 仕舞[しま]った。;Elle a mis les documents importants sur son bureau.
纏める[まとめる];彼女[かのじょ]は 荷物[にもつ]をまとめて 出[で]て 行[い]った。;Elle a emballé ses bagages et est partie.
何時[いつ];彼女[かのじょ]はいつ 来[き]ますか。;Quand vient-elle ?
算盤[そろばん];彼女[かのじょ]はそろばんが 得意[とくい]です;Elle est doué en calcul.
呆気[あっけ];彼女のおかしな言動に、みんな呆気に取られていました。;Tout le monde a été surpris par le comportement étrange de la femme.
瑞々しい[みずみずしい];彼女の瑞々しい歌声が人々を魅了した。;Tout le monde était fasciné par sa voix vibrante.
尚且つ[なおかつ];彼女は、美しく、尚且つ頭も良いが、性格は悪い。;Elle est belle, et en plus, elle est intelligente, mais elle a une terrible personnalité.
蜂蜜[はちみつ];彼女は私の蜂蜜プリンを一口味見しました。;Elle a pris une bouchée de mon pudding au miel.
逸らす[そらす];彼女は颯と目を逸らした。;Elle détourna rapidement les yeux.
葵[あおい];徳川氏の家紋といえば、「三つ葉葵」が一番有名だ。;"En parlant du blason de la famille Tokugawa, les ""trois feuilles de rose trémière"" sont les plus célèbres."
或[ある];或る夕暮私はこの丘の上に立ったことがある。;Un soir, je me suis tenu sur cette colline.
点ける[つける];明かりをつけていただけません？;Pourriez-vous allumer la lumière?
又[また];明日[あした]、また 来[き]ます。;Je viendrai encore demain.
沢山[たくさん];昨日[きのう]はたくさん 泳[およ]ぎました。;J'ai beaucoup nagé hier.
疎ら[まばら];昼間は賑やかですが、夜になると人通りも疎らになります。;C'est animé pendant la journée, mais la nuit, la circulation piétonne est rare.
大抵[たいてい];朝食[ちょうしょく]は 大抵[たいてい]７ 時[じ] 頃[ごろ]に 食[た]べます。;Je mange habituellement le petit déjeuner vers sept heures.
淑やか[しとやか];未だに淑やかな女性が好きな男性は多い。;Même maintenant, il y a beaucoup d'hommes qui aiment les femmes modestes.
栞[しおり];本を読む時に栞は使いますか。;Lorsque vous lisez des livres, utilisez-vous un signet ?
段々[だんだん];段々難しくなります。;Cela devient progressivement difficile.
伝[つて];母が亡くなったことを伝えたいんですが、おじさんにはれんらくする伝がないんです。;Je veux dire à mon oncle que ma mère est décédée, mais je n'ai aucun moyen de le contacter.
其の[その];毎日[まいにち]、 私[わたし]はその 本屋[ほんや]で 彼女[かのじょ]を 待[ま]ちました。;Tous les jours j'attendais mon amie à cette librairie.
塵[ごみ];決められた日に、塵を出す。;Je sors les poubelles aux jours désignés.
済みません[すみません];済みません、電話に出て下さい。;Excusez-moi, pourriez-vous répondre au téléphone, s'il vous plaît ?
尚[なお];温めて食べたら、尚、おいしくなりますよ。;Si je le réchauffe et que je le mange, il devient encore plus délicieux.
無闇に[むやみに];無闇に女の子に声をかけるのはよした方がいいよ。;Vous ne devriez pas draguer les filles sans discernement.
欠伸[あくび];父[ちち]があくびをした。;Mon père bâilla.
髭[ひげ];父[ちち]は 若[わか]い 時[とき] 髭[ひげ]がありました。;Mon père avait une barbe quand il était jeune.
拳骨[げんこつ];父は、僕に拳骨を食らわせるふりをしました。;Mon père a fait semblant de me frapper avec ses poings serrés.
叱る[しかる];父親[ちちおや]が 子供[こども]を 叱[しか]っている。;Le père gronde son enfant.
直ぐ[すぐ];直[す]ぐ 行[い]きます。;J'y vais immédiatement.
致す[いたす];私[わたくし]からご 連絡[れんらく] 致[いた]します。;Je vais vous contacter. (Humble)
従兄弟[いとこ];私[わたし]には 弁護士[べんごし]のいとこがいる。|いとこ と わたし は おなじ とし です|従兄弟同士は結婚できるんだぜ。;J'ai un cousin qui est avocat.
大人しい[おとなしい];私[わたし]の 彼女[かのじょ]はとても 大人[おとな]しいです。;Ma petite amie est très calme.
静々[しずしず];私の母は、いつも静々と機械的に家事をこなしていました。;Ma mère a toujours fait le ménage tranquillement et machinalement.
穴子[あなご];穴子が減ってきたから、そろそろ注文しないといけないな。;Nous manquons de congres, nous devons donc passer une commande rapidement.
箒[ほうき];箒[ほうき]で 玄関[げんかん]を 掃[は]く;Je balaie l'entrée avec un balai.
籠[かご];籠の中には何が入ってるの？;Qu'y a-t-il dans le panier ?
粘々[ねばねば];綿棒で犬の耳垢を取ったら何だか粘々していたんですが、それは普通ですか。;J'ai enlevé le cérumen de mon chien avec un coton-tige et c'était un peu collant. Est-ce normal?
旨い[うまい];肉は、旨い。;La viande est délicieuse.
蓮[はす];蓮の花の花言葉は何ですか。;Que signifie le lotus sacré dans le langage des fleurs ?
蓮根[れんこん];蓮根と人参のキンピラを作りました。;J'ai fait du kinpira avec de la racine de lotus et de la carotte.
藍[あい];藍染の藍は天然ですが、ジーンズに使われる合成インディゴは人工的なものです。;La teinture végétale indigo est naturelle, mais la teinture synthétique utilisée pour les jeans est artificielle.
蛍[ほたる];蛍の光は、誰にとっても見ていて心地の良いものです。;La lueur des lucioles est agréable pour quiconque regarde.
喚く[わめく];酔っぱらいが喚いているんだよ。;Un type ivre crie.
銀杏[いちょう];銀杏を食べ過ぎると中毒症状が出ます。;Les symptômes d'empoisonnement se développent lorsque je mange trop de ginkgo.
間もなく[まもなく];間もなくかいえんです！;Le rideau se lève bientôt.
随分[ずいぶん];随分[ずいぶん] 早[はや]く 終[お]わったね。;Vous avez fini extrêmement tôt.
煩い[うるさい];隣の部屋がうるさいのです。;La pièce voisine est bruyante.
紐[ひも];靴の紐は自分で結べるよね。;Vous pouvez attacher vos lacets vous-même.
飽くまでも[あくまでも];飽くまでも、これは個人的な見解です。;C'est une opinion obstinément égocentrique.
恐らく[おそらく];首相[しゅしょう]はおそらく 辞任[じにん]するであろう。|あした は おそらく はれる でしょう;Le premier ministre est susceptible de démissionner.
迄[まで];駅[えき]まで 歩[ある]いて 行[い]きます。;Je vais à pied jusqu'à la gare.
鯨[くじら];鯨のベーコンを食べました。;J'ai mangé du bacon de baleine.
囁く[ささやく];「 この かいぎ は たいくつ だ 」 と どうりょう が わたし に ささやいた の 。;"Mon collègue m'a chuchoté, ""cette réunion est ennuyeuse."""
使い分ける[つかいわける];「 探[さが]す」と「 捜[さが]す」はどのように 使い分[つかいわ]けるのでしょうか ？;"Comment différencier les deux kanji utilisés pour écrire ""sagasu"" (chercher)?"
係員[かかりいん];「 身分[みぶん] 確認[かくにん]のためにあなたの 運転免許証[うんてんめんきょしょう]を 見[み]せていただけますか」とその 係員[かかりいん]はいった。;«Puis-je voir votre permis de conduire pour l'identification?», A déclaré le greffier.
凶器[きょうき];「アチョーーーーーー!」と叫び声を上げながら、コウイチはビエトの手から凶器を叩き落とした。;"Alors qu'il criait, ""Achooo!"" Koichi a fait tomber l'arme dangereuse de la main de Viet."
降車[こうしゃ];「あのジェットコースター、どうだった？」「すっごく良かったから、降車した瞬間にゲロっちゃったよ。」;"Qu'as-tu pensé de ces montagnes russes ? ""C'était si intense que j'ai vomi juste après être descendu."""
共有[きょうゆう];「あのヨットは素敵ですね。田中さんのですか？」 「兄貴と共有なんですよ。」;"C'est un très beau yacht. C'est le vôtre, M. Tanaka ? ""Je suis copropriétaire avec mon frère."""
美形[びけい];「あれが せいとかい 生徒会 ちょう 長？」「かっこよくない？」「つーか、 びけい 美形？」;"C'est le nouveau responsable du conseil étudiant0? Cool, n'est-ce pas ?  "" Plutôt, joli garçon? """
絞殺[こうさつ];「あんた、もう少しであの男を絞殺しかけたのよ！」「ごめん。やりすぎたよ。」;"Vous avez failli étrangler ce type à mort ! ""Je suis désolé. Je suis allé trop loin."""
枝豆[えだまめ];「お早うございます。何にいたしましょうか？」「いつものやつ頼むよ。」「かしこまりました。ビールと枝豆でございますね。」「そうだよ。」;"Bonjour. Qu'est-ce que je peux t'offrir ? ""Je vais prendre l'habituel."" ""Très bien. Bière et Edamame, n'est-ce pas ?"" ""C'est ça."""
怒鳴る[どなる];「キンニクマってよく怒鳴るよね。」「そうだね。でも、心配しないで。彼は口は悪いけど根は悪い人ではないから。」;Kinnikuma crie beaucoup. « Ouais, mais ne t'inquiète pas. Son aboiement est pire que sa morsure.
枢軸[すうじく];「ぐるぐるバット」は、おでこをバットの先に付けて、そのバットを枢軸としてぐるぐる回転した後に、誰が目的地まで速く辿り着けるかを競う遊びです。;Guruguru-bat est un jeu où vous rivalisez sur la vitesse à laquelle vous pouvez atteindre le but après avoir tourné autour d'une chauve-souris avec votre front au bout de la chauve-souris.
併殺[へいさつ];「ゲッツー」というのは、併殺を意味する和製英語です。;Get two est un mot japonais dérivé de l'anglais qui signifie double jeu.
照り焼き[てりやき];「コウイチ、忘れ物は無い？」「無いよ。」「あ、ちょっと待って。あんたのお弁当に照り焼きサーモン入れるの忘れてたわ。」「ええっ！母さん、早くしてよ。」;"As-tu tout, Koichi ? ""Oui maman."" ""Oh, attends. J'ai oublié de mettre le saumon teriyaki dans ton bento."" ""Quoi! Dépêche-toi, maman!"""
鼻の穴[はなのあな];「コウイチの鼻の穴の形ってちょっと変じゃない？」「そう？私はかわいいと思うけど。」;Les formes des trous de nez de Koichi ne sont-elles pas un peu bizarres ? « Vraiment ? Je pense qu'ils sont mignons.
鳥肌[とりはだ];「ゴキブリ」という名前を聞くだけで、鳥肌が立ちます。;"J'ai la chair de poule rien qu'en entendant le nom ""cafard"""
一割[いちわり];「この河豚、ちょっと高すぎますよ。まけてもらえませんか？」「一割引きにしてあげましょう。」;"Ce poisson-globe est trop cher. Pouvez-vous me faire une remise? ""Nous vous offrons une réduction de 10 %."""
尽くす[つくす];「これ、明日までにできるかな？」「わかりました。最善を尽くします。」;"Pouvez-vous le faire d'ici demain ? ""Je vois, je ferai de mon mieux."""
寝床[ねどこ];「さぁ、そろそろ寝床に着く時間じゃぞ。」子供の頃、毎晩祖父にこう言われました。;Allons, n'est-ce pas l'heure d'aller au lit ? Mon grand-père me disait ça tous les soirs.
俳句[はいく];「さくら」 という ことば を つかって はいく を かいた よ;"J'ai composé un poème haïku en utilisant le mot ""sakura""."
鰻丼[うなぎどんぶり];「じゃあね、たまには連絡してね。」「もちろん。てか、近いうちにうなぎ丼でも食べに行こうよ。」「いいね。」「よかった。じゃあ、また連絡するね。」「ええ、またね。」;"Prenez soin de vous et appelez-moi de temps en temps. ""Bien sûr. Allons bientôt manger des bols de riz à l'anguille."" ""Ça a l'air bien."" ""D'accord. Je vais vous contacter."" « Ouais, à plus tard."
泥水[でいすい];「ちょっと！今私の雑誌にコーヒーをこぼしたでしょ？」「ああ、ごめん！悪かったよ。」「あ～ぁ～…ジョニーデップの股間のところに泥水みたいな染みができちゃったじゃない！」;"Hé! As-tu renversé du café sur mon magazine ? « Ah, désolé ! Ma faute ! » ""Aww... on dirait qu'il y a une tache d'eau boueuse sur le crottin de Johnny Depp"""
魔女[まじょ];「ちょっと言ってもいいかな？」「もちろん。」「あのさ…やっぱいいや。」「ほら、白状しなって！」「えっと、実は私魔女なんだよね。」;"Est-ce que je peux te dire quelque chose? ""Bien sûr."" ""Bref, oublie ça."" ""Oh allez, finis-en."" ""Eh bien... pour être honnête, je suis un esprit"""
告白[こくはく];「どうして告白にそんなに時間がかかったの？」「告白の仕方が分からなかったんだ。」;"Pourquoi avez-vous mis autant de temps pour l'aveu ? ""Parce que je ne savais pas comment faire."""
詐欺師[さぎし];「ねぇ、今俺のこと、嘘つきって言った？」「そうは言ってないけど、詐欺師とは言ったよ。」「はぁ？何言ってんだよ。マジ、信じらんねぇ。」;"Hey, tu viens de me traiter de menteur ? ""Non, mais je t'ai traité d'escroc."" « Hein ? De quoi tu parles ? Je ne peux vraiment pas te croire."
雄犬[おすいぬ];「パパ、僕、雄犬がほしいな。雄犬を飼える？」「様子を見ようか。でも、どうして雌犬じゃないの？」;Papa, je veux un chien mâle. Pouvons-nous avoir un chien mâle ? « On verra bien, mais pourquoi pas une chienne ?
肝臓[かんぞう];「もし世界中の食料が無くなって、お前がすっげぇお腹がすいてるとしたら、俺の肝臓、食べるか？」「さあ、どうだろう。」「さあ、どうだろうって、それ、どういう意味だよ。」「今は分かんないってこと。」;"Si toute la nourriture du monde venait à manquer et que tu avais vraiment faim, mangerais-tu mon foie ? ""Hmm, je ne sais pas."" « Qu'est-ce que tu veux dire, tu ne sais pas ? » ""Je ne sais juste pas pour le moment."""
当て字[あてじ];「リキュール」には、「利休酒」という当て字が使われます。;"利休酒 sont les kanji phonétiques utilisés pour ""liqueur""."
工学者[こうがくしゃ];「ルンバ」をはつ明したロボット工学者はだれですか？;Qui est l'ingénieur en robotique qui a inventé le Roomba ?
仙人[せんにん];「わしゃ、お前の真上におるぞ。」と、仙人が雲の上から言いました。;Je suis juste au-dessus de toi, dit l'ermite sur le nuage.
薬物[やくぶつ];「今すぐ薬物をやめろ！」とさけびながら、コウイチはビエトの鼻を人さし指で指した。;"Koichi a crié: ""Arrêtez de prendre de la drogue maintenant!"" et pointa le nez de Viet avec son index."
侍[さむらい];「今の侍としての仕事が気に入らないのなら、他の仕事を探したら？」 「口で言うほど簡単じゃないよ。」;"Si vous n'aimez pas votre travail de samouraï, pourquoi n'en trouveriez-vous pas un autre ? ""Plus facile à dire qu'à faire."""
幽霊[ゆうれい];「今日、学校サボってゲーセン行こうぜ。人生は一度っきりだしな！」「そうかな。僕はよく幽霊を見るから、死後の世界を信じてるんだけど。」;"Séparons l'école et allons à l'arcade aujourd'hui. YOLO! ""Je ne pense pas. Je vois des fantômes tout le temps, donc je crois en un monde après la mort."""
寝不足[ねぶそく];「今日も残業するつもりなの？」「えっと…ですね、今日は寝不足なのでどちらかというと早くあがりたいと思っています。」;"Alors, allez-vous encore faire des heures supplémentaires aujourd'hui ? ""Eh bien en fait, j'espérais en quelque sorte quitter le travail plus tôt aujourd'hui parce que j'ai manqué beaucoup de sommeil."""
巨人[きょじん];「何してるの？」「俺達、進撃の巨人を見てるんだよ。って、あぁ、しまった。最後の字幕見逃しちゃった。ちょっと巻き戻してくれない？」「了解。ストップって言ってね。」「ストップ！」;"Que faites-vous les gars? ""Nous regardons L'Attaque des Titans. Oups. J'ai totalement raté le dernier sous-titre. Pouvez-vous revenir en arrière un peu ?"" ""OK. Dis-moi juste quand m'arrêter."" ""Arrêt!"""
企てる[くわだてる];「何それ？」「わっ！何でもないよ。」「何か企てているでしょう？」;"Qu'est-ce que c'est? « Ah, rien ! » ""Tu prévois quelque chose, n'est-ce pas ?!"""
巻きずし[まきずし];「君も巻きずしを食べてみるべきだよ。きっと気に入ると思うよ。」「わかったわ。あなたがそう言うのなら。」;"Vous devriez essayer le rouleau de sushi. Je suis sûr que vous l'aimerez. ""OK, si tu le dis."""
魔術[まじゅつ];"「好き嫌いしないの！黒魔術だけじゃなくて白魔術もちゃんと勉強しなさい！」「はいはい。いつも同じこと言ってるよね。」「""はい""は一回でしょ！」";"Ne soyez pas si pointilleux ! Vous ne devriez pas seulement étudier la magie noire, mais aussi la magie blanche ! « Ouais, ouais. Tu dis toujours ça. ""Un ouais suffit !"""
浮気[うわき];「彼は浮気をして、それを携帯電話を持っていないあなたのせいにしたってこと？」「要約するとそんなところね。」;"Donc il a eu une liaison et t'a reproché de ne pas avoir de portable ? ""Ça résume à peu près."""
寮生[りょうせい];「新しい寮生はセクシー？」「ああ、セクシーだよ。フグなんて、すでに彼女に熱を上げているよ。」;"La nouvelle pensionnaire est-elle sexy ? ""Ouais, elle l'est. Fugu a déjà le béguin pour elle."""
身に付ける[みにつける];「日本[にほん]の 経営陣[けいえいじん]は 米国[べいこく]の 労働者[ろうどうしゃ]の 扱い方[あつかいかた]を 身[み]につけなければいけない」と 彼[かれ]は 言[い]った。;La direction japonaise doit apprendre à traiter avec les travailleurs américains, at-il dit.
幼年時代[ようねんじだい];「昨日、幼年時代の友人に偶然会ったの。彼には何年も会っていなかったんだけど。」「そう言えば、サーモンって、幼年時代の友人のフグと結婚したのよね。」;"J'ai rencontré un ami d'enfance hier. Je ne l'avais pas vu depuis des années. ""En parlant de cela, Salmon a épousé son ami d'enfance, Fugu."""
横浜[よこはま];「横浜から大阪までずうっと乗せてくれて、本当に有難うございます。」「どういたしまして！」;Merci beaucoup de m'avoir emmené de Yokohama jusqu'à Osaka. « Ne le mentionnez pas !
瀬[せ];「沈む瀬あれば浮かぶ瀬あり」なんていう言い回しがあるのは知ってるけど、今はマジで沈んでるわ。;"Je sais qu'il y a un dicton, ""la vie a ses hauts et ses bas"", mais en ce moment je suis vraiment déprimé."
生卵[なまたまご];「生卵アレルギーはありますか？」「私の知る限りではありません。」;"Avez-vous une allergie aux œufs crus? ""Pas que je sache de."""
春巻き[はるまき];「私の春巻き食べたでしょ？」「ごめん。その通りだよ。」;"As-tu mangé mes rouleaux de printemps ? ""Désolé, je l'ai fait."""
素粒子[そりゅうし];「素粒子」って言葉は物理の教科書で見た事がある気がするよ。;"J'ai l'impression d'avoir vu le mot ""particule élémentaire"" dans mon manuel de physique."
昇進[しょうしん];「聞いて聞いて、昇進したんだ！」「本当？すごいね！おめでとう！」;Devine quoi? J'ai eu une promotion au travail ! « Vraiment ? C'est génial ! Félicitations !
諾否[だくひ];「諾否を御一報ください」という言葉は、仕事の手紙やEmailなどでよく使われるフレーズです。;Veuillez nous faire savoir si cela est acceptable ou non, c'est une expression courante utilisée dans les lettres et courriels commerciaux.
叙事詩[じょじし];『ギルガメシュ叙事詩』は、古代メソポタミアの文学作品です。;L'Épopée de Gilgamesh est une œuvre littéraire de l'ancienne Mésopotamie.
所載[しょさい];『古事記』所載の日本最古の和歌について何か知っていますか？;Connaissez-vous le premier waka japonais publié dans le Kojiki ?
同士[どうし];１０ 代[だい]の 友[とも]だち 同士[どうし]が 徹夜[てつや]でおしゃべりした。;Les adolescents se sont mis à parler toute la nuit.
畳[じょう];10.5畳で毎月のお家賃が一万円のこの部屋は、早い者勝ちの物件です。;Cette salle de dix tapis et demi pour seulement 10 000 yens par mois est un premier arrivé, premier servi.
見慣れる[みなれる];１１ページの 地図[ちず]はとても 奇妙[きみょう]に 見[み]える。 逆[さか]さまにしてみると、 見慣[みな]れた 地図[ちず]になる。;La carte de la page 11 semble très étrange. Si vous la tournez à l'envers, elle devient plus familière pour vous.
変遷[へんせん];1996年から2013年までのトップ日本語学習サイト20の変遷を見てみましょう。;Regardons les changements dans les 20 meilleurs sites d'apprentissage de la langue japonaise entre 1996 et 2013.
瓩[キログラム];１キログラムは、だいたい2.2ポンドです。;1 kilogramme équivaut à environ 2,2 livres.
寸[すん];1寸は1尺の10分の1で、約3.03センチです。;1 soleil équivaut à 1/10e de 1 shaku, soit environ 3,03 centimètres.
睡眠[すいみん];1日7時間は睡眠を取るようにしています。;J'essaie de dormir 7 heures par jour.
取り残す[とりのこす];２、 さんにん ３人の 生徒[せいと]が 取り残[とりのこ]された。;Quelques étudiants ont été laissés en arrière.
見込み[みこみ];3 がつ に だいがく を そつぎょう の みこみ です;Je m'attends à obtenir mon diplôme universitaire en mars
物差し[ものさし];30 せんち の ものさし を ください;Veuillez me donner une règle de 30 centimètres.
客様[きゃくさま];３１８ 号室[ごうしつ]の お客[おきゃく]さんに お 持[も]ちください。;Apportez-le aux clients de la salle numéro 318.
精度[せいど];3Dプリンタは発明されたものの、我々の高精度の研削盤に技術が追いつくにはまだ時間がかかるだろう。;Même si l'imprimante 3D a été inventée, il aura fallu du temps pour que sa technologie rattrape nos rectifieuses de haute précision.
奇数[きすう];３は 奇数[きすう]です。;3 est un nombre impair.
代金[だいきん];3人分の代金は計6000円です。;Le prix total pour 3 personnes est de 6 000 yens.
見込む[みこむ];３月[がつ]に 大学[だいがく]を 卒業[そつぎょう]の見込[みこ]みです。;Je m'attends à obtenir mon diplôme universitaire en mars.
私達[わたしたち];３月[さんがつ]の 終[お]わりに 私[わたし]たちは 結婚[けっこん]するつもりです。;À la fin du mois de mars, nous prévoyons de nous marier.
拍[はく];4分の4拍子の曲では、通常、1拍目と3拍目の頭に強拍が来ます。;Pour la musique à quatre temps, le stress atteint généralement son paroxysme au premier et au troisième temps.
株式会社[かぶしきがいしゃ];４月[しがつ] １日[ついたち]、 南洋[なんよう]フーズ 株式会社[かぶしきがいしゃ]は 横浜[よこはま]の 新[しん] 社屋[しゃおく]に 移転[いてん]します。|Tofugu株式会社に電話を入れて、ファックスの送信がきちんと完了しているかどうか確認してくれる？;Le 1er avril, Nanyo Foods Co. Ltd. se déplacera dans son nouveau bâtiment à Yokohama.
田植え[たうえ];5 がつ は たうえ の きせつ です;Mai est la saison de plantation du riz.
半額[はんがく];５ 万[まん] 円[えん]のコートが 半額[はんがく]で 買[か]えた。;J'ai acheté un manteau de 50 000 yens à moitié prix.
無理[むり];５ 時[じ]までに 家[いえ]に 帰[かえ]るのは 無理[むり]です。;Il m'est impossible de rentrer chez moi avant cinq heures.
支社[ししゃ];６つ[むっ]の 先端技術[せんたんぎじゅつ]の 会社[かいしゃ]がその 県[けん]に 支社[ししゃ]を 設立[せつりつ]した。;Six entreprises high-tech ont mis en place des succursales dans cette préfecture.
準備[じゅんび];6月[ろくがつ]はサラダを 準備[じゅんび]するのが 好[す]きです。;Au mois de juin, j'aime préparer des salades.
朝御飯[あさごはん];７ 時[じ]に 朝[あさ]ご 飯[はん]を 食[た]べました。;J'ai mangé le petit déjeuner à sept heures.
門[もん];8時[じ]に 学校[がっこう]の 門[もん]が 開[ひら]きます。;Le portail de l'école s'ouvre à huit heures.
線[せん];８番線で急行に乗ります。;Je monterai dans l'express de la ligne numéro 8.
確かに[たしかに];"A「 今日[きょう]は 社長[しゃちょう]が 出張[しゅっちょう]なので、 会議[かいぎ]は 明日[あす]にしましょう。」B「 確[たし]かにその 方[ほう]がいいですね。」 ;";": Le président est en voyage d'affaires aujourd'hui, alors reportons la réunion à demain. B : Cela semble certainement être une bonne idée. ;"
要因[よういん];Ｂ 要因[よういん]の 取り扱[とりあつか]いに 関[かん]して、 両者[りょうしゃ]のアプローチにはわずかな 違[ちが]いがあるようだ。;Il semble y avoir de légères différences dans l'approche des facteurs B par rapport à ces deux approches.
磨き[みがき];Excelのスキルに磨きをかけて、仕事が見つかればいいな、と思っています。;J'espère trouver un emploi en perfectionnant mes compétences en Excel.
縄跳び[なわとび];FM802を聞きながら縄跳びをしています。;Je saute à la corde et j'écoute FM802.
撃墜[げきつい];iPhoneで軍事飛行機がヘリコプターを撃墜する瞬間を撮影しました。;Mon iPhone a capturé le moment où l'avion militaire a abattu l'hélicoptère.
同期中[どうきちゅう];iPhone同期中に電源が切れて軽くあせった。;Lorsque je synchronisais mon iPhone, il s'est éteint et j'étais un peu paniqué.
軒並[のきなみ];IT関連の株価が軒並み下落しました。;Les cours des actions liées à l'informatique ont chuté dans tous les domaines.
京都[きょうと];JRの「そうだ、京都行こう」の広告を見て京都に行きたくなったが、そんなお金はなかった。;"La pub JR ""Ça y est ! Allons à Kyoto."" m'a donné envie d'aller à Kyoto, mais je n'avais pas ce genre d'argent."
観覧[かんらん];TofuguTVの撮影現場を観覧しました。;J'ai regardé le tournage de TofuguTV.
寄与[きよ];Tofuguが世界平和に寄与していることを知っているかい？;Saviez-vous que Tofugu contribue à la paix mondiale ?
征服[せいふく];Tofuguが世界征服をしようとしているということを又聞きしてしまいました。;J'ai entendu dire que Tofugu essayait de conquérir le monde.
躍進[やくしん];Tofuguが今年、大躍進を遂げたのは何故だと思いますか。;Selon vous, qu'est-ce qui a fait que Tofugu a fait un si grand bond en avant cette année ?
掲載[けいさい];Tofuguに掲載されているブログ記事を何部かコピーして、日本語を学習している私の生徒たちに配っても構いませんか？;Cela vous dérange-t-il si je reproduis des copies d'articles publiés sur le tofugu et que je les distribue à mes étudiants qui étudient le japonais ?
無菌[むきん];Tofuguのステッカーが無菌かどうかの問い合わせのメールが来たんだけど。;Je viens de recevoir un e-mail me demandant si les autocollants Tofugu sont stérilisés ou non.
尽力[じんりょく];Tofuguの社長として、コウイチはサービスの向上に尽力致します。;En tant que président de Tofugu, Koichi fait tout son possible pour améliorer le service.
辛勝[しんしょう];Tofuguは著作権侵害の裁判で辛勝しました。;Tofugu a remporté une courte victoire dans une poursuite pour violation du droit d'auteur.
絶える[たえる];Tofuguメンバーが笑い茸と呼ばれるキノコを食べてからというもの、Tofuguのオフィスでは、笑いが絶えることはない。;"Depuis que les membres de Tofugu ont mangé un champignon appelé ""panaeolus papilionaceus"", les rires n'ont pas cessé dans le bureau de Tofugu."
却下[きゃっか];Tofuguメンバー全員がバンジージャンプに挑戦するというアイディアは、速攻で却下されました。;Mon idée pour tous les membres de Tofugu de sauter à l'élastique a été rapidement rejetée.
帝国[ていこく];Tofugu帝国では、殺人事件の時効は廃止されました。;Le délai de prescription pour le meurtre a été aboli dans l'Empire Tofugu.
映像[えいぞう];YouTubeでマイケルの映像を四千四百四十四回見ると、のろいにかかるらしいよ。;J'ai entendu dire que si vous regardez la vidéo de Michael sur YouTube 4444 fois, vous serez maudit.
缶ビール[かんビール];ああ、この缶ビールはマジでうますぎる。;Oh, cette bière en canette est bien trop bonne pour moi.
同盟[どうめい];ああ、そういうことか。Tofuguは一番のライバル会社と同盟を組んだんだよ。;Oh, maintenant je vois ce qui s'est passé. Tofugu a formé une alliance avec son concurrent le plus proche.
貴族[きぞく];ああ、もし私が貴族の家柄に生まれていたら、彼女と話をすることも可能だったかもしれないのに。;Si j'étais né dans une famille noble, j'aurais pu lui parler.
応援団[おうえんだん];ああ、君が応援団長だね？噂はかねがね伺っておるよ。;Hé, tu es le chef des pom-pom girls, n'est-ce pas ? J'ai beaucoup entendu parler de vous.
虚しい[むなしい];あい が なければ じんせい は むなしい よ;La vie est vide sans amour.
席順[せきじゅん];あいうえお順にすれば、容易に席順を決められますよ。;Si nous utilisons l'ordre aiueo, nous pouvons facilement décider de l'ordre des places.
作製[さくせい];あいかぎ の さくせい に は ふつか ほど かかります;Il faut environ deux jours pour faire une clé en double.
緯度[いど];アイスランドは 緯度[いど]が 高[たか]いところにある;L'Islande est à une latitude élevée.
ずる賢い[ずるいがしこい];あいつ は ずるがしこい かお を して いる ね;Cette personne a un regard sournois sur son visage.
汁物[しるもの];あいつ、あのウェイトレスさんに三回もこのレストランに汁物はないのかって聞きやがったんだぜ。ウェイトレスさんその度にありませんって言ってさ、困惑してたよ。;Il a demandé trois fois à la serveuse s'il y avait de la soupe au restaurant et elle a répondu non à chaque fois. Elle était perplexe.
飛び込み[とびこみ]自殺[じさつ];あいつ、飛び込み自殺をするために家を出る前、俺のプレイステーションをあいつのテレビに繋いだんだよな。何か意味があったのかな？;Il a branché ma PlayStation à sa télé avant de quitter notre maison pour se suicider en sautant devant un train. Pensez-vous que cela signifie quelque chose?
余程[よほど];あいつがガッツポーズするなんて、よっぽど 嬉[うれ]しかったんだろうな。|今日[きょう]の 遠足[えんそく]はよほど 楽[たの]しかったらしい。;Il a dû être vraiment content de lui pour faire une telle pose triomphante.|The field trip today must have been very fun.
露呈[ろてい];あいつがしていたインチキが全部露呈したんだよ。;Leur tricherie était complètement exposée.
賭け[かけ];あいつとの賭けに勝ったよ。;J'ai gagné un pari contre lui.
陰気[いんき];アイツのYoutubeビデオを見るまでは、てっきり陰気な男だと思っていたよ。;J'étais certain qu'il était un gars mélancolique jusqu'à ce que je voie ses vidéos Youtube.
挿絵[さしえ];アイツの話によると、彼女、本の挿絵を描いてるんだってさ。;Selon lui, elle dessine des illustrations pour des livres.
軍艦島[ぐんかんじま];アイツはぜんぜん面白くないな。話題といったら軍艦島の都市伝説だけだし。;Il n'est pas du tout intéressant. Il ne parle que de la légende urbaine de Battleship Island.
荒波[あらなみ];アイツはまだ社会の荒波に揉まれた事のないただの若造だよ。;Ce n'est qu'un jeune garçon qui n'a pas encore été secoué par les mers orageuses de la vie.
名誉[めいよ];あいつは名誉を得ることには興味がないなんて言ってるけど、俺は嘘だと思うね。;Il dit qu'il n'a aucun intérêt à gagner du prestige, mais je pense que c'est un mensonge.
執行猶予[しっこうゆうよ];あいつは執行猶予期間中に他の刑事事件を起こしたんだよ。;Ce type a causé d'autres affaires criminelles pendant sa peine avec sursis.
飾り気[かざりけ];あいつは本当に飾り気のない女だ。;C'est une femme vraiment ordinaire.
殊勝[しゅしょう];あいつは殊勝な女だったよ。;C'est une femme admirable.
従順[じゅうじゅん];あいつは犬のように従順だ。;Il est aussi obéissant qu'un chien.
楽天主義[らくてんしゅぎ];あいつほど楽天主義なやつはいない。;Il n'y a pas de gars plus optimiste que lui.
愚か[おろか];あいつも愚かなことをしたもんだよ。;Il fait des choses tellement stupides.
覇者[はしゃ];あいつらが前年度のこの大会の覇者です。;Ce sont les champions du tournoi de l'année dernière.
紳士協定[しんしきょうてい];あいつらとは紳士協定を結んでいるはずだ。;Ils sont censés être liés à un gentlemen's agreement.
蛮行[ばんこう];あいつらはそこで蛮行を繰り返しているんだ。;Ils ont répété la brutalité là-bas.
謀る[はかる];あいつらはフィレンツェのダビデ像の前でのドラマチックな暗殺を謀っているんだ。;Ils complotent un assassinat dramatique devant la statue de David à Florence.
暴虐[ぼうぎゃく];あいつらは暴虐の限りを尽くしたんだ。;Ils ont commis toutes sortes d'actes tyranniques.
略[りゃく];あいてぃー は なん の りゃく か しって います か;Savez-vous ce que signifie IT ?
基準[きじゅん];あいての きじゅん 基準を うけい 受け入れるのは、そのあいての ちから 力に ふくじゅう 服従することだ。|はんだん の きじゅん が しめされた;Accepting the other's norms is submitting to the other's power.
醸す[かもす];アイドルの大胆な発言が物議を醸している。;La déclaration audacieuse de l'idole suscite des critiques publiques.
合わす[あわす];あか に きいろ を あわすと なにいろ に なります か;Quelle couleur obtenez-vous si vous ajoutez du jaune au rouge ?
口紅[くちべに];あかい くちべに を かいました;J'ai acheté du rouge à lèvres rouge.
泣き声[なきごえ];あかちゃん の なきごえ が きこえます ね;J'entends un bébé pleurer.
寝かせる[ねかせる];あかちゃん を べっど に ねかせた;J'ai déposé le bébé sur le lit.
木の葉[このは];あき 秋には このは 木の葉が お 落ちる。;Leaves fall in the autumn.
顎[あご];あご が いたい;Ma mâchoire me fait mal.
雀[すずめ];あさ は すずめ の こえ で め が さめます;Je me réveille au son des moineaux le matin.
砂浜[すなはま];あさ はやく すなはま を さんぽ しました;Je me suis promené sur la plage tôt le matin.
朝日[あさひ];あさひ が のぼりました よ;Le soleil du matin s'est levé.
痺れる[しびれる];あし が しびれた;Mon pied s'est endormi.
消毒[しょうどく];あし の きず を しょうどく した わ;J'ai désinfecté la plaie au pied.
複数[ふくすう];アジアの しゅうきょう 宗教から ひらめ 閃きを え 得て、 かれ 彼は ふくすう 複数の すば 素晴らしい ちょうこく 彫刻を うみだ 生み出した。;Asian religions inspire him to create splendid sculptures.
委員会[いいんかい];あした いいんかい が ひらかれます;La réunion du comité aura lieu demain.
短期[たんき];あした から 2 しゅうかん たんき の あるばいと を します;Pendant deux semaines à partir de demain, je fais un court passage en tant que travailleur à temps partiel.
時間割り[じかんわり];あした の じゅぎょう は じかんわり どおり です;Le cours de demain est comme indiqué sur l'emploi du temps.
座敷[ざしき];あした は おざしき で の えんかい に なります;Le banquet de demain aura lieu dans une salle recouverte de tatamis.
墓参り[はかまいり];あした は かぞく で はかまいり に いきます;Je vais visiter la tombe avec ma famille demain.
市内[しない];あした は しない を かんこう する よてい です 。;Je dois aller visiter la ville demain.
対称[たいしょう];アシメっていう左右非対称のショートカットにしてみようかなって思ってるんだよね。;"Je pense me faire une courte coupe de cheveux asymétrique appelée ""ashime""."
冷え込む[ひえこむ];あす から きゅう に ひえこむ そう です;J'entends qu'il va soudainement faire froid à partir de demain.
重役[じゅうやく];あす じゅうやくかいぎ が ひらかれます;La réunion de l'exécutif aura lieu demain.
待ち合わせ[まちあわせ];あす の まちあわせ は 11 じ です;Demain, nous nous retrouverons à 11 heures.
愈々[いよいよ];あす は いよいよ しゅっぱつ の ひ です;Nous partirons enfin demain.
遠足[えんそく];あす は えんそく で どうぶつえん に いきます;Demain, nous allons au zoo en voyage scolaire.
挟まる[はさまる];アスパラガスが歯に挟まっています。;Vous avez des asperges prises entre vos dents.
時機[じき];あせらず に じき を まつ べき です;Vous devez attendre patiemment la bonne opportunité.
区画[くかく];あそこ の さんくかく は うりだしちゅう です;Ces trois sections sont en vente.
四つ角[よつかど];あそこ の よつかど を ひだり に まがって ください;Veuillez tourner à gauche à ce carrefour là-haut.
柔和[にゅうわ];あそこで柔和な笑みを浮かべている理髪師は、実はこの辺りのポン引き男どもの親分なんだ。;Ce barbier à l'air gentil là-bas est en fait le chef proxénète de cette région.
駐屯[ちゅうとん];あそこには米軍が駐屯しているんだよ。;Les forces armées américaines sont stationnées là-bas.
金星[きんせい];あそこに見えているのは、金星です。;Ce que vous voyez là-bas, c'est Vénus.
空き缶[あきかん];あそこの あきかん 空缶をごらんなさい。;Regardez ces canots vides là-bas.
担架[たんか];あそこ家の息子さん、交通事故に巻き込まれて担架で病院に担ぎ込まれたんだけど、結局植物状態になっちゃったんだって。;Leur fils a eu un accident de voiture et a été transporté à l'hôpital sur une civière, mais il s'est retrouvé dans un état végétatif.
面接[めんせつ];あたらしい しごと の めんせつ に いって きました;Je suis allé à un entretien pour un nouvel emploi.
引き受ける[ひきうける];あたらしい しごと を ひきうけた よ;J'ai accepté le nouveau travail.
市長[しちょう];あたらしい しちょう が えらばれました;Un nouveau maire a été choisi.
事務員[じむいん];あたらしい じむいん が はいりました;Un nouvel employé a rejoint le bureau.
政策[せいさく];あたらしい せいさく は あまり いい と は おもえません;Je ne pense pas que la nouvelle politique soit très bonne.
結成[けっせい];あたらしい だいひょう ちーむ が けっせい されました;La nouvelle équipe représentative a été formée.
内閣[ないかく];あたらしい ないかく が たんじょう した ね;Un nouveau Cabinet a été formé.
歯ブラシ[はブラシ];あたらしい はぶらし が ひつよう だ;J'ai besoin d'une nouvelle brosse à dents.
文房具[ぶんぼうぐ];あたらしい ぶんぼうぐ を かいました;J'ai acheté de nouveaux articles de papeterie.
彼方此方[あちらこちら];あちらこちら で こうよう が きれい です ね;Ici et là les couleurs d'automne sont magnifiques.
為さる[なさる];あちらで 準備[じゅんび]なさってください。;Veuillez vous préparer là-bas. (Honorifique)
扇風機[せんぷうき];あつい から せんぷうき を つけよう;Il fait chaud, alors allumons le ventilateur.
日陰[ひかげ];あつい の で ひかげ で やすみましょう;Il fait chaud alors reposons-nous à l'ombre.
溶ける[とける];あつさ で あいすくりーむ が とけて しまった;La glace a fondu sous la chaleur.
宛先[あてさき];あてさき ふめい で てがみ が もどって きた の;La lettre a été retournée car le destinataire était inconnu.
値引き[ねびき];あと 1000 えん ねびき しましょう;Je vais encore réduire le prix de 1 000 yens.
法廷[ほうてい];あとどれくらい私達がこの法廷にいることになるか分かりますか？;Savez-vous combien de temps nous resterons dans cette salle d'audience ?
感謝[かんしゃ];アドバイスを頂き感謝しています。;Ayant reçu vos conseils, j’éprouve de la gratitude.
頼み[たのみ];あなた に たのみ が ある ん です けど;Au fait, j'ai un service à vous demander.
及ぶ[およぶ];あなた に まで めいわく が およんで ごめんなさい;Je suis désolé que même vous ayez été incommodé.
添う[そう];あなた の きたい に そえなくて すみません;Je suis désolé de ne pas avoir pu répondre à votre attente.
経歴[けいれき];あなた の けいれき を めーる で おくって ください;Merci d'envoyer votre CV par e-mail.
姓名[せいめい];あなた の せいめい を おしえて ください;Veuillez me dire votre nom complet.
狡い[ずるい];あなた の やりかた は ずるい;Ta méthode est astucieuse.
保険[ほけん];あなた は ほけん に かにゅう して います か;Avez-vous souscrit une assurance ?
間違う[まちがう];あなた は まちがって いる;Vous vous trompez.
驚かす[おどろかす];あなた を おどろかす はなし が あります;J'ai une histoire qui va vous surprendre.
傷付ける[きずつける];あなた を きずつける つもり は ありませんでした;Je n'avais pas l'intention de te blesser.
顧みる[かえりみる];あなた、我が子のことをもう少し顧みてあげてくれませんか。;Chérie, tu ne peux pas t'occuper un peu plus de ton propre enfant ?
散る[ちる];あなたが 帰国[きこく]なさる 頃[ころ]には、 桜[さくら]はみんな 散[ち]ってしまっていることでしょう。;Au moment où vous arriverez à la maison, toutes les fleurs de cerisier seront tombées.
本当に[ほんとうに];あなたが 本当[ほんとう]に 好[す]きです。;Je vous apprécie vraiment.
動き回る[うごきまわる];あなたがこんなに 早[はや]くまたおきて 動き回[うごきまわ]れるようになって 本当[ほんとう]によかった。;Comme il est agréable de vous voir de nouveau actif.
羨ましい[うらやましい];あなたがとても 羨[うらや]ましい。;Je vous envie tellement.
案内状[あんないじょう];あなたからのパーティーの 案内状[あんないじょう]をなくしてしまったなんて、 自分[じぶん]でも 信[しん]じられません。;Je ne peux pas y croire. J'ai perdu ton invitation pour la fête que tu m'avais envoyé.
可燃ゴミ[かねんゴミ];あなたが私から貰うクリスマスプレゼントは、可燃ごみだけだよ。;La seule chose que tu reçois de moi pour Noël, ce sont des déchets inflammables.
偏り[かたより];あなたって、考え方にすごく偏りがあるよね。;Votre façon de penser est vraiment biaisée, n'est-ce pas ?
嫌悪感[けんおかん];あなたと話していると、いつも嫌悪感を抱くのです。;Je suis toujours rempli de dégoût quand je parle avec toi.
執る[とる];あなたにこのプロジェクトの指揮を執ってもらいたいんです。;Nous voulons que vous dirigez ce projet.
補う[おぎなう];あなたの しょくじ 食事にはビタミンを おぎな 補うほうがよい。;You had better supplement your diet with vitamins.
娘さん[むすめさん];あなたの 娘[むすめ]さんはいつ 成年[せいねん]に 達[たっ]したのですか。;Quand votre fille devient-elle majeure?
号[ごう];あなたの 定期購読[ていきこうどく] 予約[よやく]は 六月[ろくがつ] 号[ごう]で 切[き]れます。;Votre abonnement expire avec le numéro de Juin.
息子さん[むすこさん];あなたの 息子[むすこ]さんが 何[なに]か 悪[わる]いことをしても、それはあなたのせいではありません。;Si votre fils fait quelque chose de mal, ce n'est pas de votre faute.
自慢話[じまんばなし];あなたの 自慢話[じまんばなし]はもうたくさんだ。;J'en ai assez de tes envies.
召す[めす];あなたのお姉さまは神に召されたのですよ。;Votre sœur aînée a été appelée par les dieux.
既決[きけつ];あなたのケースでは、既決囚救済制度が適用される可能性もなきにしもあらずだと思います。;Je pense que demander une réparation après condamnation peut être une possibilité dans votre cas.
冷酷[れいこく];あなたのこと、ずっと冷酷な人だと思っていました。;J'ai toujours pensé que tu étais une personne cruelle.
伺い[うかがい];あなたのブログのURLをお伺いしてもよろしいですか？;Pourrais-je avoir l'URL de votre blog, s'il vous plaît ?
成功[せいこう];あなたのプロジェクトの成功を願っています。;Je vous souhaite du succès dans votre projet.
創造力[そうぞうりょく];あなたのような創造力のある人と仕事ができることを、とても楽しみにしています。;Je suis tellement excité de travailler avec une personne créative comme vous.
助言[じょげん];あなたの助言、ぜんぜん役に立たなかったんだけど。;Mais vos conseils ne m'ont pas du tout aidé.
帝国主義[ていこくしゅぎ];あなたの国は、帝国主義国家ですか？;Votre pays est-il une nation impérialiste ?
略図[りゃくず];あなたの家からうちまでの略図を書いて、Eメールでお送りします。;Je vais dessiner un plan approximatif de votre maison à la mienne et je vous l'enverrai par e-mail.
土塀[どべい];あなたの家の土塀をよじ登っている人がいたので、それをお知らせするためにお電話させて頂きました。;Je t'appelle pour te dire que j'ai remarqué que quelqu'un grimpait sur ton mur de boue.
萌芽[ほうが];あなたの役目は、二人の恋の萌芽を絶つことよ。;Votre devoir est de supprimer la germination de l'amour entre les gens.
設定[せってい];あなたの新しいビジネス用のメールアカウントを、グーグルに設定しました。;J'ai configuré pour vous un nouveau compte de messagerie professionnel dans Google.
歌唱[かしょう];あなたの歌唱力をみんなに見せつけるために、このビデオをFacebookに投稿してもいいですか？;Puis-je publier cette vidéo sur Facebook pour montrer à tous vos talents de chanteur ?
獄内[ごくない];あなたの獄内での話、最後はどうなるの？;Comment se termine votre histoire d'être en prison?
珍[ちん];あなたの珍増税政策の理論的根拠を述べてくださいよ。;Quelle est la raison d'être de votre étrange politique d'augmentation des impôts ?
略語[りゃくご];あなたの略語辞典を貸してもらえませんか？;Puis-je emprunter votre dictionnaire d'acronymes et d'abréviations ?
濃度[のうど];あなたの血中アルコール濃度については追って連絡致します。;Je vous reviendrai sur votre taux d'alcoolémie.
願い事[ねがいごと];あなたの願い事は、きっとすぐにかなうと思います。;Je pense que vos prières seront bientôt exaucées.
賢い[かしこい];あなたは 何[なん]と 賢[かしこ]い 生徒[せいと]なのでしょう。;Quel élève intelligent, vous faites !
留守番電話[るすばんでんわ];あなたは 留守番電話[るすばんでんわ]を 買[か]うべきだ。;Vous devriez acheter un répondeur.
特別[とくべつ];あなたは 私[わたし]にとって 特別[とくべつ]な 人[ひと]です。;Tu es spécial pour moi.
自分自身[じぶんじしん];あなたは 自分自身[じぶんじしん]でそれをするべきだと 私[わたし]は 思[おも]う。;Je pense que vous devriez le faire vous-même.
言い訳[いいわけ];あなたは 言[い]い 訳[わけ]が 多[おお]すぎます。;Vous fournissez trop d'excuses.
為る[する];あなたは 買い物[かいもの]しますか。;Faites-vous les courses ?
陳列[ちんれつ];あなたは、パン屋のむき出しの陳列についてどう思いますか。;Qu'avez-vous pensé de l'exposition exposée de la boulangerie ?
以上[いじょう];あなたは18 歳[さい]以上[いじょう]ですか？;Avez-vous plus de 18 ans ?
納豆[なっとう];あなたはオクラと なっとう 納豆はどちらがよりねばねばしているかわかりますか。;Savez-vous ce qui est le plus collant entre les okra et le natto  ?
お出で[おいで];あなたはどのくらい 日本[にほん]においでですか。;Depuis combien de temps êtes-vous au Japon?
衝撃[しょうげき];あなたは爆発の衝撃で気絶したのよ。;Vous vous êtes évanoui sous le choc d'une explosion.
長崎[ながさき];あなたへのお土産に長崎カステラを買いましたよ。;J'ai acheté une génoise de Nagasaki pour toi en souvenir.
縮まる[ちぢまる];あに と の しんちょう の さ が ちぢまった;La différence de taille entre moi et mon grand frère a diminué.
商社[しょうしゃ];あに は しょうしゃ に つとめて います;Mon frère aîné travaille pour une société commerciale.
体操[たいそう];あに は たいそう の せんしゅ です;Mon grand frère est gymnaste.
二階[にかい];あに は にかい に います;Mon frère aîné est au deuxième étage.
自然科学[しぜんかがく];あね は だいがく で しぜんかがく を まなんで います;Ma sœur aînée étudie les sciences naturelles à l'université.
在学[ざいがく];あね は だいがく に ざいがく して います;Ma sœur aînée étudie à l'université.
福祉[ふくし];あね は ふくし の べんきょう を して います;Ma grande sœur étudie l'aide sociale.
仲良し[なかよし];あの 3 にんぐみ は なかよし です ね;Ces trois-là sont de bons amis.
木星[もくせい];あの うえ 上の ほう 方で ひか 光っている ほし 星は もくせい 木星です。;The star which shines up there is Jupiter.
和式[わしき];あの うち の といれ は わしき です;Les toilettes de cette maison sont de style japonais.
乗り込む[のりこむ];あの えき で がくせい が たくさん のりこんだ ね;Beaucoup d'étudiants sont montés à bord à cette gare.
徹底的[てっていてき];あの おとこ 男は てっていてき 徹底的なエゴイストだ。;Cet homme est totalement égoïste.
成立[せいりつ];あの かいしゃ と の けいやく が せいりつ しました;Nous avons conclu un contrat avec cette société.
幹部[かんぶ];あの かいしゃ の かんぶ は みんな とても ゆうしゅう だ ね;Les dirigeants de cette entreprise sont tous des gens exceptionnels.
国交[こっこう];あの くに と は こっこう が ない;Il n'y a pas de relations diplomatiques avec ce pays.
兵器[へいき];あの くに は きょうりょく な へいき を もって いる;Ce pays a des armes puissantes.
繁栄[はんえい];あの くに は けいざいてき に はんえい して いる わ ね;Ce pays prospère économiquement.
目覚ましい[めざましい];あの くに は めざましい はってん を とげた の;Ce pays a accompli un développement remarquable.
姿勢[しせい];あの こ は いつも しせい が わるい;Ce gamin a toujours une mauvaise posture.
県庁[けんちょう];あの しろい たてもの が けんちょう です;Ce bâtiment blanc est le bureau du gouvernement préfectoral.
派閥[はばつ];あの だいがく に は はばつ が たくさん あります;Il y a beaucoup de factions dans cette université.
都庁[とちょう];あの たかい たてもの が とちょう です;Ce grand bâtiment est l'hôtel de ville métropolitain de Tokyo.
陸上[りくじょう];あの どうぶつ は りくじょう で せいかつ して います;Cet animal vit sur terre.
間も無く[まもなく];あの ひこうき は まもなく ちゃくりく します ね;Cet avion va bientôt atterrir.
鈍感[どんかん];あの ひと は すこし どんかん だ と おもいます;Cette personne est un peu têtue je pense.
総裁[そうさい];あの ひと は にっぽんぎんこう の そうさい です;Cette personne est le président de la Banque du Japon.
仲人[なこうど];あの ふうふ は わたしたち の なこうど です;Ce couple est notre intermédiaire.
増やす[ふやす];あの まち は みどり を ふやして います;Cette ville augmente sa verdure.
保守[ほしゅ];あの むら は でんとう を ほしゅ して いる;Ce village perpétue les traditions.
役人[やくにん];あの やくにん 役人たちは ぜんぜん 全然、 ざいせい 財政のことはわかっていない。;Those officials don't understand finance at all.
一期一会[いちごいちえ];あの 人[ひと]と 巡り会[めぐりあう]えたのは、 一期一会[いちごいちえ]なのでしょうか。;Notre rencontre comme celle-ci est probablement le genre de chose qui ne se produit qu'une seule fois.
悲観的[ひかんてき];あの 人[ひと]は 悲観[ひかん] 的[てき]な 人[ひと]です;Cette personne est pessimiste.
憧れる[あこがれる];あの 人達[ひとたち]は 都会[とかい]の 生活[せいかつ]にあこがれている。;Ils aspirent à la vie en ville.
規則[きそく];あの 会社[かいしゃ]の 規則[きそく]は 厳[きび]しいです。;Les règles de cette compagnie sont strictes.
御洒落[おしゃれ];あの 子[こ]はおしゃれだね。;Cette fille est à la mode.
食べ放題[たべほうだい];"あの 店[みせ;o] は ２０００[;h] 円[えん;a] で 食[た,たべる;k2]べ 放題[ほうだい;a] です 。|一しょに食べ放題に行ったのが、とおい昔のような気がするよ。";Ce restaurant propose un menu à volonté pour 2 000 yens. J'ai l'impression que mon souvenir d'être allé au restaurant à volonté avec vous s'éloigne.
化粧品[けしょうひん];あの 店[みせ]ではもう 化粧品[けしょうひん]は 売[う]っていない。;Ce magasin ne vend plus de produits cosmétiques.
織物[おりもの];あの 店[みせ]には 織物[おりもの] 類[るい]が 置[お]いてありますか。;Est-ce que ce magasin prépare ses produits à l'avance ?
店員[てんいん];あの 店員[てんいん]はとても 親切[しんせつ]です。;Ce vendeur est très gentil.
橋[はし];あの 橋[はし]は 日本[にほん]で 一番[いちばん] 長[なが]い。;Ce pont est le plus long du Japon.
凝乎と[じっと];あの 生徒[せいと]はじっと 先生[せんせい]の 話[はなし]を 聞[き]いていたね。;L'élève écoutait attentivement l'enseignant.
扇[おうぎ];あの、紫色の扇をもったご婦人は一体どなたですか。;Qui diable est la dame qui tient l'éventail pliant violet ?
定額[ていがく];あの～、定額貯金の口座を開設したいんですが。;Eh bien, j'aimerais ouvrir un compte d'épargne à dépôt fixe.
肝炎[かんえん];あのA型肝炎の患者は愛に飢えており、いつも医者や看護師の気を引こうとしている。;Le patient atteint d'hépatite A est affamé d'amour et essaie toujours d'attirer l'attention des infirmières et des médecins.
緩慢[かんまん];あのウエイトレスは動きが緩慢なので首にしたよ。;Les mouvements de cette serveuse étaient vraiment lents alors elle a été virée.
野獣[やじゅう];あのカップル、まさに「美女と野獣」って感じだね。;Ce couple est exactement comme la Belle et la Bête.
引き裂く[ひきさく];あのカップルの仲をうまく引き裂く事ができたら、お知らせ致します。;Je vous ferai savoir si je réussis à séparer le couple.
野郎[やろう];あのクソ野郎がセールス・マネージャーに昇進するなんて本当に気に食わねぇ。;Ce bâtard a été promu directeur des ventes. J'ai mal à ma stomie
自決[じけつ];あのさむらいは自決した。;Ce samouraï s'est suicidé.
恩賞[おんしょう];あのベーコン泥棒を引っ捕えた者には恩賞を与えよう。;Je donnerai une récompense à la personne qui pourra attraper le voleur de bacon.
塁審[るいしん];あの一塁の塁審、試合中に屁をこきまくってたぜ。;L'arbitre du premier but n'a cessé de péter pendant le match.
不孝者[ふこうもの];あの不孝者は、ダイビングか何だか知らないが馬鹿な事をしに行って、潜水病になって死んじまったんですよ。;Notre enfant infidèle est mort des virages quand il est allé plonger ou quelque chose de stupide comme ça.
盛り[さかり];あの事故が起こったのは夏の盛りでした;Cet accident s’est produit au cœur de l’été.
産む[うむ];あの人、去年の冬に赤ちゃんを産んだばかりなのに今年の秋にもまた赤ちゃんを産むんですって。;J'ai entendu dire que cette personne vient de donner naissance à un bébé l'hiver dernier et qu'elle en aura un autre cet automne.
嘱託[しょくたく];あの人は、再雇用制度を利用した嘱託社員なんです。;Cette personne est un employé à temps partiel qui a utilisé le système de réemploi.
仏僧[ぶっそう];あの仏僧は、あと一ヶ月で九十九才に達します。;Ce prêtre bouddhiste atteindra l'âge de quatre-vingt-dix-neuf ans dans un mois.
妨げる[さまたげる];あの会社は、トーフグの成功を妨げようとしているらしい。;J'ai entendu dire que cette entreprise essayait d'entraver le succès de Tofugu.
光栄[こうえし];あの作家と対談できて、光栄です。;Je suis honoré d'avoir pu m'entretenir avec cet écrivain.
恥知らず[はじしらず];あの俺の兄貴は恥知らずの嘘つきだ。何の事だかサッパリ分からないなんて言ってたくせに、俺のベーコンを平らげたのはアイツだったんだよ。;Mon frère est un menteur tellement éhonté. Il m'a dit qu'il n'avait aucune idée de ce qui s'était passé, mais c'est lui qui a mangé tout mon bacon.
共犯者[きょうはんしゃ];あの共犯者は、まさに飛んで火にいる夏の虫だったな。;Le complice était en effet comme un insecte qui volait dans le feu en été.
兵[へい];あの兵が、無力な子供たちにドーナツを投げつけたんだ！;Ce soldat a jeté des beignets sur des enfants sans défense !
卓球[たっきゅう];あの卓球の音のせいで気が変になりそうだ！;Ce bruit de ping-pong me rend fou !
網戸[あみど];あの古い網戸は本当に気持ち悪いね。;Cette vieille porte moustiquaire est tellement dégoûtante !
吸血鬼[きゅうけつき];あの吸血鬼の野郎、俺の事、血を吸いたくない程インチキ臭すぎるって言うんだ。;Ce vampire m'a dit qu'il ne me sucerait même pas le sang parce que je suis trop imposteur.
国王[こくおう];あの国王は、とてもよくばりです。;Ce roi est très gourmand.
不信[ふしん];あの変人が不信の目でおれのことを見てくるんだよ。;Cet excentrique me lance un regard méfiant.
変人[へんじん];あの変人のクローゼット、見た？;Avez-vous vu ce qu'il y a dans le placard de ce cinglé ?
罷免[ひめん];あの大臣は罷免されたよ。;Ce ministre a été démis de ses fonctions.
大阪弁[おおさかべん];あの大阪弁の上司は、いつも前おきが長いので、うんざりします。;Ce superviseur avec le dialecte d'Osaka met toujours une éternité à en venir au fait, c'est très ennuyeux.
鼓[つづみ];あの女性の鼓の打ち方は絶品だ。;La façon dont cette femme frappait son tambour à main était superbe.
垂らす[たらす];あの娘が涎を垂らしながら一服しているブルドッグの絵を描いたんだけど、それがすっごく可愛くってさ。;Elle a dessiné une image d'un bouledogue qui bave en faisant la sieste et c'était vraiment mignon.
官僚[かんりょう];あの官僚が我々の素晴らしい提案を断ったなんて信じられないよ。;Je n'arrive pas à croire que les bureaucrates ont refusé l'excellente offre que nous avons faite.
旋律[せんりつ];あの家からは、いつも美しいピアノの旋律が聞こえていました。;Je peux toujours entendre la mélodie d'un beau piano de cette maison.
柳[やなぎ];あの居酒屋の柳模様の暖簾が好きなのよね。;J'aime le motif en saule sur le rideau de ce restaurant Izakaya.
巨大[きょだい];あの巨大な建物は博物館です。;Cet immense bâtiment est un musée.
安泰[あんたい];あの忌まわしい家族が未来永劫安泰でいられるなんて、誰が信じたいと思う？;Qui voudrait croire que cette horrible famille aurait la paix éternelle ?
想定[そうてい];あの手がたくさんある神様の絵がここにかざられることを想定しています。;Nous supposons que l'image de la divinité aux nombreux bras sera accrochée ici.
携帯ストラップ[けいたいストラップ];あの携帯ストラップが気色悪すぎて、考えるだけでも吐きそうだわ。;La sangle du téléphone portable est tellement dégoûtante que d'y penser me fait vomir.
賢人[けんじん];あの教授、外では賢人って言われてるけど、実は内弁慶らしいぜ。;Ce professeur est appelé un sage à l'extérieur de la maison, mais j'ai entendu dire qu'il est en fait un fanfaron à la maison.
教諭[きょうゆ];あの教諭、昔の教え子と結婚したらしいよ。;Apparemment, ce professeur a épousé un ancien élève qu'ils avaient eu il y a quelque temps.
究極[きゅうきょく];あの榊氏までもが、私が宇宙の究極の原理を解明したことに祝いの言葉を述べてくれました。;Même M. Sakaki m'a félicité d'avoir découvert l'ultime vérité fondamentale de l'univers.
水兵[すいへい];あの水兵が、船長にふるえ声で何かを話しているのを見てしまったんだ。;Il m'est arrivé de voir le marin dire quelque chose au capitaine d'une voix tremblante.
獣医[じゅうい];あの獣医さんに行く一番のメリットは、もちろん先生が優しくて賢いってこともあるけど、それだけじゃなくて治療費を分割で支払えるのよ。;Aller chez ce vétérinaire a les meilleurs avantages. Bien sûr, il est gentil et intelligent, mais pas seulement, vous pouvez diviser votre facture en plusieurs paiements.
覇権[はけん];あの男が党内の覇権を握っているのです。;Cet homme règne en maître sur le parti.
貞操[ていそう];あの男が彼女の貞操を奪ったのよ。;Cet homme lui a volé sa vertu.
敢然[かんぜん];あの男は、まるで自分の意志で敢然と難局に立ち向かっているつもりなのよ。;Cet homme prévoit de s'opposer hardiment à la situation difficile avec rien d'autre que sa propre détermination.
虐げる[しいたげる];あの男は、妻と子供をずっと虐げてきたのよ。;Cet homme a toujours opprimé sa femme et ses enfants.
蔑む[さげすむ];あの男は、無意識に人のことを蔑んでいるのよ。;Cet homme méprise inconsciemment les gens.
抹殺[まっさつ];あの男は、組織に歯向かったため、社会から抹殺されたんだよ。;Cet homme s'est élevé contre le système et a été effacé par la société.
網羅[もうら];あの男はたった一ヶ月で、ここでの業務を網羅した。;Cet homme a couvert toutes les tâches ici en un mois seulement.
決裂[けつれつ];あの男は奴らの決裂を、牢屋の中で舌なめずりをしながら待っていたに違いない。;Ce type a dû attendre avec impatience leur panne derrière les barreaux.
肖像[しょうぞう];あの画家に私の肖像を描かせてみよう。;Je laisserai l'artiste peindre mon portrait.
鼓舞[こぶ];あの監督は、選手たちの士気を鼓舞するのがうまい。;Cet entraîneur est bon pour encourager le moral des joueurs.
禅寺[ぜんでら];あの禅寺の名前は何だっけ？;Quel est le nom de ce temple zen, déjà ?
米兵[べいへい];あの米兵は、どうして鼻めがねをかけているの？;Pourquoi ce soldat américain porte-t-il des lunettes pince-nez ?
老婆[ろうば];あの老婆は絶対に賭博を認めようとしないんだ。;Cette vieille femme n'approuvera jamais le jeu.
肥満[ひまん];あの肥満上司が、私たちに対する全権限を持っていて、先週は二名を解雇しやがったんだよ。;Ce patron obèse a un pouvoir d'autorité sur nous et il a licencié deux travailleurs la semaine dernière.
奔放[ほんぽう];あの自由奔放な性格に惹かれてしまったんだ。;J'ai été attiré par sa personnalité libre et décomplexée.
芸者[げいしゃ];あの芸者とわたしの間には、何一つ共通点がありません。;Cette geisha et moi n'avons rien en commun.
乱戦[らんせん];あの試合はまれに見る乱戦だった。;Ce jeu était un jeu gratuit pour tout ce que nous ne voyons pas très souvent.
川底[かわぞこ];あの辺りは川底が深いので気を付けてください。;La rivière est profonde par là, alors soyez prudent.
灯る[ともる];あの部屋に明かりが灯るのを見たんだ。;Je peux voir la lumière brûler dans cette pièce.
露店[ろてん];あの露店で買ったアクセは全部すぐ壊れちゃったよ。;Chaque accessoire que j'ai acheté à l'étal de rue s'est cassé immédiatement.
革命家[かくめいか];あの革命家は、ネット弁けいだ。;Ce révolutionnaire n'est colérique que sur Internet.
を養子にする[をようしにする];あの駅長の子は、どうやら養子らしいです。;J'ai entendu dire que l'enfant du chef de gare est en fait un enfant adopté.
避難[ひなん];あぶない の で ひなん して ください;C'est dangereux ici, alors s'il vous plait, évacuez !
気を付けて[きをつけて];あぶらを使ったちょうりをするさいは、火事にならないよう、気を付けてください。;Lorsque vous cuisinez avec de l'huile, veillez à ne pas allumer un feu.
阿弗利加[アフリカ];アフリカの難民が救いを求めている。;Les réfugiés africains lancent un appel à l'aide.
光栄[こうえい];あべさんにインタビューさせていただけることをとても光栄に思っています。;C'est vraiment un honneur pour nous de pouvoir vous interviewer, M. Abe.
雨具[あまぐ];あまぐ の ようい を わすれない よう に;N'oubliez pas de préparer vos vêtements de pluie.
欲[よく];あまり よく を だし ちゃ だめ だ よ;Ne soyez pas trop gourmand.
塞ぐ[ふさぐ];あまりに うるさかった の で みみ を ふさいだ わ;J'ai bouché mes oreilles car c'était trop bruyant.
虹[にじ];あめ が あがって うつくしい にじ が でた ね 。;La pluie s'est arrêtée et un bel arc-en-ciel est sorti.
湿っぽい[しめっぽい];あめ の ひ が つづいて いえ の なか が しめっぽい な;Lorsqu'il pleut pendant des jours, toute la maison devient humide.
室内[しつない];あめ の ひ は こども を しつない で あそばせます;Je fais jouer les enfants à l'intérieur les jours de pluie.
滝[たき];あめ 雨が たき 滝のように ふ 降ってきた。;Down came the rain in torrents.
雨降り[あめふり];あめふり で つき が みえなかった ね;Nous n'avons pas pu voir la lune à cause de la pluie.
亜米利加[アメリカ];アメリカから帰ったらすぐにあなたに連絡します。;Je vous contacterai dès mon retour d'Amérique.
空席[くうせき];アメリカでクリスマスに映画を見に行ったら、ほとんど空席でびっくりしました。;Je suis allé voir un film le jour de Noël aux États-Unis et j'ai été surpris de voir que la salle était presque vide.
盆栽[ぼんさい];アメリカでも盆栽が買えるんですか？;Peut-on aussi acheter des bonsaïs en Amérique ?
隆盛[りゅうせい];アメリカで最も隆盛を極めて入る州は何州ですか。;Quel État est le plus prospère des États-Unis ?
怪談[かいだん];アメリカで有名な学校の怪談はありますか。;Existe-t-il des histoires de fantômes scolaires célèbres en Amérique ?
邦人[ほうじん];アメリカには在留邦人はどのくらいいるんですか。;Combien y a-t-il de résidents japonais aux États-Unis ?
紙幣[しへい];アメリカに行くと、お財布に紙幣がギッシリ入るのでお金持ちになった気がするんですよね。まあ、それは全部一ドル札なんですが。;Chaque fois que je vais en Amérique, j'ai l'impression d'être riche avec tout l'argent de mon portefeuille. Cependant, ce sont tous des billets d'un dollar.
船便[ふなびん];アメリカの 友達[ともだち]から 船便[ふなびん]で 何[なに]か 送[おく]ってくれました。;Par mon ami d'Amérique, il m'a été envoyé quelque chose en courrier maritime.
併合[へいごう];アメリカ合衆国は、私が生まれた年にテキサスを併合しました。;Les États-Unis d'Amérique ont annexé le Texas l'année de ma naissance.
国賓[こくひん];アメリカ大統領が国賓として来日しました。;Le président américain s'est rendu au Japon en tant qu'invité d'État.
アメリカ製[アメリカせい];アメリカ製の寿司は食べられないだって？好き嫌いするんじゃないよ！;Vous ne mangerez vraiment pas de sushis fabriqués aux États-Unis ? Vous êtes trop pointilleux.
日刊[にっかん];アヤが描いたパグのイラストが、ある日刊紙のマスコットキャラクターに選ばれました。;L'illustration d'Aya du carlin mignon a été choisie comme personnage mascotte d'un quotidien.
掛軸[かけじく];アヤに、掛軸のための絵を描いてもらいたいんです。;Je veux qu'Aya peigne un tableau pour le parchemin suspendu.
躍動[やくどう];アヤの最新のTofuguキャラのイラストは、とても躍動感に溢れています。;La dernière illustration d'Aya des personnages Tofugu est très vibrante et vivante.
描写[びょうしゃ];アヤは、Tofugu殺人事件を細部に渡って描写した。;Aya a dessiné une description détaillée de l'affaire du meurtre de Tofugu.
個別[こべつ];あらゆる 事態[じたい]を 個別[こべつ]に 分析[ぶんせき]する 必要[ひつよう]がある。;Chaque situation nécessite une analyse individuelle.
評論家[ひょうろんか];あらゆる 芸術[げいじゅつ]評論家[ひょうろんか] 達[たち]は 無能[むのう]であり 危険[きけん]な 存在[そんざい]である。;Tout critique d'art est un être incompétent et dangereux.
法則[ほうそく];あらゆるものは 自然[しぜん]の 法則[ほうそく]を 受[うけ]けている。;Tout est soumis aux lois de la nature.
凡ゆる[あらゆる];あらゆる生き物を大切にしなさい。;Considère comme précieux chaque être vivant.
熊[くま];ありえない！今温泉に浸かっている熊を見たんだけど！;Certainement pas! Je viens de voir un ours tremper dans les sources chaudes !
有りの儘[ありのまま];ありのまま を はなして ください;Veuillez le dire tel qu'il est.
無色[むしょく];あるこーる は むしょく です;L'alcool est incolore.
消費量[しょうひりょう];アルコールの 消費量[しょうひりょう]は 年々[ねんねん] 増[ふ]えている。;La consommation d'alcool augmente chaque année.
修士[しゅうし];アルバイトをしながら、修士号を取るために勉強しています。;J'étudie pour obtenir ma maîtrise tout en travaillant à temps partiel.
金属[きんぞく];アルミニウムは金属の一種です。;L'aluminium est un type de métal.
孤立[こりつ];ある事件があって、職場で孤立してしまったんです。;L'incident est circonscrit à leur lieu de travail.
党員[とういん];ある共和党の党員の演説にとても感動しました。;J'ai été profondément ému par un discours prononcé par un membre du Parti républicain.
発掘[はっくつ];ある日、金を求めて穴を掘っていると、大量の古代ギリシャのお宝を発掘しました。そこで、その幸運を分かち合う妻を娶ろうと決意しました。;Un jour, il a fouillé un grand nombre d'anciens trésors grecs en cherchant de l'or, alors il a décidé de prendre une femme avec qui il pourrait partager sa fortune.
巧妙[こうみょう];ある邪悪な魔法使いが、巧妙に偶然を装って女性に近づきました。;La sorcière maléfique a habilement fait semblant d'approcher la fille par simple hasard.
錬金術[れんきんじゅつ];ある錬金術士が鉛を金に変えようとして失敗した日、外は雨がザザ降りでした。;La pluie tomba dehors le jour où l'alchimiste échoua complètement à transformer le plomb en or.
山荘[さんそう];ある閉ざされた山荘で悲劇は起きた。;Une tragédie s'est produite dans une retraite de montagne fermée particulière.
少量[しょうりょう];あわだてた くりーむ に しょうりょう の ぶらんでー を くわえます;Une petite quantité de brandy est ajoutée à la crème fouettée.
魂胆[こんたん];あわよくばおこぼれに預かりたいという魂胆が見え見えだよ。;Tu es si transparent. Je peux dire que vous complotez pour obtenir une part des bénéfices si vous en avez l'occasion.
心掛ける[こころがける];あんぜん うんてん を こころがけて ください;N'oubliez pas de conduire prudemment.
乳首[ちくび];あんたの乳首から血が噴き出しているのを見て、思わずパニクッちゃったよ！;Quand j'ai vu tout le sang jaillir de tes tétons, je n'ai pas pu m'empêcher de paniquer !
病棟[びょうとう];あんたの病棟で、かっこいい男は見た？;Avez-vous vu des mecs sexy dans votre service d'hôpital ?
紫外線[しがいせん];あんたはまずその紫外線恐怖症を克服しなきゃいけないね。;Vous devez d'abord vaincre votre peur des rayons ultraviolets.
凡人[ぼんじん];あんたみたいな凡人が書いた本、誰が読むのさ。;Qui lirait un livre écrit par une personne ordinaire comme vous ?
勇む[いさむ];あんなに勇んでたら、あの馬は買えないなぁ。;Ce cheval est trop vif pour que je parie dessus.
感慨無量[かんがいむりょう];あんなに小さかった娘の成長を見て、感慨無量でした。;Regarder la croissance de ma toute petite fille était profondément émouvant.
弱虫[よわむし];あんなに弱虫でなき虫だったむす子も、もう一人前の大人です。;Mon fils, qui était si faible et si pleurnichard, est déjà un adulte.
傲慢[ごうまん];あんな傲慢な男は初めてだよ。;C'est la première fois que je rencontre un homme aussi arrogant.
案の定[あんのじょう];あんのじょう かれ は ちこく した な;Comme je le pensais, il était en retard.
努める[つとめる];いい せいせき が とれる よう に つとめます;Je fais des efforts pour avoir de bonnes notes.
匂い[におい];いい 匂[にお]いがする。;"Ça sent bon. ; (Une bonne odeur est produite.)"
いい加減[いいかげん];いいかげん な こと を いって は いけません;Il ne faut pas dire des choses irréfléchies.
協議[きょうぎ];いいんかい は その もんだい に ついて きょうぎ しました わ;Le comité a discuté de la question.
見詰める[みつめる];いい加減[いいかげん]に 現実[げんじつ]をみつめろ。|その犬は、真っすぐ上へ上へと飛んで行く風船をじっと見詰めていた。;Ouvrez vos yeux sur la réalité.
徒歩[とほ];いえ から えき まで とほ 3 ぷん です;C'est à 3 minutes à pied de la maison de la gare.
道順[みちじゅん];いえ から がっこう まで の みちじゅん を おしえて ください;S'il vous plaît dites-moi l'itinéraire de votre maison à l'école.
交替[こうたい];いえ まで こうたい で にもつ を もちました;Nous nous relayions pour porter les bagages jusqu'à la maison.
我慢強い[がまんづよい];イギリス人[イギリスじん]は 我慢強[がまんづよ]い 国民[こくみん]だ。;Les Anglais sont des gens pstients.
聳える[そびえる];いくつ も の こうそう びる が そびえていた ん だ 。;Un certain nombre de grands bâtiments s'élevaient.
幾つか[いくつか];いくつかの 点[てん]で 私[わたし]は 彼女[かのじょ]が 気に入[きにい]らない。;Elle ne me plaît pas.
和訳[わやく];いくつか小さな間違いはあるものの、うまく和訳できていると思いますよ。;Mis à part quelques erreurs mineures, je pense que votre traduction japonaise était plutôt bonne.
倹約[けんやく];いくらマイホームを買いたいからって、度を過ぎた倹約を強いるのはどうかと思います。;Je ne pense pas que ce soit une bonne idée de s'imposer une plus grande frugalité simplement parce que vous voulez acheter votre propre maison.
右に出る[みぎにでる];いざ 踊[おど]るとなるとマイケルジャクソンの 右[みぎ]にでるものはいない。;Quand il s'agit de danser, personne ne peut bouger comme Michael Jackson.
砕ける[くだける];いし が こなごな に くだけました ね;La pierre a été broyée en morceaux.
躓く[つまずく];いし に つまずきました 。;Je suis tombé sur la pierre.
診断[しんだん];いし は いじょう なし と しんだん した ん だ;D'après le diagnostic du médecin, il n'y a pas d'anomalie.
関わる[かかわる];いし は ひと の いのち に かかわる たいせつ な しょくぎょう だ よ;Le travail d'un médecin est très important, car la vie des gens en dépend.
薬[くすり];いしゃからくすりをもらいました。;J'ai reçu des médicaments de mon médecin.
避ける[よける];いす の にもつ を よけて すわった けど;Je déplaçai le sac sur la chaise et m'assis quand même.
数える[かぞえる];いすの 数[かず]を 数[かぞ]えてください。;Veuillez compter le nombre de chaises.
娘婿[むすめむこ];いずれは娘婿を社長にするつもりです。;Tôt ou tard, j'ai l'intention de faire de mon fils le président de la société.
やり直す[やりすなおす];いそい で やりなおします。;Je vais le refaire immédiatement.
駅弁[えきべん];いそがしすぎて、駅弁を買うのを忘れてました。;J'étais tellement occupé que j'ai oublié d'acheter un bento à la gare.
酷評[こくひょう];いちいち酷評を気にしてたら、何も書けないよ。;Je ne peux rien écrire si je prête une attention excessive à chaque critique sévère.
課程[かてい];いちねんせい の かてい を しゅうりょう した の;Il a suivi le cursus de première année.
受け持つ[うけもつ];いちねんせい を うけもって います;Je m'occupe des élèves de première année.
瞳孔[どうこう];いつ、どうして瞳孔の縮小と拡張が起きるのか、説明できますか？;Pouvez-vous expliquer quand et pourquoi se produit la contraction et l'expansion de la pupille ?
主宰[しゅさい];いつか自分の劇団を主宰するのが夢です。;Je rêve de superviser un jour ma propre troupe de théâtre.
いつ頃[いつごろ];いつごろ なつやすみ を とります か;Vers quand partez-vous en vacances d'été ?
一昨日[いっさくじつ];いっさくじつ おでんわ を さしあげました;Je t'ai appelé avant-hier.
艦船[かんせん];いったいまたどうして艦船に住むことになったんですか？月々のお家賃はいくらぐらいですか。;Comment avez-vous fini par vivre dans un navire de guerre ? Combien coûte le loyer pour cela chaque mois ?
気軽[きがる];いつでも きがる に あそび に きて ください;N'hésitez pas à vous arrêter à tout moment.
一般に[いっぱんに];いっぱんに ろうじん は はやおき です;En général, les personnes âgées se lèvent tôt.
寝かす[ねかす];いつも 9 じ に こども を ねかします;Je mets toujours notre enfant au lit à neuf heures.
月初め[つきはじめ];いつも つきはじめ に かれ と あいます;Je le rencontre toujours au début du mois.
鮭[さけ];いつもアジア系スーパーで鮭を買います。;J'achète toujours du saumon dans les épiceries asiatiques.
焦がす[こがす];いつもトーストを真っ黒に焦がしてしまう。;Je brûle toujours mon toast complètement noir.
乾季[かんき];いつもはこの時期は既に乾季になっているが、依然として雨が降り続けている。;C'est généralement déjà la saison sèche, mais il continue de pleuvoir.
旧姓[きゅうせい];いつもパスワードに母親の旧姓を使うんですよ。;J'utilise toujours le nom de jeune fille de ma mère comme mot de passe.
訓戒[くんかい];いつも勉強会で居眠りする同僚がいてさ、ついに上司が今日それについて訓戒を与えてたよ。;Mon collègue somnole toujours pendant les séances d'étude et notre patron l'a finalement réprimandé pour cela aujourd'hui.
壁紙[かべがみ];いつも壁紙はアヤのイラストにしています。;J'utilise toujours les illustrations d'Aya comme fond d'écran.
妄想[もうそう];いつも大金持ちになる妄想ばかりしています。;Je suis toujours en train de fantasmer sur le fait de devenir une personne très riche.
免疫[めんえき];いつも微熱とひどい頭痛があるのでお医者さんに行ったら、免疫機能が弱ってきていると言われました。;Je suis allé chez le médecin parce que j'ai toujours une légère fièvre et de terribles maux de tête, et on m'a dit que mon système immunitaire s'affaiblit.
反攻[はんこう];いつ誰に対して織田軍が反攻を開始したのか覚えてる？;Vous souvenez-vous quand et contre qui l'armée d'Oda a lancé la contre-attaque ?
脇見[わきみ];いてぇ。どこに目ぇつけて歩いてるんだ！脇見しながら歩いてんじゃねぇぞ！;Ou Regardez où vous allez! Ne détournez pas le regard pendant que vous marchez !
嗅ぐ[かぐ];いぬ が おさら の におい を くんくん かいで いる ね;Le chien renifla l'odeur de l'assiette.
噛み付く[かみつく];いぬ が て に かみつきました。;Le chien m'a mordu la main.
擽ったい[くすぐったい];いぬ に かお を なめられて くすぐったい よ 。;Ça me chatouille de me faire lécher le visage par un chien.
舐める[なめる];いぬ に かお を なめられました;Le chien m'a léché le visage.
日課[にっか];いぬ の さんぽ は わたし の にっか です;Promener le chien est mon quotidien.
祖先[そせん];いぬ も ねこ も そせん は おなじ どうぶつ らしい よ;J'entends dire que l'ancêtre des chiens et des chats est le même animal.
乗り越す[のりこす];いねむり して おりる えき を のりこした;Je me suis assoupi et j'ai fini par passer devant ma gare.
取り締まり[とりしまり];いほう ちゅうしゃ の とりしまり が きびしく なった の;La réglementation du stationnement illégal est devenue plus stricte.
不景気[ふけいき];いま あの くに は ふけいき らしい よ;Apparemment, ce pays est actuellement en récession.
温める[あたためる];いま くるま を あたためています|これは、このままでも 温[あたた]めても、 美味[おい]しいです。|寒[さむ]いので、ヒーターで 暖[あたた]めた。;Je réchauffe la voiture maintenant.|C'est délicieux tel quel, ou réchauffé.|Il fait froid, alors je me suis réchauffé près du radiateur.
動向[どうこう];いま けいざい の どうこう は よみ にくい わ;Les tendances économiques sont difficiles à lire pour le moment.
耳鼻科[じびか];いま じびか に かかって います;Je vais maintenant chez un spécialiste ORL.
真っ最中[まっさいちゅう];いま は しけん の まっさいちゅう です;Je suis en plein milieu des examens.
水洗[すいせん];いま は ほとんど の といれ が すいせん です よ;La plupart des toilettes chassent aujourd'hui.
形成[けいせい];いま は ほね が けいせい される たいせつ な じき です;C'est une période importante de la vie où les os se forment.
治療[ちりょう];いま は を ちりょう して います;Je me fais soigner les dents maintenant.
引き返す[ひきかえす];いま ひきかえ 引き返すことは、おそすぎる。;It's too late to turn back now.
煮る[にる];いま まめ を にて います;Je fais bouillir des haricots maintenant.
茹でる[ゆでる];いま やさい を ゆでて います;Je fais bouillir des légumes maintenant.
じゃが芋[じゃがいも];いま 今はジャガイモの せわ 世話をしている。;I take care of the potatoes now.
欠かす[かかす];イメージトレーニングとじゅんびうんどうは欠かすな！;N'oubliez pas de vous échauffer avec un entraînement visuel.
短大[たんだい];いもうと は たんだい を そつぎょう しました;Ma petite sœur est diplômée du collège junior.
憎らしい[にくらしい];いもうと は ときどき にくらしい こと を いう ん だ;Ma petite sœur dit parfois des choses haineuses.
不器用[ぶきよう];いもうと は ぶきよう で りょうり も にがて な の;Ma petite sœur est maladroite et ne sait pas cuisiner.
編む[あむ];いもうと は まふらー を あみました;Ma sœur cadette a tricoté une écharpe.
依頼[いらい];イラストレーターに、 絵[え]を 描[えが]くように依頼[いらい]しました。;J'ai demandé à l'illustrateur de me faire un dessin.
削除[さくじょ];いらない ふぁいる は さくじょ して ください;Veuillez supprimer les fichiers inutiles.
衣類[いるい];いるい の せいり を した よ;J'ai organisé les vêtements.
組み合わせ[くみあわせ];いろ の くみあわせ で いんしょう が かわります よ;L'image change en fonction de la combinaison de couleurs.
工夫[くふう];いろいろ くふう して しごと を やりとげた さ;J'ai fait divers ajustements et réalisé les travaux.
組み合わせる[くみあわせる];いろいろな 花[はな]を 組[く]み 合[あ]わせ、 花束[はなたば]を 作[つく]りました。;J'ai mis combiné plusieurs types de fleurs ensemble et ai réalisé un bouquet.
無生物[むせいぶつ];いわ は むせいぶつ に ぶんるい される;Les roches sont classées comme matière inanimée.
解答[かいとう];いんたーねっと で しけん の かいとう を かくにん した ん だ;J'ai vérifié les réponses à l'examen sur Internet.
概念[がいねん];いんたーねっと は じょうほう の がいねん を かえた よ ね;L'Internet a changé le concept d'information.
潮[しお];インターネットで調べたら潮の満ち引きの時刻が分かるんじゃない？;Ne pouvons-nous pas savoir quand la marée monte en regardant en ligne ?
独学[どくがく];インターネットの普及によって、独学で外国語を勉強することは昔よりもずっと簡単になった。;En raison de la diffusion d'Internet, il est devenu beaucoup plus facile d'apprendre d'autres langues grâce à l'auto-apprentissage de nos jours.
宝庫[ほうこ];インターネットは この上[このうえ]なく 貴重[きちょう]な 情報[じょうほう]の 宝庫[ほうこ]だ。;L'Internet est une source d'information extrêmement précieuses.
中国製[ちゅうごくせい];インターネット上で、中国製の日本語学習サイトがどれだけあるのかについては、正確な数字は今は分かりません。調べてのちほどお答えします。;Je crains de ne pas être sûr du nombre exact de sites d'apprentissage du japonais sur Internet en ce moment qui ont été fabriqués en Chine. Je vais vérifier et je reviens vers vous plus tard.
録音テープ[ろくおんテープ];いんたびゅー は この ろくおんてーぷ に はいって います;L'interview est enregistrée sur cette cassette.
共通語[きょうつうご];インドでは 英語[えいご]は 共通[きょうつう] 語[ご]だよ。;L'anglais est une langue commune en Inde.
不浄[ふじょう];インドでは、左手を不浄の手として、右手でご飯を食べる。;En Inde, la main gauche est considérée comme impure et la main droite sert à manger.
引き締める[ひきしめる];ウィッチヘーゼルは、 乾燥[かんそう]させずに 毛穴[けあな]を 引き締[ひきし]めます。;"Le ""hamamélis"" resserre les pores sans sécher la peau. (hamamélis est un arbuste à feuilles qui pousse en amérique du nord)"
炭鉱[たんこう];うーん。この炭鉱が閉山するってのは、本当に残念ですね。;Eh bien, c'est vraiment décevant que cette mine de charbon soit fermée.
機敏[きびん];ウェイトレスってのは機敏に動くものなのに、彼女はとんでもなく鈍いんだよ。;Les serveuses sont censées se déplacer rapidement, mais elle est ridiculement lente.
植木[うえき];うえき に みず を やりました;J'ai arrosé la plante.
受け取り[うけとり];うけとり に はんこ を おねがい します;Veuillez apposer votre sceau sur le reçu.
行き成り[いきなり];うしろ から いきなり かた を たたかれた;Quelqu'un a soudainement tapé sur mon épaule par derrière.
嘘吐き[うそつき];ウソップは嘘吐きだ。;Usopp est un menteur.
疑わしい[うたがわしい];うたがわしい ばしょ は ぜんぶ しらべよう;Cherchons dans tous les endroits suspects.
炊事[すいじ];うち で は おっと も すいじ を します;Chez moi, mon mari cuisine aussi.
梅干[うめぼし];うち で は ちょうしょく に は かならず うめぼし が でます;Dans ma famille, les prunes marinées sont toujours servies au petit-déjeuner.
祭日[さいじつ];うち の かいしゃ は さいじつ は やすみ です;Dans notre entreprise, nous profitons des jours fériés nationaux.
次女[じじょ];うち の じじょ は はる から ちゅうがくせい です;Notre deuxième fille entre au collège ce printemps.
見合い[みあい];うち の りょうしん は おみあい けっこん でした;Mes parents ont eu un mariage arrangé.
卸す[おろす];うちにもその商品を卸してもらえませんか。;Vendrez-vous ces produits en gros ?
甘えん坊[あまえんぼう];うちの 猫[ねこ]って 甘えん坊[あまえんぼう]で、どこでも 私[わたし]のあと 付いて来[ついてく]るのよね。;Mon chat est un tel bébé, il me suit partout où je vais.
尻尾[しっぽ];うちの 猫[ねこ]の 尻尾[しっぽ]は 長[なが]い。;Notre chat a une longue queue.
路地[ろじ];うちのお店は、ウェスタン通りから、少し路地に入ったところにあります。;Notre magasin se trouve dans une ruelle juste à côté de Western Street.
涼む[すずむ];うちのワンコはあそこの木陰で涼んでいます。;Notre chiot se rafraîchit à l'ombre de cet arbre là-bas.
慰安[いあん];うちの会社では、毎年強制参加の慰安旅行があります。;Notre entreprise a un voyage de loisirs obligatoire chaque année.
恒例[こうれい];うちの会社では、毎年恒例のクリスマス会があるんだよ。;C'est une pratique établie dans mon entreprise d'organiser une fête de Noël chaque année.
倫理的[りんりてき];うちの会社は、世界で最も倫理的な企業の一つに選ばれました。;Notre entreprise a été sélectionnée comme l'entreprise la plus éthique au monde.
四匹[よんひき];うちの四匹のマルチーズは、昨日、誕生日だったので、とても美味しい晩ご飯を食べました。;Mes quatre chiens maltais ont eu un délicieux souper car hier c'était leur anniversaire.
潜水[せんすい];うちの妹は今年の夏に潜水士免許を取得したんだよ。;Ma sœur a obtenu son permis de plongée cet été.
沖縄[おきなわ];うちの娘は沖縄が大好きで、一体いつ戻ってくるのかさっぱり分かりません。;Je ne sais pas quand ma fille reviendra d'Okinawa parce qu'elle l'aime tellement là-bas
暖炉[だんろ];うちの子がおしっこ漏らしをしちゃって、ズボンを洗ったから、今それを暖炉の前で乾かしているのよ。;Mon fils a fait pipi dans son pantalon et je l'ai lavé, alors il est suspendu devant la cheminée pour sécher maintenant.
大きい順[おおきいじゅん];うちの子は、何でも大きい順に食べるんです。;Notre enfant mange de tout en commençant par le plus gros en premier.
文化祭[ぶんかさい];うちの学校の文化祭にもあそびに来てくださいね。;Venez visiter le festival culturel de mon école!
野暮[やぼ];うちの学校は本当に野暮だから、生徒たちのソーシャルメディアの利用を禁止してるんだよ。;Notre école est tellement stupide qu'elle interdit l'utilisation des médias sociaux par les étudiants.
戦車[せんしゃ];うちの市では、ゴミしゅう集車の代わりに戦車が使われることになりました。;Notre ville a décidé d'utiliser un réservoir au lieu d'un camion à ordures.
年頃[としごろ];うちの年頃の娘に一体何をしてくれたんだ？;Qu'as-tu fait de ma fille adolescente ?
連中[れんちゅう];うちの息子は、最近悪い連中と付き合っているみたいで、少し心配です。;Il semble que mon fils ait eu de mauvaises fréquentations, donc je suis un peu inquiet.
覇気[はき];うちの息子は、若いのに覇気が無い。;Malgré son jeune âge, mon fils manque d'ambition.
見抜く[みぬく];うちの母親は父親の嘘を見抜くのがうまい。;Ma mère est douée pour voir à travers les mensonges de mon père.
諭す[さとす];うちの父は俺のことを叱るけど、本当は諭すのが正解だと思う。;Même s'il me gronde, mon père pense que la réprimande est la solution.
鉄人[てつじん];うちの社長は、鉄人すぎます。;Le président de mon entreprise est bien trop macho.
奔走[ほんそう];うちの社長は資金繰りに奔走しています。;Mon entreprise organise une collecte de fonds.
貯蓄[ちょちく];うちの祖母は葬式代分しか貯蓄していないと言っていました。;Ma grand-mère a dit que ses économies ne devaient être utilisées que pour ses frais funéraires.
斜面[しゃめん];うちの私道は急斜面になってるので、上まで上がってくるにはスノータイヤがいります。;Notre allée est devenue une pente raide, vous avez donc besoin de pneus neige pour la monter.
一筋[ひとすじ];うちの長男は野球一筋なのよ。女っ気も無くてさ。;Notre fils aîné ne fait que jouer au baseball. Il n'a pas de petite amie non plus.
卸[おろし];うちは雑貨の卸をしています。;Nous vendons des produits en gros.
無数[むすう];うちゅう に は むすう の ほし が あります;Il existe une infinité d'étoiles dans l'espace.
有限[ゆうげん];うちゅう は ゆうげん だ と おもいます か;Pensez-vous que l'espace est fini?
湧き起こる[わきおこる];うちゅうひこうし 宇宙飛行士 たち 達は しぜん 自然と湧き起こった はくしゅ 拍手で むか 迎えられた。;Les astronautes ont été salués par des applaudissements spontanés.
寝過ごす[ねすごす];うっかり ねすごして しまった ん だ;J'ai accidentellement dormi trop longtemps.
小麦粉[こむぎこ];うどん は こむぎこ から つくられます;Les nouilles Udon sont fabriquées à partir de farine.
叙情[じょじょう];うまく叙情できるよう勉強しています。;J'étudie pour être capable de décrire intelligemment mes sentiments.
敷く[しく];うまれて はじめて ふとん を しいた;J'ai posé le futon pour la première fois de ma vie.
日焼け[ひやけ];うみ で ひやけ した ん だ;J'ai pris un coup de soleil au bord de la mer.
塩辛い[しおからい];うみ の みず は しおからい;L'eau de mer est salée.
陸[りく];ウミガメが 陸[りく]に 上[あ]がってきたんだ。;Les tortues de mer sont arrivées sur terre.
裏口[うらぐち];うらぐち へ おまわり ください;Veuillez passer par la porte de derrière.
無線[むせん];うんてんしゅ が むせん で はなして いた の;Le chauffeur parlait à la radio.
全身[ぜんしん];うんどう した よくじつ は ぜんしん の きんにく が いたい;J'ai des douleurs musculaires dans tout le corps le lendemain de l'exercice.
運命[うんめい];うんめい に は さからえない よ;Vous ne pouvez pas aller contre le destin.
逆さ[さかさ];え を さかさ に して みて ごらん;Essayez de regarder l'image à l'envers.
聞き取り[ききとり];えいご の ききとり しけん を うけた よ;J'ai passé un examen de compréhension orale en anglais.
初歩[しょほ];えいご を しょほ から べんきょう して います;J'étudie l'anglais depuis le début.
衛生[えいせい];えいせい に は じゅうぶん き を つけましょう;Prenons soin de l'hygiène.
偏る[かたよる];えいよう が かたよらない よう に しょくじ に き を つけて います;Je veille à maintenir une alimentation équilibrée.
英和[えいわ];えいわ じしょ を よく つかいます;J'utilise souvent un dictionnaire anglais-japonais.
粘る[ねばる];ええっ！あのセールスマンまだうちの母ちゃんと話をしてるよ。粘るね～！;Ouah! Ce vendeur parle toujours à ma mère. Quelle persistance !
売店[ばいてん];えき の ばいてん で ざっし を かった;J'ai acheté un magazine dans un kiosque de la gare.
駆け足[かけあし];えき まで かけあし で いった よ;J'ai couru à la gare.
並木[なみき];えきまえ の なみき が たいふう で たおれた らしい;J'entends que les arbres autour de la gare sont tombés à cause du typhon.
胎児[たいじ];エコーで胎児が足を伸ばしたり縮めたりするところが見れました。;J'ai pu voir le fœtus s'étirer et se rétrécir sur l'écho.
優雅[ゆうが];エステサロンで ゆうが 優雅な しふく 至福のひとときを す 過ごしてみませんか？;Que diriez-vous de passer un moment délicieux et agréabe dans un salon de beauté?
照れる[てれる];えっ、有り難う。照れるなぁ。;Oh merci. Je rougis!
値[あたい];えっくす の あたい を もとめなさい|その価には同意できないな。タダ同然じゃないか。;Calculez la valeur de x.|Je ne suis pas d'accord avec ce prix. Ce n'est pas juste.
エッフェル塔[エッフェルとう];エッフェル塔のどんなところが好きでしたか？;Qu'avez-vous aimé de la Tour Eiffel ?
汚れる[よごれる];エプロンをしないと 服[ふく]が 汚[よご]れます。;Si vous ne portez pas un tablier, vos vêtements seront sales.
襟[えり];えり の おおきい こーと を かいました;J'ai acheté un manteau avec un grand col.
受胎[じゅたい];エレインという馬が、ステイゴールドの最後の子を受胎しました。;Le dernier enfant qu'un cheval nommé Elaine a conçu était Stay Gold.
円高[えんだか];えんだか の えいきょう で かいがい せいひん が やすく かえます よ;Les produits d'outre-mer peuvent être achetés à moindre coût en raison de la force du yen.
芋[いも];お いも の りょうり は お すき です か;Vous aimez les plats de pommes de terre ?
酢[す];お す を いれすぎて すっぱい;C'est acide parce que j'ai mis trop de vinaigre.
欄[らん];お なまえ は うえ の らん に お かき ください;Veuillez écrire votre nom dans la case du haut.
尾[お];お の ながい とり が とんで います ね;Un oiseau avec une longue queue vole.
盆[ぼん];お ぼん は じっか に かえりました;Je suis retourné chez mes parents au festival Bon.
設置[せっち];お みせ に ぼうはん かめら が せっち された わ ね;Une caméra de sécurité a été installée dans le magasin.
知り合う[しりあう];お 二人[ふたり]はどこで 知[し]り 合[あ]ったのですか。;Où vous êtes-vous rencontrés, tous les deux ?
お嬢さん[おじょうさん];お 嬢[じょう]さんはおいくつですか。;Quel âge a votre fille ?  (Poli)
敬語[けいご];お 客様[きゃくさま]には 敬語[けいご]を 使[つか]いなさい。;Employer le langage poli avec les clients.
正月[しょうがつ];お 正月[しょうがつ]にはたいてい、 家族[かぞく]が 集[あつ]まる。;Notre famille se réunit généralement pour le nouvel an.
お菓子[おかし];お 母[かあ]さんと 一緒[いっしょ]にお 菓子[かし]を 作[つく]りました。;Avec ma mère, ensemble, nous avons fait des confiserie.
沸かす[わかす];お 湯[ゆ]を 沸[わ]かしてください。;Faites bouillir de l'eau.
お目に掛かる[おめにかかる];お 目[め]に 掛[か]かれて 嬉[うれ]しいです。;C'est un plaisir de vous rencontrer.
祝い[いわい];お 祝[いわ]いにばらの 花[はな]束[たば]を 贈[おく]りました。;Je lui ai offert un bouquet de roses pour une fête.
殆ど[ほとんど];お 金[かね]がほとんどありません。;Je n'ai presque pas d'argent.
沸く[わく];お 風呂[ふろ]が 沸[わ]きました。;Le bain est prêt. Lit. : Le bain est devenu chaud.
蛇口[じゃぐち];お 風呂[ふろ]に 蛇口[じゃぐち]が 二[ふた]つ、 付[つ]いている。;Il y a deux robinets dans la salle de bain.
無料[むりょう];お 飲[の]み 物[もの]は 無料[むりょう]でございます。;Les boissons sont gratuites. (serveur)
三つ編み[みつあみ];おいおい、頼むよ。明らかにお前たちの相性全然よくなかっただろ！絶対にあの三つ編みの女に電話なんてしない方がいいって！;Oh allez, c'était tellement évident ! Il n'y avait pas d'alchimie entre vous deux ! Vous ne devriez certainement pas appeler cette fille aux cheveux tressés !
盛り上げる[もりあげる];おうえんだん が しあい を もりあげた ん だ;L'équipe en liesse a renforcé l'excitation du match.
往復[おうふく];おうふく きっぷ を ください;Je voudrais un billet aller-retour s'il vous plaît.
締め切る[しめきる];おうぼ うけつけ は しめきりました;La date limite de réception des candidatures est close.
崩れる[くずれる];おおあめ で がけ が くずれた ね;La falaise s'est effondrée à cause de l'averse.
崖[がけ];おおあめ で がけ が くずれた ん だ;La falaise s'est effondrée à cause de l'averse.
大型[おおがた];おおがた 大型と こがた 小型の２ だい 台の ひこうき 飛行機が、ハンガー ない 内で ていし 停止していました。;Deux avions, un grand et un petit, étaient en stationnement dans le hangar.
飛び上がる[とびあがる];おおき な おと に びっくり して とびあがりました;Je sursautai de surprise au bruit fort.
追い越す[おいこす];おおき な とらっく が わたしたち を おいこした|前[まえ]の 人[ひと]がゆっくり 歩[ある]いていたので、 追い越[おいこ]した。;Un gros camion nous a dépassés.|La personne devant moi marchait lentement, alors je l'ai dépassée.
形容詞[けいようし];おおきい は けいようし です;Grand est un adjectif.
政治家[せいじか];おおきく なったら せいじか に なりたい です;Je veux devenir politicien quand je serai grand.
犠牲[ぎせい];おおく の ひと が さいがい の ぎせい に なった の;Beaucoup de gens ont perdu la vie dans la catastrophe.
刈る[かる];オーストラリアで羊の毛を刈った。;Les moutons étaient tondus en Australie.
検疫[けんえき];オーストラリアの検疫法はすっごく厳しいから、食べ物は何も持って行かない方が身のためだよ。;Les lois australiennes sur la quarantaine sont très strictes, vous ne devriez donc pas y apporter de nourriture.
応援[おうえん];おおぜい が おうえん に かけつけて くれた よ;De nombreuses personnes sont venues nous encourager.
追加[ついか];おーだー を ついか しました;J'ai passé une commande supplémentaire.
進出[しんしゅつ];おおて ちぇーんてん が しんしゅつ して いる;Cette grande chaîne de magasins est en pleine expansion.
大麦[おおむぎ];おおむぎ は びーる の げんりょう に なります;L'orge est l'un des ingrédients de la bière.
見渡す[みわたす];おか の うえ から そうげん を みわたした の;J'ai regardé la prairie du haut de la colline.
如何[いかが];おかげん は いかが です か;Comment allez-vous?
舗[ほ];おかげ様で自分の舗を構えることができました。;Grâce à vous, j'ai pu créer ma propre boutique.
摘む[つまむ];おかし で も つまんで ください;S'il vous plaît, servez-vous de quelques collations.
立て替える[たてかえる];おかね が ない なら わたし が たてかえて おきます;Je te paierai pour le moment si tu n'as pas d'argent.
方面[ほうめん];おきなわ ほうめん に おでかけ の かた は たいふう に ごちゅうい ください;Les personnes qui se dirigent vers Okinawa doivent faire attention aux typhons.
軍人[ぐんじん];おきなわにはアメリカ軍のき地があるから、軍人さんがたくさんいます。;Parce qu'il y a des bases militaires américaines à Okinawa, il y a beaucoup de soldats.
要望[ようぼう];おきゃくさま の ようぼう を きかせて ください;Que souhaitez-vous demander ?
号室[ごうしつ];おきゃくさまのおへやは、302号室になります。;Votre chambre est la 302.
続々[ぞくぞく];おきゃくさん が ぞくぞく と やってきました よ;Les invités sont arrivés les uns après les autres.
客間[きゃくま];おきゃくさん を きゃくま に おとおし した わ よ;J'ai fait entrer l'invité dans la salle de réception.
添える[そえる];おくりもの に てがき の かーど を そえました;J'ai joint une carte manuscrite au cadeau.
一個[いっこ];おく歯に一個、大きな穴が空いているね。;Vous avez un gros trou dans vos dents du fond.
継ぐ[つぐ];おさけ を お つぎ しましょう|かれ は ちちおや の みせ を ついだ の;Laisse-moi te servir à boire.|Il a repris la boutique de son père.
恐れ[おそれ];おじ に は しんぞうびょう の おそれ が あります;Il est possible que mon oncle ait une maladie cardiaque.
叔父[おじ];おじ は ぎんこう に つとめて います|叔父はこの学校の校長です。;Mon oncle travaille pour une banque.|Mon oncle est le directeur de cette école.
牧場[ぼくじょう];おじ は ぼくじょう を もって いる ん だ|この牧場には、絞り立ての牛乳を使った自慢のアイスクリーム屋さんがあるんだ。;Mon oncle a une ran|Cette ferme possède un bon magasin de crème glacée qui utilise du lait frais.
惜しい[おしい];おしい もうすこし で ゆうしょう だった;A quelle distance! Nous avons presque gagné.
柴[しば];おじいさんは、山で柴刈りをしていました。;Mon grand-père ramassait du bois de chauffage dans les montagnes.
小遣い[こづかい];おじいちゃん に おこづかい を もらった よ;J'ai reçu de l'argent de poche de grand-père.
伯父[おじ];おじさんがぼくにカメラをくれました。|伯父は銀行員です。;Mon oncle m'a donné un appareil photo.
後回し[あとまわし];おしゃべり は あとまわし に しましょう;Laissons le bavardage pour plus tard.
仏教[ぶっきょう];おそうしき は ぶっきょう で おこなう こと が おおい です;Les funérailles se déroulent souvent selon les rites bouddhistes.
血族[けつぞく];おそうしきの後に、血族の集まりがあります。;Après les funérailles, nous aurons un rassemblement de parents de sang.
落ち葉[おちば];おちば の きせつ に なりました ね;La saison des feuilles mortes est arrivée.
冷ます[さます];おちゃ が とても あつかった の で さまして から のんだ の;Comme le thé était très chaud, je l'ai laissé refroidir puis je l'ai bu.
繰る[くる];おっと。すみません。トランプを繰るのが苦手なんです。;Oops. Je suis désolé. Je suis mauvais pour mélanger les cartes.
手数[てすう];おてすう です が よろしく おねがい します;Désolé de vous déranger, mais prenez-en soin.
お坊さん[おぼうさん];おてら から おぼうさん が でて きました よ;Le prêtre est sorti du temple.
擽る[くすぐる];おとうと に あし の うら を くすぐられた;Mon jeune frère a chatouillé la plante de mon pied.
散らかる[ちらかる];おとうと の へや は いつも ちらかって いる ん だ;La chambre de mon petit frère est toujours en désordre.
大喜び[おおよろこび];おとうと は あたらしい じてんしゃ に おおよろこび です;Mon petit frère est ravi de son nouveau vélo.
噛る[かじる];おとうと は おいし そう に りんご を かじって いた よ;Mon petit frère s'amusait à grignoter une pomme.
落ち着き[おちつき];おとうと は おちつき が たりません;Mon petit frère est trop agité.
掛け算[かけざん];おとうと は かけざん を ならって いる;Mon petit frère apprend ses tables de multiplication.
退学[たいがく];おとうと は こうこう を たいがく しました;Mon petit frère a abandonné le lycée.
臆病[おくびょう];おとうと は ちいさい ころ は おくびょう だった ん だ;Mon jeune frère était lâche quand il était petit.
脅かす[おどかす];おどかさない で よ;Ne me menacez pas.
交ざる[まざる];おとな も こども も まざって あそんだ の;Adultes et enfants ont joué ensemble.
膨れる[ふくれる];おなか が ふくれたら ねむく なった;Quand mon estomac était plein, je devenais somnolent.
脂肪[しぼう];おなか の しぼう を とりたい;Je veux me débarrasser de la graisse de mon ventre.
過ち[あやまち];おなじ あやまち を くりかえさない こと だ;Ne répétez pas la même erreur.
仮名[かな];おなまえ に かな を ふって ください;Veuillez écrire la prononciation de votre nom en kana.
運動神経[うんどうしんけい];おにい お兄さんと くら 比べて、 かれ 彼は うんどうしんけい 運動神経が にぶ 鈍い。;Par rapport à son frère, il est un piètre athlète.
お願いします[おねがいします];おねがい が あります;J'ai une faveur à demander.
叔母[おば];おば は おおさか に すんで います|叔母は学校の先生をしています。;Ma tante vit à Osaka.|Ma tante est institutrice.
伯母さん[おばさん];おばさん、こんにちは。;Bonjour, chère tante.
呼ばれる[よばれる];おばちゃんと呼ばれる年になってしまったことがちょっと悲しかった。;J'étais un peu triste d'atteindre un âge où je peux être qualifiée de femme d'âge moyen.
傾く[かたむく];おひさま が にし に かたむきました ね;Le soleil s'est couché à l'ouest.
乾杯[かんぱい];おふたり の みらい に かんぱい しましょう;Portons un toast à l'avenir du couple.
窓口[まどぐち];おふりこみ は 3 ばん の まどぐち です;Les virements bancaires sont au guichet numéro 3.
浮かべる[うかべる];おふろ に はな を うかべて はいった の;J'ai fait flotter des fleurs dans le bain puis je suis entré.
溜める[ためる];おふろ に みず を ためて おいて ください;Veuillez puiser l'eau pour le bain.
第一印象[だいいちいんしょう];オペレーターは、電話をかけてくださったお客様にとって、会社の 第一印象になるということを教えられました。;On nous a tous appris qu'un opérateur est la première impression qu'un appelant a de notre entreprise.
鳴らす[ならす];おぼうさん が かね を ならして います ね;Le prêtre sonne le gong.
お負けに[おまけに];おまけに 雨[あめ]まで 降[ふ]っていた。;Il pleuvait modérement.
付ける[つける];おまけを 付[つ]けました。;J'y ai joint un cadeau bonus.
焼きそば[やきそば];おまつり で やきそば を たべた よ;J'ai mangé des nouilles sautées au festival.
ガラス戸[ガラスと];おみせ の がらすど が わられた ん だ;La porte vitrée du magasin a été brisée.
呼び出す[よびだす];おや が がっこう に よびだされた ん だ;Mes parents ont été convoqués à l'école.
対話[たいわ];おやこ の たいわ は たいせつ だ よ;La conversation entre parents et enfants est importante.
定員[ていいん];おりて ください ていいん おーばー です;Veuillez descendre, nous sommes en surcapacité.
精算[せいさん];おりる えき で りょうきん を せいさん して ください;Veuillez ajuster le tarif à la gare où vous descendez.
反感[はんかん];おれたち は かれ の げんどう に はんかん を もった ね;Nous avions des sentiments négatifs envers sa conduite.
薄弱[はくじゃく];お兄さんに言われたわ。あなたは意志薄弱だから私と別れることができないけど、本当は別れたいんだって。;Ton frère m'a dit que tu étais trop faible pour rompre avec moi, mais que tu le voulais vraiment.
散らかす[ちらかす];お前[おまえ]の 物[もの]をその 辺[あた]りに 散[ち]らかすな。;Ne vous dispersez pas dans vos actions.
掃く[はく];お前[おまえ]は 床[ゆか]を 掃[は]きさえすればよい。;Vous n'avez qu'à balayer le sol.
鑑定[かんてい];お前が赤ん坊の本当の父親かどうかを調べるために、DNA鑑定を受けた方がいいんじゃないか。;Vous devriez faire un test ADN pour savoir si vous êtes son vrai père.
殿堂[でんどう];お前にとって、殿堂入りを果たした選手といえば、誰になる？;Selon vous, qui sont les joueurs qui devraient être intronisés au Temple de la renommée ?
猶予[ゆうよ];お前に三日間の猶予を与えてやろう。;Je suppose que je vais vous accorder une prolongation de trois jours.
兄貴[あにき];お前の兄貴はイケてるけど、俺の兄貴はダサイからな。;Ton frère aîné est un gars vraiment cool, mais le mien ne l'est pas.
胆[たん];お前はもう少し胆を練る必要がある。;Vous devez développer votre courage.
同胞[どうほう];お前は同胞を裏切るつもりか。;Avez-vous l'intention de trahir vos frères ?
隠居[いんきょ];お前は本当に隠居したいのか？;Voulez-vous vraiment prendre votre retraite ?
頻繁な[ひんぱんな];お前は頻繁にくだらない事を気にし過ぎなんだって。;Vous transpirez souvent les petites choses.
桜肉[さくらにく];お前も一緒に桜肉パーティーに来いよ。イカしたパーティーになるぜ。;Tu devrais venir avec moi à la fête de la viande de cheval. Ça va être branché.
磁石[じしゃく];お土産に可愛い磁石をいくつか買ったわよ。;J'ai de jolis aimants pour ton souvenir.
地蔵[じぞう];お地蔵さんの頭がへこんでるよ。;La tête de Jizou est bosselée.
丹誠[たんせい];お婆ちゃんが丹誠込めて育てたトマトだよ。;Grand-mère travaillait sérieusement et élevait les tomates.
お婆ちゃん[おばあちゃん];お婆ちゃんに、嘘をついたことで責められた。;Ma grand-mère m'a accusé de mentir.
庫[くら];お宅の庫は何階建てですか？;Combien d'étages compte votre entrepôt ?
越権[えっけん];お巡りさん、差し出がましいようですがそれは越権行為では無いでしょうか。;Officier, je crains que vous ne dépassiez vos limites.
限定[げんてい];お母さん、あの限定販売のTofugu人形が欲しいんだけど、百万ドルくれない？;Maman, je veux vraiment les poupées Tofugu en édition limitée, alors tu ne peux pas me donner un million de dollars ?
配慮[はいりょ];お母さん、大人って子供への配慮が欠けていると思わない？;Maman, tu ne trouves pas que les adultes manquent de considération pour les enfants ?
菓子屋[かしや];お母さん、心配しなくていいよ。あのお菓子屋さんなら僕、一人でも行けるよ。;Ne t'inquiète pas maman. Je peux aller au magasin de bonbons tout seul.
革ジャン[かわジャン];お洒落大好き人間にアドバイスされたってだけで、あんな高い革ジャンは買うわけないじゃん。;Je n'achète pas une veste en cuir aussi chère simplement parce qu'une fashionista me l'a dit.
無くてはならない[なくてはならない];お父さんに鍵をもらわなくてはならない。;Je dois aller à la banque à 15h30.
奉公[ほうこう];お礼奉公とは看護婦が、看護学生時代に借りた奨学金の返済制度の一つです。;"Oreiboukou, qui signifie ""service gratuit après avoir terminé un apprentissage"", est un système permettant aux infirmières de rembourser les prêts étudiants qu'elles ont contractés pendant qu'elles étaient à l'école."
稲穂[いなほ];お米は私達の主食ですが、だからといって日本人全員が風に靡く美しい金色の稲穂を見た事がある訳ではありません。;Le riz est notre aliment de base, mais cela ne signifie pas que tous les Japonais ont vu de beaux épis de riz dorés s'incliner dans la brise.
粗末[そまつ];お粗末なものですが、私の車を自由に使ってください。;Ce n'est rien de spécial, mais n'hésitez pas à utiliser ma voiture.
脂身[あぶらみ];お肉の脂身って苦手なんですよね。;Je n'aime pas la viande grasse.
必須条件[ひっすじょうけん];お肌の張りと艶は、モテる女の必須条件です。;Une peau brillante et tonique est un must pour les femmes populaires.
弾力[だんりょく];お肌の弾力が無くなってきているの。;L'élasticité de ma peau est en train de disparaître.
全額[ぜんがく];お菓子代は、全額自己負担でお願いします。;Veuillez payer vous-même le montant total des bonbons.
お袋[おふくろ];お袋[おふくろ]の 前[まえ]ではそのことに 触[ふ]れるな。;N'en parlez pas en présence de ma mère.
失礼します[しつれいします];お話中失礼します。;Je dois y aller, veuillez m'excuser.
お誕生日おめでとう[おたんじょうびおめでとう];お誕生日おめでとう;joyeux anniversaire
姫様[ひめさま];お迎えにあがりましたよ、僕の小さなお姫様。;Je viens te chercher, ma petite princesse.
無税[むぜい];お酒が無税だったらいいのにな。;J'aimerais que l'alcool soit détaxé.
雑煮[ぞうに];お雑煮そろそろ煮えたんじゃないかな。;La soupe mochi du Nouvel An devrait être prête maintenant.
芳香[ほうこう];お風呂あがりには、アロマオイルの芳香を楽しみます。;J'apprécie le parfum de l'huile aromatique sortant du bain.
浸る[ひたる];お風呂で図書館から借りたホーソンの『巌の顔』を読んでいたんですが、うっかりお湯に浸ってしまったんです。;"Je lisais ""The Great Stone Face"" de Hawthorne que j'ai emprunté à une bibliothèque dans le bain et que je l'ai trempé sans réfléchir dans l'eau du bain."
粗塩[あらじお];お風呂に粗塩を入れると体にいいらしいですよ。;Mettre du sel de mer dans les bains semble être bon pour vous.
排水溝[はいすいこう];お風呂の排水溝が髪の毛で詰まっちゃったみたいなの。;On dirait que des cheveux ont bouché le drain de la baignoire.
どう為さいます[どうなさいます];お飲み物はどうなさいますか？;Que voudriez-vous comme boisson ?
蚊[か];か に あし を さされた;J'ai été piqué au pied par un moustique.
外貨[がいか];がいか を りょうがえ しました;J'ai échangé des devises étrangères.
憧れ[あこがれ];かいがい に すむ の は わたし の あこがれ です;J'ai envie de vivre à l'étranger.
行進[こうしん];かいかいしき で せんしゅたち が こうしん しました;Les joueurs ont défilé lors de la cérémonie d'ouverture.
長引く[ながびく];かいぎ が ながびいて いる よう です;La conférence semble traîner en longueur.
配る[くばる];かいぎ で しょるい を くばった;J'ai remis le document à la réunion.
初日[しょにち];かいぎ の しょにち に しちょう が すぴーち を した よ;Le maire a prononcé un discours le premier jour de la conférence.
要旨[ようし];かいぎ の ようし は つぎ の とおり です;Le résumé de la conférence est le suivant.
改札[かいさつ];かいさつ で さんじ に あおう;Rendez-vous à la billetterie à 15h.
改札口[かいさつぐち];かいさつぐち で あいましょう;Rendez-vous à la billetterie.
倒産[とうさん];かいしゃ が とうさん しました;L'entreprise a fait faillite.
分裂[ぶんれつ];かいしゃ が ふたつ の はばつ に ぶんれつ して いる ん だ;La société a été divisée en deux factions.
至急[しきゅう];かいしゃ から しきゅう と の れんらく が あった ん だ;"L'entreprise m'a contacté pour une question ""urgente""."
導入[どうにゅう];かいしゃ で あたらしい しすてむ を どうにゅう した;Un nouveau système a été introduit dans l'entreprise.
限り限り[ぎりぎり];かいしゃ の しぎょうじかん に ぎりぎり で まにあった よ;Je viens de le faire à temps pour le début des travaux.
従業員[じゅうぎょういん];かいしゃ は じゅうぎょういん の かず を ふやす よてい だ;L'entreprise prévoit d'augmenter le nombre d'employés.
交通費[こうつうひ];かいしゃ まで の こうつうひ は いっかげつ はっせんえん です;Le transport jusqu'à l'entreprise coûte 8 000 yens par mois.
外相[がいしょう];がいしょう は らいしゅう ほうべい の よてい です;Le ministre des Affaires étrangères doit se rendre aux États-Unis la semaine prochaine.
会談[かいだん];かいだん の ないよう が はっぴょう されました;Le contenu des pourparlers a été annoncé.
閉会[へいかい];かいちょう が へいかい の あいさつ を しました;Le président a prononcé les salutations de clôture.
会費[かいひ];かいひ が すこし たかい ね;Le tarif est un peu élevé.
飛び込む[とびこむ];かえる が いけ に とびこんだ ね;La grenouille a sauté dans l'étang.
引き止める[ひきとめる];かえろう と する ともだち を ひきとめた ん だ;J'ai bloqué mon ami qui s'apprêtait à rentrer chez lui.
夏季[かき];かき こうしゅう に もうしこみ した ？;Vous êtes-vous inscrit à l'école d'été ?
書き言葉[かきことば];かきことば と はなしことば は だいぶ ちがう こと が あります;La langue écrite et la langue parlée sont parfois très différentes.
限り[かぎり];かぎり ある しげん を たいせつ に しよう;Prenons bien soin des ressources limitées.
かき氷[かきごおり];かき氷は、あついなつによくたべられます。;Je mange beaucoup de glace pilée pendant les étés chauds.
鼻くそ[はなくそ];かぎ鼻の男が、ほじくり出した鼻くそを、ねむっている低い鼻の男の鼻の穴に入れるのを見ました。;J'ai vu un homme au nez aquilin cueillir ses crottes de nez et les mettre dans les narines d'un homme endormi au nez court.
振り返る[ふりかえる];がくせい じだい を なつかしく ふりかえった ん だ;J'ai regardé en arrière avec tendresse mes jours d'école.
自主的[じしゅてき];がくせいたち は じしゅてき に べんきょうかい を ひらいた わ よ;Les étudiants ont tenu une réunion d'étude indépendante.
核[かく];かくせんそう は ぜったい に ふせぐ べき よ;La guerre nucléaire doit être évitée à tout prix.
学割[がくわり];がくわり だ と だいぶ やすい な;C'est assez bon marché avec une réduction pour les étudiants.
収支[しゅうし];かけい の しゅうし が あわない の;Les revenus et les dépenses du ménage ne correspondent pas
消火[しょうか];かじ は ぶじ しょうか されました;Le feu a été éteint en toute sécurité.
管[かん];がすかん が ばくはつ しました;Le tuyau de gaz a explosé.
乱れる[みだれる];かぜ で かみ が みだれた ね;Le vent a décoiffé vos cheveux.
電線[でんせん];かぜ で でんせん が ゆれて います ね;Les fils électriques tremblent dans le vent.
手洗い[てあらい];かぜ を ひかない よう に てあらい と うがい を しましょう;Assurez-vous de vous laver les mains et de vous gargariser pour éviter d'attraper un rhume.
お参り[おまいり];かぞく で おてら に おまいり に いきました;Nous avons rendu visite au temple avec la famille.
値下がり[ねさがり];がそりん が ねさがり しました;Le prix de l'essence a baissé.
揉む[もむ];かた を もんで ください;Veuillez me masser les épaules.
片手[かたて];かたて うんてん は あぶないよ;La conduite en solitaire est dangereuse.
片方[かたほう];かたほう の め が かゆい です;Un de mes yeux me démange.
伝言[でんごん];かちょう から でんごん が あります;Il y a un message du chef de section.
屡々[しばしば];かちょう は しばしば しゅっちょう します;Le chef de section part souvent en voyage d'affaires.
格好良い[かっこうよい];カッコ ない 内の ことば 言葉を たんしゅくけい 短縮形にしなさい。;Mettez les mots entre parenthèses sous forme abrégée.
苛め[いじめ];がっこう で の いじめ は なかなか へらない 。;L'intimidation à l'école est difficile à réduire.
所属[しょぞく];がっこう で は おんがくぶ に しょぞく して いました;J'appartenais au club de musique de l'école.
役立つ[やくだつ];がっこう で べんきょう した こと が やくだった;Ce que j'étudiais à l'école était utile.
防火[ぼうか];がっこう で ぼうかくんれん が ありました;Il y avait un exercice d'incendie à l'école.
催し[もよおし];がっこう の もよおし に さんか しました;J'ai participé à l'événement à l'école.
名詞[めいし];がっこう は めいし です;L'école est un substantif.
各国[かっこく];かっこく の だいひょう が にゅーよーく に あつまった;Les représentants de chaque pays se sont réunis à New York.
骨格[こっかく];ガッシリした骨格の男性がタイプです。;J'aime un homme avec une construction robuste.
万歳[ばんざい];かった ばんざい;Nous avons gagné - hourra !
勝手[かって];かって な こと ばかり いわないで くれ;Ne dites pas tout le temps des choses égocentriques.
嘗て[かつて];かつて わたし が がくせい だった ころ の こと です;C'était quand j'étais encore étudiant.
最新鋭[さいしんえい];かつて、少し前までは、3Dプリンタは最新鋭の機械でした。;Autrefois, il y a peu de temps, les imprimantes 3D étaient des machines à la pointe de la technologie.
鉛毒[えんどく];かつてたくさんの歌舞伎役者が鉛毒中毒に苦しみました。;De nombreux acteurs de Kabuki souffraient d'empoisonnement au plomb.
桑原[くわばら];かつては桑畑がたくさんあったため、この場所は「桑原」と呼ばれるようになりました。;"Les gens ont commencé à appeler cet endroit ""Kuwabara"" parce qu'il y avait beaucoup de champs de mûriers ici."
カッと;カッとなって 余計[よけい]なことを 言[い]ってしまったなー。;J'ai perdu mon calme et j'ai dit quelque chose que je n'aurais pas dû dire.
活発[かっぱつ];かっぱつ な いけん が かわされた の;Un échange d'opinions animé a eu lieu.
仮定[かてい];かてい の はなし だけ で は けつろん は でません;Une conclusion ne peut pas provenir uniquement d'hypothèses.
技能[ぎのう];カナエは、先月末にウェブデザイン技能検定に合格した。;Kanae a réussi le test de compétence technique pour la conception Web à la fin du mois dernier.
静止[せいし];カナさんの言葉に胸をハッとつかれて、思わず静止してしまいました。;J'ai été surpris par ce que Kana a dit et je n'ai pas pu m'empêcher de rester immobile un instant.
埋まる[うまる];カナダでは、十階建てのアパートが雪で埋まる。;Au Canada, des immeubles d'habitation de dix étages sont recouverts de neige.
揺る[ゆる];カヌーを揺らないで！;Ne secouez pas le canoë !
当然[とうぜん];かのじょ が おこる の も とうぜん だ;C'est normal qu'elle soit en colère.
妊娠[にんしん];かのじょ が にんしん した そう です;J'entends qu'elle est enceinte.
催促[さいそく];かのじょ に ほん を かえす よう に さいそく した の;Je l'ai exhortée à rendre le livre.
神道[しんとう];かのじょ の いえ は しんとう です;Sa religion familiale est le shintoïsme.
訴え[うったえ];かのじょ の うったえ は みとめられた わ;Sa plainte a été admise.
叫び[さけび];かのじょ の こころ の さけび に だれ も きづかなかった よ;Personne n'a remarqué son cri du cœur.
甘える[あまえる];かのじょ の しんせつ に あまえました;Je dépendais de sa gentillesse.
密か[ひそか];かのじょ の たんじょうび ぱーてぃー を ひそか に けいかく して います;Nous planifions secrètement une fête d'anniversaire pour elle.
登場[とうじょう];かのじょ の とうじょう で かいじょう は もりあがった ね;Le public s'est excité lorsqu'elle est apparue.
滑々[すべすべ];かのじょ の はだ は すべすべ して いる ね;Sa peau est lisse.
眉毛[まゆげ];かのじょ の まゆげ は ふとい な;Elle a des sourcils épais.
零れる[こぼれる];かのじょ の め から なみだ が こぼれた;Des larmes coulèrent de ses yeux.
興奮[こうふん];かのじょ の ゆうしょう に かんげき し こうふん しました;J'étais excité et ému par sa victoire.
横顔[よこがお];かのじょ の よこがお は すてき だ;Son profil est charmant.
曖昧[あいまい];かのじょ は あいまい な へんじ を した ね;Elle a donné une réponse vague.
育児[いくじ];かのじょ は いくじ で いそがしい よ;Elle est occupée à s'occuper de ses enfants.
手当て[てあて];かのじょ は いそいで けが の てあて を した よ;Elle a rapidement administré les premiers soins.
独り言[ひとりごと];かのじょ は いつも ひとりごと を いう ん だ;Elle parle toujours toute seule.
眠り[ねむり];かのじょ は いつも より はやく ねむり に ついた よ;Elle s'est endormie plus vite que d'habitude.
休養[きゅうよう];かのじょ は いま きゅうようちゅう です;Elle se repose maintenant.
頷く[うなずく];かのじょ は うなずいて どうい を しめした の;Elle montra son accord d'un hochement de tête.
驚き[おどろき];かのじょ は おどろき を かくせませんでした よ;Elle ne put cacher sa surprise.
主任[しゅにん];かのじょ は かいけい しゅにん です;Elle est gestionnaire de compte.
交じる[まじる];かのじょ は がいこくじん に まじって だんす を した の;Elle se mêlait aux étrangers en dansant.
軽蔑[けいべつ];かのじょ は かれ を けいべつ して いた の;Elle le méprisait.
強烈[きょうれつ];かのじょ は きょうれつ な こせい の もちぬし です よ;Elle a une personnalité très forte.
近眼[きんがん];かのじょ は きんがん です;Elle est myope.
薬指[くすりゆび];かのじょ は くすりゆび に ゆびわ を はめて います;Elle porte une bague à l'annulaire.
傾ける[かたむける];かのじょ は くび を すこし かたむけて わらう の;Elle penche légèrement la tête sur le côté lorsqu'elle sourit.
怖がる[こわがる];かのじょ は くも を こわがります;Elle a peur des araignées.
車椅子[くるまいす];かのじょ は くるまいす に のっています 。;Elle utilise un fauteuil roulant.
毛糸[けいと];かのじょ は けいと の せーたー を あみました;Elle a tricoté un pull en laine.
毛皮[けがわ];かのじょ は けがわ の こーと を きて いた の;Elle portait un manteau de fourrure.
婆さん[ばあさん];かのじょ は げんき な おばあさん ね;C'est une vieille dame pleine d'entrain.
学園[がくえん];かのじょ は こうがい の がくえん に かよって いる ね;Elle va dans une école de banlieue.
合理的[ごうりてき];かのじょ は ごうりてき な かんがえかた を する ひと です;C'est une personne qui pense logiquement.
国際的[こくさいてき];かのじょ は こくさいてき に ゆうめい な かしゅ です;C'est une chanteuse de renommée internationale.
快い[こころよい];かのじょ は こころよい ねむり に ついて います;Elle dort profondément.
縫う[ぬう];かのじょ は こども の すかーと を ぬった ん だ;Elle a fait une jupe d'enfant.
調和[ちょうわ];かのじょ は しぜん と ちょうわ した くらし かた を して いる の;Elle vit sa vie en harmonie avec la nature.
立ち直る[たちなおる];かのじょ は しっぱい から たちなおった よ;Elle s'est remise de l'échec.
拒否[きょひ];かのじょ は しゅっせき を きょひ した;Elle a refusé d'y assister.
出版社[しゅっぱんしゃ];かのじょ は しゅっぱんしゃ で はたらいて います;Elle travaille pour un éditeur.
大胆[だいたん];かのじょ は ずいぶん だいたん な こと を いう ね;Elle dit des choses assez audacieuses.
寿司[すし];かのじょ は すし を はじめて たべました 。;Elle a mangé des sushis pour la première fois.
無知[むち];かのじょ は せいじ に ついて むち でした;Elle ignorait la politique.
無関心[むかんしん];かのじょ は せいじ に むかんしん です;Elle est indifférente à la politique.
出演[しゅつえん];かのじょ は その えいが に しゅつえん して いる よ;Elle joue dans le film.
沈める[しずめる];かのじょ は そふぁー に からだ を しずめた ん だ;Elle se laissa tomber dans le canapé.
崩す[くずす];かのじょ は たいちょう を くずして います;Elle est sous le temps.
多忙[たぼう];かのじょ は たぼう な ひと です;C'est une personne occupée.
短期大学[たんきだいがく];かのじょ は たんきだいがく で にほん ぶんがく を べんきょう しました;Elle a étudié la littérature japonaise au collège.
包帯[ほうたい];かのじょ は て に ほうたい を まいて いた ん だ;Sa main était enveloppée dans un bandage.
典型的[てんけいてき];かのじょ は てんけいてき な いたりあじん です;C'est une Italienne typique.
当分[とうぶん];かのじょ は とうぶん がっこう を やすむ そう です;Il semble qu'elle sera absente de l'école pendant un certain temps.
後戻り[あともどり];かのじょ は とちゅう で あともどり しました;Elle a fait demi-tour à mi-parcours.
教養[きょうよう];かのじょ は とても きょうよう の ある ひと です ね;C'est une personne bien éduquée.
勇敢[ゆうかん];かのじょ は とても ゆうかん でした;Elle était très courageuse.
若々しい[わかわかしい];かのじょ は とても わかわかしい ひと です;C'est une personne très jeune.
内心[ないしん];かのじょ は ないしん どきどき して いました よ;À l'intérieur, son cœur battait.
恨み[うらみ];かのじょ は ながねん の うらみ を はらした;Elle a réglé un vieux compte.
泣き顔[なきがお];かのじょ は なきがお に なった の;Elle avait l'air d'être sur le point de pleurer.
可愛がる[かわいがる];かのじょ は ねこ を かわいがって います;Elle chérit son chat.
白菜[はくさい];かのじょ は はくさい の つけもの が すき です;Elle aime le chou nappa mariné.
肌色[はだいろ];かのじょ は はだいろ の しゃつ を きて います;Elle porte une chemise couleur chair.
故郷[こきょう];かのじょ は ひさしぶり に こきょう に かえりました;Elle est retournée dans sa ville natale après une longue absence.
人差し指[ひとさしゆび];かのじょ は ひとさしゆび を けが した の 。;Elle s'est blessée à l'index.
看病[かんびょう];かのじょ は ひとばんじゅう かれ を かんびょう した の;Elle l'a soigné toute la nuit.
見比べる[みくらべる];かのじょ は ふたり の かお を みくらべた の;Elle les regarda tour à tour, lisant leurs visages.
府立[ふりつ];かのじょ は ふりつ だいがく に かよって います;Elle va à l'université préfectorale.
振り向く[ふりむく];かのじょ は ふりむいて おれ に ほほえんだ ん だ;Elle se retourna et me sourit.
文系[ぶんけい];かのじょ は ぶんけい です;Elle est dans un programme de sciences humaines.
平気[へいき];かのじょ は へいき な かお を して いた;Elle avait l'air comme si de rien n'était.
平成[へいせい];かのじょ は へいせい さんねん うまれ です;Elle est née en Heisei Year 3 (1991).
法学部[ほうがくぶ];かのじょ は ほうがくぶ の がくせい です;Elle est étudiante à la faculté de droit.
本国[ほんごく];かのじょ は ほんごく に かえりました;Elle est retournée dans son pays natal.
言い返す[いいかえす];かのじょ は まけず に いいかえした の;Elle a répondu tout comme mu
無口[むくち];かのじょ は むくち な ひと です ね;C'est une personne silencieuse.
引き取る[ひきとる];かのじょ は むすこ を ひきとった の;Elle a pris la garde de son fils.
紫[むらさき];かのじょ は むらさき の どれす を きて いた;Elle portait une robe violette.
物覚え[ものおぼえ];かのじょ は ものおぼえ が いい;Elle apprend les choses rapidement.
薬品[やくひん];かのじょ は やくひん を とだな から だした ん だ;Elle sortit le médicament du placard.
揚げる[あげる];かのじょ は ゆうしょく に てんぷら を あげました;Elle a fait frire de la tempura pour le dîner.
嵌める[はめる];かのじょ は ゆびわ を たくさん はめて います ね;Elle porte beaucoup de bagues.
欲張り[よくばり];かのじょ は よくばり です;Elle est gourmande.
敏感[びんかん];かのじょ は りゅうこう に びんかん だ ね;Elle est sensible aux dernières tendances.
領域[りょういき];かのじょ は りょうり の うで が しろうと の りょういき を こえて いる わ;Ses compétences culinaires vont au-delà de la portée d'un amateur.
臨時[りんじ];かのじょ は りんじ の てんいん です;C'est une commis temporaire.
保つ[たもつ];かのじょ は わかさ を たもとう と ひっし だ;Elle essaie désespérément de conserver sa jeunesse.
睨む[にらむ];かのじょ は わたし を にらんだ の;Elle m'a lancé un regard noir.
和服[わふく];かのじょ は わふく が よく にあう;Les vêtements traditionnels japonais lui vont bien.
割り箸[わりばし];かのじょ は わりばし を つかわず じぶん の はし を つかう の;Elle utilise ses propres baguettes plutôt que des baguettes jetables.
言付ける[ことづける];かのじょ へ の でんごん を ことづけた の;Je lui ai laissé un message.
狙い[ねらい];かのじょ 彼女のねらいは きょうし 教師になることである。;She aims at becoming a teacher.
寄り添う[よりそう];かのじょ 彼女は おっと 夫のそばにぴったり よりそ 寄り添っていた。;Elle était proche de son mari.
子猫[こねこ];かのじょ 彼女は こねこ 子猫をジャガーと なづ 名付けた。;"Elle a appelé le chaton ""Jaguar""."
三味線[しゃみせん];かのじょ 彼女は しゃみせん 三味線による あたら 新しいジャズの えんそう 演奏 ほう 法を はじ 始めた。;Elle a créé une nouvelle façon de jouer du jazz avec le shamisen. (Le shamisen est un instrument de musique traditionnel à cordes pincées utilisé en musique japonaise)
ほれ込む[ほれむこむ];かのじょ 彼女は ひとめ 一目で かれ 彼に ほれこ 惚れ込んだ。;Elle est tombée amoureuse de lui dès le premier contact.
付け根[つけね];かのじょ 彼女は みみ 耳の つけね つけ根まで あか 赤くなった。;Ses tempes rougir.
個性[こせい];かのじょたち は それぞれ こせい が つよい です ね;Chacune de ces femmes a une forte personnalité.
仕草[しぐさ];かの女が花をつむ仕草が大すきです。;J'aime la voir cueillir des fleurs.
化ける[ばける];かの女は、化しょうをすれば、び人に化けることで有名です。;Elle est célèbre pour se transformer en une belle femme maquillée.
口調[くちょう];かの女は口調がキツイのでちょっと苦手です。;Je ne l'aime pas vraiment à cause de son ton dur.
詰める[つめる];かばんに 荷物[にもつ]を 詰[つ]めました。;J'ai emballé mes affaires dans le sac.
中身[なかみ];かばんの 中身[なかみ]を 見[み]せてください。;Veuillez me montrer le contenu de votre sac.
向き[むき];かびん の むき を かえた の;J'ai changé la façon dont le vase faisait face.
阻害[そがい];カフェインを含む飲み物は、睡眠を阻害します。;Les boissons contenant de la caféine inhibent le sommeil.
寒暖計[かんだんけい];かべ に かんだんけい が かかって いました;Il y avait un thermomètre accroché au mur.
両面[りょうめん];かみ の りょうめん に じ が かかれて いた よ;Il y avait de l'écriture sur les deux côtés du papier.
染める[そめる];かみ を あか に そめて みた;J'ai essayé de teindre mes cheveux en rouge.
三角[さんかく];かみ を さんかく に きりました;J'ai coupé le papier en triangle.
四角[しかく];かみ を しかく に きって ください;Veuillez couper le papier en carré.
紙屑[かみくず];かみくず は くず いれ に いれなさい 。;Mettez les vieux papiers dans la poubelle.
神様[かみさま];かみさま に おねがい しました;J'ai demandé une faveur aux dieux.
剃刀[かみそり];かみそり の は で ゆび を きりました;Je me suis coupé le doigt avec une lame de rasoir.
噛合わせ[かみあわせ];かみ合[かみあ]わせが 不自然[ふしぜん]ではないですか。;Est-ce que vous ressentez quelque chose d'anormal lorsque vous serrez les dents?
縁起[えんぎ];カラスは、日本だけでなくヨーロッパでも、縁起の悪い鳥とみなされます。;Le corbeau est considéré comme un oiseau menaçant non seulement au Japon mais aussi en Europe.
不潔[ふけつ];からだ を ふけつ に して いる と かゆく なります よ;Si vous ne gardez pas votre corps propre, vous allez commencer à avoir des démangeaisons.
仮[かり];かり の もうしこみ を しました;J'ai déposé une demande temporaire.
仮に[かりに];かりに それ が じじつ だ と して も もう おそい よ;Même si c'est vrai, c'est déjà trop tard.
下流[かりゅう];かりゅう に ちいさ な たき が ある よ;Il y a une petite cascade en aval.
全面的[ぜんめんてき];かれ が ぜんめんてき に きょうりょく して くれる そう です;J'entends qu'il coopérera complètement.
指揮[しき];かれ が その ぷろじぇくと の しき を とった の;Il a pris l'initiative de ce projet.
憎い[にくい];かれ が にくい です か;Le détestez-vous ?
保証人[ほしょうにん];かれ が わたし の ほしょうにん に なって くれました;Il est devenu mon garant.
怒り[いかり];かれ ったら いかり ばくはつ だった よ;Il a soufflé sa pile.
待ち合わせる[まちあわせる];かれ と しんじゅく で まちあわせました;Je l'ai rencontré à Shinjuku.
疾っくに[とっくに];かれ なら とっくに かえりました よ;Il est déjà rentré chez lui.
如何に[いかに];かれ に あえば かれ が いかに いい ひと か わかります;Si vous le rencontriez, vous vous rendriez compte à quel point il est gentil.
余地[よち];かれ に いいわけ の よち は ありません;Il n'a pas de place pour les excuses.
妨害[ぼうがい];かれ に えいぎょう を ぼうがい されました;Mes opérations commerciales ont été contrecarrées par lui.
近寄る[ちかよる];かれ に ちかよらない で;Ne vous approchez pas de lui !
同等[どうとう];かれ に は だいがくせい と どうとう の がくりょく が あります;Il a la même capacité académique que les étudiants universitaires.
申し訳ない[もうしわけない];かれ に は もうしわけない こと を した;Je lui ai fait quelque chose d'inexcusable.
理屈[りくつ];かれ に は りくつ が つうじない;Il ne comprend pas la logique.
一応[いちおう];かれ に も いちおう しらせて おいた ほう が いいだろう;Il vaudrait mieux le lui faire savoir.
洋式[ようしき];かれ の いえ の といれ は ようしき です;Sa maison a une toilette de style occidental.
武士[ぶし];かれ の いえがら は ぶし でした;Il est issu d'une famille de samouraïs.
意向[いこう];かれ の いこう を きいて みましょう;Demandons-lui ce qu'il compte faire.
矛盾[むじゅん];かれ の いって いる こと は むじゅん して います;Ce qu'il dit est contradictoire.
目茶苦茶[めちゃくちゃ];かれ の うんてん は めちゃくちゃ です;Sa conduite est horrible.
入選[にゅうせん];かれ の え が こんくーる に にゅうせん した;Sa peinture a remporté un prix au concours.
反する|反する[はんする|はんする];かれ の おこない は もらる に はんして います;Ce qu'il fait va à l'encontre de la morale.
移転[いてん];かれ の かいしゃ は いてん した よ;Son entreprise a déménagé.
活躍[かつやく];かれ の かつやく で ゆうしょう した よ;Sa performance nous a permis de remporter le tournoi.
決意[けつい];かれ の けつい は かたい な;Sa décision est ferme.
柔らか[やわらか];かれ の こえ は やわらか だ;Sa voix est douce.
響く[ひびく];かれ の こえ は よく ひびきます;Sa voix porte bien.
憎しみ[にくしみ];かれ の こころ は にくしみ に みちて いた ん だ;Son cœur était rempli de haine.
見直す[みなおす];かれ の こと を みなおしました;J'ai changé d'avis sur lui.
業績[ぎょうせき];かれ の こんげつ の ぎょうせき は すばらしい です;Sa performance ce mois-ci était incroyable.
似せる[にせる];かれ の じ に にせて かきました;Je l'ai écrit en imitant son écriture.
支援[しえん];かれ の しえん が なかったら どう なって いた か;Que serait-il arrivé sans son soutien ?
弱点[じゃくてん];かれ の じゃくてん は すたみな が たりない ところ です;Sa faiblesse est qu'il manque d'endurance.
囲碁[いご];かれ の しゅみ は いご です;Son passe-temps est de jouer au go.
収集[しゅうしゅう];かれ の しゅみ は きって しゅうしゅう です;Son passe-temps est la collection de timbres.
儲かる[もうかる];かれ の しょうばい は もうかって いる らしい ね;Ses affaires semblent bien se porter.
都内[とない];かれ の しょくば は とない に あります;Son bureau se trouve dans la région métropolitaine de Tokyo.
富む[とむ];かれ の じんせい は へんか に とんで いる な;Il a une richesse d'expériences qui changent la vie.
論[ろん];かれ の じんせいろん は どくとく だ な;Sa philosophie de vie est unique.
既製[きせい];かれ の たいけい じゃ きせい の さいず に あわない よ;Sa silhouette ne convient pas aux tailles de prêt-à-porter.
欠く[かく];かれ の たいど は せいい を かいて います;Son attitude manque de sincérité.
不自然[ふしぜん];かれ の たいど は どこか ふしぜん だった な;Son comportement était quelque peu contre nature.
学科[がっか];かれ の とくい な がっか は すうがく です;Les mathématiques sont sa matière forte.
度忘れ[どわすれ];かれ の なまえ を どわすれ した ぞ;Son nom a complètement disparu de ma mémoire.
抗議[こうぎ];かれ の はつげん に たいして たくさん の こうぎ が あった よ;Sa remarque a suscité de nombreuses plaintes.
実用的[じつようてき];かれ の はつめいひん は みな じつようてき だ よ;Toutes ses inventions sont pratiques.
相槌[あいづち];かれ の はなし に わたし は あいづち を うった の;J'intervins pendant qu'il parlait.
不愉快[ふゆかい];かれ の はなし を きいて ふゆかい に なった;Je me suis énervé en écoutant son histoire.
因る[よる];かれ の びょうき は かろう に よる もの です;Sa maladie est causée par le surmenage.
漏れる[もれる];かれ の へっどふぉん から おと が もれて いる ね;Le son fuit de ses écouteurs.
真四角[ましかく];かれ の へや に は ましかく な まど が あった ん だ;Il y avait une fenêtre carrée dans sa chambre.
奇跡[きせき];かれ の まじっく は まるで きせき です;Sa magie est comme un miracle.
不公平[ふこうへい];かれ の やりかた は ふこうへい です;Sa façon de faire est injuste.
予言[よげん];かれ の よげん は あたった こと が ない ね;Ses prédictions n'ont jamais été exactes.
当たり[あたり];かれ の よそう は おおあたり でした;Sa prédiction était juste.
相変わらず[あいかわらず];かれ は あいかわらず いそがしい です ね;Il est occupé comme d'habitude.
差し出す[さしだす];かれ は あくしゅ を しようと て を さしだした の;Il tendit la main pour serrer la main.
足首[あしくび];かれ は あしくび を いためて います;Il s'est fait mal à la cheville.
取り入れる[とりいれる];かれ は あたらしい あいであ を すぐ とりいれます;Il adopte rapidement de nouvelles idées.
挑戦[ちょうせん];かれ は あたらしい こと に ちょうせん して いる;Il s'essaye à de nouveaux défis.
賭ける[かける];かれ は あたらしい しごと に じんせい を かけて いる。;Il mise sa fortune sur ce nouveau travail.
構想[こうそう];かれ は あたらしい しょうせつ の こうそう を ねって いる の;Il développe une intrigue pour son nouveau roman.
構える[かまえる];かれ は あの とおり に みせ を かまえて いる の;Il a installé sa boutique dans cette rue.
領事館[りょうじかん];かれ は あめりか りょうじかん に でかけた よ;Il est allé au consulat américain.
案外[あんがい];かれ は あんがい いい ひと かも しれない;Il peut se révéler de façon inattendue être une bonne personne.
追い出す[おいだす];かれ は いえ から おいだされた;Il a été expulsé de son domicile.
抑える[おさえる];かれ は いかり を おさえて いた の;Il retenait sa colère.
派遣[はけん];かれ は いぎりす に はけん されました;Il fut envoyé en Angleterre.
無言[むごん];かれ は いちにちじゅう むごん だった な;Il était silencieux toute la journée.
胃腸[いちょう];かれ は いちょう が つよく ありません;Son système digestif n'est pas fort.
頭[かしら];かれ は いっか の おかしら だった の;Il était le chef de famille.
一向に[いっこうに];かれ は いっこうに きょうみ を しめさない の;Il ne montre aucun intérêt.
受け身[うけみ];かれ は いつも うけみ の しせい で じぶん からは なに も しない ん だ;Il est toujours passif et n'initie jamais rien lui-même.
対応[たいおう];かれ は いつも すばやい たいおう を する ね;Il répond toujours rapidement.
厭らしい[いやらしい];かれ は いやらしい おとこ ね;C'est un homme méchant.
俯く[うつむく];かれ は うつむいて なにか を かんがえて いる ね;Il pense à quelque chose la tête baissée.
打ち消し[うちけし];かれ は うわさ を うちけした わ よ;Il a démenti la rumeur.
本格的[ほんかくてき];かれ は え を ほんかくてき に べんきょう して いる ん だ;Il étudie sérieusement la peinture.
実績[じっせき];かれ は えいぎょう で じっせき を あげた ん だ;Il a obtenu de bons résultats en travaillant dans la vente.
満たす[みたす];かれ は おうぼ の じょうけん を みたして いない;Il ne répond pas aux exigences de la candidature.
犯す[おかす];かれ は おおき な あやまち を おかして いる;Il fait une grosse erreur.
担ぐ[かつぐ];かれ は おおき な にもつ を かついで きた の;Il est venu avec de gros bagages.
大蔵省[おおくらしょう];かれ は おおくらしょう に きんむ して いる ん だ よ;Il travaille pour le ministère des Finances.
府[ふ];かれ は おおさかふ に すんで います;Il vit dans la préfecture d'Osaka.
親類[しんるい];かれ は おさない とき に しんるい に あずけられた ん だ;Il a été confié aux soins de ses proches quand il était petit.
お世辞[おせじ];かれ は おせじ を いう の が うまい;Il est doué pour la flatterie.
子孫[しそん];かれ は おだのぶなが の しそん だ よ;Il est un descendant d'Oda Nobunaga.
殴る[なぐる];かれ は おもわず ゆうじん を なぐった の;Il a frappé son ami sans réfléchir.
結び[むすび];かれ は かい の むすび と して すぴーち を した よ;Il a prononcé un discours pour clôturer la réunion.
顔色[かおいろ];かれ は かおいろ が よく ありません ね 。;Son visage est pâle.
主役[しゅやく];かれ は がっこう の げき で しゅやく に えらばれた よ;Il a été choisi pour un rôle principal dans la pièce de théâtre de l'école.
乗り越える[のりこえる];かれ は かなしみ を のりこえて つよく いきた;Il a surmonté sa tristesse et a continué avec détermination.
卑しい[いやしい];かれ は かね に いやしい ね;Il est avide d'argent.
荒い[あらい];かれ は かねづかい が あらい な;Il dépense de l'argent sans compter.
詫びる[わびる];かれ は かのじょ に こころ から わびた ん だ;Il s'est sincèrement excusé auprès d'elle.
冷淡[れいたん];かれ は かのじょ に れいたん な たいど を とった ね;Il a adopté une attitude froide envers elle.
例える[たとえる];かれ は かのじょ を ばら に たとえた ん だ;Il la comparait à une rose.
株式[かぶしき];かれ は かぶしき の ばいばい で たがく の りえき を えた の さ;Il a réalisé un gros profit en achetant et en vendant des actions.
くっ付ける[くっけるつける];かれ は かべ に みみ を くっつけて となり の はなし を きいて いた の;Il colla son oreille contre le mur et écouta ce que disaient les voisins.
裏返す[うらがえす];かれ は かみ を うらがえしました;Il retourna le papier.
近視[きんし];かれ は かるい きんし です;Il est légèrement myope.
過労[かろう];かれ は かろう の ため に たおれた の;Il s'est effondré à cause du surmenage.
込める[こめる];かれ は かんじょう を こめて その うた を うたった の;Il a chanté la chanson avec émotion.
緩む[ゆるむ];かれ は き が ゆるんで います;Il est au dépourvu.
正座[せいざ];かれ は きちんと せいざ して まって いた ね;Il attendit assis correctement sur le sol, à la japonaise.
求人[きゅうじん];かれ は きゅうじん こうこく で しごと を みつけた ん だ;Il a trouvé un emploi grâce à une annonce de recrutement.
改革[かいかく];かれ は ぎょうせい を かいかく したい と おもって いる;Il veut réformer l'administration.
新築[しんちく];かれ は きょねん いえ を しんちく しました;Il a construit une nouvelle maison l'année dernière.
義理[ぎり];かれ は ぎり を たいせつ に して います;Il valorise le devoir.
禁酒[きんしゅ];かれ は きんしゅ して います;Il est sur le chariot.
勤勉[きんべん];かれ は きんべん な ひと です;C'est une personne diligente.
櫛[くし];かれ は くし で かみ を とかした;Il s'est peigné les cheveux.
英雄[えいゆう];かれ は くに の えいゆう です ね;C'est un héros national.
跳ねる[はねる];かれ は くるま に はねられた けど ぶじ だった の;Il a été percuté par une voiture mais il allait bien.
後ろ向き[うしろむき];かれ は くるま を うしろむき に ちゅうしゃ した の;Il a garé la voiture à l'envers.
軍事[ぐんじ];かれ は ぐんじ に かかわる しごと を つづけて きた ん だ;Il a continué à travailler dans un emploi lié aux affaires militaires.
学部[がくぶ];かれ は けいざい がくぶ の がくせい です;Il est étudiant au Département d'économie.
形式的[けいしきてき];かれ は けいしきてき な しつもん を した だけ だった;Il n'a posé que des questions formelles.
獣[けもの];かれ は けもの の よう な め を して いた な;Il avait des yeux de bête.
打ち込む[うちこむ];かれ は けんきゅう に うちこんで います;Il se consacre à sa recherche
庁[ちょう];かれ は けんちょう で はたらいて います;Il travaille pour le gouvernement préfectoral.
県立[けんりつ];かれ は けんりつ の こうこう に かよって いる よ;Il va au lycée préfectoral.
公衆[こうしゅう];かれ は こうしゅう でんわ を さがした の;Il a cherché un téléphone public.
遭う[あう];かれ は こうつう じこ に あった;Il a eu un accident de la circulation.
交通事故[こうつうじこ];かれ は こうつうじこ を おこした;Il a provoqué un accident de la circulation.
荒す[あらす];かれ は ごうとう に いえ の なか を あらされた の|昨夜車上荒らしにあって、マックを盗まれました。;Sa maison a été saccagée par un cambrioleur.|Ma voiture a été cambriolée hier soir et mon mac a été volé.
平凡[へいぼん];かれ は ごく へいぼん な ひと です;C'est une personne très ordinaire.
追放[ついほう];かれ は こくがい に ついほう されました;Il a été déporté.
国費[こくひ];かれ は こくひ で りゅうがく して います;Il étudie à l'étranger grâce à une bourse financée par le gouvernement.
支持[しじ];かれ は こくみん の しじ を えた の よ;Il a gagné le soutien du peuple.
孤独[こどく];かれ は こどく な じんせい を おくって いた ん だ;Il a vécu une vie solitaire.
女性的[じょせいてき];かれ は ことばづかい が すこし じょせいてき だ ね;Sa façon de parler est un peu féminine.
末っ子[すえっこ];かれ は ごにん きょうだい の すえっこ です;Il est le plus jeune de cinq frères et sœurs.
権力[けんりょく];かれ は この くに で おおき な けんりょく を もって いる わ;Il a beaucoup de pouvoir dans ce pays.
齎す[もたらす];かれ は この くに に へいわ を もたらした の よ;Il a ramené la paix dans ce pays.
無関係[むかんけい];かれ は この じけん と むかんけい です;Il n'a rien à voir avec cet incident.
顔付き[かおつき];かれ は こわい かおつき で はなした の;Il parlait avec un regard effrayant sur son visage.
達成[たっせい];かれ は こんげつ の うりあげ もくひょう を たっせい した;Il a atteint l'objectif de vente ce mois-ci.
最強[さいきょう];かれ は さいきょう ちーむ の いちいん です;Il fait partie de l'équipe la plus forte.
失恋[しつれん];かれ は さいきん しつれん した らしい の;J'ai entendu dire qu'il avait eu le cœur brisé récemment.
任務[にんむ];かれ は さいご まで じぶん の にんむ を はたした;Il a rempli ses devoirs jusqu'au bout.
参議院[さんぎいん];かれ は さんぎいん ぎいん です;Il est membre de la Chambre des conseillers.
三流[さんりゅう];かれ は さんりゅう だいがく を でた が いま は しゃちょう だ よ;Même s'il est allé dans une université de troisième ordre, il est maintenant président de l'entreprise.
棄権[きけん];かれ は しあい の とちゅう で きけん した ぞ;Il s'est absenté pendant le match.
歯科[しか];かれ は しか いし です;Il est dentiste.
長続き[ながつづき];かれ は しごと が ながつづき しません;Il ne peut pas garder un emploi longtemps.
意欲[いよく];かれ は しごと に いよく を もやして います;Il est très motivé à travailler.
果たす[はたす];かれ は しっかり と せきにん を はたしました;Il s'est acquitté de ses responsabilités avec diligence.
試みる[こころみる];かれ は じっけん を こころみた の よ;Il a tenté l'expérience.
誤魔化す[ごまかす];かれ は しつもん の こたえ を ごまかした ね;Il a triché sur la réponse à la question.
私費[しひ];かれ は しひ で りゅうがく した ん だ;Il est parti étudier à l'étranger à ses propres frais.
客観的[きゃっかんてき];かれ は じぶん の じょうきょう を きゃっかんてき に みて みた の ね;Il a essayé de regarder sa situation objectivement.
唾[つば];かれ は じめん に つば を はいた よ;Il a craché par terre.
傷める[いためる];かれ は じゅうどう で こし を いためた ん だ;Il s'est blessé au bas du dos en faisant du judo.
柔軟[じゅうなん];かれ は じゅうなん に たいおう を した;Il a donné une réponse souple.
反省[はんせい];かれ は じゅうぶん はんせい して います;Il s'est suffisamment repenti.
上級[じょうきゅう];かれ は じょうきゅう の こーす に あがった よ;Il est allé jusqu'au cours avancé.
全般[ぜんぱん];かれ は しょくぶつ ぜんぱん に くわしい ね;Il en sait beaucoup sur les plantes en général.
就任[しゅうにん];かれ は しんしゅしょう に しゅうにん しました ね;Il a pris ses fonctions de nouveau Premier ministre.
経る[へる];かれ は しんぶん きしゃ を へて さっか に なりました;Il est devenu écrivain après avoir été journaliste.
人民[じんみん];かれ は じんみん の ため の せいじ を おこなった;Il s'est engagé dans la politique au profit du peuple.
捻る[ひねる];かれ は すいどう の じゃぐち を ひねった の;Il tourna le robinet.
暢気[のんき];かれ は ずいぶん のんき な やつ だ;C'est un gars assez facile à vivre.
博士[はくし];かれ は すうがく の はくし だ そう です;J'ai entendu dire qu'il avait un doctorat en mathématiques.
知的[ちてき];かれ は すごく ちてき な ひと です;C'est une personne extrêmement intellectuelle.
弱気[よわき];かれ は すこし よわき に なって います;Il devient un peu timide.
溜まる[たまる];かれ は すとれす が たまって いる の;Il est soumis à beaucoup de stress.
素早い[すばやい];かれ は すばやく あたり を みまわした の;Il regarda rapidement autour de lui.
整える[ととのえる];かれ は すぴーち の まえ に ふくそう を ととのえた;Il a redressé ses vêtements avant le spee
攻める[せめる];かれ は せっきょくてき に せめた が かてなかった な;Il n'a pas gagné même s'il a lancé une bonne attaque.
当選[とうせん];かれ は せんきょ に とうせん しました;Il a gagné l'élection.
模範[もはん];かれ は ぜんこう せいと の もはん です;C'est un modèle pour tous les élèves de notre école.
反発[はんぱつ];かれ は せんせい に はんぱつ して いた よ;Il se révoltait contre le professeur.
雇用[こよう];かれ は その かいしゃ と こよう けいやく を むすんだ の;Il a signé un contrat de travail avec l'entreprise.
理論[りろん];かれ は だいがく で おんがく の りろん を べんきょう した ん だ よ;Il a étudié la théorie musicale à l'université.
大層[たいそう];かれ は たいそう よろこんで いました;Il était extrêmement content.
縮める[ちぢめる];かれ は たいむ を 1 びょう ちぢめた の;Il a réduit le temps d'une seconde.
代名詞[だいめいし];かれ は だいめいし の ひとつ です;Il est un pronom.
酔っ払い[よっぱらい];かれ は ただ の よっぱらい です;Ce n'est rien d'autre qu'un ivrogne.
頼もしい[たのもしい];かれ は たのもしい ひと です;C'est une personne fiable.
短気[たんき];かれ は たんき な ひと です;C'est une personne colérique.
取り返す[とりかえす];かれ は ちゃんぴおん の たいとる を とりかえした ね;Il a repris le titre de champion.
注意深い[ちゅういぶかい];かれ は ちゅういぶかい ひと です;C'est une personne prudente.
中級[ちゅうきゅう];かれ は ちゅうきゅう れべる の にほんご を ならって います;Il apprend le japonais de niveau intermédiaire.
内陸[ないりく];かれ は ちゅうごく の ないりく を りょこう しました;Il a voyagé à travers la Chine intérieure.
抽象的[ちゅうしょうてき];かれ は ちゅうしょうてき な え が すき だ ね;Il aime les images abstraites.
腸[ちょう];かれ は ちょう の しゅじゅつ を うけた の;Il a été opéré des intestins.
低[てい];かれ は ていちんぎん で はたらいて いる ん だ;Il travaille pour un petit salaire.
東洋[とうよう];かれ は とうようぶんか を けんきゅう して いる よ;Il étudie la culture asiatique.
揶揄う[からかう];かれ は ときどき いもうと を からかいます;Il se moque parfois de sa petite sœur.
特殊[とくしゅ];かれ は とくしゅ な のうりょく を もって います;Il a une capacité spéciale.
次ぐ[つぐ];かれ は とっぷ に つぐ こうせいせき でした;Ses excellents résultats étaient à côté du sommet.
誠実[せいじつ];かれ は とても せいじつ な ひと です;C'est une personne très honnête.
体格[たいかく];かれ は とても たいかく が いい わ;Il a un très beau corps.
男性的[だんせいてき];かれ は とても だんせいてき な ひと です;C'est quelqu'un de très viril.
朗らか[ほがらか];かれ は とても ほがらか な ひと です;C'est une personne très gaie.
扉[とびら];かれ は とびら を あけた ん だ;Il ouvrit la porte.
適応[てきおう];かれ は どんな かんきょう に も てきおう できます;Il peut s'adapter à n'importe quel environnement.
並み[なみみ];かれ は なみ の にんげん で は ありません;Ce n'est pas un homme moyen.
刑務所[けいむしょ];かれ は にどと けいむしょ から でる こと が できない の;Il ne pourra jamais sortir de prison.
疑い[うたがい];かれ は ぬすみ の うたがい を かけられた の;Il était soupçonné de vol.
値切る[ねぎる];かれ は ねぎる の が じょうず です;Il est doué pour le marchandage.
肺[はい];かれ は はい の びょうき に かかった の よ;Il a contracté une maladie pulmonaire.
買収[ばいしゅう];かれ は ばいしゅう された らしい わ;Il a été soudoyé, apparemment.
生涯[しょうがい];かれ は はちじゅうねん の しょうがい を とじました;Sa vie de 80 ans a pris fin.
明瞭[めいりょう];かれ は はなしかた が めいりょう ね;Sa façon de parler est très claire.
幅広い[はばひろい];かれ は はばひろい ちしき を もって います;Ses connaissances sont profondes.
晩年[ばんねん];かれ は ばんねん を こきょう で すごした ん だ;Il a passé ses dernières années dans sa ville natale.
肘[ひじ];かれ は ひじ に けが を した;Il s'est blessé au coude.
非常識[ひじょうしき];かれ は ひじょうしき な じかん に でんわ して きた の;Il m'a appelé à une heure déraisonnable.
煽てる[おだてる];かれ は ひと を おだてる の が じょうず です;Il sait flatter les gens.
呟く[つぶやく];かれ は ひとり で なにか つぶやいて いた の;Il marmonnait quelque chose pour lui-même.
説く[とく];かれ は ひぼうりょく を ときました;Il a prêché la non-violence.
弱る[よわる];かれ は びょうき で よわって いる ん だ;Il s'est affaibli à cause de sa maladie.
昼過ぎ[ひるすぎ];かれ は ひるすぎ に きます;Il viendra après lun
寄り掛かる[よりかかる];かれ は ふぇんす に よりかかった の 。;Il s'appuya contre la clôture.
府庁[ふちょう];かれ は ふちょう で はたらいて います;Il travaille pour le bureau préfectoral.
申し出る[もうしでる];かれ は ぷろじぇくと へ の さんか を もうしでた よ;Il a proposé de rejoindre le projet.
平日[へいじつ];かれ は へいじつ が おやすみ です;Il a des jours de congé en semaine.
捲る[めくる];かれ は ぺーじ を めくった の;Il a tourné la page.
回転[かいてん];かれ は ぼーる に かいてん を かけた ん だ;Il a fait tourner le ballon.
取り出す[とりだす];かれ は ぽけっと から さいふ を とりだした の;Il sortit son portefeuille de sa poche.
群衆[ぐんしゅう];かれ は まいく で ぐんしゅう に はなしかけた ん だ;Il a parlé aux masses à travers un microphone.
引きずる[ひきずる];かれ は まだ しつれん を ひきずって います;Il traîne toujours le bagage émotionnel d'une rupture amoureuse.
未婚[みこん];かれ は まだ みこん です;Il est toujours célibataire.
二流[にりゅう];かれ は まだまだ にりゅう の げいにん だ ね;C'est toujours un artiste de second ordre.
眉[まゆ];かれ は まゆ が こい ね;Il a des sourcils épais.
真夜中[まよなか];かれ は まよなか に かえって きた の;Il est revenu à minuit.
惨め[みじめ];かれ は みじめ な きもち に なった の;Il a commencé à se sentir malheureux.
緑色[みどりいろ];かれ は みどりいろ の じゃけっと を きて います;Il porte une veste verte.
身振り[みぶり];かれ は みぶり を まじえて せつめい して くれた の;Il me l'a expliqué en faisant des gestes.
貧乏[びんぼう];かれ は むかし は びんぼう だった;Il était pauvre.
無能[むのう];かれ は むのう だ;Il est incapable.
思い付く[おもいつく];かれ は めいあん を おもいついた の;Il a trouvé une bonne idée.
取消し[とりけし];かれ は めんきょ とりけし の しょぶん を うけた よ;Il s'est fait retirer son permis de conduire.
憎む[にくむ];かれ は もう かのじょ を にくんで は いない よ;Il ne la déteste plus.
もう直[もうじき];かれ は もうじき ちちおや に なります;Bientôt, il deviendra père.
焼き肉[やきにく];かれ は やきにく が だいすき です;Il adore le boeuf barbecue.
気付く[きづく];かれ は やっと もんだいてん に きづきました;Il a finalement remarqué le problème.
有望[ゆうぼう];かれ は ゆうぼう な しゃいん です;C'est un employé prometteur.
諸国[しょこく];かれ は よーろっぱ しょこく を りょこう した;Il a voyagé dans divers pays européens.
演じる[えんじる];かれ は よく けいじ の やく を えんじる ね;Il joue souvent le rôle d'un détective.
欲望[よくぼう];かれ は よくぼう が つよい ひと です;C'est une personne avec de fortes envies.
偏見[へんけん];かれ は よのなか の へんけん と たたかった ん だ;Il s'est battu contre les préjugés dans le monde.
理系[りけい];かれ は りけい の がくせい です;C'est un étudiant en sciences.
両手[りょうて];かれ は りょうて を にぎりしめた の;Il serra les poings.
握り締める[にぎりしめる];かれ は りょうて を にぎりしめた の;Il serra les poings.
論理的[ろんりてき];かれ は ろんりてき な ひと です;C'est une personne logique.
我が国[わがくに];かれ は わがくに を だいひょう する さっか です;C'est un écrivain représentatif de notre pays.
交わす[かわす];かれ は わたし と さいかい の やくそく を かわした;Il m'a promis qu'on se reverrait.
弱み[よわみ];かれ は わたし の よわみ を にぎって いる ん だ;Il a de la saleté sur moi.
罰[ばつ];かれ は わるい こと を した ので ばつ を うけた ん だ;Il a fait quelque chose de mal alors il a été puni.
改める[あらためる];かれ は わるい しゅうかん を あらためよう と して いる わ ね;Il essaie de changer ses mauvaises habitudes.
悪賢い[わるがしこい];かれ は わるがしこい おとこ だ な;C'est un homme rusé.
暴れる[あばれる];かれ は わるよい して あばれた ん だ;Il était tellement ivre qu'il est devenu violent.
不幸せ[ふしあわせ];かれ ほど ふしあわせ な ひと は いない な;Il n'y a personne moins heureux que lui.
恨む[うらむ];かれ を うらんで は いけません;Vous ne devez pas lui en vouloir.
節旬[せっく];かれ 彼には加古川の ひと 人を けいべつ 軽蔑しているふしがある。;He seems to hold people from Kakogawa in contempt.
腹が立つ[はらがたつ];かれ 彼の ふるま 振る舞いに はらがた 腹が立った。;J'étais offensé de son comportement.
愛好者[あいこうしゃ];かれ 彼は せけん 世間でいう おんがく 音楽の しん 真の あいこうしゃ 愛好者だ。;C'est ce que la société appelle un véritable amoureux de la musique.
背丈[せたけ];かれ 彼は へいきんてき 平均的な せたけ 背丈だ。;C'était un homme de taille moyenne.
学位[がくい];かれ 彼は ほうがく 法学 しゅうし 修士の がくい 学位を え 得た。;He got a master's degree in law.
逆らう[さからう];かれ 彼は よのふうちょう 世の風潮に さか 逆らう。;He is swimming against the tide.
弾く[はじく];かれ 彼は わたし 私の かお 顔を ゆびさき 指先でぽんとはじいた。;Il m'a tapoté le visage du bout des doigts.
親指[おやゆび];かれ 彼は わたし 私の かお 顔を ゆびさき 指先でぽんとはじいた。;Il m'a tapoté le visage du bout des doigts.
痛む[いたむ];かれ 彼はいま は 歯が いた 痛むのでよくかむことができない。;Il ne peut pas bien mâcher, car il a mal aux dents maintenant.
旋回[せんかい];ガレージで八の字旋回の練習をしてみました。;J'ai pratiqué un tour en huit dans le garage.
混ぜる[まぜる];カレーにヨーグルトを 入[い]れて、よく 混[ま]ぜてください。;Insérez le curry dans le yogourt et bien mélanger.
辛口[からくち];カレーはいつも、甘口、中辛、辛口、どれを買いますか？;Quel curry achetez-vous habituellement : doux, moyennement piquant ou épicé ?
大使館[たいしかん];かれは 大使館[たいしかん]に 務[つと]めています;Il travaille pour l'ambassade.
注射[ちゅうしゃ];かれは 注射[ちゅうしゃ]があまり 好[す]きではありません。;Il n'aime pas beaucoup les injections.
耳打ち[みみうち];かれは、わたしにこっそり耳打ちしました。;Il me murmura secrètement à l'oreille.
千葉[ちば];かれは千葉県人です。;Il vient de Chiba.
文字通り[もじどおり];かれは文字通り、「天才」です。;C'est littéralement un génie.
文章[ぶんしょう];かれは文章[ぶんしょう]がとても 上手[うま]い;Son style d'écriture est très bon.
公演[こうえん];かれら の かいがいこうえん が はっぴょう された よ;Leurs performances à l'étranger ont été annoncées.
一斉に[いっせいに];かれら は いっせいに はくしゅ した ね;Ils ont applaudi tous ensemble.
漁業[ぎょぎょう];かれら は ぎょぎょう を いとなん でいる ん だ 。;Ils sont engagés dans une entreprise de pêche.
軽快[けいかい];かれら は けいかい な すてっぷ で おどりだした の;Ils commencèrent à danser avec des pas enjoués.
漕ぐ[こぐ];かれら は こうたい で ぼーと を こいだ ん だ;Ils se relayaient pour ramer le bateau.
裁判所[さいばんしょ];かれら は さいばんしょ の まえ で しらせ を まって います;Ils attendent des informations devant le palais de justice.
垂直[すいちょく];かれら は すいちょく の がけ を のぼりはじめた の;Ils ont commencé à escalader une falaise verticale.
再会[さいかい];かれら は たがいに さいかい を よろこんだ の;Ils étaient tous les deux très heureux de se retrouver.
作戦[さくせん];かれら は つぎ の しあい の ため に さくせん を たてた の よ;Ils ont déterminé la stratégie pour le prochain match.
近郊[きんこう];かれら は とうきょう きんこう に すんで いる;Ils vivent à la périphérie de Tokyo.
距離[きょり];かれら は ながい きょり を あるきつづけた ん だ;Ils ont continué à marcher sur une longue distance.
和やか[なごやか];かれら は なごやか に しょくじ を した;Ils ont mangé tranquillement.
和やか[にこやか];かれら は にこやか に あいさつ を かわした けど ね;Ils ont échangé des salutations avec un sourire au début.
卑怯[ひきょう];かれら は ひきょう な ほうほう で しょうり した の;Ils ont gagné en jouant salement.
強制[きょうせい];かれら は ろうどう を きょうせい された ん だ;Ils ont été forcés de travailler.
酒好き[さけずき];かれ氏は酒好きなんで、心配なんですよね。;Mon copain est un buveur, donc je suis inquiète.
沿う[そう];かわ に そって あるいた ん だ;J'ai marché le long de la rivière.
中流[ちゅうりゅう];かわ の ちゅうりゅう あたり に その むら は ある よ;Ce village est près du cours moyen de la rivière.
疾病[しっぺい];がん、急性心筋梗塞、脳卒中のことを三大疾病といいます。;Les trois principales maladies sont le cancer, la crise cardiaque et l'accident vasculaire cérébral.
眼科[がんか];がんか で しりょく けんさ を しました;J'ai passé un examen de la vue à la clinique ophtalmologique.
悔やむ[くやむ];ガンガン響く頭と共に目を覚ます度に、前日の夜飲み過ぎたことを悔やみます。;Chaque fois que je me réveille avec un mal de tête intense, je me lamente d'avoir trop bu la nuit précédente.
感激[かんげき];かんげき して ないて しまいました;J'ai été ému aux larmes.
訓読み[くんよみ];かんじ に は おんよみ と くんよみ が あります;Chaque kanji a des prononciations dérivées du chinois et du japonais.
伝わる[つたわる];かんじ は ちゅうごく から つたわった;Les caractères chinois ont été transmis depuis la Chine.
元日[がんじつ];がんじつ に は はつもうで に いきます;Je visite un sanctuaire le jour du Nouvel An pour la première prière.
正常[せいじょう];かんじゃ の こきゅう は せいじょう です;La respiration du patient est normale.
松葉[まつば];かんそうした松葉が一本私の部屋のゆかに落ちていました。;Une aiguille de pin séchée gisait sur le sol de ma chambre.
元旦[がんたん];がんたん に かれ から ねんがじょう が きた 。;J'ai reçu de lui une carte du Nouvel An le 1er janvier.
漢和[かんわ];かんわ じてん で かんじ の いみ を しらべた の;J'ai recherché la signification d'un kanji dans un dictionnaire sino-japonais.
見返る[みかえる];か去を見返ってるひまはないんだよ。;Je n'ai pas le temps de revenir sur le passé.
吊るす[つるす];き に ぶらんこ を つるしました;J'ai accroché une balançoire à l'arbre.
分解[ぶんかい];きかい を ぶんかい して みた の;J'ai essayé de démonter la machine.
着替え[きがえ];きがえ を りょこう かばん に つめた よ;J'ai emballé des vêtements de rechange dans un sac de voyage.
菊[きく];きく の はな を かって きました;J'ai acheté des chrysanthèmes.
期限[きげん];きげん まで に もうしこみました;Je me suis inscrit avant la date limite.
儀式[ぎしき];ぎしき に は さほう が あります;Les cérémonies ont leurs règles d'étiquette.
ばい菌[ばいきん];きずぐち に ばいきん が はいった;Certaines bactéries ont pénétré dans la plaie.
塞がる[ふさがる];きずぐち は もう ふさがりました;La plaie a déjà coagulé.
弦[つる];ギターの弦が緩んでいます。;Les cordes de la guitare sont lâches.
機長[きちょう];きちょう の ほうそう が あった の;Il y a eu une annonce du capitaine.
貴重品[きちょうひん];きちょうひん は じぶん で もって いて ください;Veuillez emporter vos objets de valeur avec vous.
約款[やっかん];きちんと約款を読みましたか？;Avez-vous bien lu l'accord?
持ち込む[もちこむ];きない に にもつ を もちこんだ の;Nous avons transporté nos bagages dans l'avion.
暴落[ぼうらく];きのう かぶか が ぼうらく しました;Les cours des actions ont fortement chuté hier.
風呂屋[ふろや];きのう ともだち と おふろやさん に いった;Je suis allé avec un ami à un bain public hier.
有益[ゆうえき];きのう の はなしあい は ゆうえき でした;La discussion d'hier a été bénéfique.
夫妻[ふさい];きのう の よる しゃちょうごふさい と しょくじ を しました|部長[ぶちょう]ご 夫妻[ふさい]の 家[いえ]に 招待[しょうたい]された。;J'ai dîné avec le président et sa femme hier soir. J'ai été invité chez mon chef de service et chez sa femme.
すき焼き[すききやき];きのう の よる は すきやき を たべた;J'ai mangé des sukiyaki hier soir.
見舞う[みまう];きのう ゆうじん を みまった の;Je suis allé rendre visite à un ami à l'hôpital hier.
胞子[ほうし];キノコの胞子はとても小さいので、肉眼で形は分かりません。;Parce que les spores de champignons sont si petites, leur apparence ne peut pas être comprise à l'œil nu.
成果[せいか];きびしい れんしゅう が よい せいか に むすびつきました;Un entraînement intensif donne de bons résultats.
長所[ちょうしょ];きみ の ちょうしょ は あかるい ところ だ ね;Votre point fort est votre bonne humeur.
半裸[はんら];きゃー！たった今夢が叶っちゃった！半裸のイケメンが淹れたての珈琲を飲みながら、私が目を覚ました瞬間に「おはよう」って言ってくれるっていう夢が！;"Ah ! Mon rêve vient de se réaliser ! C'était le rêve où un mec à moitié nu a dit ""Bonjour"" au moment où je me suis réveillé, tout en buvant du café fraîchement moulu !"
均等[きんとう];キャリアを積む機会は、男女に均等に与えられるべきです。;Les opportunités de carrière doivent être offertes de manière égale aux hommes et aux femmes.
徹する[てっする];ギャンブルに徹する覚悟を決めました。;Je suis déterminé à me consacrer au jeu.
組み込む[くみこむ];きゃんぺーん に あたらしい いべんと を くみこみました;Nous avons introduit un nouvel événement dans la campagne.
休日[きゅうじつ];きゅうじつ は いえ で よく てれび を みます;Je regarde souvent la télévision à la maison pendant mes jours de congé.
応募[おうぼ];きゅうじん に たすう の おうぼ が あった;Il y avait beaucoup de candidatures pour l'ouverture du poste.
休息[きゅうそく];きゅうそく を とる こと は たいせつ です;Il est important de faire des pauses.
規制[きせい];ぎゅうにく の ゆにゅう が きびしく きせい されて いる わ ね;Les importations de boeuf sont sévèrement réglementées.
診る[みる];きょう 、 いしゃ に みてもらいました。;J'ai demandé au médecin de m'examiner aujourd'hui.
新学期[しんがっき];きょう から しんがっき が はじまります;Le nouveau semestre commence aujourd'hui.
願書[がんしょ];きょう だいがく に がんしょ を おくりました;Aujourd'hui, j'ai envoyé un formulaire de demande au collège.
議題[ぎだい];きょう の ぎだい は おもしろ そう です;L'ordre du jour d'aujourd'hui semble intéressant.
灰色[はいいろ];きょう の そら は はいいろ だ;Le ciel est gris aujourd'hui.
朝刊[ちょうかん];きょう の ちょうかん に おもしろい きじ が あった;Il y avait un article amusant dans le journal du matin d'aujourd'hui.
日付け[ひづけ];きょう の ひづけ は 6 がつ 19 にち です|レポートに 日付[ひづけ]を 書[か]いてください。;La date d'aujourd'hui est le 19 juin.|Veuillez inscrire la date sur le rapport.
休講[きゅうこう];きょう の ふらんすご の こうざ は きゅうこう です;Le cours de français d'aujourd'hui est annulé.
儲け[もうけ];きょう の もうけ は 2 まんえん でした;Le bénéfice d'aujourd'hui était de 20 000 yens.
半袖[はんそで];きょう は 、 はんそで の しゃつ を きよう 。;Je vais mettre une chemise à manches courtes aujourd'hui.
鈍い[にぶい];きょう は あたま の かいてん が にぶい です;Mon cerveau fonctionne lentement aujourd'hui.
慌ただしい[あわただしい];きょう は あわただしい いちにち でした;C'était une journée chargée aujourd'hui.
沿岸[えんがん];きょう は えんがん の なみ が あらい でしょう;Les vagues sur la côte seront fortes aujourd'hui.
快晴[かいせい];きょう は かいせい です ね;Il fait beau aujourd'hui.
寒さ[さむさ];きょう は きびしい さむさ に なる でしょう;Il fera probablement très froid aujourd'hui.
長袖[ながそで];きょう は さむい ので ながそで を きました 。;J'ai mis une chemise à manches longues parce qu'il fait froid aujourd'hui.
短縮[たんしゅく];きょう は じゅぎょう を 1 じかん に たんしゅく します;Le cours sera réduit à une heure aujourd'hui.
割引[わりびき];きょう は ぜんぴん 10% わりびき です;Aujourd'hui, tous les produits sont à 10 % de réduction.
体調[たいちょう];きょう は たいちょう が わるい です;Je me sens malade aujourd'hui.
絶えず[たえず];きょう は たえず でんわ が なりました;Le téléphone n'a pas arrêté de sonner aujourd'hui.
真ん丸[まんまる];きょう は つき が まんまる です;La lune est parfaitement ronde aujourd'hui.
何故か[なぜか];きょう は なぜか からだ が だるい;Je me sens lourd aujourd'hui pour une raison quelconque.
日差し[ひざし];きょう は ひざし が つよい です ね;Le soleil brille fort aujourd'hui.
射す[さす];きょう は ひさしぶり に ひ が さして る ね;Le soleil brille aujourd'hui pour la première fois depuis longtemps.
筆記用具[ひっきようぐ];きょう は ひっきようぐ を わすれました;J'ai oublié mon matériel d'écriture aujourd'hui.
回り道[まわりみち];きょう は まわりみち して かえろう;Aujourd'hui, faisons un détour sur le chemin du retour.
満月[まんげつ];きょう は まんげつ です ね;C'est la pleine lune aujourd'hui.
蒸し暑い[むしあつい];きょう は むしあつい ね;Il fait humide aujourd'hui.
夕焼け[ゆうやけ];きょう は ゆうやけ が きれい です;La lueur du coucher de soleil est magnifique aujourd'hui.
寄り道[よりみち];きょう は よりみち して から かえります;Je vais faire un détour sur le chemin du retour aujourd'hui.
流通[りゅうつう];きょう は りゅうつう の しくみ を べんきょう しましょう;Étudions le mécanisme de distribution aujourd'hui.
記念日[きねんび];きょう は りょうしん の けっこん きねんび です;Aujourd'hui, c'est l'anniversaire de mariage de mes parents.
実習[じっしゅう];きょう は りょうり の じっしゅう が あった;Aujourd'hui, nous avons eu des exercices de cuisine.
零下[れいか];きょう は れいか の さむさ でした ね;Le froid était en dessous de zéro aujourd'hui.
歴史的[れきしてき];きょう は れきしてき な ひ です;C'est un jour historique aujourd'hui.
専門家[せんもんか];きょうじゅ は ふらんす ぶんがく の せんもんか;Le professeur est un spécialiste de la littérature française.
中継[ちゅうけい];きょうと から ちゅうけい で ほうそう して います;Nous diffusons depuis Kyoto.
紀元前[きげんぜん];きょうりゅうがいたのは、紀元前何年ごろまでですか。;Jusqu'à environ quelle année avant Jésus-Christ les dinosaures existaient-ils ?
航空機[こうくうき];きょねん は こうくうき の じこ が おおかった;Il y a eu beaucoup d'accidents d'avion l'année dernière.
流行る[はやる];きょねん は すにーかー が はやりました;Les baskets étaient populaires l'année dernière.
自覚[じかく];ぎりの母から、母親としての自覚が無いって言われて、すっごくはらが立ちました。;Ma belle-mère m'a dit que je manquais de conscience des responsabilités maternelles et cela m'a bouleversée.
通帳[つうちょう];ぎんこう の つうちょう を もって きて ください;Merci de vous munir de votre livret bancaire.
高温[こうおん];きんぞく は こうおん で とかします;Nous ferons fondre le métal à haute température.
体系[たいけい];きんむ の たいけい を みなおす こと に しました;Nous avons décidé de revoir le système de travail.
出迎え[でむかえ];くうこう へ かのじょ を でむかえ に いきました;Je suis allé à l'aéroport pour la récupérer.
冷える[ひえる];クーラーで 体[からだ]が 冷[ひ]えた;Mon corps s'est refroidit sous le climatiseur.
直る[なおる];クーラーはまだ直[なお]りません。;Le climatiseur n'a pas encore été réparé.
裂ける[さける];くぎ に ひっかけて そで が さけて しまった な;Je l'ai attrapé sur l'ongle et j'ai déchiré la manche.
草花[くさばな];くさばな を たいせつ に しましょう;Prenons bien soin des plantes et des fleurs.
花粉症[かふんしょう];くしゃみが 止[と]まらない。 花粉[かふん] 症[しょう]かもしれない。;Je n'arrête pas d'éternuer. C'est peut-être le rhume des foins.
愚図愚図[ぐずぐず];ぐずぐず して いる と でんしゃ に のりおくれます よ;Vous allez rater le train si vous traînez.
くっ付く[くっくつく];くつ の そこ に がむ が くっついて しまった;Du chewing-gum s'est collé à la semelle de ma chaussure.
刺さる[ささる];くつ の そこ に くぎ が ささって しまった ん だ;Un clou est coincé dans le bas de ma chaussure.
解く[ほどく];くつ の ひも を ほどいた の;J'ai délacé mes chaussures.
汚れ[よごれ];くつ の よごれ を おとしました;J'ai nettoyé la saleté des chaussures.
強化[きょうか];くに は こくご きょういく を きょうか して います;Notre gouvernement renforce son programme d'enseignement de la langue maternelle.
操る[あやつる];クマが裏でみんなを操っている黒幕だっていう噂があるんだ。;Il y a une rumeur selon laquelle Kuma manipule tout le monde dans les coulisses.
香辛料[こうしんりょう];クミンシードは、インドカレーには欠かせない香辛料のうちの一つです。;La graine de cumin est l'une des épices les plus importantes du curry indien.
区役所[くやくしょ];くやくしょ に しょるい を とどけて ください;Veuillez remettre le document au bureau du quartier.
仕返し[しかえし];くやしいから、なんか仕返ししたいな。;C'était mortifiant, alors je veux me venger.
無視[むし];クラスの友達から無視された。;J'ai été ignoré par mes camarades de classe.
縁[ふち];グラスの縁に口紅がついてしまった;Du rouge à lèvres s’est mis sur le bord du verre.
子守歌[こもりうた];クリステンの子守歌は、プロのいきに達している。;La berceuse de Kristen a atteint le niveau professionnel.
嫌悪[けんお];クリステンはクイン・ベリルを嫌悪している。;Kristen déteste la reine Beryl.
名曲[めいきょく];クリスマスソングの名曲といえば、何だと思いますか。;En parlant de célèbres chansons de Noël, qu'en pensez-vous ?
羊毛[ようもう];クリスマスプレゼントに、羊毛のブランケットをもらいました。;J'ai reçu une couverture en laine comme cadeau de Noël.
割り込む[わりこむ];くるま が まえ に わりこんで きた;Une voiture a coupé devant moi.
溝[みぞ];くるま が みぞ に はまった の;La voiture est restée coincée dans le dit
燃料[ねんりょう];くるま から ねんりょう が もれて います よ;Le carburant fuit de la voiture.
振動[しんどう];くるま の しんどう で たな の にもつ が おちた 。;Les vibrations d'une voiture qui passait ont fait tomber des objets sur l'étagère.
反射[はんしゃ];くるま の らいと が はんしゃ して います ね;Les phares des voitures se reflètent.
整備[せいび];くるま は せいび に だして います;J'ai fait entretenir ma voiture.
打付ける[ぶつける];くるま を かべ に ぶつけて しまいました;La voiture a heurté le mur.
車庫[しゃこ];くるま を しゃこ に いれて おきました;J'ai mis la voiture au garage.
寄せる[よせる];くるま を へい に よせた よ;J'ai garé la voiture contre le mur.
描画[びょうが];クロード・モネは、点画法という、点描画法とは少し違った技法を得意としていました。;Claude Monet était très doué pour le pointillé, ce qui est un peu différent du pointillisme.
原[はら];くろーばー の はら で ぴくにっく を した よ;Nous avons fait un pique-nique dans un champ de trèfles.
一部[いちぶ];けいかく を いちぶ へんこう しましょう;Changeons une partie du plan.
大幅[おおはば];けいかく を おおはば に へんこう した;Nous avons considérablement modifié le plan.
取り締まる[とりしまる];けいさつ が いんしゅ うんてん を とりしまって います よ;La police sévit contre l'alcool au volant.
捜す[さがす];けいさつ が その おとこ を さがして いる の;La police recherche l'homme.
騒動[そうどう];けいさつ が やってきて そうどう を しずめた ん だ;La police est arrivée et a calmé l'émeute.
怪しむ[あやしむ];けいさつ は その ぐるーぷ を あやしんで います;La police soupçonne le groupe.
防止[ぼうし];けいさつ は はんざい の ぼうし に つとめて います;La police fait des efforts pour prévenir le crime.
特定[とくてい];けいさつ は はんにん を とくてい した らしい よ;La police semble avoir identifié le criminel.
変死[へんし];けいさつは、コウイチの変死についてちょうさしています。;La police enquête sur la mort non naturelle de Koichi.
掲示板[けいじばん];けいじばん の おしらせ を みました か;Avez-vous vu l'avis sur le babillard?
軽率[けいそつ];けいそつ な はつげん は しない よう き を つけなさい;Attention à ne pas faire de remarques désinvoltes.
濡らす[ぬらす];けいたい でんわ を みず で ぬらして しまった ん だ|髪をよく濡らしてから、シャンプーをするといいですよ。;J'ai mouillé mon téléphone portable.|C'est bien de se mouiller les cheveux avant le shampoing.
脇役[わきやく];ケイトがある 映画[えいが]で 脇役[わきやく]を 演[えん]じた 時[とき]、 彼女[かのじょ]の 演技[えんぎ]は 批判[ひはん]されました。;Lorsque Kate a joué un rôle mineur dans un film, son jeu a été critiquée.
税関[ぜいかん];けがわ を ぜいかん で ぼっしゅう された ん だ;La fourrure a été saisie à la douane.
震度[しんど];けさ の じしん は しんど さん でした よ;Le tremblement de terre de ce matin avait une intensité sismique de trois.
寝坊[ねぼう];けさは 寝坊[ねぼう]しました。;J'ai dormi ce matin.
月給[げっきゅう];げっきゅう は まいつき にじゅうごにち に しきゅう されます;Le salaire est versé le 25 de chaque mois.
姓[せい];けっこん して せい が かわりました;Je me suis marié et j'ai changé mon nom de famille.
戸籍[こせき];けっこん する と あたらしい こせき が つくられます;Un nouveau livret de famille est établi lorsqu'un couple se marie.
即興[そっきょう];けっこんしき 結婚式のスピーチでくよくよすることはない。いざとなったら そっきょう 即興でもうまくいくもんだよ。;Ne vous inquiétez pas de réaliser un discours au mariage, vous pouvez y arriverez même en l'imporvisant.
月末[げつまつ];げつまつ まで に もうしこみしょ を おくって ください;Veuillez envoyer le formulaire de demande avant la fin du mois.
仲直り[なかなおり];けんか した ともだち と なかなおり しました;Je me suis réconcilié avec l'ami avec qui je me suis disputé.
原子力[げんしりょく];げんしりょく の あんぜん な りよう に ついて かんがえましょう;Pensons à l'utilisation sûre de l'énergie nucléaire.
原則[げんそく];げんそく と して きゃんせる できません;En règle générale, les annulations ne sont pas acceptées.
現地[げんち];げんち 現地 きぎょう 企業でのインターンシップを たいけん 体験する。;Je vais faire un stage dans une entreprise locale.
見物人[けんぶつにん];けんぶつにん が おおぜい あつまって いる ね;De nombreux spectateurs se sont rassemblés.
言論[げんろん];げんろん の じゆう は こくみん の けんり です;La liberté d'expression est le droit du peuple.
指摘[してき];ご 指摘[してき]いただきありがとうございます。;Merci beaucoup de me l'avoir indiquer.
自由に[じゆうに];ご 自由[じゆう]に 果物[くだもの]をお 取[と]り 下[くだ]さい。;Prenez des fruits librement, svp. (Servez-vous)
鯉[こし];こい 鯉がおたまじゃくしを た 食べるって し 知ってた？;Did you know that carp eat tadpoles ?
香[こう];こう ちいさい じ は よめない;Je ne peux pas lire des lettres aussi minuscules.
揺さぶる[ゆさぶる];コウイチが木を揺さぶったので、ビエットは枝に掴まった。;Viet s'est accroché à la branche parce que Koichi a secoué l'arbre.
共通点[きょうつうてん];コウイチとは共通点が全くないから、何を話せばいいか分からないよ。;Je ne sais pas de quoi parler parce que Koichi et moi n'avons rien en commun.
事典[じてん];コウイチなら、サンルームの日光浴用のイスで事典とにらめっこしていますよ。;Si vous cherchez Koichi, il regarde une encyclopédie sur la chaise longue de la véranda.
剣道[けんどう];コウイチには大きな目標がある。剣道で世界一になりたいんだ。;Koichi a de grandes aspirations. Il veut être le meilleur au monde au kendo.
人類学[じんるいがく];コウイチのお父さんの専門は文化人類学です。;La spécialité du père de Koichi est l'anthropologie culturelle.
宙[ちゅう];コウイチのヘリコプターのラジコンは宙をまって地面にげきとつした。;L'hélicoptère radiocommandé de Koichi s'est écrasé au sol après avoir plané dans les airs.
心底[しんそこ];コウイチの不治の病が治って、心底うれしいよ。;Je suis sincèrement heureux que la maladie incurable de Koichi ait été guérie.
宇宙人[うちゅうじん];コウイチの写真は、火星で干ばつと大恐慌の犠牲となった宇宙人たちを正直に、かつ同情を込めてとらえている。|みんな 宇宙人[うちゅうじん]になったつもりで。;Faisons semblant d'être des étrangers.
弓[ゆみ];コウイチの弓がどこにも見当たらないんだ。;Nous ne pouvons trouver l'arc de Koichi nulle part.
愛人[あいじん];コウイチの愛人は、少し鼻にかかったみ力的な声をしていました。;L'amant de Koichi avait une jolie voix légèrement nasillarde.
初回[しょかい];コウイチの新曲の、初回げん定ばんのCDを手に入れました。;J'ai reçu la première édition limitée de la nouvelle chanson de Koichi.
洗練[せんれん];コウイチの洗練されたおもかげを、二度と忘れることはないでしょう。;Je n'oublierai jamais l'apparence du visage raffiné de Koichi.
私生活[しせいかつ];コウイチの私生活は、ひみつのベールにつつまれています。;La vie personnelle de Koichi est entourée de secret.
私財[しざい];コウイチの私財がいくらあるか知っていますか。;Savez-vous combien Koichi a en fonds personnels ?
故意[こい];コウイチの秘密のベーコンを故意に食べた罪を認めます。;Je plaide coupable d'avoir intentionnellement mangé le bacon secret de Koichi.
高値[たかね];コウイチの秘密の日記が、オークションで歴代最高値で落札された。;Le journal intime de Koichi a atteint un prix record lors de la vente aux enchères.
教訓[きょうくん];コウイチの話から、どんな教訓がえられましたか？;Quelle morale peux-tu tirer de l'histoire de Koichi ?
洗車[せんしゃ];コウイチの車の洗車をしたいという方がいたら、hello@tofugu.comまでメールしてください。;S'il y a quelqu'un là-bas qui veut laver la voiture de Koichi, veuillez nous envoyer un courriel à hello@tofugu.com.
放つ[はなつ];コウイチは、するどく変化するサーブを放つバレーボール選手として知られている。;Koichi est connu pour être un joueur de volley-ball qui peut servir une balle courbe très pointue.
不等[ふとう];コウイチは、トーフグの利えきを不等に分配するのがいやなんだよ。;Koichi ne veut pas répartir les bénéfices de Tofugu de manière inégale.
意図的[いとてき];コウイチは、トーフグ社員の基本給を、意図的に引き上げた。;Koichi a intentionnellement augmenté le salaire de base des employés de Tofugu.
字典[じてん];コウイチは、ぬれた字典について、ビエトにせつ明を要求しました。;Koichi a demandé une explication sur le dictionnaire de caractères humides de Viet.
羨む[うらやむ];コウイチは、世界が羨む男だ。;Koichi est un homme que le monde envie.
念願[ねんがん];コウイチは、世界の平和を念願して、出家しました。;Koichi a sincèrement souhaité la paix dans le monde et est devenu prêtre.
快速[かいそく];コウイチは、昨晩、150キロの快速球を投げ込んで才能の違いを見せつけている夢を見た。;Koichi a rêvé la nuit dernière qu'il montrait son talent de lanceur avec une balle rapide à 150 kilomètres par heure.
干渉[かんしょう];コウイチは、私生活への干渉はしないよう社員たちに注意しました。;Koichi a averti les travailleurs de ne pas s'immiscer dans sa vie privée.
自在[じざい];コウイチは、自由自在な発想でいつもみんなをおどろかせてくれます。;Koichi surprend toujours les gens avec ses idées très flexibles.
鼻歌[はなうた];コウイチは、鼻をふくらませながら、鼻歌を歌っていた。;Koichi fredonnait en faisant gonfler son nez.
経験者[けいけんしゃ];コウイチはTofuguに犯罪経験者を雇うと思いますか？;Pensez-vous que Koichi engagerait un criminel expérimenté à Tofugu ?
受諾[じゅだく];コウイチはアメリカ合衆国の大統領になることを渋々受諾した。;Koichi a accepté à contrecœur de devenir président des États-Unis.
保持[ほじ];コウイチは何かの世界記録保持者だと聞きました。;J'ai entendu dire que Koichi était une sorte de détenteur du record du monde.
古典的[こてんてき];コウイチは写真で古典的なポーズをとるのが好きなようだね。;Koichi semble aimer prendre des poses classiques sur les photos.
無休[むきゅう];コウイチは大てい無休で働いている。;Koichi travaille généralement sans prendre de vacances.
世辞[せじ];コウイチは心にもないお世辞を言うのが下手です。;Koichi n'est pas bon pour faire des compliments sincères.
忍者[にんじゃ];コウイチは忍者に、正々堂々と勝負で勝った。;Koichi a battu le ninja juste et carré !
票[ひょう];コウイチは票の大半を得て相手候補者に圧勝し、アメリカ合衆国の大統領となった。;Koichi a battu l'autre candidat avec la majorité des voix et est devenu président des États-Unis d'Amérique.
恩人[おんじん];コウイチは私の恩人です。私がベーコンに溺れていた時、私を救ってくれたんです。;Koichi est mon bienfaiteur. Il m'a sauvé quand j'ai perdu la tête à cause du bacon.
陣[じん];コウイチ大統領は、報道陣と会見をする予定でしたが、食中毒にかかってしまったため中止となりました。;Le président Koichi était censé rencontrer la presse, mais il a eu une intoxication alimentaire et cela a été annulé.
近隣[きんりん];コウイチ大統領は、近隣諸国との関係をないがしろにはしなかった。;Le président Koichi n'a jamais ignoré les relations avec les pays voisins.
情け[なさけ];コウイチ子は、コウイチが情けのかけらもない男だと知って、別れました。;Koichiko a rompu avec Koichi après avoir appris que Koichi est un homme sans même une once de sympathie.
様[さま];コウイチ様は、何もかもが自分の思い通りにならないと気がすまないんですよ。;Koichi-sama ne peut pas le supporter si tout n'est pas exactement comme il le souhaite.
鳩[はと];こうえん の はと に えさ を やった の;J'ai nourri les pigeons dans le parc.
噴水[ふんすい];こうえん の ふんすい の まえ で あいましょう;Retrouvons-nous devant la fontaine du parc.
後悔[こうかい];こうかい して も しょうがない;Il ne sert à rien de regretter le passé.
後期[こうき];こうき の じゅぎょう が はじまりました;Les cours du dernier trimestre ont commencé.
公共[こうきょう];こうきょう の のりもの は だれ で も りよう できます;Les transports en commun sont accessibles à tous.
高原[こうげん];こうげん に は きもち の いい かぜ が ふいていた よ 。;Une brise agréable soufflait sur le plateau.
系列[けいれつ];こうこう そつぎょう ご けいれつ の だいがく に すすみました;Après avoir obtenu son diplôme d'études secondaires, il est entré dans une université affiliée.
延びる[のびる];こうじ の よてい が 1 かげつ のびて しまった;Le calendrier des travaux a été reporté d'un mois.
斯うして[こうして];こうして 私[わたし]はいつも 魚[さかな]を 料理[りょうり]する。;C'est comme ça que je cuisine habituellement des poissons.
歌声[うたごえ];こうしゃ から うたごえ が きこえて きた よ;On pouvait entendre des chants venant du bâtiment de l'école.
前提[ぜんてい];こうしょう が せいりつ する と いう ぜんてい で はなし を すすめます;Nous poursuivons les pourparlers en partant du principe que nous conclurons l'accord.
煙突[えんとつ];こうじょう の えんとつ から けむり が あがって いる;De la fumée s'élève de la cheminée de l'usine.
洪水[こうずい];こうずい で たくさん の いえ が ながされた の;Beaucoup de maisons ont été emportées par l'inondation.
香水[こうすい];こうすい の いい かおり が した 。;Il y avait une belle odeur de parfum.
高速道路[こうそくどうろ];こうそく どうろ は こん でた よ 。;Il y avait beaucoup de circulation sur l'autoroute.
負担[ふたん];こうつうひ は こじん ふたん です;Les frais de déplacement sont à la charge du particulier.
砂糖[さとう];コーヒーに 砂糖[さとう]は[わ] 入[い]れますか。;Voulez-vous du sucre dans votre café ?
三個[さんこ];コーヒーにはミルクとシロップを三個ずつ入れます。;J'ai mis trois laits et trois tasses de sirop dans mon café.
缶[かん];コーヒーはその 缶[かん]に 入[はい]っています。;Le café est contenu dans cette canette.
固体[こたい];こおり は こたい です;La glace est un solide.
浮く[うく];こおり は みず に うきます;La glace flotte sur l'eau.
砕く[くだく];こおり を こまかく くだいて ください;Veuillez écraser la glace en petits morceaux.
蹴る[ける];ごーるきーぱー が ぼーる を けった。;Le gardien a botté le ballon.
お詫び[おわび];ごかい が あった こと を おわび します;Je m'excuse pour le malentendu.
小型[こがた];こがた の すーつけーす を かいました;J'ai acheté une petite valise.
祝日[しゅくじつ];ごがつ みっか は しゅくじつ だ;Le 3 mai est un jour férié.
感想[かんそう];ごかんそう を おきかせ ください;S'il vous plaît dites-moi vos idées.
満点[まんてん];こくご の てすと は まんてん でした;J'ai obtenu la note maximale à un test de japonais.
略す[りゃくす];こくさいれんごう を りゃく して こくれん と いいます;L'ONU est l'abréviation de l'Organisation des Nations Unies.
総理大臣[そうりだいじん];こくみん の 6 わり が そうりだいじん を しじ して います;60% de la population soutient le Premier ministre.
非難[ひなん];こくみん は そうり だいじん を ひなん して いる ね;Les gens critiquent le premier ministre.
一定[いってい];こくみんそうせいさん 国民総生産は いってい 一定の きかん 期間における いっこく 一国の ざい 財 およ 及びサービスを かへいかち 貨幣価値で はか 計った そう 総 せいさん 生産高である。;Gross national product is a nation's total output of goods and services during a given period of time as measured in monetary value.
領土[りょうど];ここ から さき は となり の くに の りょうど です;À partir de là, c'est le territoire du pays voisin.
緩やか[ゆるやか];ここ から さき は ゆるやか な さか に なって います;Il y a une pente douce devant.
未知[みち];ここ から は みち の りょういき です;C'est une zone inconnue à partir de maintenant.
狭まる[せばまる];ここ から みち の はば が せばまって います;La route se rétrécit à partir d'ici.
直角[ちょっかく];ここ で ちょっかく に まがって ください;Veuillez faire un virage à 90 degrés ici.
喫煙[きつえん];ここ で は きつえん できません 。;Il est interdit de fumer ici.
海流[かいりゅう];ここ で ふたつ の かいりゅう が であって いる;Deux courants marins convergent ici.
掘る[ほる];ここ に あな を ほりましょう;Creusons un trou ici.
打ち合わせ[うちあわせ];ごご に うちあわせ を しましょう;Ayons une réunion dans l'après-midi.
所得[しょとく];ここ に きょねん の しょとく を ご きにゅう ください;Veuillez indiquer ici les revenus de l'année dernière.
氏名[しめい];ここ に じゅうしょ と しめい を かいて ください;Veuillez écrire votre nom et votre adresse ici.
月日[がっぴ];ここ に せいねんがっぴ を きにゅう して ください;Veuillez indiquer votre date de naissance ici.
斜め[ななめ];ここ に ななめ に せん を ひいて ください;Veuillez tracer une ligne ici en diagonale.
現住所[げんじゅうしょ];ここ に は げんじゅうしょ を かいて ください;Veuillez écrire votre adresse actuelle ici.
餃子[ぎょうざ];ここ の ぎょうざ は おいしい よ;Les boulettes ici sont savoureuses.
制御[せいぎょ];ここ の ぱねる で きかい ぜんたい を せいぎょ できます;La machine entière peut être contrôlée avec le panneau ici.
臭い[におい];ここ は いや な におい が する 。;Il y a une odeur désagréable ici.
控え室[ひかえしつ];ここ は おきゃくさま よう の ひかえしつ です 。;Il s'agit d'une salle d'attente pour les invités.
栄える[さかえる];ここ は かつて ごーるど らっしゅ で さかえた まち だ よ;Cette ville a autrefois prospéré pendant la ruée vers l'or.
区域[くいき];ここ は きけん くいき よ;C'est une zone dangereuse.
最適[さいてき];ここ は こそだて に さいてき な かんきょう です;C'est le meilleur environnement pour élever des enfants.
名所[めいしょ];ここ は さくら の めいしょ です;Cet endroit est bien connu pour les fleurs de cerisier.
児童[じどう];ここ は じどう の つうがくろ です;C'est un parcours scolaire pour les enfants.
賑わう[にぎわう];ここ は しょうがつ は たくさん の ひと で にぎわいます;C'est animé ici avec beaucoup de monde au Nouvel An.
職員[しょくいん];ここ は しょくいん せんよう の でいりぐち です;Il s'agit d'une entrée réservée au personnel.
境界[きょうかい];ここ は となり の し と の きょうかい です;Voici la frontière avec la ville voisine.
都立[とりつ];ここ は とりつ の びょういん です;C'est un hôpital métropolitain.
地形[ちけい];ここ は なだらか な ちけい です;Le paysage présente ici des pentes douces.
基地[きち];ここ は むかし ぐんじ きち でした;C'était autrefois une base militaire.
懐かしい[なつかしい];ここ は わたし に とって なつかしい ばしょ です;C'est un endroit nostalgique pour moi.
点く[つく];"ここ[;h] を 押[お,おす;h]す と 、 テレビ[;a] が 点[つ,つく;k1,o]きます 。";Si vous appuyez ici, le téléviseur s'allumera.
富士山[ふじさん];ここから 富士山[ふじさん]が 見[み]える。|ふじ山に、ごぜん十一じごろまでにつきたいです。;Le Mt Fuji peut être vu d'ici.
他所[たしょ];ここじゃなくて、どこか他所の店に行こうよ。;Pas ici, allons dans un autre magasin ailleurs.
鋳造[ちゅうぞう];ここで、プラチナ・コインの鋳造をします。;Les pièces de platine sont coulées ici.
枠組み[わくぐみ];ここでの 問題[もんだい]は、 社会[しゃかい]のトレンドを 概観[がいかん]できるような 枠組[わくぐ]みを 創出[そうしゅつ]することである。;La question ici est de créer le dispositif avec lequel nous pourons décrire les tendances sociales.
盗品[とうひん];ここではみんな盗品を売ってるので、「泥棒市場」と呼ばれています。;"Les gens vendent des biens volés ici, c'est ce qu'on appelle le ""marché des voleurs""."
醸成[じょうせい];ここで酒を醸成しているんですね。;Ils brassent du saké ici.
並ぶ[ならぶ];ここに 並[なら]んでください。;S'il vous plaît alignez vous ici.
印鑑[いんかん];ここに 受[う]け 取[と]りの 印鑑[いんかん]をお 願[ねが]いします。;Veuillez mettre votre cachet personnel ici pour le reçu.
個々[ここ];ここに 本[ほん]があります。;Il y a un livre ici.
週刊誌[しゅうかんし];ここに 週刊誌[しゅうかんし]が１ 冊[さつ]あります。;Voici un magazine hebdomadaire.
川柳[せんりゅう];ここにあなたの川柳を書いてもらえませんか？;Pourriez-vous écrire votre senryu ici ?
礎[いしずえ];ここにいる人は皆、総合格闘技の礎を築いた故人の死を悼んでいると思います。;Je pense que tout le monde ici pleure le défunt qui a jeté les bases de l'art martial mixte.
弔う[とむらう];ここには、殉職者の魂を弔う石碑が建てられています。;Nous construisons un mémorial en pierre pour les âmes des soldats morts au combat.
軒[のき];ここには多くのラーメン屋台が軒を連ねています。;Il y a beaucoup de chariots de ramen alignés ici.
据え付ける[すえつける];ここに戸棚を据え付けるつもりだよ。;Je prévois d'installer des placards ici.
日付[ひづけ];ここに日付とサインをお願いします。;Veuillez dater et signer ici.
等号[とうごう];ここに等号を書き忘れているよ。;Vous avez oublié d'écrire un signe égal ici.
家賃[やちん];ここの 家賃[やちん]は１２ 万[まん] 円[えん]です。;Ici, le loyer est de 120 000 yens.
従業[じゅうぎょう];ここの従業員たちは、大阪支店の従業員たちより楽観的なようだ。;Les employés semblent ici plus optimistes que leurs homologues de la succursale d'Osaka.
銅貨[どうか];ここの数枚の銅貨がある。;Il y a quelques pièces de cuivre ici.
庶民的[しょみんてき];ここの饂飩はこの庶民的な味がいいんだよ。;Le goût humble de l'udon ici est bon.
芸術[げいじゅつ];ここは 芸術[げいじゅつ]を 愛[あい]する 国[くに]です。;C'est un pays qui valorise l'art.
穴場[あなば];ここは、フグ料理の穴場なんですよ。;C'est un bon restaurant de poisson-globe, qui n'est pas connu du public.
管轄[かんかつ];ここは、南署の管轄です。;La police du sud a compétence ici.
酪農[らくのう];ここは日本酪農発祥の地です。;C'est le lieu d'origine de l'élevage laitier japonais.
可[か];ここは食べ物は持ち込み不可です;Aucune nourriture n'est autorisée ici
招き猫[まねきねこ];ここを出る時、電動招き猫のコンセントを挿しっぱなしにしないでね。;Ne laissez pas le Maneki Neko électrique branché dans la prise lorsque vous partez d'ici.
腰掛け[こしかけ];こしかけ は ありません か;Il n'y a pas de siège ?
乞食[こじき];こじき が こうえん の べんち で ねて いる;Un mendiant dort sur le parc ben
泥沼[どろぬま];コスタリカの泥沼で、忍者トカゲとしても知られているバシリスクを見ました。;J'ai vu des lézards verts basilic, connus sous le nom de lézard Jésus, dans un marais du Costa Rica.
採算[さいさん];こすと が こんなに たかくて は さいさん が とれません;Lorsque les coûts sont si élevés, aucun profit ne peut être réalisé.
出荷[しゅっか];ごちゅうもん の しな は あす しゅっか いたします;Nous expédierons les marchandises commandées demain.
研修生[けんしゅうせい];こちらが、新しい研修生の三浦くんです。;Voici la nouvelle stagiaire, Miura.
誓約[せいやく];こちらが誓約書となっておりまして、こちらとこちらにサインをして頂く必要があります。;Voici la promesse écrite. Vous devez le signer ici et ici.
下駄[げた];こちらの下駄は二色のお色をご用意しております。;Ces sabots en bois sont disponibles en deux couleurs.
迅速[じんそく];こちらの件に関して、迅速かつ丁寧にご対応頂き誠に有り難うございます。;J'apprécie votre réponse rapide et polie à cette question.
浸透[しんとう];こちらの化粧水は、お肌の奥深くまで浸透するということで、すごく人気が出てきています。;Cette lotion pour le visage devient très populaire car elle pénètre profondément dans la peau.
暫定[ざんてい];こちらの料金設定は暫定的ですのでご留意下さいませ。;Veuillez garder à l'esprit que ces prix sont temporaires.
編者[へんしゃ];こちらの雑誌の編者を務めてくれた丸山君です。;C'est M. Maruyama, qui a travaillé comme rédacteur en chef pour ce magazine.
延長[えんちょう];こっかい の かいき が えんちょう された わ ね;La session de la Diète a été prolongée.
四角い[しかくい];こっちの 四角[しかく]いテーブルを 買[か]おうよ。;Achetons cette table carrée ci.
古典[こてん];こてん 古典の ぶんがくしょ 文学書を よ 読むことは かち 価値のあることです。;Il est intéressant de lire des ouvrages classiques de littérature.
暑さ[あつさ];ことし の なつ は あつさ が きびしい;La chaleur de cet été est accablante.
順位[じゅんい];ことし は きょねん より も じゅんい が あがりました;Notre classement a augmenté cette année plus que l'année dernière.
比較的[ひかくてき];ことし は ひかくてき けいき が いい;Les affaires sont relativement bonnes cette année.
残暑[ざんしょ];ことし も ざんしょ が きびしかった;La chaleur de la fin de l'été a également été rude cette année.
起源[きげん];ことば の きげん に たいへん きょうみ が あります;Je m'intéresse beaucoup à l'origine des mots.
実感[じっかん];こども が あるきはじめた とき こども の せいちょう を じっかん した;J'ai eu une idée précise de la croissance de mon enfant lorsqu'il a commencé à marcher.
欲しがる[ほしがる];こども が じゅーす を ほしがって います;Mon enfant veut du jus.
風船[ふうせん];こども が ふうせん を ふくらませて いる ね;L'enfant gonfle un ballon.
健全[けんぜん];こども の けんぜん な こころ を そだてましょう;Cultivons un état d'esprit sain chez les enfants.
重点[じゅうてん];こども の じしゅせい に じゅうてん を おいて います;Je mets l'accent sur l'autonomie des enfants.
純粋[じゅんすい];こども の じゅんすい な こころ を きずつけて は いけません;Vous ne devriez pas blesser le cœur pur des enfants.
好奇心[こうきしん];こども は こうきしん で いっぱい だ ね;Les enfants sont pleins de curiosité.
甘やかす[あまやかす];こども を あまやかしては いけない の;Il ne faut pas gâter les enfants.
小児科[しょうにか];こども を しょうにか に つれて いく ところ です;Je vais emmener mon enfant chez le pédiatre.
無邪気[むじゃき];こどもたち が むじゃき に あそんで いる ね;Les enfants jouent si innocemment.
順々に[じゅんじゅんに];こどもたち は じゅんじゅんに おかし を うけとった よ;Les enfants ont reçu des collations une à la fois.
駆ける[かける];こどもたち は ひろば に かけて いった わ よ;Les enfants se précipitèrent sur la place.
薄着[うすぎ];こどもたち は ふゆ で も うすぎ で とおします;Les enfants sont habillés légèrement même pendant l'hiver.
没[ぼつ];こないだの原稿は没になってしまった。;Le manuscrit a été rejeté l'autre jour.
線路[せんろ];こねこ が せんろ に まよいこんだ ぞ;Le chaton s'est égaré sur la voie ferrée.
名付ける[なづける];こねこ に とら と なづけました;"J'ai nommé le chaton ""Tora""."
相場[そうば];この あたり の やちん の そうば は いくら です か;Quel est le taux de location en vigueur ici ?
高層[こうそう];この あたり は こうそうびる が ふえました ね;Le nombre d'immeubles de grande hauteur a augmenté ici.
高気圧[こうきあつ];この あつさ は こうきあつ の せい です;Cette chaleur est due à la pression atmosphérique élevée.
柱[はしら];この いえ の はしら は ふとい;Les piliers de cette maison sont épais.
性質[せいしつ];この いぬ は おだやか な せいしつ だ よ;Ce chien a un caractère calme.
脆い[もろい];この いわ は いがい と もろい;Cette roche est d'une fragilité inattendue.
器[うつわ];この うつわ は じょうとう ね;Ce plat est vraiment de qualité supérieure.
対比[たいひ];この え は あか と くろ の たいひ が うつくしい です ね;Le contraste du rouge et du noir sur cette photo est magnifique.
値打ち[ねうち];この え は とても ねうち が あります;Ce tableau est très précieux.
何遍[なんべん];この えいが は なんべん も みました;J'ai vu ce film plusieurs fois.
製作[せいさく];この えいが は ほんこん で せいさく されました;Ce film a été produit à Hong Kong.
割に[わりに];この えいが は わりに おもしろい わ;Ce film est plutôt intéressant.
乗り降り[のりおり];この えき で たくさん の ひと が のりおり します ね;Un grand nombre de personnes montent et descendent à cette gare.
半径[はんけい];この えん の はんけい は 5 せんち です;Le rayon de ce cercle est de cinq centimètres.
直径[ちょっけい];この えん は ちょっけい 6 せんち です;Ce cercle a un diamètre de 6 cm.
尖る[とがる];この えんぴつ は とがって います ね;Ce crayon est pointu.
遂げる[とげる];この かいしゃ は きゅうせいちょう を とげました;Cette entreprise a connu une croissance rapide.
渋い[しぶい];この かき は しぶい ね;Ce kaki est amer.
創立[そうりつ];この がっこう は 1962 ねん に そうりつ されました;Cette école a été créée en 1962.
鐘[かね];この かね の ね は とても きれい です ね;Le son de cette cloche est très beau.
釣り合い[つりあい];この かみひこうき は さゆう の つりあい が とれて いない な;L'équilibre droite-gauche sur cet avion en papier n'est pas bon.
写る[うつる];この かめら は よく うつります よ;Cet appareil photo prend de bonnes photos.
河口[かこう];この かわ の かこう は たいへいよう に そそいで います;L'embouchure de ce fleuve se jette dans l'océan Pacifique.
幹[みき];この き の みき は とても ふとい よ;Le tronc de cet arbre est très épais.
仕組み[しくみ];この きかい の しくみ は ふくざつ だ;Le mécanisme de cette machine est complexe.
取り扱い[とりあつかい];この きかい は とりあつかい に ちゅうい して ください;Soyez prudent lorsque vous manipulez cette machine.
滑らか[なめらか];この きじ は なめらか な てざわり が とくちょう です;La principale caractéristique de ce tissu est sa texture lisse.
言い表わす[いいあらわす];この きもち を うまく いいあらわせません;Je ne peux pas bien exprimer ce sentiment.
単調[たんちょう];この きょく は たんちょう で つまらない な;Ce morceau est monotone et ennuyeux.
和らぐ[やわらぐ];この きょく を きく と きもち が やわらぎます;Quand j'entends ce morceau, je me sens à l'aise.
句[く];この く は どんな いみ でしょう か;Que signifie cette phrase?
無効[むこう];この くーぽん は もう むこう です;Ce coupon est déjà invalide.
効き目[ききめ];この くすり の ききめ は すばらしい の;Ce médicament est tellement efficace.
認可[にんか];この くすり は まだ にんか されて いません;Ce médicament n'a pas encore été approuvé.
植民地[しょくみんち];この くに は いぎりす の しょくみんち でした;Ce pays était une colonie de la Grande-Bretagne.
減少[げんしょう];この くに は じんこう が げんしょう して いる わ ね;La population de ce pays diminue.
文化的[ぶんかてき];この くに は ぶんかてき な じぎょう に ちから を いれて います;Ce pays s'investit dans des projets culturels.
郡[ぐん];この ぐん は らいねん し に なります よ;Ce comté deviendra une ville l'année prochaine.
未定[みてい];この けん の たんとうしゃ は みてい です;Il n'est pas encore décidé qui sera la personne en charge de ce dossier.
覚え[おぼえ];この こ は おぼえ が はやい ね;Ce gamin se souvient des choses rapidement.
加工[かこう];この こうじょう で は さかな を かこう して いる;Cette usine transforme du poisson.
勢力[せいりょく];この ころ は ろーま が せいりょく を のばして いました;A cette époque, Rome étendait sa puissance.
無制限[むせいげん];この さいと で は おんがく を むせいげん で だうんろーど できる;Vous obtenez des téléchargements de musique illimités sur ce site.
有害[ゆうがい];この ざいりょう は ゆうがい だ よ;Ce matériau est dangereux.
徐行[じょこう];この さき は じょこう して ください;Veuillez avancer lentement.
突き当たり[つきあたり];この さき は つきあたり です;Il y a une intersection en T devant.
月刊[げっかん];この ざっし は げっかん です か;Ce magazine est-il mensuel ?
戸棚[とだな];この さら を とだな に しまって ください;Veuillez ranger cette assiette dans le placard.
三角形[さんかくけい];この さんかくけい の めんせき を だしなさい|どうすれば、三角形のオニギリをにぎれるんですか？;Déterminez les dimensions de ce triangle.|Comment transformer un onigiri en triangle ?
参考書[さんこうしょ];この さんこうしょ は とても やく に たつ よ;Ce livre de référence est très utile.
意義[いぎ];この じぎょう に は おおき な いぎ が あります;Ce projet a une portée énorme.
時給[じきゅう];この しごと は じきゅう せんえん です;Ce travail paie 1000 yens par heure.
下旬[げじゅん];この しごと は らいげつ の げじゅん に は おわります;Ce travail se terminera à la fin du mois prochain.
成り立つ[なりたつ];この しま は かんこう で なりたって います;Cette île est construite sur le tourisme.
引き伸ばす[ひきのばす];この しゃしん を ひきのばして ください;Merci d'agrandir cette photo.
週刊[しゅうかん];この しゅうかんし を まいしゅう かって いる の;J'achète cet hebdomadaire chaque semaine.
周辺[しゅうへん];この しゅうへん に は だいがく が おおい;Il y a beaucoup d'universités dans ce domaine.
免税[めんぜい];この しょうひん は めんぜい です;Ce produit est détaxé.
引き分け[ひきわけ];この しょうぶ は ひきわけ です;Ce match est une égalité.
書き直す[かきなおす];この しょるい を かきなおして ください;Veuillez réécrire ce document.
社説[しゃせつ];この しんぶん の しゃせつ は おもしろい ね;L'éditorial de ce journal est intéressant.
緩い[ゆるい];この ずぼん は ゆるい です;Ce pantalon est ample.
低温[ていおん];この せいひん は ていおん で ほぞん して ください;Veuillez stocker ce produit à basse température.
勝敗[しょうはい];この せっと で しょうはい が きまります;La victoire ou la défaite sera décidée dans cet ensemble.
軸[じく];この せん を じく に して ずけい を かいてん して ください;Veuillez prendre cette ligne comme axe et faire pivoter la figure autour d'elle.
呼び名[よびな];この せんせい 先生は「おじさん」という よびな 呼び名で とお 通っている。;"This teacher goes by the name of ""Pops."""
素材[そざい];この そざい 素材は けっ 決して すりへ すり減ったりしない。;Ce matériau ne s'use jamais.
合成[ごうせい];この そふと で がぞう を ごうせい できます;Les images peuvent être synthétisées avec ce logiciel.
付属[ふぞく];この そふと に は いろいろ な つーる が ふぞく して います;Divers outils sont inclus avec ce logiciel.
国際化[こくさいか];この だいがく も こくさいか して きた な;Cette université s'est internationalisée.
構造[こうぞう];この たてもの の こうぞう は ふくざつ です;La structure de ce bâtiment est complexe.
文化財[ぶんかざい];この たてもの は くに の ぶんかざい です;Ce bâtiment est un bien culturel national.
水平[すいへい];この たな は すいへい に なって いません ね;Cette étagère n'est pas horizontale.
段階[だんかい];この だんかい で は けつだん する の は まだ はやい;A ce stade, il est encore tôt pour se décider.
放射能[ほうしゃのう];この ちく は ほうしゃのう に おせん された ん だ;Cette zone a été contaminée par la radioactivité.
栽培[さいばい];この ちほう で は みかん の さいばい が さかん です;La culture de la mandarine est bien développée dans cette région.
綱[つな];この つな は ちょっけい 20 せんち ある そう です|二つの気球の間を綱渡りした男の人の話はもうお聞きになりましたか？;J'ai entendu dire que le diamètre de la corde est de 20 cm. Avez-vous entendu parler du type qui a marché sur une corde raide entre deux montgolfières ?
不完全[ふかんぜん];この でーた は まだ ふかんぜん ね;Ces données sont encore inachevées.
清書[せいしょ];この てがみ を せいしょ して ください;Veuillez faire une copie propre de cette lettre.
落第[らくだい];この てすと に しっぱい したら らくだい です;Vous allez échouer si vous échouez à ce test.
停車[ていしゃ];この でんしゃ は とうきょう まで ていしゃ いたしません;Ce train ne s'arrêtera pas avant Tokyo.
呪い[のろい];この でんしゃ は ほんとうに のろい です ね;Ce train est vraiment lent.
有料[ゆうりょう];この といれ は ゆうりょう です;Il s'agit de toilettes payantes.
用途[ようと];この どうぐ の ようと を せつめい します;Je vais vous expliquer comment utiliser cet outil.
峠[とうげ];この とうげ を こえる と むら が あります;Il y a un village si vous passez par ce col de montagne.
規模[きぼ];この どうぶつえん は にっぽんいち の きぼ です;C'est le plus grand zoo du Japon.
玉蜀黍[とうもろこし];この とうもろこし は あまく て おいしい;Ce maïs est doux et délicieux.
商店[しょうてん];この とおり に は しょうてん が おおい ね;Il y a de nombreux magasins dans cette rue.
地帯[ちたい];この とし は こうぎょう ちたい です;Cette ville est une zone industrielle.
面積[めんせき];この とち の めんせき は どれ くらい です か;Quelle est la superficie de ce terrain ?
平方[へいほう];この とち の めんせき は やく 100 へいほうめーとる です;La superficie de ce terrain est d'environ 100 mètres carrés.
貨物[かもつ];この とらんく は かもつ で おくろう;Envoyons cette malle par fret.
脂[あぶら];この にく は あぶら が おおい;Cette viande est grasse.
重量[じゅうりょう];この にもつ は かなり の じゅうりょう です ね;Ce bagage est assez lourd.
超過[ちょうか];この にもつ は じゅうりょう ちょうか です;Ce bagage est en surpoids.
倉庫[そうこ];この にもつ を そうこ に はこびましょう;Portons ce bagage à l'entrepôt.
草木[くさき];この にわ は くさき が かれて いる ね;Les plantes se dessèchent dans ce jardin.
無害[むがい];この のうやく は ひと に は むがい です;Ce produit chimique agricole est inoffensif pour l'homme.
乗車[じょうしゃ];この ばす の うんちん は じょうしゃ する とき に はらいます;Dans ce bus, vous payez le prix lorsque vous montez.
満員[まんいん];この ばす は まんいん です;Ce bus est plein.
麦[むぎ];この はたけ で は むぎ を つくって います;Nous cultivons du blé dans ce domaine.
観賞[かんしょう];この はちうえ は かんしょうよう です;Cette plante en pot est à usage ornemental.
内緒[ないしょ];この はなし は かちょう に は ないしょ です よ;Vous devez garder ce secret vis-à-vis du chef de section.
見覚え[みおぼえ];この ひと に みおぼえ が あります か;Vous souvenez-vous avoir vu cette personne ?
区分[くぶん];この ひょう は ねんれい くぶん ごと の じんこう を あらわして います;Ce tableau montre la population divisée en tranches d'âge.
看護[かんご];この びょういん は にじゅうよじかん かんご です;Cet hôpital a des soins 24 heures sur 24.
耐える[たえる];この びる は おおじしん に たえられる でしょう か;Ce bâtiment serait-il capable de résister à un grand tremblement de terre ?
現像[げんぞう];この ふぃるむ を げんぞう して ください;Merci de développer ce film.
深さ[ふかさ];この ぷーる の ふかさ は にめーとる です;Cette piscine a deux mètres de profondeur.
竹[たけ];この ふえ は たけ で できて いる;Cette flûte est en bambou.
縮み[ちぢみ];この ふく の ちぢみ ぐあい は ひどい;Ces vêtements ont terriblement rétréci.
縮む[ちぢむ];この ふく の ちぢみ ぐあい は ひどい;Ces vêtements ont terriblement rétréci.
流行[はやり];この ふく は いま の はやり です;Ces vêtements sont à la dernière mode.
窮屈[きゅうくつ];この ふく は きゅうくつ に なった な;Ces vêtements sont devenus serrés.
酸っぱい[すっぱい];この ぶどう は すっぱい です;Ces raisins sont acides.
従来[じゅうらい];この ぷりんたー は じゅうらい の もの より はやい;Cette imprimante imprime plus rapidement que les modèles précédents.
繋がり[つながり];この ぶん の つながり は おかしい です;Le déroulement de cette phrase est étrange.
飾り[かざり];この へや は かざり が おおすぎる な;Il y a trop de décorations dans cette pièce.
天井[てんじょう];この へや は てんじょう が たかい です ね;Cette chambre a un haut plafond.
日当たり[ひあたり];この へや は ひあたり が いい;Cette pièce reçoit beaucoup de soleil.
見晴らし[みはらし];この べらんだ は みはらし が いい;La vue de cette véranda est bonne.
一帯[いったい];この へん いったい は りんごばたけ です;Toute la région ici est constituée de vergers de pommiers.
消費者[しょうひしゃ];この ほうりつ は しょうひしゃ を まもる ため の もの です;Cette loi est utilisée pour défendre le consommateur.
操縦[そうじゅう];この ぼーと は そうじゅう が かんたん です;Ce bateau est facile à manœuvrer.
弾む[はずむ];この ぼーる は よく はずみます ね;Cette balle rebondit bien.
最上[さいじょう];この ほてる で は さいじょう の さーびす が うけられます;Vous pouvez obtenir le meilleur service dans cet hôtel.
著す[あらわす];この ほん で は しぜん の たいせつさ が よく あらわされて いる よ;L'importance de la nature est bien écrite dans ce livre.
作者[さくしゃ];この ほん の さくしゃ は だれ です か;Qui est l'auteur de ce livre ?
定価[ていか];この ほん の ていか は 525 えん です;Le prix régulier de ce livre est de 525 yens.
所々[ところどころ];この ほん は ぺーじ が ところどころ やぶれて いる ね;Les pages sont déchirées ici et là dans ce livre.
横書き[よこがき];この ほん は よこがき です;Ce livre est imprimé horizontalement.
偽物[にせもの];この ほんもの 本物の ほうせき 宝石とその にせもの 偽物とを ひかく 比較してみなさい。;Comparez ce joyau authentique avec cette imitation.
商業[しょうぎょう];この まち で は しょうぎょう が さかん だ;Les affaires sont florissantes dans cette ville.
消防署[しょうぼうしょ];この まち に は しょうぼうしょ が ひとつ しか ありません;Il n'y a qu'une seule caserne de pompiers dans cette ville.
人情[にんじょう];この まち の ひとたち に は にんじょう が ある ね;Les gens de cette ville ont de l'humanité.
隣り合う[となりあう];この まち は やま と うみ が となりあって います;Cette ville est située entre la mer et la montagne.
倣う[ならう];この まち は ろんどん に ならって つくられました;Cette ville a été construite pour ressembler à Londres.
閉店[へいてん];この みせ は 8 じ に へいてん します;Ce magasin ferme à huit heures.
定休日[ていきゅうび];この みせ は すいよう が ていきゅうび です;Cette boutique est fermée le mercredi.
片側[かたがわ];この みち は かたがわ つうこう です;Cette route est une rue à sens unique.
凸凹[でこぼこ];この みち は でこぼこ して います ね;Cette route est cahoteuse.
曲線[きょくせん];この みち は ゆるい きょくせん を えがいて いる よ;Cette route serpente doucement.
田畑[たはた];この むら に は たはた が たくさん あります;Il y a beaucoup de champs dans ce village.
平面[へいめん];この めがね を かける と へいめん が りったい に みえます;Lorsque vous portez ces lunettes, les choses bidimensionnelles semblent tridimensionnelles.
採る[とる];この やま で は きのこ が とれます よ;Vous pouvez ramasser des champignons sur cette montagne.
紅葉[こうよう];この やま は こうよう が とても うつくしい;Les feuilles d'automne sur cette montagne sont très belles.
遊園地[ゆうえんち];この ゆうえんち の ちけっと は さんぜんえん です;Les billets pour ce parc d'attractions coûtent 3000 yens.
正義[せいぎ];この よ に せいぎ は ない の だろう か;N'y a-t-il pas de justice dans ce monde ?
応用[おうよう];この れしぴ は いろいろ おうよう できます;Cette recette peut être utilisée de plusieurs façons.
衛生的[えいせいてき];この れすとらん は えいせいてき で あんしん です;Ce restaurant est propre et sûr.
国産[こくさん];この わいん は こくさん です;Ce vin est un produit domestique.
二階建て[にかいだて];この 二階建[にかいだ]ての 家[いえ]には 庭[にわ]が 付[つ]いていますか？;Pour cette maison à deux étages, y a-t-il un jardin rattaché ? 
一方的[いっぽうてき];この 件[けん]に 関[かん]する 彼[かれ]の 解釈[かいしゃく]はあまりにも 一方的[いっぽうてき]だ。;Son interprétation sur ce sujet est trop arbitraire.
税込[ぜいこみ];この 値段[ねだん]は 税込[ぜいこみ]ですか。;Ce prix comprend-il les taxes ?
編成[へんせい];この 列車[れっしゃ]は 七[しち] 両[りょう] 編成[へんせい]です。;Ce train est composé de sept voitures.
発音[はつおん];この 単語[たんご]を 発音[はつおん]してください。;Veuillez prononcer ce mot.
原稿[げんこう];この 原稿[げんこう]は 書き直[かきなお]したほうがいいな。;Je ferais mieux de réécrire ce document.
味噌汁[みそしる];この 味噌汁[みそしる]は 熱[あつ]くて 飲[の]めない。;Cette soupe miso est trop chaude à boire.
内部[ないぶ];この 図解[ずかい]は 地球[ちきゅう]の 深[ふか]い 内部[ないぶ]を 示[しめ]している。;Ce schéma représente les profondeurs de la terre.
乏しい[とぼしい];この 国[くに]には 石油[せきゆ]が 乏[とぼ]しい。;Le pétrole est rare dans ce pays.
物価[ぶっか];この 国[くに]の 物価[ぶっか]はここ１０ 年[ねん]で 高[たか]くってなったね。;Les prix dans ce pays sont devenus chers au cours des 10 dernières années.
良し悪し[よしあし];この 女の子[おんなのこ]はまだ 小[ちい]さくてもののよしあしがわからない。;La jeune fille n'est pas assez âgée pour être responsable.
有数[ゆうすう];この 山[やま]は 世界[せかい]でも 有数[ゆうすう]の 高[たか]い 山[やま]です。;Cette montagne est parmi les plus hautes du monde.
浅い[あさい];この 川[かわ]は 浅[あさ]いです。;Cette rivière est peu profonde (superficielle).
雪どけ水[ゆきどけみず];この 川[かわ]は 雪解[ゆきど]けの 後[あと] 氾濫[はんらん]することがある。;Cette rivière déborde parfois après le dégel.
座布団[ざぶとん];この 座布団[ざぶとん]は 座[すわ]り 心地[ごこち]がいいね。;Ce coussin est confortable pour s'asseoir dessus.
彫刻[ちょうこく];この 彫刻[ちょうこく]はロダン 作[さく]だ;Cette sculpture est l'œuvre de Rodin.
操作[そうさ];この 携帯[けいたい] 電話[でんわ]は 操作[そうさ]が 簡単[かんたん]です。;Ce téléphone cellulaire est facile à utiliser.
訳す[やくす];この 文[ぶん]を 英語[えいご]に 訳[やく]しなさい。;Mettez cette phrase en anglais.
書き換える[かきかえる];この 文章[ぶんしょう]は 書き換[かきか]えなければならない。;Vous devriez réécrire cette phrase.
辛い[からい];この 料理[りょうり]は 安[やす]くても 辛[から]いです。;Ce plat est bon marché mais épicé
完璧[かんぺき];この 朝食[ちょうしょく]は、 栄養[えいよう]のバランスが 完璧[かんぺき]だ。;Ce petit-déjeuner a un équilibre nutritionnel parfait.
問い合わせる[といあわせる];この 本[ほん]が 図書館[としょかん]にあるかどうか 問い合[といあ]わせて 下[くだ]さい。;Demandez-leur s'ils ont ce livre à la bibliothèque.
短編小説[たんぺんしょうせつ];この 本[ほん]には 短編小説[たんぺんしょうせつ]がたくさん 入[は]っている。;Ce livre contient beaucoup d'histoires.
随筆[ずいひつ];この 本[ほん]は 新聞[しんぶん]に 掲載[けいさい]された 随筆[ずいひつ]をまとめたものだ;Ce livre est un receuil d'essais publiés dans le journal.
其の上[そのうえ];この 本[ほん]はおもしろい、 その上[そのうえ]、 非常[ひじょう]にためになる。;Ce livre est intéressant et, qui plus est, très instructif.
亀[かめ];この 池[いけ]には 亀[かめ]がいますね。;Il y a une tortue dans cet étang.
流し台[ながしだい];この 流し台[ながしだい]は 石[いし]でできている。;Cet évier est en pierre.
温泉[おんせん];この 温泉[おんせん]はとても 人気[にんき]があります。;Cette source chaude est très populaire.
箇所[かしょ];この 湖[みずうみ]はこの 箇所[かしょ]が 一番[いちばん] 深[ふか]い。;Le lac est le plus profond à cet endroit.
丸い[まるい];この 猫[ねこ]は 頭[あたま]が 丸[まる]い。;Ce chat a une tête ronde.
緑[みどり];この 町[まち]には 緑[みどり]がたくさんあります。;Il y a beaucoup de verdure dans cette ville.
居酒屋[いざかや];この 町[まち]には、たくさん 居酒屋[いざかや]がある。;Il y a de nombreux pubs japonais dans cette ville.
盛ん[さかん];この 町[まち]は、 今[いま]でも 祭[まつ]りが 盛[さか]んだ。;Les festivals sont toujours florissants dans cette ville.
地球温暖化[ちきゅうおんだんか];この 研究[けんきゅう]は 各国[かっこく]の 移民[いみん] 政策[せいさく]を 比較[ひかく]するものである。;Cette étude compare les politiques d'immigration de diverses nations.
設備[せつび];この 研究所[けんきゅうじょ]には 最新[さいしん]の 設備[せつび]が 揃[そろ]っています。;Ce laboratoire dispose des équipements les plus récents.
作品[さくひん];この 絵[え]はゴッホの 作品[さくひん]だ。;Cette peinture est l'une des œuvres de Van Gogh.
自動販売機[じどうはんばいき];この 自動販売機[じどうはんばいき]、 動[うご]かない。;Ce distributeur automatique ne fonctionne pas.
効果[こうか];この 薬[くすり]には 胃[い]を 守[まも]る効果[こうか]がある。;Ce médicament a un effet protecteur sur l'estomac.
血圧[けつあつ];この 薬[くすり]は、血圧[けつあつ]を 下[さ]げます。;Ce médicament réduit votre tension artérielle.
例外[れいがい];この 規則[きそく]には 例外[れいがい]は 認[みと]められない。;Cette règle n'admet aucune exception.
主食[しゅしょく];この 詩[し]は 誰[だれ]が 書[か]いたのですか。;Par qui ce poème a-t-il été écrit?
手動式[しゅどうしき];この 詩[し]は 誰[だれ]が 書[か]いたのですか。;Par qui ce poème a-t-il été écrit ?
部品[ぶひん];この 車[くるま]の 予備[よび]の 部品[ぶひん]を 買[か]うことができない。;Je ne peux pas acheter de pièces de rechange pour cette voiture.
道[みち];この 道[みち]を 真[ま]っ 直[す]ぐ 行[い]くと 駅[えき]です。;Allez tout droit sur cette route et il y a la gare.
誰でも[だれでも];この 部屋[へや]では 誰[だれ]でも 話[はな]すことができます。;N'importe qui peut parler dans cette salle.
湿気[しっけ];この 部屋[へや]は 暗[くら]くて 湿気[しっけ]が 多[おお]いね。;Cette pièce est sombre et humide.
誇り[ほこり];この 部屋[へや]はほこりだらけですね。;Cette pièce est recouverte de poussière.
鉱山[こうざん];この 鉱山[こうざん]は 来月[らいげつ] 閉山[へいざん]になる。;Cette mine sera fermée le mois prochain.
雑誌[ざっし];この 雑誌[ざっし]はよく 売[う]れています。;Ce magazine se vend bien.
薄い[うすい];この 電子[でんし] 辞書[じしょ]はとても 薄[うす]い。;Ce dictionnaire électronique est très mince.
電子辞書[でんしじしょ];この 電子辞書[でんしじしょ]は 使[つか]うのが 簡単[かんたん]です。;Ce dictionnaire électronique est facile à utiliser.
軽い[かるい];この 靴[くつ]はとても 軽[かる]い。;Ces chaussures sont très légères.
に因って[によって];この 音楽[おんがく]はバッハによって作曲[さっきょく]された。;Cette musique a été composée par Bach.
この頃[このごろ];この 頃[ごろ]、 寒[さむ]い 日[ひ]が 多[おお]いですね。;Il y a eu beaucoup de jours froids récemment.
機会[きかい];この 頃[ごろ]、お 酒[さけ]を 飲[の]む 機会[きかい]が 増[ふ]えました。;Ces temps ci, mes occasions de boire de l'alcool ont augmenté.
風邪薬[かぜぐすり];この 風邪[かぜ] 薬[ぐすり]を 飲[の]みなさい。;Prends ce médicement pour le rhum.
硬貨[こうか];この１ドル紙幣を１０セント硬貨１０枚にしたいのですが。;Je voudrais échanger ce billet d'un dollar contre dix pièces de 10 cents.
独占[どくせん];この２ 社[しゃ]が 市場[しじょう]を 独占[どくせん]しています。;Ces deux sociétés sont en train de monopoliser le marché.
何の[どの];この5つの中で、どのドラマが一番好きですか？;Parmis ces 5, quel drama aimez-vous le plus ?
休憩[きゅうけい];このあと、10分休憩を取ります。;Après cela, nous ferons une pause de 10 minutes.
隔週[かくしゅう];このアニメは隔週で放送されていて、私はそのオープニング曲とエンディング曲が好きです。;Cet anime est diffusé toutes les deux semaines et j'aime ses chansons d'ouverture et de fin.
経路[けいろ];このアパートから東大までの一番速くて安い通学経路を教えてください。;Quel est l'itinéraire le plus rapide et le moins cher pour se rendre de cet appartement à l'université de Tokyo ?
傷む[いたむ];このアボカド、昨日買ったところなのにもう傷んでるよ。;J'ai acheté cet avocat hier et il est déjà mauvais.
甘い[あまい];このいちごは 甘[あま]い。;Cette fraise est sucrée.
閲覧[えつらん];このウェブサイトには閲覧規制がかかっています。;Il existe des restrictions de navigation sur ce site.
搾取[さくしゅ];このエージェントは、ギャラをかなり搾取することで有名だ。;Cet agent est réputé pour exploiter considérablement ses garanties.
守り[まもり];このお守り、どのぐらいお借りしていてもいいですか？;Combien de temps puis-je avoir ce charme?
心得る[こころえる];このお方をどなたと心得るか。;Est-ce que quelqu'un sait qui est cette femme ?
推奨[すいしょう];このカボチャのパイは、焼き上がりでも美味しく召し上がって頂けるのですが、私たちは御賞味の前に少し冷蔵庫に入れて頂くことを推奨しています。;Cette tarte à la citrouille est délicieuse juste après la cuisson, mais nous vous recommandons de la réfrigérer pendant une courte période avant de la manger.
前景[ぜんけい];このカメラでは、どうすれば前景の被写体にピントを合わせることができるんですか？;Comment puis-je faire la mise au point sur quelque chose au premier plan avec cet appareil photo ?
部首[ぶしゅ];このかん字の部首は何ですか？;Quel est le radical de ce kanji ?
切り取る[きりとる];このキャベツのしんを切り取ってもらえますか？;Pouvez-vous couper le cœur de ce chou ?
価値観[かちかん];このグループに 存在[そんざい]する 儒教的[じゅきょうてき] 価値観[かちかん]を 強調[きょうちょう]したい。;Je voudrais souligner les valeurs confuciennes qui existent dans ce groupe.
一番目[いちばんめ];このごうかな朝食を食べ終わって、一番目のかんそうは、やっぱりベーコンはおいしい、です。;La première chose qui me vient à l'esprit après avoir terminé ce merveilleux petit-déjeuner est que le bacon est délicieux, comme nous le savons tous.
暖かい[あたたかい];このコートはとても 暖[あたた]かい。;Ce manteau est très chaud.
不機嫌[ふきげん];このごろ あの ひと は ふきげん です ね;Il est de mauvaise humeur ces derniers temps.
侵入[しんにゅう];このコンピュータウィルスは、大晦日の夜に時計の針が12時を告げると、何千台ものパソコンに侵入をするんですよ。;Ce virus informatique va pénétrer des milliers d'ordinateurs sur le coup de minuit le soir du Nouvel An.
累計[るいけい];このサイトでは、人気アプリの累計ダウンロードランキングを毎日更新しています。;Je mets à jour le classement total des téléchargements pour les applications populaires tous les jours sur ce site.
一冊[いっさつ];このざっしは一冊四百八十円です。;Ce magazine coûte 480 yens pour un volume.
恒常[こうじょう];このシステムで部屋の温度を恒常に保っています。;Avec ce système, nous pouvons toujours le conserver à température ambiante.
目玉[めだま];このじゃがいもを、ゆきだるまの目玉にします。;Je vais utiliser ces pommes de terre pour les globes oculaires du bonhomme de neige.
絹[きぬ];このシャツは 絹[きぬ]でできています。;Cette chemise est faite en soie.
穀物[こくもつ];このスープには五種類の穀物が入っています。;Il y a cinq types de céréales dans cette soupe.
感触[かんしょく];このストールの感触、シルクみたい。;Cette écharpe ressemble à de la soie.
折り目[おりめ];このズボンには、折り目がなかったということを、ここに証明いたします。;Je certifie par la présente que ce pantalon est sans un seul pli.
及び[および];このセキュリティー対策アプリは、AndroidOS及びiOSのどちらでもご利用頂けます。;Cette application de sécurité est pour Android OS ainsi que iOS.
管理[かんり];このセンターで工場全体を管理しています。;Ce centre gère l'ensemble de l'usine.
付き[つき];このそうじきは、一年間のほしょうしょ付きですよ。;Cet aspirateur est livré avec une garantie d'un an.
肌触り[はだざわり];このタオルはとても柔らかくて心地よい肌触りです。;Cette serviette est très douce et agréable au tou
この度[このたび];このたび は ごけっこん おめでとう ございます;Félicitations pour votre mariage.
妖精[ようせい];このチューリップの花の中には妖精が住んでいるんだ。;Il y a une fée qui vit à l'intérieur de cette tulipe.
良質[りょうしつ];このテーブルは 良質[りょうしつ]のオーク 材[ざい]でできている。;Cette table est fabriquée à partir de bois de chêne de qualité.
初心者[しょしんしゃ];このテキストは しょしんしゃ 初心者 む 向きにできている。;Ce texte s'adresse aux débutants.
活用形[かつようけい];このどうしの活用形を教えてください。;S'il vous plaît, apprenez-moi la forme conjuguée de ce verbe.
畜産[ちくさん];このトウモロコシは畜産用飼料なので、人間用ではありません。;Ce maïs est un aliment d'élevage et non destiné à la consommation humaine.
取れる[とれる];このナスは 畑[はたけ]で 取[と]れたばかりです。;Cette aubergine vient d'être cueillie sur le terrain.
画像[がぞう];このパソコンは 画像[がぞう]がとても 綺麗[きれい]だ。;L'affichage sur cet ordinateur est vraiment clair.
福島[ふくしま];このバンドのボーカルは、福島の出身です。;Le chanteur de ce groupe vient de Fukushima.
賢明な[けんめいな];このビールを買うのは賢明なご決断ですよ。コクがあるだけでなく、喉ごしもとてもいいですからね。;L'achat de cette bière est une sage décision. Non seulement il a une saveur corsée, mais il a aussi une finale agréable et propre.
要|要するする[よう|ようするする];このビルは 完成[かんせい]までに２ 年[ねん]を 要[よう]した。;Ce bâtiment nécessitait deux ans pour être achevé.
電波[でんぱ];このビルはコンクリでできてるので、む線の電波はとどきません。;Ce bâtiment est en béton, il ne peut donc pas être pénétré par les ondes radio.
直行[ちょっこう];このひ行きは、東京に直行します。;Cet avion est direct à Tokyo.
閉鎖の[へいさの];このプールは今月で閉鎖されます。;La piscine est fermée ce mois-ci.
本流[ほんりゅう];このフグは、トーフ川本流のワニカニはしの下でつれました。;J'ai attrapé ce poisson-globe sous le pont WaniKani dans le cours principal de la rivière Tofu.
萌え[もえ];このブログでは、萌え系を中心に、僕の好きなアニメや漫画を紹介していきます。;Ce blog me présente les personnages moe de mes animes et mangas préférés.
複雑[ふくざつ];このプログラムはとても 複雑[ふくざつ]です。;Ce programme est très complexe.
猛烈[もうれつ];このプロジェクトのリーダーを買って出たことを、今猛烈に後悔しています。;Je regrette sérieusement de m'être porté volontaire pour être le chef de ce projet maintenant.
新芽[しんめ];このペースじゃ、夕方までにお茶の新芽を摘み終わるのは無理じゃないかな。;A ce rythme, il sera impossible de finir de cueillir tous les germes de thé le soir.
立て込む[たてこむ];このへん は じゅうたく が たてこんで います;Ce quartier est encombré de maisons.
一人称[いちにんしょう];このホラー映画は、一人称の視点から撮影されています。;Ce film d'horreur a été tourné à la première personne.
に陥る[におちいる];このままでは、価格競争に陥るのがオチですよ。;À ce rythme, il est lié à l'effondrement de la concurrence des prix.
縫製[ほうせい];このミシンで縫製加工していきます。;Le processus de couture a été fait avec cette machine à coudre.
捕獲[ほかく];このメモ帳に、巨人の捕獲についての思いついたことを全部メモしています。;Dans ce bloc-notes, j'ai noté toutes mes idées pour capturer des titans.
接する[せっする];このような せっ 接し かた 方の へんか 変化は、 ほか 他の へんか 変化もそうであるが、 ほか 他の くに 国においても おこ 起こっている。;Entre autres changements, ce changement d'attitude s'est également produit dans divers pays.
運搬[うんぱん];このレストランには、食事やその他の細々したものを運搬するためのミニエレベータがあります。;Il y a un mini ascenseur utilisé pour transporter de la nourriture et d'autres petites choses dans ce restaurant.
潤う[うるおう];このローションを使えば、あなたのお肌はプルプルに潤いますよ。;Si vous utilisez cette lotion, elle hydratera votre peau pour qu'elle soit ferme et douce.
自浄[じじょう];この事件が業界の自浄を促すだろう。;Cet incident favorisera l'auto-épuration de l'industrie.
軒[けん];この人は、マンションを五軒持っています。;Ce type a cinq appartements.
人達[ひとたち];この人達、みんな本当によく舌が回るよね。;Ces gens sont vraiment bavards, hein ?
やり甲斐[やりがい];この仕事は、誰かのために役に立つことができるので、とてもやり甲斐があります。;C'est un travail satisfaisant pour moi car je peux être utile aux autres.
志望[しぼう];この仕事を志望する動機は何ですか？;Quelle est votre motivation pour postuler à ce poste ?
官僚的[かんりょうてき];この会社では官僚的な形式主義がまかり通りすぎている。;Il y a trop de paperasse bureaucratique dans cette entreprise.
追随[ついずい];この会社は、圧倒的な強さで、他社の追随を許しませんでした。;Cette entreprise est inégalée par d'autres entreprises avec sa force écrasante.
組織[そしき];この会議はうまく組織されていません。;Cette réunion n'est pas bien organisée.
年譜[ねんぷ];この作家の年譜を作ってくれないか。;Allez-vous faire un enregistrement chronologique pour cet auteur?
俗語[ぞくご];この俗語はアメリカ独特の表現です。;Cette expression familière est une expression unique en Amérique.
僧院[そういん];この僧院では、良い食生活は健康に不可欠だと考えているので、僧りょ達は毎日美味しい料理を食べます。;Dans ce temple, on croit que bien manger est vital pour une bonne santé, donc les moines mangent de délicieux repas tous les jours ici.
温床[おんしょう];この公園は地元では犯罪の温床になっていることで知られているので、近づかない方がいいですよ。;Ce parc est connu comme un terrain fertile pour les activités criminelles dans cette région, vous ne devriez donc pas vous en approcher.
冠[かん];この冠を被れるのは王だけです。;Seul le roi peut porter ce bonnet.
包み紙[つつみがみ];この包み紙には点字が施してあるわ。|つつみがみ は たたんで ください;Il y a du braille sur ce papier d'emballage.|Veuillez plier le papier d'emballage.
潤い[うるおい];この化粧水が、あなたのお肌の潤いを保ちます。;Cette lotion aidera à garder l'humidité de votre peau.
異義[いぎ];この単語に異義はありますか？;Y a-t-il un sens différent pour ce mot ?
博覧会[はくらんかい];この博覧会は無料で入場できます。;Vous pouvez accéder gratuitement à cette exposition.
紀元後[きげんご];この原始人は、紀元後にようやくスランプをだっ出するまで、あせらずじっとたえていました。;Cet homme des cavernes a simplement attendu calmement jusqu'à ce qu'il puisse enfin sortir de son marasme dans Common Era.
双眼鏡[そうがんきょう];この双眼鏡の黒はありますか？;Avez-vous ces jumelles en noir?
値札[ねふだ];この品物には、値札シールがありません。;Cet article n'a pas d'étiquette de prix.
唄[うた];この唄は、私と兄が一緒に作りました。;J'ai écrit cette chanson avec mon grand frère.
匠[たくみ];この商品のデザインは、匠の技をもって初めて実現することができました。;La conception de ce produit a été la première fois que j'ai pu mettre en œuvre cette technique.
該当[がいとう];この商品も、キャンペーンの対象に該当しますか？;Cette marchandise correspond-elle à la cible de la campagne ?
諮る[はかる];この問題は取締役会に諮る必要があります。;Nous devons discuter de ce problème lors de la réunion du conseil d'administration.
紛糾[ふんきゅう];この問題をこれ以上紛糾させたくないんです。;Je ne veux plus compliquer ce problème.
俊才[しゅんさい];この問題集は俊才児を対象にして作られているので、あなたのお子さんには難しすぎますよ。;Ce manuel est conçu pour les enfants géniaux, il sera donc difficile pour votre enfant.
即日[そくじつ];この回転肉焼き器は、注文日の即日に発送致します。;Nous avons envoyé cette rôtissoire le jour même de votre commande.
三冊[さんさつ];この図書館では、本は三冊まで借りれます。;Dans cette bibliothèque, vous pouvez emprunter jusqu'à trois livres.
仏教徒[ぶっきょうと];この国ではキリスト教徒が多いので、仏教徒はかた身のせまい思いをしています。;Les bouddhistes ont honte parce qu'il y a beaucoup de chrétiens dans ce pays.
検閲[けんえつ];この国ではネット検閲が行われています。;La censure d'Internet est pratiquée dans ce pays.
仮説[かせつ];この土地は、みかんやレモンのようなかんきつるいの果物に向いているんじゃないかという仮説を立てました。;J'ai émis l'hypothèse que ce sol est très bon pour les agrumes comme les clémentines et les citrons.
坪[つぼ];この土地は何坪ぐらいですか？;Combien de tsubo fait cette terre ?
耕作[こうさく];この土地を耕作するには許可がいります。;Vous avez besoin d'une autorisation pour cultiver cette parcelle de terrain.
水準[すいじゅん];この地域はまだ生活水準が低い。;Le niveau de vie dans cette région est encore faible.
地方[ちほう];この地方には、自然がたくさんある。;Cette région a beaucoup de nature.
堀[ほり];この城の堀はとても深いです;Les douves de ce château sont très profondes
過去形[かこけい];この場合は過去形は使わないんですか？;N'utilisez-vous pas le passé dans ce cas ?
大学院生[だいがくいんせい];この大学院生は、えんげいが上手だ。;Cet étudiant diplômé a la main verte.
大役[たいやく];この大役をしっかりはたせるよう、一生けんめいがんばります！;J'essaierai de toutes mes forces d'accomplir avec succès cette tâche importante.
を怠る[をこたる];この失敗は確認を怠った私の責任です。;Je suis responsable de ce défaut d'avoir négligé de le vérifier.
巨匠[きょしょう];この女優は、多くの巨匠たちを唸らせた。;Cette actrice a fait grogner d'admiration de nombreux grands maîtres.
女神[めがみ];この女神の人形の前がみを少し短くしてください。;Pouvez-vous couper la frange de cette poupée déesse un peu courte ?
行儀[ぎょうぎ];この子は本当に行儀の良い子です。;Cet enfant est vraiment bien élevé.
太字[ふとじ];この字は太字にしてください。;Mettez ce caractère en gras, s'il vous plaît.
芳しい[かんばしい];この季節は、梅の香りがとても芳しいですね。;L'arôme des prunes est vraiment parfumé pendant cette saison.
逸話[いつわ];この学校には面白い逸話があってね。;Cette école a une anecdote intéressante.
宗派[しゅうは];この宗派には、会議で議長を務めるための規則があります。;Il existe certaines règles pour agir en tant que président de réunions dans cette secte religieuse.
寸法[すんぽう];この寸法は正しいですか？;Cette mesure est-elle correcte ?
随所[ずいしょ];この寿司屋には、店の随所に、日本の美を感じさせるインテリアが飾られています。;Vous pouvez sentir la beauté du Japon partout dans ce restaurant de sushi de la façon dont l'intérieur est décoré.
完結[かんけつ];この小説は、次号で完結する予定です。;Ce roman sera conclu dans la prochaine édition.
怪物[かいぶつ];この山には、心の優しい怪物が住んでいるという言い伝えがある。;Les légendes disent qu'un monstre au bon cœur vit dans cette montagne.
憩う[いこう];この山小屋でちょっと憩わないか。;Pourquoi ne pas se reposer un peu dans cette hutte ?
山岳[さんがく];この山岳地帯では、少なくともあと三ヶ月は冬の季節が続くだろうね。;L'hiver se poursuivra encore au moins trois mois dans ce district montagneux.
峡谷[きょうこく];この峡谷に架かる吊橋を渡ったことはありますか？;Avez-vous déjà traversé le pont qui enjambe ce ravin ?
高瀬[たかせ];この川はこの辺りは高瀬になってるから、きっと足が底に着くと思うよ。;La rivière est assez peu profonde par ici, donc je suis sûr que vous atteindrez le fond.
製造[せいぞう];この工場ではエアコンを製造しています。;Cette usine produit des climatiseurs.
巻尺[まきじゃく];この巻尺で胸囲を測るのを手伝ってもらえませんか。;Pourriez-vous m'aider à obtenir mon tour de poitrine avec ce ruban à mesurer ?
系譜[けいふ];この巻紙に一族の系譜が描かれています。;Je dessine la généalogie de ma famille sur ce rouleau de papier.
朱[あけ];この布を朱に染めたいんです。;Je veux teindre ce tissu en vermillon.
撮影禁止[さつえいきんし];この幼稚園では、子どもたちのお遊戯会は撮影禁止です。;Les photographies et les enregistrements vidéo sont interdits pour la fête des parents dans ce jardin d'enfants.
秀逸[しゅういつ];この広告は非常に秀逸だと評判です。;La rumeur veut que cette publicité soit vraiment excellente.
本州[ほんしゅう];この後、本州に行くつもりです。;Après cela, je prévois d'aller à Honshu.
忌まわしい[いまわしい];この忌まわしい記憶をどうか消し去ってください。;S'il vous plaît, effacez ce souvenir dégoûtant d'une manière ou d'une autre.
愛憎[あいぞう];この愛憎の入り混じった気持ちをコントロールするのはもう無理だよ。;Je ne peux plus contrôler ces sentiments mélangés d'amour et de haine.
碑文[ひぶん];この慰霊碑の碑文は誰が考えたのですか。;Qui a pensé à l'inscription de ce mémorial ?
扇子[せんす];この扇子は特価で買ったんですよ。;J'ai acheté ce ventilateur pliant en promotion.
版権[はんけん];この手紙には、版権に関する契約更新予定日が記載されています。;Cette lettre indique la date de renouvellement possible du contrat pour le droit d'auteur.
伝記[でんき];この投手の伝記、おも白かったよ。;L'histoire de la vie du lanceur était intéressante.
叙述[じょじゅつ];この授業では、挿し絵や写真と叙述を結び付けることを学びます。;Dans cette leçon, nous allons apprendre à relier des illustrations, des photographies et des descriptions.
跳躍[ちょうやく];この授業は、生徒たちの跳躍力を伸ばすことを目的としています。;Cette leçon vise à améliorer les compétences des élèves en matière de sauts, de sauts et de sauts.
否定形[ひていけい];この文章を否定形にすることができますか。;Pouvez-vous transformer cette phrase en une phrase négative ?
新宿[しんじゅく];この新宿のホテルのシャワーは、水かぬるま湯しか出ない。;La douche de cet hôtel de Shinjuku n'a que de l'eau froide ou tiède.
回想[かいそう];この映画のこの回想のシーンがすごくすきなんだよね。;J'aime beaucoup cette scène rétrospective dans le film.
別荘[べっそう];この春に別荘を売ってしまうつもりです。;Je prévois de vendre la villa au printemps.
三番目[さんばんめ];この曲、ビートルズの中で三番目くらいにすき。;C'est probablement ma troisième chanson préférée des Beatles.
帆柱[ほばしら];この木は帆柱にちょうどいいぞ。;Cet arbre est parfait pour un mât.
訳者[やくしゃ];この本の訳者の名前、何て読むか知ってる？;Savez-vous lire le nom du traducteur de ce livre ?
慈善[じぜん];この本は慈善事業支援の目的で出版されました。;Ce livre a été publié dans le but de soutenir des projets caritatifs.
桜桃[さくらんぼ];この桜んぼ、やばいくらい美味しいんだけど。;Ces cerises sont ridiculement savoureuses.
耕す[たがやす];この機械で畑を耕すんですよ。;Je labourerai le champ avec cette machine.
歌詞[かし];この歌詞はだれが書いたの？;Qui a écrit ces paroles de chansons ?
水晶[すいしょう];この水晶は大中小の三つの大きさがあります。;"Ce cristal est disponible en trois tailles ; petit, moyen et grand."
施行[しこう];この法律の施行の責任を誰が負っていたのか覚えていますか？;Vous rappelez-vous qui est responsable de l'application de cette loi ?
海藻[かいそう];この海藻は食べられますか。;Peut-on manger cette algue ?
耐火[たいか];この消防士さんの人形は、実際に耐火性の服と手袋を身につけています。;Cette figurine de pompier porte en fait des vêtements et des gants ignifuges sur son corps.
硫黄[いおう];この温泉には硫黄が含まれています。;Il y a du soufre dans cette source chaude.
漬物[つけもの];この漬物は誰が漬けたんですか。;Qui a mariné ces tsukemono ?
焼酎[しょうちゅう];この焼酎のもっと大きい瓶ってありますか。;Avez-vous une plus grande bouteille de ce shochu ?
無縁[むえん];この田舎道は、渋滞とは無縁です。;Cette route de campagne est exempte d'embouteillages.
西側[にしがわ];この町の西側のゆう便局で働いています。;Je travaille au bureau de poste du côté ouest de cette ville.
薦める[すすめる];この番組を彼に薦められたんだけど、アニメを観るのはあまり好きじゃないんだよね。;Il m'a recommandé cette émission, mais je n'aime pas vraiment regarder des anime.
紹介状[しょうかいじょう];この病院で予約をするには、お医者さんからの紹介状が要ります。;Vous avez besoin d'une lettre de recommandation d'un médecin pour prendre rendez-vous dans cet hôpital.
苗木[なえぎ];この盆栽は苗木から育てたんです。;J'ai élevé ce bonsaï à partir d'un semis.
誇る[ほこる];この短編映画では、日本が世界に誇るロボット産業をテーマとしています。;Ce court métrage parle de l'industrie robotique dont le Japon se vante dans le monde.
神風[かみかぜ];この神社には神風がふいています。;Des vents divins soufflent sur ce sanctuaire.
茨[いばら];この程度の苦難で、茨の道を歩んでいるような人生だとか、よく言えるよね。;Comment osez-vous dire que vous avez dû marcher sur le chemin épineux de la vie juste pour suivre leur niveau de difficultés.
遺失[いしつ];この空港に遺失物取扱所があるかどうかをご存知ですか。;Savez-vous s'il y a un bureau des objets trouvés dans cet aéroport ?
童話[どうわ];この童話、意外と泣けるんだよね。;Ce conte de fées va vraiment vous faire pleurer.
朱印[しゅいん];この紙に御朱印を押してもらえますか？;Pourrais-je avoir le sceau rouge du shogun sur ce papier ?
翻意[ほんい];この結婚について、絶対に翻意することがないことを誓います。;Je le jure, je ne changerai absolument pas d'avis sur ce mariage.
給油所[きゅうゆじょ];この給油所ではどのくらい働いているんですか？;Depuis combien de temps travaillez-vous dans cette station-service ?
蒙古[もうこ];この絵には、蒙古襲来の時の様子が描かれています。;Cette image représente l'état au moment de l'invasion mongole.
顕在[けんざい];この絵は、人間の顕在意識と潜在意識を象徴しています。;Cette image symbolise le conscient et le subconscient de l'humanité.
罰ゲーム[ばつゲーム];この罰ゲームについて、がっかりもしてるんだけど、ワクワクしてもいるんだよね。;Je suis un peu déçu de ce match de penalty, mais je suis aussi un peu excité.
矛[ほこ];この美しい矛は、白金とプラチナで作られています。;Cette belle lance est faite d'or blanc et de platine.
気持ちいい[きもちいい];この羽毛ぶとん、気持ちいい。;Cette couette en duvet est vraiment agréable.
不適[ふてき];この職が私にとって適不適かを考えているんですが、まだ答えは出ていません。;Je me suis demandé si ce travail me convenait ou non, mais je n'ai pas encore trouvé de réponse.
直航[ちょっこう];この船は神戸港に直航します。;Ce navire effectue un voyage direct vers le port de Kobe.
芝草[しばくさ];この芝草が、芝草クッキーを緑色にしてくれるんです。;Le gazon de ces biscuits au gazon leur donne leur couleur verte.
芸術家[げいじゅつか];この芸術家の作品には、苦笑いがかくせません。;Je ne peux pas cacher mon sourire ironique devant les œuvres de cet artiste.
房[ふさ];この葡萄、三房で298円だったんですよ。;J'ai acheté trois grappes de raisin pour 298 yens.
船酔い[ふなよい];この薬で船酔いを克服しました。;J'ai surmonté mon mal de mer avec ce médicament.
錠[じょう];この薬を必ず一日一錠飲んで下さい。;Veuillez prendre un comprimé de ce médicament une fois par jour.
幻[まぼろし];この薬を飲むと、幻が見えますよ。;Vous pourrez voir des apparitions si vous prenez ce médicament.
装置[そうち];この装置は大学の研究室で開発された。;Ce dispositif a été développé dans un laboratoire universitaire.
目覚める[めざめる];この裏ワザを使うと、朝、すっきり目覚めることができます。;J'utilise ce lifehack le matin pour pouvoir me réveiller correctement.
莫大[ばくだい];この計画には莫大なお金が必要です;Ce programme nécessite d'énormes sommes d'argent.
反響[はんきょう];この記事への反響はとても大きかった。;La réaction envers cet article a été énorme.
何回も[なんかいも];この話何回も聞いた。;J'ai entendu cette histoire plusieurs fois.
私邸[してい];この豪華な建物は、大統領の私邸です。;Ce magnifique bâtiment est la résidence privée du président.
八つ[やっつ];この赤いリンゴを8つください。;Veuillez me donner huit de ces pommes rouges.
輪ゴム[わゴム];この輪ゴムはとても丈夫です。;Cette bande élastique est très résistante.
この辺[このへん];この辺[このへん]に 詳[くわ]しいですか。;Connaissez-vous ce domaine?
耕地[こうち];この辺りには耕地が広がっています。;Les terres arables sont réparties dans cette zone.
閑静[かんせい];この辺りは、閑静な住宅街になっています。;Ce quartier est maintenant un quartier résidentiel calme.
治安[ちあん];この辺りは治安も悪くないけど、あの辺りは治安が良くないからね。;Cette zone n'a pas une mauvaise sécurité publique, mais cette zone oui.
砕石[さいせき];この道は現在砕石舗装工事中です。;Cette route est actuellement en cours d'asphaltage.
聖地[せいち];この道は聖地に続いています。;Cette route mène à la terre sainte.
舗装[ほそう];この道路はまだ舗装されていない。;Cette autoroute n'a toujours pas été goudronnée.
年俸[ねんぽう];この選手は、破格の年俸をオファーされましたが、それを蹴ってチームに留まりました。;Ce joueur s'est vu offrir un salaire annuel extraordinaire, mais il l'a refusé et est resté avec son équipe.
邸宅[ていたく];この邸宅は、幽霊が出ることで有名です。;Ce manoir est célèbre pour les fantômes qui y apparaissent.
糾弾[きゅうだん];この金融危機について、誰が糾弾されるべきだと思われますか？;Selon vous, qui est responsable de cette crise économique ?
甘酢[あまず];この間、給食の時に生徒が何故か机の中から甘酢の瓶を取り出したのよ。;Pendant le déjeuner de l'autre jour, l'une des étudiantes a sorti une bouteille de vinaigre doux de son bureau.
定款[ていかん];この雛形を作れば簡単に定款が作成できます。;Si je fais cet échantillon, je peux facilement rédiger un statut de société.
前兆[ぜんちょう];この雲と風は嵐の前兆です。;Les nuages et le vent sont les signes d'une tempête.
蒸れる[むれる];この靴、可愛いんだけど、足が蒸れて臭うんだよね。;Ces chaussures ont l'air mignonnes, mais elles rendent mes pieds moites et puants.
韓国[かんこく];この韓国ドラマ、再放送されるのかな。;Je me demande si cette série dramatique coréenne sera rediffusée.
律動的[りつどうてき];この音楽はとても律動的ですね。;Cette musique est très rythmée.
兼用[けんよう];この食事は朝昼兼用にします。;J'appellerais ce repas brun
沼沢[しょうたく];この黄色い花を咲かせる植物は、沼沢地に生息します。;Cette plante aux fleurs jaunes vit dans les marécages.
逸品[いっぴん];この黒毛和牛のステーキは、シェフのこだわりの逸品です。;Ce steak noir japonais est un joyau qui obsède les chefs.
盛る[もる];ごはん を もって ください;Veuillez remplir le bol de riz.
丈[だけ];ごはんだけを 食[た]べますか。;Tu ne manges que du riz ?
枚数[まいすう];こぴー の まいすう を かぞえて ください;Veuillez compter le nombre d'exemplaires.
約[やく];ゴボウは地上約２メートルまでのびます。;Les bardanes poussent à environ deux mètres au-dessus du sol.
捕虜[ほりょ];ごぼうを捕虜に食べさせて有罪になった日本兵がいます。;De la grande bardane a été donnée à manger au prisonnier de guerre et le soldat japonais s'est senti coupable.
性病[せいびょう];こまってるんだったら、性病ちりょうのお金、少しだったら都合してあげられるよ。;Je pourrais te prêter de l'argent pour le traitement des MST, si tu es dur.
各自[かくじ];ごみ は かくじ で もちかえって ください;Veuillez rapporter vos propres ordures à la maison.
透明[とうめい];ごみ は とうめい な ふくろ に いれて だして ください;Veuillez mettre les ordures dans un sac en plastique transparent.
残らず[のこらず];ごみ を のこらず ひろった よ;J'ai ramassé toutes les ordures.
置き場[おきば];ゴミ 置き場[おきば]の 場所[ばしょ]を 教[おし]えてくれませんか。;Pouvez-vous me dire l'emplacement du stockage des déchets ?
ゴミ箱[ゴミばこ];"ごみ[;o] は ごみ箱[ごみばこ;h,n2,n3] に 入[い,いれる;h]れましょう 。";Mettons les ordures dans la poubelle.
捨てる[すてる];ゴミを 捨[す]ててください。;S'il vous plaît, jetez les ordures.
俺ら[おれら];ごめん。 俺らがこの会話をするのは明らかにすごく早すぎたよな。でも、ただ、俺はお前と結婚したいと思ってるってこと、言いたかったんだ。;Je suis désolé. Il est évidemment beaucoup trop tôt pour que nous ayons cette conversation, mais je voulais juste te dire que je veux t'épouser.
小指[こゆび];こゆび を きって しまいました;Je me suis coupé le petit doigt.
暦[こよみ];こよみ の うえ で は きょう から ふゆ です ね;L'hiver commence aujourd'hui selon l'almanach.
名簿[めいぼ];これ が さんかしゃ の めいぼ です;Ceci est une liste des participants.
側面[そくめん];これ が たてもの の そくめん の しゃしん です;Il s'agit d'une photographie de côté du bâtiment.
自己[じこ];これ から は じこ の はんだん で こうどう して ください;Veuillez agir selon votre propre jugement à partir de maintenant.
試[ため];これ は いしゃ の ため の さいと です;Ceci est un site pour les médecins.
取り決め[とりきめ];これ は かいしゃかん の とりきめ です;C'est une décision entre entreprises.
極めて[きわめて];これ は きわめて じゅうよう な もんだい です;C'est une question d'une importance vitale.
統計[とうけい];これ は さくねん の うりあげ の とうけい です;Ce sont les statistiques des ventes de l'année dernière.
初級[しょきゅう];これ は しょきゅう の きょうかしょ です 。;Ceci est un manuel pour débutant.
専用[せんよう];これ は じょせい せんよう の しゃりょう です;Il s'agit d'une voiture réservée aux femmes.
器具[きぐ];これ は すぽーつ しせつよう の きぐ です;Il s'agit d'équipements pour l'installation sportive.
無駄遣い[むだづかい];これ は ぜいきん の むだづかい だ ね;C'est un gaspillage de l'argent des contribuables.
正当[せいとう];これ は せいとう な ようきゅう です;C'est une revendication juste.
最大[さいだい];これ は せかい さいだい の ふね です;C'est le plus grand navire du monde.
最小[さいしょう];これ は せかい で さいしょう の こんぴゅーたー です;C'est le plus petit ordinateur au monde.
実用[じつよう];これ は とても じつようてき な さいと だ ね;C'est un site très pratique.
固有[こゆう];これ は にほん こゆう の とり です;Cet oiseau est originaire du Japon.
直通[ちょくつう];これ は わたし の ちょくつう の でんわ ばんごう です 。;Ceci est mon numéro de téléphone direct.
事柄[ことがら];これ まで はなしあった ことがら を まとめて ください;Veuillez résumer les choses dont nous avons parlé jusqu'à présent.
書留[かきとめ];これ を かきとめ で おくりたい の です が;Je veux envoyer ceci par courrier recommandé.
縮小[しゅくしょう];これ を しゅくしょう して いんさつ して ください;Veuillez le réduire et l'imprimer.
速達[そくたつ];これ を そくたつ で おくりたい の です が;Je veux envoyer ceci par livraison express.
元帥[げんすい];これが、あの有名な最高司令官のマッカ—サ—元帥です。;C'est le célèbre commandant suprême, le général MacArthur.
高い[たかい];これがこの 町[まち]で 一番[いちばん] 高[たか]いビルです。;Ceci est le plus haut bâtiment de cette ville.
測定[そくてい];これから しんちょう と たいじゅう を そくてい します;Maintenant, votre taille et votre poids seront mesurés.
申請[しんせい];これから ぱすぽーと の しんせい に いきます;Je vais maintenant demander mon passeport.
親善[しんぜん];これから も りょうこく の しんぜん を ふかめましょう;Continuons désormais à promouvoir l'amitié entre nos deux pays.
膨大[ぼうだい];これからこの膨大な資料に目を通さなくてはいけないんだ。;Vous devez désormais jeter un œil à ces énormes documents.
猟[りょう];これから猟に行くところだよ。;Je suis sur le point d'aller chasser.
創造的[そうぞうてき];これで、あなたには創造的な仕事にもっと集中してもらえます。;Vous pouvez maintenant vous concentrer davantage sur le travail créatif.
釈明[しゃくめい];これについて、正式に釈明をする必要がある。;Vous devez l'expliquer formellement.
経営者[けいえいしゃ];これは けいえいしゃ 経営者の けってい 決定だ。;Il s'agissait d'une décision exécutive.
根拠[こんきょ];これは 十分[じゅうぶん] 根拠[こんきょ]のある 視点[してん]だ。;C'est un point de vue bien établi.
外部[がいぶ];これは 外部[がいぶ]には 秘密[ひみつ]です。;Ceci est confidentiel.
建物[たてもの];これは 日本一[にほんいち] 古[ふる]い 建物[たてもの]です。;Ceci est le plus ancien édifice du Japon.
個人[こじん];これは 私[わたし] 個人[こじん]の 意見[いけん]です。;C'est mon avis personnel.
俳句[はいく];これは 芭蕉[ばしょう]の 非常[ひじょう]に 有名[ゆうめい]な 俳句[はいく]です。;C'est un très célèbre poème haïku de Basho.
贈賄[ぞうわい];これは、ある国では「プレゼント」と呼ばれるかもしれないが、この国では「贈賄」である。;Cela peut être appelé un « cadeau » dans certains pays, mais dans ce pays, c'est de la « corruption ».
全日本[ぜんにほん];これは、全日本バレーボール大会のしあいの写しんです。;Ceci est une photo d'un tapis de tournoi national japonais de volley-ball
全米[ぜんべい];これは、全米がなみだした、大ヒットチョ～大作えいがです。;C'est un blockbuster à succès qui a fait pleurer toute l'Amérique.
意匠[いしょう];これは、意匠が凝らされた素晴らしい作品です。;Il s'agit d'un travail qui avait une conception splendide appliquée à elle.
戯曲[ぎきょく];これは、戯曲を原作としたミュージカルです。;Ce drame était à l'origine une comédie musicale.
舞[まい];これは、日本最古の舞です。;C'est la danse la plus ancienne du Japon.
紋章[もんしょう];これは、王家の紋章です。;C'est le blason de la famille royale.
邸内[ていない];これは、邸内の写真です。;C'est une photo du terrain.
細やか[ささやか];これはあなたの 親切[しんせつ] に対[にたい]するささやかな お礼[おれい]の 印[しるし]です。;C'est une petite reconnaissance pour votre gentillesse.
倍[ばい];これはあのケーキの2 倍[ばい]の 値段[ねだん]です。;C'est le double du prix de ce gâteau.
斬新[ざんしん];これはいわゆる ざんしん 斬新なアイデアです。;C'est ce que nous appelons une «nouvelle idée».
本棚[ほんだな];これはとても 大[おお]きな 本棚[ほんだな]ですね。;C'est une très grosse étagère à livres, n'est-ce pas ?
傑作[けっさく];これはピカソの傑作だね。;C'est le chef-d'œuvre de Picasso.
著書[ちょしょ];これはミラー し 氏の さいしん 最新の ちょしょ 著書ですが、これが さいご 最後のものでないことを のぞ 望みます。;C'est le dernier livre de M. Miller, j'éspère qu'il y en aura d'autre.
不朽[ふきゅう];これは不朽の名作です。;C'est un chef-d'œuvre éternel.
妙薬[みょうやく];これは二日酔いに良く効く妙薬です。;C'est un remède miracle vraiment efficace contre la gueule de bois.
鉱物[こうぶつ];これは今までで最高の鉱物さ。これに敵うものはないね。;C'est le meilleur minéral que j'ai jamais vu. Rien ne peut l'égaler.
記念碑[きねんひ];これは何の記念碑ですか。;Quel genre de monument est-ce ?
揚げ出し[あげだし];これは出来たてホカホカの美味しい揚げ出し豆腐ですよ。;Voici une assiette de délicieux tofu frit que je viens de faire.
向け[むけ];これは子ども向けの作ひんではないですよね。;Ce travail n'est pas destiné aux enfants.
昔話[むかしばなし];これは日本の昔話ですか。|子供[こども]に 昔話[むかしばなし]を 読[よ]んで 聞[き]かせた;J'ai lu le conte de fées à haute voix à l'enfant.
根気[こんき];これは根気のいる仕事だよな。;Ce travail demande de la patience, hein ?
事態[じたい];これは深刻な事態だ。;C'est une situation grave.
瓜[うり];これは瓜の漬物です。;C'est du melon mariné.
残虐[ざんぎゃく];これは非常に残虐な犯行です。;C'est un crime extrêmement brutal.
麻[あさ];これは麻の木じゃないって、何回説明したら分かってもらえるんですか？;Combien de fois dois-je vous dire que ce n'est pas une plante de chanvre ?
此れ迄[これまで];これまで の わたし と は ちがうん です;Je ne suis plus le même qu'avant.
分類[ぶんるい];これら の ほん を ぶんるい して ください;Veuillez classer ces livres.
回答[かいとう];これらの 回答[かいとう]は、 原因[げんいん]と 結果[けっか]を はき違[はきちがえ]えている。;Ces réponses mélangent la cause avec la conséquence.
絵葉書[えはがき];これらの 絵葉書[えはがき]は 全部[ぜんぶ] 私[わたし]のものです。;Toutes ces cartes postales illustrées sont à moi.
製品[せいひん];これらの 製品[せいひん]はヨーロッパで 有名[ゆうめい]です。;Ces produits sont réputés en Europe.
信頼性[しんらいせい];これらのすべての 装置[そうち]は 信頼性[しんらいせい]に 欠[か]けている。;Tous ces appareils ne sont pas fiables.
時刻表[じこくひょう];これらは 新[あたら]しい 時刻表[じこくひょう]です。;Ce sont les nouveaux horaires.
届ける[とどける];これを 彼[かれ]に 届[とど]けてください。;Veuillez lui livrer ceci.
樹脂[じゅし];これを透明の樹脂で固めました。;Celui-ci a été durci avec de la résine transparente.
降ろす[おろす];これを降ろすの手伝って。;Aidez-moi à noter ça.
割合に[わりあいに];こんかい の てすと は わりあいに かんたん でした;Ce test était relativement facile.
点数[てんすう];こんかい は てすと の てんすう が わるかった;Mon score au test cette fois était mauvais.
付録[ふろく];こんげつ の ふろく は あにめ の でぃーぶぃーでぃー です;Le cadeau gratuit ce mois-ci est un DVD d'anime.
好調[こうちょう];こんげつ は えあこん の うりあげ が こうちょう です;Les ventes de climatiseurs sont bonnes ce mois-ci.
日数[にっすう];こんげつ は しゅっきん にっすう が おおい です;Je travaille plusieurs jours ce mois-ci.
末[まつ];こんげつ まつ に かなだ に いきます;J'irai au Canada à la fin de ce mois.
公式[こうしき];こんご の ほうしん が こうしき に はっぴょう されました;La future politique a été officiellement annoncée.
前売り券[まえうりけん];こんさーと の まえうりけん を て に いれた ん だ;J'ai obtenu un billet à l'avance pour le concert.
終了[しゅうりょう];こんさーと は よる しち じ ご ふん に しゅうりょう しました;Le concert s'est terminé à 19h05.
傷つける[きずつける];コンタクトレンズを傷つけちゃったかも。;J'ai peut-être rayé ma lentille de contact.
性能[せいのう];こんど の ぱそこん は せいのう が すごく いい;Les performances de ce nouvel ordinateur sont extrêmement bonnes.
庶務[しょむ];こんど、庶務課に配属されることになりました。;Il sera cette fois affecté au service des affaires générales.
情けない[なさけない];こんな こと も しらない と は なさけない;C'est assez triste que vous ne sachiez même pas quelque chose comme ça.
婿[むこ];こんないいお婿さんにもらわれて、娘は幸せ者です。;Ma fille a beaucoup de chance d'avoir un si gentil mari.
思い遣り[おもいやり];こんなに臭い部屋でいつまでも待たせるなんて、あいつはなんて思い遣りのないやつなんだ。;Ce n'est pas très prévenant de sa part de nous faire attendre si longtemps dans une pièce aussi puante que celle-ci.
趣[おもむき];こんなに趣のあるお持ち帰り用の容器を見たのは初めてです。;Je n'ai jamais vu un doggie bag d'aussi bon goût.
侮辱[ぶじょく];こんな侮辱を受けて、黙っていろというのか。;Tu me dis de me taire et d'accepter les insultes ?
演ずる[えんずる];こんな大役を演ずることができて、とても光栄です。;Je suis très honoré de pouvoir jouer un rôle aussi important.
得体[えたい];こんな得体の知れないもの、食べられないよ。;Je ne peux pas manger quelque chose d'aussi étrange.
空疎[くうそ];こんな空疎な論争を続けるのは時間の無駄だ。;Continuer une dispute aussi futile est une perte de temps.
浜[はま];こんばん はま で はなび たいかい が あります よ;Il va y avoir un feu d'artifice sur la plage ce soir.
至る所[いたるところ];こんびに は いたるところ に あります;Les dépanneurs sont partout.
回路[かいろ];こんぴゅーた の でんし かいろ が こしょう した;Les circuits électriques de l'ordinateur sont tombés en panne.
眼[め];コンピュータを使う仕事は眼を酷使しやすい。;L'utilisation d'ordinateurs pour travailler peut facilement surmener vos yeux.
天の川[あまのがわ];こんや は あまのがわ が みえます ね;La Voie lactée peut être vue ce soir.
鑑賞[かんしょう];こんや は おぺら かんしょう に いきます;Je vais voir un opéra ce soir.
到底[とうてい];こんやじゅう に とうきょう に つく の は とうてい むり でしょう;Nous ne pouvons pas arriver à Tokyo ce soir.
承る[うけたまわる];ご伝言を承りましょうか。;Voudriez-vous laisser un message?
搭乗[とうじょう];ご搭乗の際は、足元にお気をつけください。;Veuillez surveiller vos pieds lors de l'embarquement.
捕える[とらえる];ご来光のしゅん間をカメラで捕えることができました。;J'ai pu capturer le moment où le soleil s'est levé avec mon appareil photo.
満悦[まんえつ];ご満悦のようですね。;Ils semblent ravis.
ご無沙汰[ごぶさた];ご無沙汰しております。;Je ne t'ai pas vu depuis si longtemps.
ご覧になる[ごらんになる];ご覧になれると思います。;Je pense que vous pourrez voir. (Honorifique)
心願[しんがん];サーモンの心願には心が打たれますね。;Nous sommes touchés par la prière de Salmon.
控える[ひかえる];さいきん あまい もの を ひかえて います;Je m'abstiens de manger des sucreries ces jours-ci.
低下[ていか];さいきん きょういく れべる が ていか して います;Récemment, les niveaux d'éducation sont en baisse.
金利[きんり];さいきん ぎんこう の きんり が すこし あがった;Récemment, les taux d'intérêt de la banque ont été relevés.
産婦人科[さんふじんか];さいきん さんふじんか の ふそく が もんだい に なって いる ね;Récemment, la pénurie de spécialistes en obstétrique et gynécologie est devenue un problème.
真相[しんそう];さいきん じけん の しんそう が あきらか に なった よ;Récemment, la vérité sur l'affaire a été révélée.
不安定[ふあんてい];さいきん たいちょう が すこし ふあんてい です;Depuis peu, ma condition physique est un peu instable.
履歴[りれき];さいきん つかった ふぁいる は、 りれき から すぐ ひらけます;Vous pouvez facilement ouvrir les fichiers récemment utilisés à partir du dossier historique.
夜更かし[よるふかし];さいきん の こども たち は よふかし です;De nos jours, les enfants veillent tard.
プロ野球[プロやきゅう];さいきん の ぷろやきゅう は おもしろく なって きた ね;Récemment, le baseball professionnel devient intéressant.
暖か[あたたか];さいきん は あたたか です;Le temps a été chaud récemment.
回数[かいすう];さいきん は てれび を みる かいすう が へりました;Je regarde moins souvent la télévision ces jours-ci.
不規則[ふきそく];さいきん ふきそく な せいかつ を して いる;Ma vie est assez désorganisée ces derniers temps.
急増[きゅうぞう];さいきん よが を やる ひと が きゅうぞう して います;Récemment, il y a eu une augmentation soudaine du nombre de personnes faisant du yoga.
財政難[ざいせいなん];ざいせいかいかく 財政改革は いま 今の ざいせいなん 財政難を かいぜん 改善するかもしれません。;Financial reforms may ameliorate the current economic difficulties.
遮断[しゃだん];サイトへのアクセスが遮断されました。;L'accès au site a été coupé.
落とし物[おとしもの];さいふ の おとしもの を ひろいました;J'ai ramassé un portefeuille abandonné.
欄外[らんがい];サインが欄外にはみ出てしまったんですが、大丈夫でしょうか。;Je me demande si c'est normal que ma signature sorte des marges.
引っ掛かる[ひっかかる];さかな の ほね が のど に ひっかかった;Une arête de poisson s'est coincée dans ma gorge.
俎板[まないた];さかな を きった あと、 まないた を あらった の;J'ai lavé la planche à découper après avoir coupé le poisson.
効率[こうりつ];さぎょう の こうりつ を あげる に は どう したら いい です か;Comment accroître l'efficacité au travail ?
態勢[たいせい];さぎょう を はじめる たいせい は ととのって います;Les préparatifs de démarrage des travaux sont terminés.
索引[さくいん];さくいん は たいてい ほん の うしろ に ついて います よ;L'index se trouve généralement à la fin du livre.
昨日[さくじつ];さくじつ は あめ でした ね;Il a plu hier.
昨年[さくねん];さくねん は じしん が おおい とし でした;L'année dernière, il y a eu beaucoup de tremblements de terre.
亡くす[なくす];さくねん ゆうじん を なくしました;J'ai perdu mon ami l'année dernière.
昨晩[さくばん];さくばん の ゆき が まだ にわ に のこって いる;La neige de la nuit dernière reste encore dans le jardin.
縦書き[たてがき];さくぶん は たてがき で かいてください;Veuillez écrire la composition en colonnes verticales.
原稿用紙[げんこうようし];さくぶん を かく の に げんこうようし を つかった の;J'ai utilisé du papier à lettres pour écrire ma composition.
盗難[とうなん];さくや じてんしゃ の とうなん に あった よ;Mon vélo a été volé hier soir.
盛り上がる[もりあがる];さくや の ぱーてぃ は とても もりあがった な;La fête d'hier soir était très animée.
昨夜[さくや];さくや は テレビ で きげき を みた よ;J'ai regardé une comédie à la télé hier soir.
膨らむ[ふくらむ];さくら の つぼみ が ふくらんだ の ね;Les bourgeons des cerisiers ont gonflé.
一流[いちりゅう];さすが、一流のピアニストは違うね。|かれ は いちりゅう の せんしゅ です;C'est quelque chose que seuls les pianistes de premier ordre peuvent faire. C'est un joueur de premier plan.
流石に[さすがに];さすがに 偉大[いだい]な 学者[がくしゃ]だけあって、 彼[かれ]はその 問[と]いに 容易[ようい]に 答[こた]えた。;Comme le grand savant qu'il était, il a répondu à la question facilement.
撮影[さつえい];さつえい は さんかげつ かけて おこなわれました;Le tournage s'est déroulé sur trois mois.
雑音[ざつおん];ざつおん が ひどくて こえ が きこえません;Le bruit de fond est affreux et je n'entends pas votre voix.
閣議[かくぎ];さっきの閣議では何が議題だったんだっけ？忘れちゃった。;De quoi avons-nous discuté lors de la réunion du cabinet qui s'est tenue plus tôt aujourd'hui ? J'ai oublié.
無糖[むとう];さっきも言ったけど、珈琲は無糖派なの。;Comme je vous l'ai dit plus tôt, je bois du café non sucré.
増税[ぞうぜい];さっき届いた請求書の固定資産税が、50%も増税されてたんだけど、間違いだよね。そうであってほしい。;Je viens de recevoir une augmentation de 50% sur ma taxe foncière, mais c'est une erreur. Du moins, je l'espère.
睡眠薬[すいみんやく];さっき飲んだ睡眠薬のせいで、手足が思うように動かないんだけど。;Je manque tellement de coordination en ce moment à cause du somnifère que j'ai pris.
対談[たいだん];ざっし に その じょゆう の たいだん が のって いた よ;Il y avait une interview de cette actrice dans un magazine.
本箱[ほんばこ];ざっし を ほんばこ に いれました;J'ai mis le magazine dans la bibliothèque.
偖[さて];さて、順番に並べましたか。;Maintenant, les avez-vous rangés dans l'ordre ?
肌着[はだぎ];さむい の で あたたかい はだぎ を きました;J'avais froid alors j'ai mis des sous-vêtements chauds.
炬燵[こたつ];さむい の で こたつ を だしました;Nous avons sorti le kotatsu car il faisait froid.
唇[くちびる];さむく て くちびる が あおく なって しまった;Mes lèvres sont bleues de froid.
載せる[のせる];さら に けーき を のせました。;Je mets le gâteau sur l'assiette.
材料[ざいりょう];サラダの 材料[ざいりょう]をそろえました。;J'ai tous les ingrédients pour la salade.
催告[さいこく];サラ金から、借金の返済を求める催告状が何度も何度も届いています。;Une société de crédit à la consommation m'a envoyé des lettres de notification à plusieurs reprises, exigeant que je rembourse ma dette.
総数[そうすう];さんかしゃ の そうすう は 705 にん でした;Le nombre total de participants était de 705.
人数[にんずう];さんかしゃ の にんずう を おしえて ください;Merci de m'indiquer le nombre de participants.
雛祭[ひなまつり];さんがつ ３月 みっか ３日は ひなまつ ひな祭りです。;March 3 is the day of the Dolls' Festival.
合同[ごうどう];さんしゃ ごうどう で しんさく の はっぴょうかい を ひらきました;Trois entreprises ont eu une présentation conjointe de leurs nouveaux produits.
不合格[ふごうかく];ざんねん ながら しけん は ふごうかく でした;À notre grand regret, il a échoué à l'examen.
禁じる[きんじる];し は さくねん から あるきたばこ を きんじて いる の;Depuis l'année dernière, la ville a interdit de fumer des cigarettes en marchant.
確定[かくてい];しあい の だいひょう めんばー が かくてい した の;Les membres de l'équipe du jeu ont été choisis.
再開[さいかい];しあい は すぐ に さいかい された の;Le jeu a été redémarré aussitôt.
取り替える[とりかえる];シーツを 取[と]り 替[か]えました。;J'ai changé les draps.
調整[ちょうせい];シートを 自分[じぶん]に 合[あ]うように 調整[ちょうせい]してください。;Veuillez régler le siège pour votre confort.
自衛隊[じえいたい];じえいたい が いらく に はけん された わ;Les Forces d'autodéfense ont été envoyées en Irak.
掲げる[かかげる];ジェームズは、鉛筆削りの技術のレベルを上げるという目標を掲げた。;James s'est fixé un nouvel objectif : faire passer son taille-crayon au niveau supérieur.
出所[しゅっしょ];ジェニーの出所はいつですか？;Quand Jenny sortira-t-elle de prison ?
患う[わずらう];シェルターには、結核を患うホームレスの人がたくさんいます。;Dans le refuge, il y a beaucoup de sans-abri malades de la tuberculose.
次回[じかい];じかい の かいぎ は に しゅうかん ご に おこないます;La prochaine réunion aura lieu dans deux semaines.
引き延ばす[ひきのばす];しかいしゃ は はなし を ひきのばした わ;L'animateur a prolongé son spee
戸惑う[とまどう];しかし、どうしてそうなるのかについては わたし 私は せつめい 説明にとまどう。;But how that comes about I am at a loss to explain.
付近[ふきん];じけん げんば ふきん で あやしい じんぶつ を みた;Une personne suspecte a été aperçue à proximité de la scène de crime.
日程[にってい];しけん の にってい が はっぴょう されました;Le calendrier des examens a été annoncé.
背景[はいけい];じけん の はいけい に なに が あった の だろう;Je me demande ce qu'il y a derrière l'incident.
無限[むげん];しげん は むげん で は ありません;Les ressources ne sont pas infinies.
片付く[かたづく];しごと が だいぶ かたづいた;J'ai terminé une grande partie de mon travail.
労力[ろうりょく];しごと に は じかん と ろうりょく が ひつよう です;Travailler demande du temps et du travail.
慣れ[なれ];しごと に は なれ も ひつよう です;S'habituer au travail est également nécessaire dans n'importe quel travail.
飛んでも無い[とんでもない];しごとちゅう に かえる なんて とんでもない;Il est impensable de rentrer chez soi en plein travail.
脱線[だっせん];じしん で でんしゃ が だっせん した よ;Le train a déraillé en raison du tremblement de terre.
警戒[けいかい];じしん の あと は つなみ に けいかい して ください;Méfiez-vous des tsunamis après un tremblement de terre.
地獄[じごく];じしん の あと まち は じごく の よう だった よ;Après le tremblement de terre, la ville ressemblait à un enfer.
断水[だんすい];じしん の ため に 1 しゅうかん だんすい した の;L'approvisionnement en eau a été coupé pendant une semaine en raison du tremblement de terre.
災害[さいがい];じしん は しぜん さいがい の ひとつ です;Les tremblements de terre sont un type de catastrophe naturelle.
催す[もよおす];しずか な おんがく で ねむけ を もよおした よ;Je me sentais somnolent à cause de la musique calme.
引き上げる[ひきあげる];しずんだ ふね を ひきあげた ん だ;Le navire coulé a été récupéré.
職場[しょくば];じたく から しょくば まで いちじかん かかります;Cela prend une heure de la maison au bureau.
自宅[じたく];じたく に でんわ を ください;Veuillez appeler à la maison.
集合[しゅうごう];しち じ ご ふん に えき で しゅうごう しましょう;Rendez-vous à la gare à 7h05
上旬[じょうじゅん];しちがつ じょうじゅん に なつまつり が あります よ;Il y a un festival d'été au début du mois de juillet.
焦げる[こげる];シチューが 焦[こ]げたよ。;Le ragoût a brûlé.
執拗い[しつこい];しつこい めいわく めーる に こまって いる;J'ai des problèmes avec les courriers indésirables persistants.
逃げ道[にげみち];しっぱい した とき の にげみち を かんがえた の;J'ai considéré ma voie d'évacuation si j'échouais.
実例[じつれい];じつれい を つかって せつめい して ください;Veuillez expliquer en utilisant un exemple réel.
指定[してい];してい された せき に お すわり ください;Veuillez vous asseoir sur le siège désigné.
視点[してん];してん を かえて みて みましょう;Essayons de changer notre point de vue.
股[また];じてんしゃ の のりすぎ で また が いたい です;J'ai aussi mal à l'entrejambe de faire du vélo
次男[じなん];じなん は いま かいがい に います;Mon deuxième fils est à l'étranger maintenant.
円盤[えんばん];しばらくすると、ジェームズは円盤を脇に抱えて戻ってきて、UFOを見つけたんだと言いました。;Au bout d'un moment, James est revenu avec un disque sous le bras et nous a dit qu'il avait trouvé un OVNI.
短銃[たんじゅう];しばらく時間はかかったが、ようやく犯行の凶器となった短銃を見つけることができました。;Après un long moment, nous avons finalement réussi à trouver le pistolet qui a été utilisé pour le crime.
付け加える[つけくわえる];じぶん の かんがえ を つけくわえました;J'ai ajouté ma propre idée.
信念[しんねん];じぶん の しんねん に したがいたい と おもいます;Je pense que je veux suivre ma propre foi.
自腹を切る[じばらをきる];じぶん 自分の せきにん 責任を みと 認めて じばらをき 自腹をきりなさい。;Admettez votre propre responsabilité.
噴火[ふんか];しま で かざん が ふんか した よ;Le volcan est entré en éruption sur l'île.
圏外[けんがい];しまった！兄ちゃんが俺の携帯に電話するって言ってたのに、ここ圏外だわ。;Oh non. Mon frère a dit qu'il m'appellerait sur mon portable, mais il n'y a pas de réception ici.
分離[ぶんり];じみんとう から あたらしい とう が ぶんり した ね;Un nouveau parti séparé du Parti libéral-démocrate.
走り回る[はしりまわる];ジム、 部屋[へや]の 中[なか]を 走り回[はしりまわ]らないで。;Jim, ne courez pas dans la pièce.
事務室[じむしつ];じむしつ で こぴー を とって きます;Je vais faire des copies au bureau.
酒造[しゅぞう];ジムの会員権や食事だけではなく酒まで無料の特典として提供されるので、私はこの酒造での仕事が好きです。;J'aime travailler pour cette brasserie parce qu'elle offre tous ces avantages comme l'abonnement gratuit à la salle de sport, la nourriture gratuite et même le saké gratuit.
迫る[せまる];しめきり が せまって います;La date limite approche.
地面[じめん];じめん に なにか え が かいて ある ぞ;Il y a une image dessinée sur le sol.
採決[さいけつ];じゃあ、多数決で採決しよう。夕食にてっちり（ふぐ鍋）が食べたい人は？;OK, allons voter. Qui veut Fugu-nabe pour dîner ?
解雇[かいこ];シャークは事あるごとに規則違反をするので、そろそろ解雇する必要があると思います。;Shark sort des sentiers battus à chaque fois qu'il en a l'occasion et je pense qu'il est temps pour nous de le laisser partir.
芯[しん];シャーペンの 芯[しん]２・３ 本[ほん]もらえるかな。;Pourriez-vous me prêter quelques mines de critérium ?
待遇[たいぐう];しゃいんたち は たいぐう の かいぜん を ようきゅう して いる;Les salariés réclament de meilleures conditions de travail.
剥く[むく];ジャガイモの 皮[かわ]を 剥[む]いたら、 小[ちい]さく 切[き]ります。;Après avoir épluché la pomme de terre, coupez-la en petits morceaux.
車掌[しゃしょう];しゃしょう さん が しゃない を まわって きた よ;Le conducteur fit le tour de la voiture.
辞任[じにん];しゃちょう の じにん が きまりました;La démission du président a été acceptée.
裏表[うらおもて];しゃつ を うらおもて に きて います よ;Vous portez votre chemise à l'envers.
裏返し[うらがえし];しゃつ を うらがえし に きて いる よ;Votre chemise est à l'envers.
破れる[やぶれる];シャツが 破[やぶ]れている。;Ma chemise est déchirée.
利子[りし];しゃっきん に りし を つけて かえした の;Il remboursa la dette avec intérêt.
吃逆[しゃっくり];しゃっくりが 止[と]まらなくなった。;Mon hoquet ne s'arrête pas.
甘く見る[あまくみる];シャツを入れないと、お客さんに甘く見られるかもしれないよ。;Rentrez votre chemise ou votre client ne vous prendra peut-être pas au sérieux.
栓[せん];シャンパンの 栓[せん]がぽんと 音を立[おとをた]ててとんだ。;Le bouchon de champagne a sauté.
十字路[じゅうじろ];じゅうじろ で くるま と ばいく が しょうとつ した ぞ;La voiture est entrée en collision avec une moto au carrefour.
釣り合う[つりあう];しゅうにゅう と ししゅつ が つりあって いない;Les revenus et les dépenses ne s'équilibrent pas.
大雪[おおゆき];じゅうねん ぶり の おおゆき です;C'est la neige la plus lourde depuis dix ans.
正解[せいかい];じゅうもんちゅう きゅうもん せいかい しました;Neuf questions sur dix ont reçu une réponse correcte.
主観[しゅかん];しゅかん だけ で ものごと を みて は いけない;Vous ne devriez pas regarder les choses simplement subjectivement.
設ける[もうける];じゅぎょう の おわり に ふくしゅう の じかん を もうけた|せんげつ は かぶ で 100 まん えん もうけた の;J'ai organisé un temps de révision à la fin du cours. J'ai gagné un million de yens en bourse le mois dernier.
払い込む[はらいこむ];じゅぎょうりょう を がっこう に はらいこみました;J'ai payé les frais de scolarité à l'école.
正門[せいもん];じゅけんせい は せいもん から はいって ください;Les candidats doivent entrer par la porte d'entrée.
改造[かいぞう];しゅしょう は ないかく の かいぞう を おこないました;Le Premier ministre a remanié le Cabinet.
やっ付ける[やっけるつける];しゅじんこう が わるもの を やっつけた;Le héros a achevé le méchant.
出血[しゅっけつ];しゅっけつ が ひどい の で いしゃ に いった ほう が いい;Vous saignez abondamment, vous devriez donc consulter un médecin.
性別[せいべつ];しゅっせきしゃ を せいべつ で わけて ください;Veuillez diviser les participants par sexe.
油絵[あぶらえ];しゅみ で あぶらえ を かいています;Je peins des peintures à l'huile pour le plaisir.
受話器[じゅわき];じゅわき を とって もらえます か;Pourriez-vous décrocher le récepteur ?
頑丈[がんじょう];じょう を がんじょう な もの に かえました;La serrure a été remplacée par une plus solide.
消火器[しょうかき];しょうかき を こうかん しました;L'extincteur a été remplacé.
生存[せいぞん];じょうきゃく は ぜんいん せいぞん して います;Tous les passagers ont survécu.
消極的[しょうきょくてき];しょうきょくてき な ひと は せいこう しない よ;Une personne passive ne réussit pas.
証券[しょうけん];しょうけん を うって しきん に しよう と おもう の;Je songe à vendre des titres et à les convertir en fonds.
証拠[しょうこ];しょうこ を みつける まで たいほ は できません;Il n'est pas possible de procéder à une arrestation tant que des preuves n'ont pas été trouvées.
詳細[しょうさい];しょうさい は おきがる に おといあわせ ください;N'hésitez pas à vous renseigner pour plus de détails.
未決[みけつ];しょうさいは未決です。;Les détails sont indécis.
厳重[げんじゅう];じょうし から げんじゅう に ちゅうい されました;J'ai été sévèrement réprimandé par mon patron.
代わる[かわる];じょうし に かわって かいぎ に でた|もしよければ、代わりましょうか。;J'ai assisté à la conférence à la place de mon patron. Si cela ne vous dérange pas, puis-je prendre votre place ?
上司[じょうし];じょうし に そうだん して みます;Je vais consulter mon patron.
乗車券[じょうしゃけん];じょうしゃけん は なくさない よう に;Ne perdez pas le billet.
小数[しょうすう];しょうすう は きりすてて けいさん して ください;Veuillez arrondir la décimale inférieure, puis calculer.
焦点[しょうてん];しょうてん を しぼって はなしましょう;Concentrons-nous sur le sujet.
網[あみ];しょうねん は あみ で その ちょう を つかまえた;Le garçon a capturé le papillon avec le filet.
勝負[しょうぶ];しょうぶ は まだ はじまった ばかり よ;Le match vient de commencer.
消防車[しょうぼうしゃ];しょうぼうしゃ が よんだい も きた;Quatre camions de pompiers sont arrivés.
上流[じょうりゅう];じょうりゅう に は たき が あります;Il y a une cascade en amont.
原子[げんし];しょう来は、原子エネルギーの勉強をしたいと思っています。;À l'avenir, je pense que je veux étudier l'énergie atomique.
華やか[はなやか];ショービジネスというのは 本当[ほんとう]に 華[はな]やかだ。;Show business est vraiment glamour.
初夏[しょか];しょか の こうげん は きもち が いい です ね;Se retrouver sur les hauts plateaux au début de l'été fait du bien.
形態[けいたい];ジョギングは、 運動[うんどう]として、 好[この]ましい 形態[けいたい]になった。;Le jogging est devenu la forme d'exercice physique préférée.
後片付け[あとかたづけ];しょくじ の あとかたづけ を てつだった の;J'ai aidé à nettoyer après le repas.
不平等[ふびょうどう];しょくば で の だんじょ ふびょうどう は よく みられる ね;Vous pouvez souvent trouver des inégalités entre les sexes sur le lieu de travail.
植物園[しょくぶつえん];しょくぶつえん に は めずらしい はな が たくさん あります ね;Il y a beaucoup de fleurs rares dans le jardin botanique.
助詞[じょし];じょし を かえる と ぶん の いみ が かわります;Le sens de la phrase change lorsque la particule est modifiée.
近付く[ちかづく];じょせい が ちかづいて きました;Une femme s'est approchée de moi.
初対面[しょたいめん];しょたいめん 初対面の とき 時、 かれ 彼は えら 偉そうな たいどをと 態度を取っていると おも 思った。;Quand je l'ai rencontré pour la première fois, je pensais qu'il était autoritaire.
形式[けいしき];しょるい は けいしき を まもって つくって ください;Veuillez conserver le format des documents.
発売[はつばい];ジョンテル 社[しゃ]はチップ・セットの 発売[はつばい]を ８月[はちがつ]まで 延期[えんき]する 見込[みこ]みだ。;John Tel devrait retarder la sortie de la puce éléctronique pour le moi d'août.
話し掛ける[はなしかける];しらない ひと が はなしかけて きた;Un inconnu s'est approché et m'a parlé.
私立大学[しりつだいがく];しりつだいがく 私立大学の かず 数が ふ 増えた。;Le nombre de collèges privés a augmenté.
無敵[むてき];しりとりで、コウイチは無敵だ。;Koichi est invincible à Shiritori.
固有名詞[こゆうめいし];しりとりに固有名詞は使えません。;Vous ne pouvez pas utiliser de noms propres dans le jeu Shiritori.
横目[よこめ];ジルはジョンを 横目[よこめ]で 見[み]た。;Jill regarda John du coin de l'oeil.
師走[しわす];しわす に はいる と いそがしく なります;Je suis très occupé une fois que décembre arrive.
生まれ変わる[うまれかわる];しん 信じて。 うまれか 生まれ変わるよ。;Crois moi. Je serai un nouvel homme.
反映[はんえい];しんがたしゃ に けんきゅう の せいか が はんえい されて います;Les résultats de nos recherches se reflètent dans le nouveau modèle.
英語圏[えいごけん];シンガポールが英語圏だとは思ってもみなかったよ。;Je n'ai jamais pensé que Singapour était un pays anglophone.
時速[じそく];しんかんせん の さいこう じそく は さんびゃくきろ です;La vitesse la plus élevée du train à grande vitesse Shinkansen est de 300 km/h.
速さ[はやさ];しんかんせん の はやさ は どれ くらい です か;Quelle est la vitesse du train à grande vitesse ?
真実[しんじつ];しんじつ は ひとつ です;Il y a une vérité.
準急[じゅんきゅう];しんじゅくえき まで じゅんきゅう で いった の よ;Je suis allé à la gare de Tokyo par l'express local.
血液[けつえき];しんぞう は ぜんしん に けつえき を おくりだして いる;Le cœur envoie du sang dans tout le corps.
天国[てんごく];しんだら てんごく に いきたい です;Je veux aller au ciel quand je mourrai.
先祖[せんぞ];しんとう で は せんぞ を たいせつ に します;Dans le shintoïsme, nous vénérons nos ancêtres.
無用[むよう];しんぱい は むよう です;Il n'y a pas lieu de s'inquiéter.
解説[かいせつ];しんぶん の かいせつ らん を よみました;J'ai lu la colonne des commentaires dans le journal.
活字[かつじ];しんぶん の かつじ が よみ やすく なった ね;La police de caractères du journal est devenue plus facile à lire.
打ち明ける[うちあける];しんゆう に なやみ を うちあけた の;J'ai avoué mes inquiétudes à mon meilleur ami.
登録[とうろく];しんりがく の じゅぎょう に とうろく しました か;Êtes-vous inscrit au cours de psychologie?
必勝[ひっしょう];じん社で必勝をきがんしてきました。;J'ai prié pour une victoire certaine dans un sanctuaire.
水害[すいがい];すいがい で たくさん の ひと が いえ を うしなった の;Un grand nombre de personnes ont perdu leur maison en raison des dégâts causés par les inondations.
水平線[すいへいせん];すいへいせん に たいよう が しずんで いった;Le soleil se couchait à l'horizon.
論理[ろんり];すうがく は ろんり に もとづく がくもん です;Les mathématiques sont un domaine d'étude basé sur la logique.
見当たる[みあたる];スーツケースが 一[ひと]つ 見[み]あたりません。;L'une de mes valises est manquante.
散らし[ちらし];スーパーの散らし、ここに置いてなかった？;Ne laissez-vous pas les dépliants des supermarchés ici ?
報じる[ほうじる];スーパーマンの死去が報じられ、全米が涙した。;Les États-Unis entiers ont pleuré lorsqu'ils ont annoncé la mort de Superman.
怪獣[かいじゅう];スーパーマンは、怪獣に数分遅れて現れた。;Superman est arrivé quelques minutes plus tard que le monstre géant.
群集[ぐんしゅう];すうひゃくにん の ぐんしゅう が あつまって いる の;Une foule de centaines s'est rassemblée.
薄める[うすめる];すーぷ を すこし うすめましょう か;Dois-je arroser un peu la soupe ?
冷める[さめる];スープは 冷[さ]めていない。;En général, la soupe n'est pas froide.
録画[ろくが];すき な ばんぐみ を ろくが した の;J'ai enregistré mon programme préféré.
発電所[はつでんしょ];すぐ そこ に はつでんしょ が あります;Il y a une centrale électrique près d'ici.
短所[たんしょ];すぐ に あきらめて しまう の が かれ の たんしょ です;Son point faible est qu'il abandonne trop facilement.
確保[かくほ];すぐれた じんざい の かくほ は じゅうよう です;Sécuriser d'excellents talents est important.
お構いなく[おかまいなく];すぐ帰りますので、お構いなく。;Je serai bientôt à la maison alors ne t'inquiète pas.
連盟[れんめい];スケート選手たちは、日本スケート連盟について不平を漏らしています。;Les patineurs artistiques se plaignent de la Fédération japonaise de patinage.
不吉な[ふきつな];すごく不吉な夢を見たもんで、あんたのことが心配になってこうして電話をした訳さ。;J'ai fait un rêve si inquiétant que ça m'a vraiment inquiété pour toi, et c'est pourquoi j'ai appelé.
即[そく];すごく可愛いテディーベアを見つけたので、即買いしちゃいました。;J'ai trouvé un ours en peluche super mignon et je l'ai immédiatement acheté.
油断[ゆだん];すこし の ゆだん が おおき な じこ に つながります;Une petite négligence peut provoquer un gros accident.
醸造[じょうぞう];スコッチの醸造所を見学してきました。;J'ai visité la distillerie de scotch.
筋道[すじみち];すじみち を たてて かんがえなさい;Pensez logiquement.
観衆[かんしゅう];すたじあむ は かんしゅう で まんいん だった よ;Le stade était plein de spectateurs.
躍る[おどる];ずっと探していた60年代に生産中止になったクラッシックカーを見つけた時は、嬉しくて胸が躍りました。;Quand j'ai trouvé la voiture classique qui avait été abandonnée en 1960 que je cherchais, j'étais si heureux que mon cœur s'est emballé.
ひっくり返す[ひっくりすかえす];ステーキを 焼[や]く 時[とき]は、 途中[とちゅう]でひっくり 返[かえ]す。;Lors de la cuisson d'un steak, retournez-le.
贈り物[おくりもの];すてきな 贈[おく]り 物[もの]をどうもありがとう。;Merci pour le merveilleux cadeau.
偏狭[へんきょう];ステレオタイプは人間を偏狭にします。;Le stéréotype est que les êtres humains sont étroits d'esprit.
腐食[ふしょく];ステンレスは腐食作用への耐久性があるんじゃなかったっけ？;L'inox est censé résister à la corrosion, n'est-ce pas ?
灯油[とうゆ];すとーぶ の とうゆ が なくなった わ よ;Le kérosène pour le poêle est épuisé.
恥ずかしがる[はずかしがる];ストリッパーになると自分で決断したにも関わらず、彼女はまだ人前で裸で踊ることを恥ずかしがっているんだよ。;Bien qu'elle soit déterminée à devenir strip-teaseuse par elle-même, elle hésite encore à danser nue en public.
斤[きん];ストレスで4斤のパンを一気に食べてしまった。;J'ai mangé quatre miches de pain en une seule séance à cause du stress.
窃盗[せっとう];ストレス解消に窃盗を繰り返していたそうだ。;Il semble qu'il continue de voler pour réduire le stress.
裸足[はだし];すなはま を はだし で かけまわった ん だ;Il a couru pieds nus sur la plage.
憂慮[ゆうりょ];ズバリ、社長が現在抱える憂慮とは何ですか。;De quoi le président de l'entreprise s'inquiète-t-il maintenant ?
草稿[そうこう];スピーチの草稿を作成しています。;Je rédige un brouillon du spee
人権[じんけん];すべて の ひと に じんけん が ある;Toutes les personnes ont des droits humains.
覆る[くつがえる];スポーツはずっとそんなに好きではなかったんですが、一度野球の試合を見に行った時にそれが覆りまして、今ではマリナーズの大ファンです。;Je n'ai pas toujours aimé le sport, mais cela a été renversé une fois que je suis allé voir un match de baseball et maintenant je suis un grand fan des Mariners.
人違い[ひとちがい];すみません ひとちがい でした;Je suis désolé de t'avoir pris pour quelqu'un d'autre.
小さい順[ちいさいじゅん];すみませんが、きゅう料はせが小さい順にわたしてくれますか。;Excusez-moi, mais pourriez-vous distribuer les paiements par ordre croissant ?
定める[さだめる];ぜい に かんする あたらしい ほうりつ が さだめられた ぞ;Une nouvelle loi sur les impôts a été établie.
年収[ねんしゅう];ぜいきん の がく は ねんしゅう に よって かわります;Le montant de l'impôt dépend du revenu annuel.
登校[とうこう];せいとたち は あさ 8 じごろ とうこう します;Les élèves arrivent à l'école vers 8h.
名札[なふだ];せいとたち は こうない で は なふだ を つけます;Les élèves portent des badges nominatifs à l'école.
成年[せいねん];せいねん に なる と どくりつ した こせき を つくれます;Un livret de famille individuel peut être établi lorsque vous devenez majeur.
正方形[せいほうけい];せいほうけい の かみ を ようい しましょう;Préparez un carré de papier.
西暦[せいれき];せいれき せんきゅうひゃくろくじゅうよねん に とうきょう で おりんぴっく が あった;Les Jeux olympiques de Tokyo ont eu lieu en 1964.
森林[しんりん];せかいじゅう で しんりん が うしなわれて います;Les forêts sont en train de disparaître partout dans le monde.
治まる[おさまる];せき が すこし おさまりました;Ma toux va un peu mieux.
掻く[かく];せなか を おかあさん に かいて もらった の;J'ai demandé à ma mère de me gratter le dos.
我が家[わがや];ぜひ わがや に あそび に きて ください 。;S'il vous plaît venez me rendre visite à la maison.
空間[くうかん];せまい くうかん に もの が たくさん おいて ある ね;Beaucoup de choses ont été mises dans un espace restreint.
世論[せろん];せろん は あなた の みかた です;L'opinion publique est votre alliée.
向上[こうじょう];ぜんいん で ぎじゅつ の こうじょう に つとめて います;Nous travaillons tous ensemble pour améliorer nos compétences.
割り当てる[わりあてる];ぜんいん に さぎょう が わりあてられました;Le travail a été confié à tous les membres.
総合[そうごう];ぜんいん の いけん を そうごう して みましょう;Rassemblons tous les avis.
前回[ぜんかい];ぜんかい の つづき から はじめます;Nous allons commencer là où nous nous sommes arrêtés la dernière fois.
前期[ぜんき];ぜんき の うりあげ は とても よかった わ;Les ventes du premier trimestre ont été très bonnes.
政党[せいとう];せんきょ で は みっつ の せいとう が あらそって います;Trois partis politiques sont en lice pour l'élection.
修了[しゅうりょう];せんげつ その こーす を しゅうりょう しました;J'ai terminé le cours le mois dernier.
戦後[せんご];せんご の にほん は こんらん して いました;Le Japon était dans un état de confusion après la Seconde Guerre mondiale.
臨む[のぞむ];せんしゅ は さいこう の じょうたい で たいかい に のぞんだ わ;Les athlètes ont participé à la compétition dans les meilleures conditions.
観測[かんそく];せんせい が ほし の かんそく に つれて いって くれました;Le professeur nous a emmenés observer les étoiles.
忠告[ちゅうこく];せんせい から の ちゅうこく を きく べき だ よ;Vous devez suivre les conseils du professeur.
月謝[げっしゃ];せんせい に げっしゃ を わたしました か;Avez-vous donné les frais mensuels à l'enseignant?
暑中見舞い[しょちゅうみまい];せんせい に しょちゅうみまい を だしました;J'ai envoyé une carte de voeux d'été à mon professeur.
載る[のる];せんせい の ろんぶん が ざっし に のりました よ;L'article de notre professeur a été publié dans la revue.
採点[さいてん];せんせい は しけん の さいてん が おわった よう ね;Il semble que le professeur ait fini de corriger l'examen.
導く[みちびく];せんせい は わたしたち を みちびいて くれます;Le professeur nous guide.
戦前[せんぜん];せんぜん の せいかつ は いま と まったく ちがいました;La vie avant la Seconde Guerre mondiale est assez différente de celle d'aujourd'hui.
液体[えきたい];せんたく に えきたい の せんざい を つかって います;J'utilise une lessive liquide pour laver les vêtements.
湿る[しめる];せんたくもの が まだ しめって います;Le linge est encore humide.
銭湯[せんとう];せんとう は むかし より すくなく なった わ ね;Il y a moins de bains publics aujourd'hui qu'avant.
行程[こうてい];ぜんぶ で ろくじかん の こうてい です;C'est un voyage de six heures en tout.
洗面[せんめん];せんめん ようぐ を わすれた;J'ai oublié mes affaires de toilette.
洗面器[せんめんき];せんめんき で はんかち を あらった の;J'ai lavé mon mouchoir dans un lavabo.
洗面所[せんめんじょ];せんめんじょ で かお を あらった;Elle s'est lavé le visage dans les toilettes.
全力[ぜんりょく];ぜんりょく で はしれ;Courez de toutes vos forces !
悪因悪果[あくいんあっか];ぜん因ぜん果悪因悪果って言うだろ？当然のむくいだよ。;"On dit ""le mal engendre le mal"", n'est-ce pas ? Ils ont donc été correctement punis."
対外[たいがい];せん後、日本の対外せいさくはどのようにかわっていったのでしょうか。;Comment la politique étrangère du Japon a-t-elle changé après-guerre ?
募集中[ぼしゅうちゅう];そいつ、パソコンオタクではあるけど、見た目はイケメンで、今彼女募集中なんだ。どう、会ってみない？;C'est un geek en informatique, mais un beau mec et il cherche une petite amie en ce moment. Ça ne vous intéresse pas de le rencontrer ?
委託[いたく];そいつがさ、男の目隠しまではしたけど、残りの殺人業務は他の暗殺者に委託したって言うんだよ。;Il dit qu'il a bandé les yeux du gars, mais a confié le reste du meurtre à l'autre assassin.
躍如[やくじょ];そいつにチャンピオンの面目躍如たるところを見せつけてやれ！;Montrez-lui quel genre de champion vous êtes !
先入観[せんにゅうかん];そういうの、 せんにゅうかん 先入観っていうんだよっ！ たいけん 体験したこと な 無いのに、決め付けるのはよくないっ！;C'est ce qu'ils appellent «préjugés»! Il est faux de penser à quelque chose que vous n'avez jamais connu!
決めつける[きめつける];そういうの、 先入観[せんにゅうかん]っていうんだよっ！ 体験[たいけん]したこと 無[な]いのに、 決め付[きめつ]けるのはよくないっ！;C'est ce qu'ils appellent «préjugés»! Bien qu'ils n'en ont jamais fait l'expérince, il est erroné de s'y accorder !
超自然的[ちょうしぜんてき];そういえば、私の超自然的な力についてお話したことってありましたっけ？;Vous ai-je déjà parlé de mon pouvoir surnaturel ?
見違える[みちがえる];そうじ を したら へや が みちがえる よう に なった の;J'ai commencé à voir la pièce différemment au fur et à mesure que je la nettoyais.
掃除機[そうじき];そうじき が こわれた;L'aspirateur est tombé en panne.
次々に[つぎつぎに];そうしゃ が つぎつぎに ごーる しました;Les coureurs ont atteint le but les uns après les autres.
能率[のうりつ];そうすれば 能率[のうりつ]が 上[あ]がりますよ。;Si vous faites comme cela, c'est plus efficace.
総理[そうり];そうり は よーろっぱ を ほうもんちゅう です;Le Premier ministre est en visite en Europe.
奴隷[どれい];そう取り乱すなよ。心配ないって。俺らはまだ奴隷だけど、そのうち何とかなるよ。;Ne perdez pas votre sang-froid. Ne vous inquiétez pas. Nous sommes toujours des esclaves maintenant, mais les choses vont s'arranger.
速達便[そくたつびん];そくたつびん なら あした の ごぜんちゅう に とどきます;Il arrivera demain matin si vous l'envoyez par courrier express.
浄土[じょうど];そこはまさに極楽浄土のような所だった。;Cet endroit est exactement comme la Terre Pure d'Amitabha.
毒[どく];そこをどいてください。;Veuillez vous déplacez s'il vous plait.
然して[そして];そして 駅[えき]の 隣[となり]のスーパーに 入[はいっ]た。;Ensuite, je suis entré dans le supermarché à côté de la gare.
出獄[しゅつごく];そして、出獄の日が近づくにつれて、憂鬱になって、何故か危機感を感じたんです。;Puis, alors que le jour où je serais libéré de prison approchait, je suis devenu déprimé et, pour une raison quelconque, j'ai senti une catastrophe imminente.
進路[しんろ];そつぎょう ご の しんろ を まよって います;J'ai du mal à décider quel chemin je vais prendre après l'obtention du diplôme.
花束[はなたば];そつぎょうしき に はなたば を もらいました;J'ai reçu un bouquet de fleurs à ma cérémonie de remise des diplômes.
率直[そっちょく];そっちょく な ごいけん ありがとう ございました;Merci pour votre avis direct.
悲鳴[ひめい];そと から ひめい が きこえた な;Un cri a été entendu à l'extérieur.
一面[いちめん];そと は いちめん の ゆきげしき だった ね;C'était un paysage enneigé à l'extérieur.
木枯らし[こがらし];そと は こがらし が ふいて いる よ;Un vent froid d'hiver souffle dehors.
真っ暗[まっくら];そと は まっくら です;Il fait nuit noire dehors.
薄暗い[うすぐらい];そと は もう うすぐらく なりました よ;Il fait déjà noir dehors.
正面[しょうめん];その いえ の しょうめん に は おおき な ばるこにー が ある の;Il y a un grand balcon à l'avant de la maison.
濁る[にごる];その いけ の みず は にごって いる ね;L'eau du bassin est trouble.
命日[めいにち];その いし 石には かれ 彼の めいにち 命日が きざ 刻まれていた。;Sur la pierre a été inscrit la date de sa mort.
送り仮名[おくりがな];その おくりがな は まちがって います;Ce suffixe kana est faux.
怪しい[あやしい];その おとこ の こうどう は あやしかった わ;Le comportement de cet homme était suspect.
海峡[かいきょう];その かいきょう に はし が かけられました;Un pont a été construit sur ce détroit.
実態[じったい];その かいしゃ の けいえい の じったい を ちょうさちゅう だ;L'état de la direction de cette société fait l'objet d'une enquête.
筆記試験[ひっきしけん];その かいしゃ の ひっきしけん は むずかしかった よ;L'examen écrit de cette entreprise était difficile.
衣料[いりょう];その かいしゃ は いりょう を あつかって いる ん だ;L'entreprise s'occupe de vêtements.
分散[ぶんさん];その かいしゃ は いろいろ な くに に とうし を ぶんさん して いる ね;La société répartit ses investissements dans divers pays.
欧米[おうべい];その かいしゃ は おうべい に しんしゅつ して いる よ ね;Cette société s'est implantée en Europe et aux États-Unis.
採用[さいよう];その かいしゃ は じょせい を おおく さいよう して いる;Cette entreprise emploie de nombreuses femmes.
拡張[かくちょう];その かいしゃ は てんぽ を かくちょう して います ね;L'entreprise agrandit le magasin.
推進[すいしん];その かいしゃ は りさいくる を すいしん して いる ね;L'entreprise fait la promotion du recyclage.
翌年[よくねん];その かいしゃ 会社の かいけいねんど 会計年度は しがつ ４月から よくねん 翌年の さんがつ ３月 まで 迄である。;The company's financial year runs from April until March of the following year.
学費[がくひ];その かね 金は わたし 私の がくひ 学費に おお 大いに やくだ 役立つだろう。;Je me demande si utiliser cet argent pour les dépenses scolaires l'argent sera profitable.
最先端[さいせんたん];その かめら に は さいせんたん の ぎじゅつ が つかわれて います;Une technologie de pointe est utilisée dans cet appareil photo.
可哀相[かわいそう];その かわいそう な こどもたち は たべる もの が ない;Ces pauvres enfants n'ont rien à manger.
幼稚[ようち];その かんがえ は すこし ようち だ と おもう;Je trouve cette idée un peu puérile.
効力[こうりょく];その くすり は こうりょく が つよい よ;L'effet du médicament est puissant.
伝染[でんせん];その くに で は これら の でんせん が まんえん して います;Il y a une épidémie de choléra qui se propage dans ce pays.
秩序[ちつじょ];その くに の しゃかい ちつじょ は みだれて いる わ;L'ordre social dans ce pays est dans un état de chaos.
要請[ようせい];その くに の せいふ は かっこく に しえん を ようせい した の よ;Le gouvernement de ce pays a demandé le soutien de toutes les nations.
待ち望む[まちのぞむ];その くに の ひとびと は へいわ を まちのぞんで いる の;Les citoyens de ce pays espèrent la paix.
共産主義[きょうさんしゅぎ];その くに は きょうさんしゅぎ の くに だ よ;Ce pays est une nation communiste.
開放[かいほう];その くに は しじょう の かいほう を もとめられて いる の;Ce pays a été invité à ouvrir ses marchés.
資本主義[しほんしゅぎ];その くに は しだいに しほんしゅぎ に なった わ ね;Le pays est progressivement devenu capitaliste.
少数[しょうすう];その けいかく に はんたい の ひと は ほんの しょうすう だった よ;Seules quelques personnes s'y sont opposées.
主催[しゅさい];その げいじゅつさい は し が しゅさい して います;Le festival d'art est parrainé par la ville.
先程[さきほど];その けん でしたら さきほど じょうし から きょか を えて おります;Si vous parlez de cela, j'ai obtenu la permission de mon patron il y a peu de temps.
認識[にんしき];その けん は おわった と にんしき して います;Je crois comprendre que l'affaire est terminée.
原材料[げんざいりょう];その げんざいりょう 原材料のうちのいくつかは ゆうがい 有害です。 とく 特に、 にんしん 妊娠 ちゅう 中の かた 方にとっては。;Certains de ces ingrédients sont nocifs, surtout si vous êtes enceinte.
嫌々[いやいや];その こ は いやいや がっこう へ いった の;L'enfant est allé à l'école à contrecœur.
粒[つぶ];その こ は おおつぶ の なみだ を うかべていた の;Les yeux de l'enfant étaient remplis de grosses larmes.
有毒[ゆうどく];その こうじょう は ゆうどくがす を だして いる の ね;Il y a des fumées nocives qui sortent de cette usine.
対等[たいとう];その こども は おとな と たいとう に はなして いた よ;Ce gamin parlait avec un adulte comme un égal.
捜査[そうさ];その さつじん じけん の そうさ は 2 ねんかん つづきました;L'enquête sur l'affaire du meurtre s'est poursuivie pendant deux ans.
殺人[さつじん];その さつじん じけん は はくちゅう に おこった ん だ;Le meurtre a eu lieu pendant la journée.
運営[うんえい];その じぎょう は くに が うんえい して います;Le projet est géré par le gouvernement.
投書[とうしょ];その じけん に ついて しんぶん に とうしょ した ん だ;J'ai écrit au journal concernant cet incident.
当局[とうきょく];その じけん に ついて は とうきょく が ちょうさ して います;Les autorités concernées enquêtent sur l'incident.
本部[ほんぶ];その じけん の ちょくご そうさ ほんぶ が せっち された;Immédiatement après l'incident, un quartier général d'enquête a été mis en place.
次第に[しだいに];その じけん は しだいに わすれられて いった の さ;L'incident fut peu à peu oublié.
負傷[ふしょう];その じこ で おおく の ひと が ふしょう した の;De nombreuses personnes ont été blessées dans l'accident.
多量[たりょう];その じこ で たりょう の がすもれ が あった ね;Une grande quantité de gaz s'est échappée à cause de l'accident.
貴い[とうとい];その じこ で とうとい いのち が うしなわれました;Une vie précieuse a été perdue dans l'accident.
多数[たすう];その しごと に たすう の おうぼ が あった よ;Il y avait beaucoup de candidatures pour le poste.
報酬[ほうしゅう];その しごと の ほうしゅう と して 20 まんえん もらいました;J'ai été rémunéré 200 000 yens pour ce travail.
伴う[ともなう];その しごと は きけん を ともなう;Le danger vient avec le travail.
住宅地[じゅうたくち];その じゅうたくち は べんり な ばしょ に ある ね;Ce quartier résidentiel est idéalement situé.
上半身[じょうはんしん];その しょうねん 少年は じょうはんしん 上半身 はだか 裸であった。;Le garçon était nu sous la taille.
学歴[がくれき];その しょく は だいそつ の がくれき が ひつよう だ;Ce travail exige un diplôme d'études collégiales.
男女[だんじょ];その すぽーつ は だんじょ いっしょ に します;Hommes et femmes pratiquent ce sport ensemble.
廃止[はいし];その せいど は はいし されました;Le système a été aboli.
獲得[かくとく];その せんしゅ の かくとく しょうきん は におくえん だって;J'entends que le bonus d'acquisition pour ce joueur est de 200 millions de yens.
復活[ふっかつ];その せんしゅ は けが を のりこえて ふっかつ した わ ね;Le joueur s'est remis de sa blessure.
種目[しゅもく];その せんしゅ は にしゅもく で めだる を とった わ;L'athlète a remporté des médailles dans deux épreuves.
引っ掛ける[ひっかける];その せんしゅ は はーどる に あし を ひっかけた ん だ;L'athlète a attrapé son pied sur l'obstacle.
反則[はんそく];その せんしゅ は はんそく で まけました;L'athlète a perdu à cause d'une faute.
番地[ばんち];その たてもの の ばんち は わかります か;Connaissez-vous le numéro de parcelle de l'immeuble ?
争い[あらそい];その ちいき で は あらそい が たえません;Il y a des conflits incessants dans cette région.
守備[しゅび];その ちーむ は しゅび が あまい ね;La défense de l'équipe est molle.
産地[さんち];その ちほう は おちゃ の さんち です;La région est un centre de production de feuilles de thé.
民間[みんかん];その とち は みんかん きぎょう に ばいきゃく された ん だ;Le terrain a été vendu à une société privée.
争う[あらそう];その にこく は しげん を めぐって あらそって います;Les deux pays se disputent les ressources.
対立[たいりつ];その にしゃ は たいりつ して います;Les deux sociétés sont l'une contre l'autre.
夕刊[ゆうかん];その にゅーす は ゆうかん で みました;J'ai vu cette nouvelle dans le journal du soir.
鶏[にわとり];その にわとり は まいあさ なきます;Le coq chante tous les matins.
表紙[ひょうし];その にんき あいどる が こんげつ の ひょうし だ よ;La star populaire est en couverture ce mois-ci.
祈り[いのり];その ひ こくみん は へいわ へ の いのり を ささげる　の;Les gens prient pour la paix ce jour-là.
旅客[りょかく];その びん は がいこくじん の りょかく が おおかった よ;Il y avait beaucoup de voyageurs étrangers sur ce vol.
摩擦[まさつ];その ふたつ の くに に まさつ が しょうじた ん だ;Des frictions ont surgi entre les deux pays.
邦楽[ほうがく];その ぶったい 物体は ひかりをはな 光を放ちながら みなみ 南の ほうがく 方角へ と 飛んで い 行った。;L'objet volait en directino du sud, emettant des éclairs de lumière.
踏切[ふみきり];その ふみきり は ながい;Ce passage à niveau a un long signal.
官庁[かんちょう];その ふるい たてもの は かんちょう です;Cet ancien bâtiment est le bureau du gouvernement.
滅びる[ほろびる];その ぶんめい は なんぜんねん も まえ に ほろびて しまった の;Cette civilisation a été détruite il y a des milliers d'années.
細長い[ほそながい];その ほそながい ぼう を とって ください;Veuillez prendre ce bâton long et fin.
中毒[ちゅうどく];その ほてる で しょくちゅうどく が はっせい した ん だ;Une intoxication alimentaire s'est déclarée à l'hôtel.
施設[しせつ];その ほてる に は れじゃー しせつ が たくさん ある;Il y a beaucoup d'installations de loisirs dans l'hôtel.
通り掛かる[とおりかかる];その みせ を とおりかかったら ばーげん を やっていた 。;Quand je suis passé devant le magasin, il y avait une vente.
外観[がいかん];その もだん な がいかん の たてもの が たいしかん です;Ce bâtiment à l'extérieur moderne est l'ambassade.
策[さく];その もんだい に たいする さく を みんな で かんがえた の;Nous avons tous pensé à des mesures pour résoudre le problème.
討論[とうろん];その もんだい に ついて くらす で とうろん しました;Le problème a été discuté en classe.
審議[しんぎ];その もんだい は しんぎちゅう です;La question est en délibération.
出し合う[だしあう];その 件[けん]については 我々[われわれ]はみんなのアイデアを 出し合[だしあ]って、もっといい 案[あん]を 出[だ]した 方が良[ほうがい]い。;Nous ferions mieux de faire ensemble un brainstorming sur ce sujet et de trouve de meilleures idées.
絆[きずな];その 兄弟[きょうだい]の 間[あいだ]には 強[つよ]い 絆[きずな]がある。;Il y a un lien fort entre les frères.
雑談[ざつだん];その 先生[せんせい]はいつも 授業[じゅぎょう]の 前[まえ]に 雑談[ざつだん]をするの。;Le professeur discute toujours avant la classe.
北半球[きたはんきゅう];その 動物[どうぶつ] 類[るい]は 北半球[きたはんきゅう]で 見[み]ることができる。;Ces animaux peuvent être vus dans l'hémisphère Nord.
宣伝[せんでん];その 商品[しょうひん]はテレビで 宣伝[せんでん]されている。;Ces produits sont promus à la télévision.
噂[うわさ];その 噂[うわさ]は 本当[ほんとう]ですか。;La rumeur est-elle vraie ?
飢饉[ききん];その 国[くに]では 飢饉[ききん]は 深刻[しんこく]な 問題[もんだい]だ;La famine est un problème grave dans ce pays.
豊富[ほうふ];その 国[くに]は 石油[せきゆ]が豊富[ほうふ]である。;Le pétrole est abondant dans ce pays.
社会科学[しゃかいかがく];その 大学[だいがく]の 課程[かてい]は 自然科学[しぜんかがく]と 社会科学[しゃかいかがく]から 成り立[なりた]っている。;Ce programme d'études couvre les sciences naturelles et les sciences sociales.
木登り[きのぼり];その 女の子[おんなのこ]は 木登[きのぼ]りが 大好[だいす]きだった。;Cette fille aimait escalader les arbres.
弱い[よわい];その 子[こ]は 体[からだ]が 少[すこ]し 弱[よわ]い。;Cet enfant est un peu faible physiquement.
閉じ込める[とじこめる];その 子[こ]は 猫[ねこ]を ボール箱[ボールばこ]の 中[なか]へ 閉じ込[とじこ]めた。;Cet enfant a enfermé un chat dans le carton.
絵本[えほん];その 子[こ]は 絵本[えほん]が 大好[だいす]きです。;Ce gosse adore les livres d'images.
お化け[おばけ];その 子[こ]はお 化[ば]けを 見[み]たと 言[い]っている;L'enfant dit qu'elle a vu un fantôme.
飽きる[あきる];その 子[こ]はおもちゃに 飽[あ]きたようだね。;L'enfant semble avoir été lassé du jouet.
深く[ふかく];その 川[かわ]は 広[ひろ]くて 深[ふか]いです。;La rivière est large et profonde.
最新式[さいしんしき];その 工場[こうじょう]では、 設備[せつび]はすべて 最新式[さいしんしき]のものだった。;A l'usine, tout les équipement sont au dernier cri.
役者[やくしゃ];その 役者[やくしゃ]の 事[こと]は 聞[き]いたことが 無[な]い。;Je n'ai jamais entendu parler de l'acteur.
危篤[きとく];その 患者[かんじゃ]は 危篤[きとく] 状態[じょうたい]だった|父が危篤だという電話がありました。;Le patient était dans un état critique.
封筒[ふうとう];その 手紙[てがみ]を 封筒[ふうとう]に 入[い]れた。;J'ai mis cette lettre dans une enveloppe.
新婚[しんこん];その 新婚[しんこん] 夫婦[ふうふ]は 手[て]をつないで 歩[ある]いた。;Le couple nouvellement marié a marché main dans la main.
悲しい[かなしい];その 映画[えいが]はとても 悲[かな]しかった。;Ce film était très triste.
粗筋[あらすじ];その 映画[えいが]はどんなあらすじですか。;Quelle est l'histoire du film?
一番上[いちばんうえ];その 本[ほん]は いちばん上[いちばんうえ]の 棚[たな]に 置[お]いてください。;Veuillez mettre le livre sur l'étagère supérieure.
伝説[でんせつ];その 歌[うた]は 伝説[でんせつ]に 由来[ゆらい]する 物[もの]だった。;La chanson provient d'une légende.
言い表す[いいあらわす];その 物体[ぶったい]がどんな 物[もの]か 言い表[いいあらわ]す 事[こと]が 出来[でき]ますか。;Pouvez-vous décrire l'objet?
入り込む[はいりこむ];その 猟師[りょうし]は 森[もり]の 中[なか] 深[ふか]く 入り込[はいりこ]み、 二度[にど]と 帰[かえ]らなかった。;Le chasseur s'est enfoncé profondément dans la forêt, pour ne jamais en revenir.
奪う[うばう];その 男[おとこ]は 彼女[かのじょ]のバッグを 奪[うば]ったぞ。;L'homme a volé son sac.
築き上げる[きずきあげる];その 男[おとこ]はおおきな 財産[ざいさん]を 築き上[きずきあ]げた。;L'homme a batti une grande fortune.
爆弾[ばくだん];その 町[まち]に 爆弾[ばくだん]が 落[お]とされた。;Des bombes ont été larguées dans cette ville.
遺言[ゆいごん];その 老人[ろうじん]は 遺言[ゆいごん]を 作成[さくせい]した。;Ce vieillard rédigait son testament
基礎[きそ];その 考[かんが]えが 彼[かれ]の 理論[りろん]の 基礎[きそ]となっている。;Cette idée résume les fondement de sa théorie.
退ける[のける];その 自転車[じてんしゃ]をどけてください。;Veuillez déplacer ce vélo hors du chemin.
心理学者[しんりがくしゃ];その 著名[ちょめい]な 心理学者[しんりがくしゃ]は、 見た目[みため]が 私[わたし]の 叔父[おじ]に 似[に]ている。;L'éminent psychologue ressemble en apparence à mon oncle.
興味深い[きょうみぶかい];その 話[はなし]はとても 興味深[きょうみぶか]かった。;L'histoire était très intéressante.
励る[はげる];その 調子[ちょうし]で 勉強[べんきょう]を 続[つづ]けなさいと 先生[せんせい]が 励[はげ]ましてくれた。|かべ の ぺんき が はげて きた な|ちち が むすこ を はげました の;Mon professeur m'a encouragé dans mes études.
分[ぶ];その 貸付金[かしつけきん]は、８ 分[ぶ]の 利益[りえき]を 生[う]む。;Le prêt porte un intérêt de 8%.
部署[ぶしょ];その 資料[しりょう]はこの 部署[ぶしょ]にはありません。;Notre département ne possède pas cette information.
故[ゆえ];その 起源[きげん]ゆえに、カナダ 英語[えいご]にはアメリカ 英語[えいご]とイギリス 英語[えいご]の 両方[りょうほう]の 特徴[とくちょう]がある。;En raison de ses origines, l'anglais canadien a des caractéristiques à la fois anglais américain et britannique.
契約[けいやく];その 選手[せんしゅ]は 新[あたら]しいチームと 契約[けいやく]した。;Le joueur a signé un contrat avec une nouvelle équipe.
散らばる[ちらばる];その 銀行[ぎんこう]の 支店[してん]は 日本[にほん] 全国[ぜんこく]に 散[ちらば]らばっている。;Les succursales de la banque sont situées dans tout le Japon.
冷凍[れいとう];その 魚[さかな]と 肉[にく]を 冷凍[れいとう]してください。;S'il vous plaît congeler le poisson et la viande.
痩身[そうしん];そのエステは痩身を専門にしているんだって。;J'ai entendu dire que le salon de beauté était spécialisé dans l'amincissement.
鋼[はがね];そのゲームで鋼の鎧っていくらだったっけ？;Combien coûte l'armure d'acier dans le jeu ?
片隅[かたすみ];そのことが心の片隅にずっと引っかかっていたんです。;Cela a toujours été coincé dans un coin de ma tête.
推定[すいてい];そのサバンの男は群衆の規模を534人と推定したのだが、実際の数とピッタリ当っていた。;Le gars, qui est un savant, a estimé l'ampleur de la foule à 534 personnes et il avait tout à fait raison.
薦め[すすめ];そのスリッパは私のお薦めです。;Ces pantoufles sont ma recommandation.
助力[じょりょく];そのせつは、ご助力をたまわりかんしゃ申し上げます。;Merci pour votre aide en ce moment.
投手[とうしゅ];そのダルビッシュ投手の人形はいくらですか？;Combien coûte la poupée du lanceur, Darvish ?
準決勝[じゅんけっしょう];そのチームは 準決勝[じゅんけっしょう]に 勝[か]って 決勝[けっしょう]に 進出[しんしゅつ]した。;L'équipe a remporté les demi-finales et a remporté la finale.
爆撃[ばくげき];そのチョコレート工場は、爆撃を受けて粉々になりました。;La chocolaterie s'est effondrée sous les bombardements.
ダメージを与える[ダメージをあたえる];そのニュースは 彼[かれ]に 大[おお]きなショックを 与[あた]えた。;La nouvelle lui provoqua un grand choc.
積み重ねる[つみかさねる];そのバッグは 彼[かれ]の 後[あと]に 積み重[つみかさ]ねられていた。;Les sacs étaient empilés derrière lui.
川沿い[かわぞい];そのビルは 川沿[かわぞ]いに 建[た]っている。;Le bâtiment se dresse sur le bord de la rivière.
畳[たたみ];そのホテルには 畳[たたみ]の 部屋[へや]がある。;Cet hôtel a des chambres en tatami.
眺望[ちょうぼう];そのホテルの部屋からは美しく青い海を眺望することができました。;Nous avons pu voir le magnifique océan bleu depuis notre chambre d'hôtel.
部室[ぶしつ];そのまんがなら、部室に全かんそろってるよ。;Quant à ce manga, nous avons toute la série dans la salle du club.
暗殺[あんさつ];そのヤクザの組長は暗殺されてしまいました。;Ce chef yakuza a fini par se faire assassiner.
言葉つき[ことばつき];そのようせいの声は子どもの声だったが、言葉つきはまるで大人だった。;La fée avait une voix d'enfant, mais ses mots étaient comme si c'était un adulte.
月光[げっこう];そのよるは、月光がとてもきれいでした。;Le clair de lune était très beau cette nuit-là.
録音[ろくおん];そのラジオ 番組[ばんぐみ]はもう 録音[ろくおん]しました。;J'ai déjà enregistré cette émission de radio.
葬る[ほうむる];その事件の真相が闇に葬られるのではないかと心配しています。;J'ai peur que la vérité sur l'incident soit enterrée.
傷者[しょうしゃ];その事故による死者は三名、傷者は二百人以上にのぼるという。;On dit qu'il y a eu trois morts et plus de 200 blessés dans cet accident.
仏典[ぶってん];その仏典はこの箱の中にしまってもらえますか？;Pouvez-vous mettre les écritures bouddhistes dans cette boîte ?
懇親[こんしん];その会社の株主総会の後には、懇親会があります。;Une réunion amicale aura lieu après l'assemblée générale de la société.
新鋭[しんえい];その会社は最新鋭のパソコンを購入することを決定しました。;L'entreprise a décidé d'acheter l'ordinateur de pointe.
斬る[きる];その侍は、早口言葉が上手く言えなければお前の舌を斬るぞ、と私に言いました。;Le samouraï m'a dit qu'il me couperait la langue si je ne pouvais pas dire le virelangue correctement.
荘厳[そうごん];その儀式は荘厳に行われました。;La cérémonie s'est tenue solennellement.
入れ墨[いれずみ];その入れ墨には今までいくら費やしているんですか。;Combien d'argent avez-vous dépensé en tatouages?
兵舎[へいしゃ];その兵舎には異臭が漂っており、息をするのもやっとだった。;La caserne était remplie d'une telle puanteur que je pouvais à peine respirer.
殉職[じゅんしょく];その刑事は、銃弾を浴びて殉職しました。;Le détective a pris une balle et est mort à son poste.
土俵際[どひょうぎわ];その力士は土俵際で踏ん張り、相手力士に打っ棄りを食らわせた。;Le lutteur de sumo s'est accroché au bord du ring et a réussi à expulser son adversaire.
絶滅[ぜつめつ];その動物は絶滅の危機に瀕している。;Cet animal est en voie d'extinction.
遅滞[ちたい];その動画を遅滞なく削除せよ。;Supprimez la vidéo sans délai.
他動詞[たどうし];その動詞が他動詞か自動詞かを学ぶには、まる暗記するしかないのかな。;La mémorisation est-elle le seul moyen de savoir si le verbe est transitif ou intransitif ?
哲学者[てつがくしゃ];その哲学者は強風を通って歩いたので、自分のベレー帽をしっかりと掴まなくてはならなかった。;Le philosophe devait s'accrocher à son béret alors qu'il marchait dans le vent fort.
刑期[けいき];その囚人は、十五年間の刑期を務めた後で釈放されたが、行く当てがなく自殺をしてしまいました。;Le condamné a été libéré après avoir purgé une peine de quinze ans de prison, mais il n'avait nulle part où aller et s'est suicidé.
対策[たいさく];その場[ば]しのぎの 対策[たいさく]では 麻薬中毒[まやくちゅうどく] 問題[もんだい]にきりこむことはできないでしょう。;Ces mesures temporaires ne résouderont pas le problème de la toxicomanie.
注釈[ちゅうしゃく];その場合は、注釈を付けてください。;Dans ce cas, veuillez ajouter des notes.
人造の[じんぞうの];その外交官は人造人間十八号に刺された。;Le diplomate a été poignardé par Android No.18.
驚嘆[きょうたん];その太陽光発電所の規模に驚嘆しました。;J'ai été étonné de la taille de la centrale solaire.
拘置[こうち];その女性は豆芝を膝に載せたまま酔っぱらっていたので、見かねた警察がその犬を保護拘置し、後から返してあげたそうです。;J'ai entendu dire que la femme était ivre avec un Shiba Inu miniature sur ses genoux, alors la police, qui ne supportait pas de voir la situation, a placé le chien en garde à vue et l'a rendu plus tard.
盲人[もうじん];その家には、生まれつき盲人の男が住んでいます。;Un homme vit dans cette maison qui est né aveugle.
容疑者[ようぎしゃ];その容疑者は、どういう訳か十代の若者たちに大志と楽観主義のメッセージを伝えた。;Le suspect a en quelque sorte transmis un message d'ambition et d'optimisme aux adolescents.
少佐[しょうさ];その少佐は、大佐に飲み物を奢ると言ってきかなかった。;Le lieutenant a insisté pour offrir un verre au colonel.
尼僧[にそう];その尼僧は、寝起きはいつも顔がむくんでいます。;Le visage de cette nonne est toujours enflé quand elle se réveille.
巡査[じゅんさ];その巡査は、スコッチを一気にゴクリと半分飲み干した。;Le policier a bu la moitié du scotch d'un trait.
華々しい[はなばなしい];その左利きの投手は、大リーグで華々しいデビューを飾りました。;Ce lanceur gaucher a fait de brillants débuts dans les ligues majeures.
切腹[せっぷく];その年老いた武士は、切腹をすることに固執した。;Le vieux samouraï a insisté pour se suicider rituellement.
小柄[こがら];その店では、一人の小柄なおばあさんが買い物をしていた。;La petite vieille faisait ses courses seule dans le magasin.
老朽[ろうきゅう];その建物はかなり老朽しているので、立ち入らない方がいい。;Ce bâtiment est assez décrépit, vous ne devriez donc pas y entrer.
包囲[ほうい];その建物はじきに警察に包囲されるでしょう。;Le bâtiment sera encerclé par la police dans un instant.
懇意[こんい];その弁護士さんとはもう何十年も懇意にしていましてね。;J'ai été proche de cet avocat pendant des décennies.
闘志[とうし];その戦闘ロボットは、メラメラと闘志を燃やしていた。;Le robot de combat était plein d'esprit combatif.
気概[きがい];その教師は、教室で見て見ぬふりをされている問題に取り組む気概がなかった。;L'enseignante n'avait pas le courage de s'occuper des problèmes en classe.
脅す[おどす];その教師は何名かの男子生徒を刃物で脅したとして解雇されました。;Cet enseignant a été licencié parce qu'il avait menacé des élèves de sexe masculin avec un couteau.
諮問[しもん];その日は経済財政諮問会議が開催される予定です。;Le Conseil de la politique économique et fiscale prévoit de tenir une réunion le même jour.
抱擁[ほうよう];その映画の、主役の二人が甘い抱擁を交わすシーンがとても美しかったよ。;La scène de ce film où les deux acteurs principaux ont échangé une douce étreinte était si belle.
環礁[かんしょう];その時、日本のマグロ漁船「第五福竜丸」がたまたまビキニ環礁を航行しており、乗組員が被ばくしてしまった。;"Le thonier japonais ""SS Lucky Dragon 5"" a accidentellement navigué autour de l'atoll de Bikini et l'équipage a été exposé à des radiations."
貨幣価値[かへいかち];その時からどれぐらい貨幣価値が変わったか、知っているかい？;Savez-vous à quel point la valeur de l'argent a changé depuis ?
三杯[さんばい];その時ちょっとへこみ気味だったもんで、ビールを三杯一気飲みしちゃったんだよね。;J'étais déprimé à l'époque, alors j'ai bu trois verres de bière.
書評[しょひょう];その本についての批判的な書評があまりにも多いので、買う気が失せたよ。;Il y avait tellement de critiques d'un livre que je pensais lire que j'ai perdu mon désir de l'acheter.
編集者[へんしゅうしゃ];その本の編集者として任命されてから、過労気味です。;Depuis que j'ai été désigné comme éditeur du livre, je me sens surmené.
疫病[えきびょう];その村の人々は、全員疫病で亡くなりました。;Tout le monde dans ce village est mort de la peste.
棋士[きし];その棋士は、この建物に自分専用の練習部屋を構えています。;Le joueur de shogi a sa propre salle de pratique dans ce bâtiment.
樹皮[じゅひ];その樹皮は食べられますか？;L'écorce est-elle comestible ?
欄干[らんかん];その欄干は古いからもたれないほうがいい。;Ce garde-corps est ancien, il ne faut donc pas s'appuyer dessus.
歌劇[かげき];その歌劇の主人公は生粋のフランス人です。;Le personnage principal de cet opéra est un Français de souche.
殺人者[さつじんしゃ];その殺人者は、とう走中に大変な失ぱいをおかしてしまった。;Ce tueur a fait une terrible erreur en s'enfuyant.
見逃す[みのがす];その法律に抜け穴があることを今の今まで見逃していました。;Je n'avais pas remarqué qu'il y avait une faille dans la loi jusqu'à maintenant.
洞穴[どうけつ];その洞穴で躓いて、足首を捻挫しました。;Je suis tombé dans la grotte et je me suis foulé la cheville.
浮世絵[うきよえ];その浮世絵についてお話をしませんか？;Pourquoi ne parlons-nous pas de l'ukiyo-e ?
蜜[みつ];その熊は、蜜の入った瓶を五本、次々飲み干しました。;L'ours a avalé cinq pots de miel, l'un après l'autre.
鋭敏[えいびん];その犬の鋭敏な嗅覚は、何人もの麻薬密売人を捕らえました。;Le nez fin de ce chien a attrapé tant de trafiquants de drogue.
狂気[きょうき];その申し出を断るなんて狂気の沙汰だよ。;Vous devez être fou pour décliner cette offre.
裁く[さばく];その男が殺人犯であることがわかったが、時効を迎えているので法的には誰も彼を裁く事ができない。;Il s'est avéré que l'homme est un meurtrier, mais le délai de prescription a déjà expiré, donc personne n'est légalement en mesure de le juger.
聴く[きく];その癒し系の曲を聴いてると、眠くなってきたよ。;J'écoute cette chanson relaxante et je commence à m'endormir.
短刀[たんとう];その短刀、どこで買ったの？;Où as-tu acheté ce tanto ?
砂丘[さきゅう];その砂丘には駱駝もいるんですよ。;Il y a des chameaux sur cette dune de sable.
禅僧[ぜんそう];その禅僧は、すきっぱらに不味いものは無いという言葉を実感しました。;"Le prêtre zen a littéralement compris la phrase ""la faim est la meilleure sauce""."
禅宗[ぜんしゅう];その禅宗に関する映画は、この映画館で上映中です。;Le film sur la secte Zen du bouddhisme japonais est projeté dans ce théâtre.
紅[くれない];その紅色の花の名前は何ですか？;Comment s'appelle la fleur rouge foncé ?
航空母艦[こうくうぼかん];その航空母艦は突然視界から消えたんです。;Le porte-avions a soudainement disparu de mon champ de vision.
船舶[せんぱく];その船舶は、どこの国に登録されているものですか。;Dans quel pays ce navire est-il immatriculé ?
花壇[かだん];その花壇を見ると、いつも母を思い出します。;Je pense toujours à ma mère quand je vois un parterre de fleurs.
芸人[げいにん];その芸人は、まるでねむれる森の美女のようにねむっています。;Ce comédien dort comme la belle au bois dormant.
苗字[みょうじ];その苗字、初めて聞きました。;C'était la première fois que j'entendais ce nom de famille.
洞[ほら];その薄気味悪い洞は、村の北外れにひっそりと佇んでいました。;La grotte étrange se tenait silencieusement à la périphérie nord du village.
欠陥[けっかん];その製品に欠陥が見つかりました;Un défaut a été trouvé dans le produit
角[つの];その角を左に曲がりなさい、そうすれば駅が見つかりますよ。;Tournez à gauche à ce coin de rue, et vous trouverez la gare.
訴訟[そしょう];その訴訟に関する書類は、弁護士によって全てきちんとファイルされている。;Les documents liés au procès ont tous été correctement déposés par l'avocat.
阻止[そし];その証人が法廷で証言するのを、何としてでも阻止するんだ。;Faites tout ce qu'il faut pour empêcher ce témoin de témoigner devant le tribunal.
時期尚早[じきしょうそう];その話を持ち出すのは時期尚早だろう。;Je pense qu'il est prématuré d'aborder ce sujet.
謙虚な[けんきょな];その謙虚な男性が実はマフィアの一員だったなんて、信じられません。;Je n'arrive pas à croire que cet humble homme était en fait un membre de la mafia.
壊滅[かいめつ];その都市は原爆により壊滅しました。;La ville a été anéantie par la bombe atomique.
陳列室[ちんれつしつ];その陳列室には、いったい何が並べられているのですか。;Qu'est-ce qui est exposé dans la salle d'exposition ?
発行[はっこう];その雑誌は年に4回発行されているんだ。;その雑誌は年に4回発行されているんだ。
犠牲者[ぎせいしゃ];その飛行機事故では、事故で多くの犠牲者がでました。;De nombreuses victimes sont apparues de l'accident d'avion.
除外[じょがい];その馬はソエにより競争除外となりました。;Le cheval a été exclu de la course en raison d'une douleur au tibia.
騎兵[きへい];その騎兵の写真、なんだか若かりし頃を思い出すな。;Cette photo des cavaleries me rappelle un peu ma jeunesse.
騎士[きし];その騎士は、アメリカ国旗を掲げることを断った。;Le chevalier a refusé de faire flotter le drapeau américain.
騎手[きしゅ];その騎手は、自分の初めてのG1レースの日に朝寝坊をしました。;Le pilote a dormi trop longtemps le jour de sa première course en G1.
市外[しがい];そふ は しがい の びょういん に かよって いる の;Mon grand-père va dans un hôpital en dehors de la ville.
白髪[しらが];そふ は しらが が すくない ほう です;Mon grand-père a relativement peu de cheveux gris.
戦死[せんし];そふ は せんし しました;Mon grand-père est mort à la guerre.
戦場[せんじょう];そふ は せんじょう に いった こと が ある そう です;J'ai entendu dire que mon grand-père était allé sur le champ de bataille.
仮名遣い[かなづかい];そふ は ふるい かなづかい で かく こと が ある の;Mon grand-père écrit parfois dans l'ancienne orthographe kana.
明治[めいじ];そふ は めいじ の うまれ です;Mon grand-père est né à l'ère Meiji.
退く[しりぞく];ソフトボールチームのヘッドコーチのポジションを退くには、まだ早過ぎますよ。;Il est encore trop tôt pour que vous démissionniez de votre poste de coa chef du softball
抱く[だく];そぼ が うち の ねこ を だいて いる わ よ;Grand-mère tient notre chat.
漬け物[つけもの];そぼ は つけもの を じぶん で つくります;Ma grand-mère fait ses propres cornichons.
身近[みぢか];そもそも 事故[じこ]の 大半[たいはん]は 熱帯雨林[ねったいうりん]ではなく、 身近[みぢか]な 場所[ばしょ]でおこるのである。;La plupart des accidents se produisent autour d'un lieu familier et non pas dans la forêt tropicale.
忽ち[たちまち];そら が たちまち くもって きた ね;Le ciel s'assombrit soudain.
俄に[にわかに];そら が にわかに くらく なった な;Le ciel s'assombrit rapidement.
推測[すいそく];それ は かれ の すいそく に すぎない;Ce n'est rien de plus que sa conjecture.
間接[かんせつ];それ は かんせつてき な げんいん の ひとつ です;C'est une des causes indirectes.
極端[きょくたん];それ は きょくたん な いけん だ ね;C'est une opinion extrême.
細か[こまか];それ は こまか な もんだい です;C'est une question complexe.
学説[がくせつ];それ は さいしん の がくせつ ね;C'est la dernière théorie.
主観的[しゅかんてき];それ は しゅかんてき な いけん だ;C'est un avis subjectif.
革命[かくめい];それ は れきしじょう の おおき な かくめい です;C'est une révolution majeure dans l'histoire.
以来[いらい];それ 以来[いらい] 彼女[かのじょ]に 会[あ]ってない。;Je ne l'ai pas rencontrée depuis ce moment.
錯覚[さっかく];それがまるで自分のもののような錯覚に襲われたんです。;J'étais assailli par une illusion qui me ressemblait.
歳月[さいげつ];それから半世紀の歳月が流れ、彼のことなんてほとんど忘れかけていた時に、私達は小さなパン屋さんで偶然再会したんです。;Au bout de cinquante ans et je commençais presque à l'oublier, nous nous sommes croisés dans une petite boulangerie.
投棄[とうき];それが不法投棄になるとは知らなかったんです。;Je ne savais pas que ce serait du dumping illégal.
逆さま[さかさま];それじゃあ 上[うえ]と 下[した]が 逆[さか]さまだよ。;Vous devez l'inverser.
直轄[ちょっかつ];それじゃあ、ここも政府が直轄している機関なんですか。;Eh bien, y a-t-il une agence sur laquelle le gouvernement exerce un contrôle direct ici aussi ?
国柄[くにがら];それぞれの国にはそれぞれのお国柄ってものがあって、私達はそれをお互いに尊重し合うべきだと思います。;Chaque pays a son propre caractère national et je pense que c'est quelque chose que nous devrions tous respecter.
疎遠[そえん];それっきり、姉とは疎遠になっているんです。;Avec cela, je me suis éloigné de ma sœur aînée.
揺らぐ[ゆらぐ];それっぽっちのことで、気持ちが揺らぐんだ。;Si peu de choses influencent mes sentiments.
角度[かくど];それでは 角度[かくど]が 小[ちい]さすぎよう。;L'angle serait trop étroit.
決[けつ];それでは、決をとりたいと思います。;Eh bien, je pense que c'est la décision que je veux prendre.
神秘的[しんぴてき];それは 壁[かべ]に 神秘的[しんぴてき]な 影[かげ]を 投[なげ]げかける。;Cela projette des ombres mystérieuses sur le mur.
無駄[むだ];それは 時間[じかん]の 無駄[むだ]です。;C'est une perte de temps.
正しい[ただしい];それは 正[ただ]しい 答[こた]えです。;C'est la bonne réponse.
水かけ論[みずかけろん];それは 結局[けっきょく] 水掛け論[みずかけろん]だ。;C'est en définitive un débat sans fin.
遺憾[いかん];それは 遺憾[いかん]ながら 本当[ほんとう]だ。;C'est vraiement regrettable.
総帥[そうすい];それは、ヒトラー総帥の指令だったのです。;C'était l'ordre du Fuhrer Hitler.
自動的[じどうてき];それは、ボットによる自動的なツイートですよ。;C'est un tweet automatisé par un bot.
自動的な[じどうてきな];それは、ボットによる自動的なツイートですよ。;C'est un tweet automatisé par un bot.
翔る[かける];それは、まるで天空を高く翔る不死鳥のようでした。;Il ressemblait à un phénix planant haut dans les airs.
移住[いじゅう];それはあなたがこの国に移住して来るか来ないかによります。;Cela dépend si vous déménagez ou non dans ce pays.
お年玉[おとしだま];それはいわゆる「 お年玉[おとしだま]」でした。;C'est ce que nous appelons un « otoshidama ».
嘸[さぞ];それはさぞがっかりしたことでしょう。;Cela a dû être décevant.
修理[しゅうり];それはまだ修理されていません。;Cela n'a pas encore reçu de réparation.
啓示[けいじ];それはまるで神の啓示のようだった。;C'est comme la révélation divine.
卸値[おろしね];それは卸値で購入することができたんです。;J'ai pu l'acheter au prix de gros.
寛大[かんだい];それは寛大な処置だったと思います。;Je pense qu'il s'agissait de mesures de tolérance.
怠慢[たいまん];それは警察の怠慢なんじゃないんですか。;N'est-ce pas de la négligence policière ?
酷[こく];それをあいつに頼むのは、ちょっと酷すぎやしないか。;Le demander à ce type est un peu trop injuste.
安心[あんしん];それを聞いて安心しました。;J'ai été soulagé d'entendre cela.
取り組む[とりくむ];そろそろ 本気[ほんき]で 仕事[しごと]に 取り組[とりく]むころだよ。;Il est temps que vous vous mettiez au travail.
帆[ほ];そろそろ帆を替えるなくちゃいかんなあ。;Il semble que vous deviez bientôt remplacer la voile.
熟れる[うれる];そろそろ桃が熟れる頃だ。;C'est à peu près la période de l'année où les pêches mûrissent.
無意味[むいみ];そんな こと を して も むいみ よ;Cela n'a aucun sens de faire une telle chose.
訳[わけ];そんな 訳[わけ]で 私[わたし]は 仕事[しごと]を 辞[や]めました。;Pour cette raison, j'ai quitté mon travail
損な[そんな];そんなことを 言[い]う 人[ひと]が 嫌[きら]いだ。;Je n'aime pas ceux qui disent ainsi.
慌てる[あわてる];そんなに 慌[あわ]ててどこに 行[い]くの。;Où allez-vous si pressé?
鼓膜[こまく];そんなに大声を出されたら鼓膜が破れるよ。;Si vous jouez des choses si fort, vous userez vos tympans.
智[ち];そんな子供の姿を見て、智を開く思いがしました。;J'ai regardé les figures de ces enfants et j'ai eu l'impression que ma propre sagesse était libérée.
悠長[ゆうちょう];そんな悠長なことを言ってる時間はないよ。;Ce n'est pas le moment de parler de choses aussi tranquilles.
野蛮[やばん];そんな野蛮な人たちと付き合ってはいけません。;Vous ne devez pas vous associer à des gens aussi sauvages.
整列[せいれつ];たいいくかん に いって せいれつ しなさい;Allez au gymnase et alignez-vous.
受かる[うかる];だいいち しぼう の だいがく に うかりました;J'ai réussi l'examen d'entrée pour mon collège de premier choix.
引っ込む[ひっこむ];だいえっと を して おなか が ひっこみました;J'ai fait un régime et mon ventre s'est aplati.
晩酌[ばんしゃく];ダイエットのために晩酌を控えています。;Je me retiens de boire un verre le soir à cause de mon régime alimentaire.
劇的[げきてき];ダイエットを始めて三ヶ月で体型が劇的に変化しました。;Trois mois après avoir commencé mon régime, mon corps avait radicalement changé.
大概[たいがい];たいがい かぜ は ねて いれば なおります;Généralement, les rhumes s'améliorent après un peu de sommeil.
一昨年[いっさくねん];だいがく そつぎょう は いっさくねん です;J'ai obtenu mon diplôme universitaire il y a deux ans.
人文科学[じんぶんかがく];だいがく で じんぶんかがく を せんこう しました;Je me suis spécialisé en sciences humaines quand j'étais à l'université.
切っ掛け[きっかけ];だいがく に かよう の が じょうきょう の きっかけ でした;Le motif pour lequel je suis venu à Tokyo était d'aller à l'université.
規定[きてい];だいきん に は きてい の てすうりょう が ふくまれます;Notre prix comprend des frais de traitement fixes.
期日[きじつ];だいきん を きじつ まで に おしはらい ください;Veuillez payer les frais avant la date d'échéance.
大根[だいこん];だいこん は しろくて ながい やさい です;Le radis daikon est un légume long et blanc.
資産[しさん];だいじん の しさん が こうひょう された ね;Les actifs du ministre ont été rendus publics.
仮称[かしょう];タイトルはまだ単なる仮称です。;Le titre n'est qu'un nom temporaire pour l'instant.
静まる[しずまる];たいふう が さって かぜ が しずまった ね;Parce que le typhon est passé, le vent est tombé.
接近[せっきん];たいふう が せっきん して います ね;Un typhon approche.
半島[はんとう];たいふう が その はんとう を つうか した の;Le typhon est passé sur la péninsule.
停電[ていでん];たいふう で ていでん した よ;Il y a eu une panne d'électricité à cause du typhon.
荒れる[あれる];たいふう で やま も うみ も あれて います;A cause du typhon, le temps est rude à la fois sur les montagnes et dans l'océan.
凝視[ぎょうし];タイプの女性がいたので、思わず凝視してしまいました。;C'était mon genre de femme donc je la regardais sans le vouloir.
拭く[ふく];たおる で からだ を ふきました;Je me suis séché avec une serviette.
気圧[きあつ];たかい やま は きあつ が ひくい ね;En haute montagne, la pression atmosphérique est basse.
草臥れる[くたびれる];たくさん あるいて くたびれました;J'étais épuisé de marcher alors mu
浮かれる[うかれる];たくさんの人がオリンピックに浮かれすぎている。;Beaucoup de gens se laissent trop emporter par les Jeux olympiques.
戦没[せんぼつ];たくさんの戦没した兵士たちがここに埋められています。;De nombreux soldats tués au combat sont enterrés ici.
鶴[つる];たくさんの折り紙の鶴を醤油につけて、日本人の女の子の部屋に置いてみるってのはどうかな。;Que diriez-vous de tremper un tas de grues en origami dans la sauce soja et de les mettre dans la chambre de la fille japonaise ?
近距離[きんきょり];タクシーの運ちゃんは大体みんな近距離乗車は嫌がるよね。;Les chauffeurs de taxi n'aiment généralement pas les courts trajets lointains, n'est-ce pas ?
凧[たこ];たこ に は あし が 8 ぽん ある;Une pieuvre a huit pattes.
車両[しゃりょう];ただいま、車両の点けんをしています。;Salut, j'examine les wagons.
仮令[たとえ];たとえ 雨[あめ]が 降[ふ]っても、その 試合[しあい]は 行[おこな]われるだろう。;Le match sera joué même s'il pleut.
償う[つぐなう];たとえあなたが死をもって罪を償っても、問題は解決しないでしょう。;Même si vous expiiez vos péchés par votre propre mort, cela ne résoudrait pas le problème.
況して[まして];たにん で も かなしい の だ から まして ほんにん は どれほど でしょう;Si d'autres personnes se sentent attristées, imaginez à quel point la personne en question doit se sentir plus triste.
侵す[おかす];たにん の けんり を おかしては なりません;Vous ne devez pas enfreindre les droits d'autrui.
化かす[ばかす];たぬきやきつねは、人間を化かすのがとくいだ。;Les tanuki et les renards sont doués pour ensorceler les humains.
災難[さいなん];たびさき で おもいがけない さいなん に あいました;Nous avons rencontré un malheur inattendu pendant le voyage.
緩める[ゆるめる];たべすぎた の で べると を ゆるめた の;J'ai desserré ma ceinture parce que j'ai trop mangé
直後[ちょくご];たべた ちょくご に ねない ほう が いい よ;Vous ne devez pas dormir immédiatement après avoir mangé.
好き嫌い[すききらい];たべもの の すききらい は とくに ありません;Je n'ai pas de goûts ou de dégoûts particuliers en matière de nourriture.
勿体ない[もったいない];たべもの を のこして は もったいない わ よ;C'est du gaspillage de laisser de la nourriture.
他方[たほう];たほう の してん から も みて みましょう;Pensons de l'autre point de vue.
刻む[きざむ];たまねぎ を こまかく きざんで ください;Veuillez hacher finement l'oignon.
だらし無い[だらしいない];だらしない かっこう を しない で ください;S'il te plaît, ne t'habille pas si négligemment.
江戸[えど];だらだらしてないで、さっさと二階に行って宿題をしなさい。日本の江戸時代についてレポートを書かないといけないって言ってたでしょ！;Arrête de déconner et monte à l'étage et fais tes devoirs. Vous avez dit que vous deviez écrire un essai sur la période Edo au Japon, n'est-ce pas ?
苦しみ[くるしみ];だれ も かれ の くるしみ を りかい して いなかった な;Personne n'a reconnu sa souffrance.
交互[こうご];だんじょ こうご に ならんで ください;S'il vous plaît faites une ligne de garçon fille garçon fille.
箪笥[たんす];タンスで 探[さが]していた 物[もの]が 見[み]つかった。;J'ai trouvé ce que je cherchais dans les tiroirs.
蛋白質[たんぱくしつ];たんぱくしつ は たいせつ な えいよう です;La protéine est un nutriment important.
馬鹿らしい[ばからしい];ちいさ な こと に くよくよ する の は ばからしい よ;C'est stupide de s'inquiéter pour une si petite chose.
汲む[くむ];ちいさ な ばけつ で みず を くんだ の;J'ai récupéré de l'eau avec un petit seau.
相互[そうご];ちーむ の なか で は そうご の しんらい が たいせつ です;La confiance mutuelle au sein de l'équipe est importante.
体内[たいない];ちが、体内でどんなはたらきをしているのかしっていますか。;Savez-vous quelle est la fonction du sang dans le corps ?
改正[かいせい];ちかく こうつう ほう が かいせい されます;Le code de la route sera bientôt révisé.
危機[きき];ちきゅう かんきょう の きき が さけばれて いる の よ;Il y a un tollé face à une crise environnementale mondiale.
上昇[じょうしょう];ちきゅう の きおん は じょうしょう して いる;La température de la terre augmente.
光年[こうねん];ちきゅうから月までは、一おく分の四光年です。;Il y a quatre cent millionièmes d'année-lumière de la terre à la lune.
南蛮[なんばん];チキン南蛮の簡単でおいしいレシピがあれば教えてください。;Si vous avez une bonne recette simple de nanban au poulet, faites-le moi savoir.
割り当て[わりあて];ちけっと の わりあて は ひとり じゅうまい です;Dix billets sont attribués par personne.
記号[きごう];ちず に は いろいろ な きごう が つかわれて いる の ね;Une variété de symboles sont utilisés sur les cartes.
省略[しょうりゃく];ちずない の ちいさい たてもの は しょうりゃく して あります;Les petits bâtiments ont été omis de la carte.
寄越す[よこす];ちち が ながい てがみ を よこした よ;Mon père a envoyé une longue lettre.
旅費[りょひ];ちち が りょひ を だして くれました;Mon père a payé mes frais de voyage.
険しい[けわしい];ちち の ひょうじょう が けわしく なった の;L'expression de mon père devint sombre.
国鉄[こくてつ];ちち は いぜん こくてつ に つとめて いました;Mon père travaillait pour les chemins de fer nationaux du Japon.
情熱[じょうねつ];ちち は じょうねつ を もって しごと に うちこんで います;Mon père se consacre au travail avec zèle.
勤労[きんろう];ちち は ながい きんろう せいかつ を おくった ん です;Mon père a eu une longue carrière professionnelle.
美容院[びよういん];ちち は びよういん で かみ を きります;Mon père se fait couper les cheveux dans un salon de coiffure.
剃る[そる];ちち は まいにち ひげ を そります;Mon père se rase tous les jours.
朝霧[あさぎり];チャリティーオークションで、朝霧から山々が浮き出ている素晴らしく美しい絵を落札しました。;Lors d'une vente aux enchères caritative, j'ai fait une offre réussie sur une peinture incroyablement belle de montagnes traversant le brouillard matinal.
倫理[りんり];ちゃんと職業倫理を守ってください。;Veuillez respecter correctement l'éthique des affaires.
防衛[ぼうえい];ちゃんぴおん が たいとる を ぼうえい した;Le champion a défendu le titre.
駐車違反[ちゅうしゃいはん];ちゅうしゃいはん 駐車違反の ばっきん 罰金は たか 高い。;Parking fines are very costly.
お握り[おにぎり];ちゅうしょく に おにぎり を たべました;J'ai mangé des boulettes de riz pour le lun
豚カツ[とんカツ];ちゅうしょく に とん かつ を たべました 。;J'ai mangé une escalope de porc pour lun
間に合わせる[まにあわせる];ちゅうしょく は くっきー で まにあわせた の;Je me suis contenté de cookies pour lun
茎[くき];ちゅーりっぷ は くき が ながい です;La tige de la tulipe est longue.
朝食[ちょうしょく];ちょうしょく に なっとう を たべました;J'ai mangé du natto au petit déjeuner.
国債[こくさい];ちょうど国債を売ろうとしたところで、値が急激に下がって、売り損ねちゃったんだ。;Nous étions sur le point de vendre les obligations d'État, mais le prix a chuté trop rapidement et nous n'avons pas pu vendre.
斎場[さいじょう];ちょうど斎場に到着するところです。;Nous sommes sur le point d'arriver à la salle funéraire.
直線[ちょくせん];ちょくせん を かいて ください;Veuillez tracer une ligne droite.
地下街[ちかがい];ちょっくら地下街に行くところだよ。;Je vais au centre commercial souterrain.
小便[しょうべん];ちょっと しょうべん し に いって くる;Désolé, je vais faire pipi.
滑らす[すべらす];ちょっといすをずらしてくれない？;Pourriez-vous déplacer un peu la chaise?
落ち込む[おちこむ];ちょっとしたことで 直[す]ぐに 落ち込[おちこ]んでしまいます。;Je suis déprimé par les moindres détails.
錯誤[さくご];ちょっとそれは時代錯誤じゃないか。;Ne trouvez-vous pas que c'est un peu anachronique ?
一寸[ちょっと];ちょっとだけ 待[ま]っていてください。;Veuillez attendre juste un instant, s'il-vous-plaît.
連邦[れんぽう];ちょっと待って。もしかして、連邦税と州税どっちも払わなきゃいけないの？;Attends une seconde. Par hasard, dois-je payer à la fois des impôts fédéraux et d'État ?
外堀[そとぼり];ちょっと気が変わって、外堀は必要がないようと思うようになりました。;J'ai changé d'avis, je ne pense pas que nous ayons besoin d'un fossé extérieur.
里心[さとごころ];ちょっと里心がついちゃったんです。;J'ai un peu le mal du pays.
追伸[ついしん];ついしん おにいさん は おげんき です か;PS Comment va ton grand frère ?
序で[ついで];ついで だから かれ も よぼうよ;Profitons de cette chance pour l'inviter aussi.
到達[とうたつ];ついに さんちょう に とうたつ しました;Nous avons finalement atteint le sommet de la montagne.
逢う[あう];ついに すばらしい じょせい に あえた 。;J'ai enfin rencontré une femme merveilleuse.
年貢[ねんぐ];ついに 年貢[ねんぐ]の 納[おさ]め 時[とき]が 来[き]たか。;J'imagine que le moment du jugement est enfin arrivé.
先頃[さきごろ];つい先頃までとても仲良くしてたのに、彼が急によそよそしくなったんだけど、理由が全然分からないの。;Nous étions de bons amis jusqu'à tout récemment, mais il est soudainement devenu très froid envers moi. Je ne comprends pas pourquoi.
通常[つうじょう];つうじょう は よる はちじ まで えいぎょう して います;Nous sommes généralement ouverts jusqu'à huit heures du soir.
通路[つうろ];つうろ の みぎがわ に といれ が あります よ;Il y a des toilettes sur le côté droit du couloir.
一旦[いったん];つかれた でしょう いったん やすみましょう;"Tu dois être fatigué; reposons-nous un moment."
照らす[てらす];つき が にわ を てらして いる;La lune brille sur le jardin.
炒める[いためる];つぎ に やさい を いためて ください;Ensuite, faites sauter les légumes.
乗り換え[のりかえ];つぎ の えき で のりかえ です;Je suis transféré à la prochaine gare.
段落[だんらく];つぎ の だんらく を よんで ください;Veuillez lire le paragraphe suivant.
冬季[とうき];つぎ の とうき おりんぴっく は 2 ねんご です;Les prochains Jeux olympiques d'hiver auront lieu dans deux ans.
突き当たる[つきあたる];つきあたったら みぎ に まがって ください;Veuillez tourner à droite lorsque la rue se termine.
宝籤[たからくじ];つきがいいほうではないのでパチンコもしないし 宝[たから]くじも 買[か]いません。;Je n'ai pas de chance, donc je ne joue pas au pachinko ou n'achète de billets de loterie.
社内[しゃない];つぎの日よう日に、社内のバスケットボール大会があります。;Dimanche prochain, il y aura un tournoi de basket interne.
角[かく];つぎの角を、左にまがってください。;Veuillez tourner à gauche au coin suivant.
貼る[はる];つくえ に シール を はった;J'ai collé un autocollant sur le bureau.
墳墓[ふんぼ];ツタンカーメンの墳墓は絶対に訪れた方がいいよ。;Vous devez absolument visiter le tombeau de Toutankhamon.
逃がす[にがす];つった さかな を にがしました;J'ai lâché le poisson que j'avais pêché.
不在[ふざい];つま の ふざいちゅう おっと は まいにち がいしょく した ん だ;Le mari dînait tous les jours pendant l'absence de sa femme.
将軍[しょうぐん];つまり、敵の将軍と付き合っているってこと。;C'est-à-dire que je sors avec le shogun ennemi.
触媒[しょくばい];つまり彼は二人にとって触媒のような役割を果たしたということだ。;En d'autres termes, il a réussi à jouer le rôle de catalyseur pour ces deux personnes.
爪[つめ];つめ が のびて います;Mes ongles ont poussé.
爪切り[つめきり];つめきり を とって ください;S'il vous plaît, passez-moi le coupe-ongles.
梅雨明け[つゆあけ];つゆあけ は らいしゅう だ そう です;J'ai entendu dire que la saison des pluies serait terminée la semaine prochaine.
梅雨入り[つゆいり];つゆいり は 6 がつ 17 にち でした;La saison des pluies a commencé le 17 juin.
苦しめる[くるしめる];つよい ひざし が せんしゅたち を くるしめた の;La forte lumière du soleil troublait les athlètes.
慣用句[かんようく];て が すく は かんようく です;J'ai les mains libres est un idiome.
悪化[あっか];て の きず が あっか した;La blessure dans ma main s'est aggravée.
割り引く[わりびく];ていか から 2 せんえん わりびきます よ;Je déduirai 2000 yens du prix de vente recommandé.
低気圧[ていきあつ];ていきあつ が ちかづいて います;Un front dépressionnaire approche.
定期券[ていきけん];ていきけん は いちまんにせんえん でした;Le laissez-passer était de 1 2000 yens.
中断[ちゅうだん];ていでん の ため しごと を ちゅうだん しました;Nous avons interrompu notre travail à cause de la panne de courant.
水泡[すいほう];データを保存する前にブラウザがクラッシュしてしまったため、長文のメッセージを書いていた努力が水泡に帰してしまった。;Mon navigateur a planté avant que j'enregistre mes données, donc mes efforts pour écrire un long message se sont soldés par un échec.
ご馳走[ごちそう];テーブルの 上[うえ]にご 馳走[ちそう]が 並[なら]んでいる。;Le banquet est aligné sur la table.
電卓[でんたく];テーブルの 上[うえ]の 電卓[でんたく]は 私[わたし]のです。;La calculatrice sur la table est à moi.
親子丼[おやこどん];てか、あの親子丼超まずかったよね！トイレで吐いちゃったよ！;Dieu! Ce bol de parents et d'enfants était tellement dégoûtant ! J'ai vomi dans la salle de bain.
宛名[あてな];てがみ に あてな を かきこんだ よ;J'ai inscrit le nom du destinataire sur la lettre.
同封[どうふう];てがみ に しゃしん が どうふう されて いた よ;Une photographie était jointe à la lettre.
封[ふう];てがみ に ふう を した よ;J'ai cacheté la lettre.
禍根[かこん];できれば禍根を残すことは避けたい。;Je veux éviter de fermer les yeux sur les problèmes futurs, si je le peux.
手首[てくび];てくび の かんせつ を ひねっちゃった;Je me suis tordu l'articulation du poignet.
関節[かんせつ];てくび の かんせつ を ひねっちゃった;Je me suis tordu l'articulation du poignet.
発祥[はっしょう];デコポンは日本発祥のみかんの品種です。;Dekopon est une sorte de mandarine originaire du Japon.
果物[くだもの];デザートに 果物[くだもの]を 食[た]べましょう。;Prenons des fruits pour le dessert.
市場[しじょう];でじかめ しじょう は きゅうそく に かくだい して いる;Le marché des appareils photo numériques s'est rapidement développé.
形[けい];です・ます形ではなしをするとていねいにきこえます。;Lorsque vous parlez en utilisant les formes desu et masu, vous semblez poli.
熱する[ねっする];てつ は ねっする と まがる ん だ;Le fer plie si vous le chauffez.
運賃[うんちん];てつどう の うんちん が ねあげ された ね;Les tarifs des trains ont augmenté.
半面[はんめん];てにすこーと の はんめん を つかって しあい を した の;Nous avons joué au tennis en utilisant un côté du court.
手の平[てのひら];てのひら に あせ を かきました;Mes paumes transpirent.
早速[さっそく];では 早速[さっそく] 書類[しょるい]をお 送[おく]りします。;Je vais immédiatement envoyer les documents.
明日[あした];では、また 明日[あした]。;Et bien, à demain.
お歳暮[おせいぼ];でぱーと で おせいぼ を おくりました;J'ai envoyé des cadeaux de fin d'année du grand magasin.
歳末[さいまつ];でぱーと の さいまつ おおうりだし が はじまった よ;Les soldes de fin d'année ont commencé dans les grands magasins.
失礼[しつれい];ではそろそろ 失礼[しつれい]します。;Eh bien, il est temps pour moi d'y aller.
必須の[ひっすの];デフォルトでは、名前と生年月日、メールアドレスの入力が必須になっています。;Par défaut, vous devez saisir votre nom, votre date de naissance et votre adresse e-mail.
矛先[ほこさき];でも、どうしてハッカーは攻撃の矛先を俺たちに向けてきたんだ？;Mais, pourquoi les hackers ont-ils ciblé le gros de leur attaque sur nous ?
墓地[ぼち];てら の となり に ぼち が あります;Il y a un cimetière à côté du temple.
気象[きしょう];てれび で あす の きしょう じょうほう を かくにん した よ;J'ai vérifié les prévisions météo de demain à la télé.
日米[にちべい];てれび で にちべい やきゅう を やって います よ;Un match de baseball entre le Japon et les États-Unis est diffusé à la télévision.
画面[がめん];てれび の がめん が あかる すぎる;L'écran du téléviseur est trop lumineux.
取材[しゅざい];てれび も しゅざい に きた ほど ゆうめい な れすとらん です;Le restaurant est si célèbre que le journal télévisé en a fait un reportage.
娯楽[ごらく];テレビは 彼[かれ]のいちばんの 娯楽[ごらく]です。;Regarder la télévision est son passe-temps favori.
激励[げきれい];テレビ番組が放映された後、何百にも及ぶ激励の電話が、数時間に渡って掛かってきた。;Après l'émission télévisée, des centaines d'appels d'encouragement ont afflué pendant des heures.
系統[けいとう];でんき けいとう を ずめん で たしかめました;J'ai vérifié le système électrique sur le schéma.
確率[かくりつ];てんき よほう は あたる かくりつ が たかく なりました ね;La probabilité que les prévisions météorologiques soient exactes a augmenté.
天災[てんさい];てんさい を ふせぐ こと は できません;Les catastrophes naturelles ne peuvent pas être évitées.
遅れ[おくれ];でんしゃ が じゅっ ぷん おくれ で とうちゃく した ん だ;Le train est arrivé avec dix minutes de retard.
間隔[かんかく];でんしゃ は ごふん かんかく で きます よ;Le train passe toutes les cinq minutes.
漏る[もる];てんじょう から あめ が もる の;La pluie coule du plafond.
張る[はる];テントを川の側に 張[は]った。;Nous avons fixé une tente à côté de la rivière.
象徴[しょうちょう];てんのう は にほんこく の しょうちょう です;L'empereur est un symbole du Japon.
連日[れんじつ];てんらんかい は れんじつ にぎわいました;L'exposition était bondée tous les jours.
取り次ぐ[とりつぐ];でんわ が あったら とりついで ください;Veuillez me transférer le téléphone s'il sonne.
繋がる[つながる];でんわ が つながりません;Les appels téléphoniques ne passent pas.
航空券[こうくうけん];でんわ で こうくうけん を よやく しました;J'ai réservé un billet d'avion par téléphone.
混じる[まじる];でんわ の こえ に ざつおん が まじって いた の;La voix au téléphone était mêlée à un bruit de fond.
値下げ[ねさげ];でんわ りょうきん が ねさげ された;Ma charge de téléphone a été réduite.
電話帳[でんわちょう];でんわちょう を みせて ください;Veuillez me montrer l'annuaire téléphonique.
独りでに[ひとりでに];どあ が ひとりでに しまった な;La porte s'est refermée toute seule.
挟む[はさむ];どあ に ゆび を はさんだ;J'ai coincé mon doigt dans la porte.
押さえる[おさえる];どあ を おさえて ください;Veuillez tenir la porte.
覗く[のぞく];ドアの 隙間[すきま]から 中[なか]をのぞいたんだ。;Je regardai à travers une fissure de la porte.
指紋[しもん];ドアノブの指紋を綺麗に拭き取った。;Les empreintes digitales sur la poignée de porte ont été complètement effacées.
研究所[けんきゅうしょ];とあるアメリカの研究所が、日本語がペラペラになるくすりを開発したそうだ。;J'ai entendu dire qu'un certain laboratoire américain a fabriqué une pilule qui vous permettra de parler couramment le japonais.
密告[みっこく];とある会社の脱税について、税務署に密告したいと思ってるんです。;Je souhaite informer le fisc d'une évasion fiscale d'une entreprise.
閉める[しめる];ドアを閉めてください。;Fermez la porte s'il vous plaît.
首班[しゅはん];どいつが新入生の首班を占めることになると思う？;Selon vous, qui sera le leader des étudiants de première année ?
肝[きも];トイレに行く前に、鳥の肝をもう一口かじりました。;J'ai pris une autre bouchée de foie de poulet avant d'aller aux toilettes.
殺菌[さっきん];トイレを殺菌する一番いい方法は何ですか？;Quelle est la meilleure façon de stériliser une salle de bain ?
首脳[しゅのう];とうきょう で ごかこく の しゅのうかいだん が ひらかれて います;Un sommet de cinq pays se tient à Tokyo.
区[く];とうきょう に は 23 の く が ある 。;Il y a 23 quartiers à Tokyo.
地価[ちか];とうきょう の ちか は あがりつづけて いる ん だ;Le prix des terrains à Tokyo ne cesse d'augmenter.
片道[かたみち];とうきょう まで かたみち きっぷ を かった;J'ai acheté un aller simple pour Tokyo.
恵まれる[めぐまれる];とうじつ は てんき に めぐまれました;Nous avons eu la chance d'avoir du beau temps ce jour-là.
素直[すなお];どうしてあなたって 素直[すなお]じゃないの？;Pourquoi ne pouvez-vous pas prendre les choses exactement comme elles le sont?
締結する[ていけつする];どうしてあの国が突然平和友好条約を締結したのか不思議に思うよ。;C'est étrange, je me demande pourquoi ces pays ont conclu si soudainement un traité de paix.
甲斐性[かいしょう];どうしてあの甲斐性無しが彼女の愛を復活させることができたのか、全く理解できないね。;Je ne peux vraiment pas comprendre comment un homme aussi incompétent a pu raviver son amour.
肉欲[にくよく];どうしてキリスト教徒と仏教徒の中には、肉欲を罪深いものだとして否定する人がいるのですか。;Pourquoi certains chrétiens et bouddhistes nient-ils leurs désirs charnels comme s'ils étaient quelque chose de pécheur ?
薬学[やくがく];どうしてコウイチは最近薬学の本をデスクにおいているの？;Pourquoi Koichi a-t-il gardé ce livre de pharmacologie sur son bureau ces derniers temps ?
御札[おふだ];どうしてここに御札をはっているんですか？;Pourquoi as-tu mis le talisman ici ?
白熊[しろくま];どうしてここに白熊がいるんだ？;Pourquoi y a-t-il un ours polaire ici ?
斜体[しゃたい];どうしてこの単語の文字のフォントを斜体に変えたんですか。;Pourquoi avez-vous changé la police de ce mot en italique ?
卑屈[ひくつ];どうしてすぐに卑屈になるの？;Pourquoi devenez-vous immédiatement soumis ?
中枢[ちゅうすう];どうしてそれが彼女の中枢神経系を刺激したの？;Comment pourrait-il stimuler son système nerveux central ?
謙譲語[けんじょうご];どうしてそれが謙譲語だと思ったんですか。;Qu'est-ce qui vous a fait supposer que c'était un humble japonais ?
飢餓[きが];どうしてそんな風にクッキーを踏みつけたりしたんだ？毎日何千何百人という人が飢餓で亡くなるのを知らないのか。;Pourquoi marcher sur un cookie comme ça ? Ne savez-vous pas que des milliers de personnes meurent de faim chaque jour ?
抗体[こうたい];どうしてボスに逆らって、そのウィルスへの抗体を作り出そうとするのですか？予防接種を受ける！;Pourquoi défiez-vous votre patron et essayez-vous de développer des anticorps contre le virus ? Faites-vous vacciner !
富裕[ふゆう];どうして人は富裕層と貧困層に分けられるのでしょうか。;Pourquoi séparons-nous les gens entre les riches et les pauvres ?
偽[にせ];どうして俺が偽札を偽札じゃないということが皆の為になるのさ？;Quel avantage y a-t-il à dire à tout le monde que ce document falsifié n'est pas un document falsifié ?
崇拝[すうはい];どうして偶像崇拝を禁止するのですか。;Pourquoi interdisent-ils le culte des idoles ?
勲章[くんしょう];どうして勲章の受賞を辞退したんですか。;Pourquoi avez-vous refusé la médaille gagnante ?
囚人[しゅうじん];どうして囚人は縞々の服を着ているんですか。;Pourquoi les détenus portent-ils des vêtements rayés ?
埼玉県[さいたまけん];どうして埼玉県に来たんですか。;Qu'est-ce qui vous amène à la préfecture de Saitama ?
炉心[ろしん];どうして奴らは原子炉の炉心が溶解してしまったことを隠そうとしたんだ？;Pourquoi ont-ils essayé de cacher que le cœur du réacteur nucléaire avait fondu ?
源氏[げんじ];どうして娼婦やホステス、キャバ嬢、芸者さんなどが使う偽名を「源氏名」って言うんですか？;"Pourquoi le faux nom des prostituées, des hôtesses et des geishas est-il appelé un ""nom Genji ?"""
伏せる[ふせる];どうして弟が犯罪者であることを伏せていたんだ。;Pourquoi dissimulerais-je que mon jeune frère est un criminel ?
露顕[ろけん];どうして我々の陰謀が露顕したのだ。;Comment avez-vous découvert notre parcelle ?
群れる[むれる];どうして日本では、不良少年少女は、コンビニの前で群れる傾向があるんでしょうか。;Je me demande pourquoi les enfants délinquants ont tendance à traîner devant les dépanneurs au Japon.
冬至[とうじ];どうして日本では冬至の日にカボチャを食べると良いというのですか？;Pourquoi les gens disent-ils qu'il est bon de manger des courges au solstice d'hiver au Japon ?
宜しくお願いする[よろしくおねがいする];どうして日本人はいつも「宜しくお願いします」って言うの？;"Pourquoi les Japonais disent-ils tout le temps ""s'il vous plaît, traitez-moi bien"" ?"
高騰[こうとう];どうして株価がこんなに高騰しているんだ。;Pourquoi les cours des actions bondissent-ils soudainement comme ça ?
遺体[いたい];どうして犯人が遺体の唇を舐めたのかは不明です。;Nous ne savons pas pourquoi le meurtrier a léché les lèvres du cadavre.
粘着[ねんちゃく];どうして粘着テープを宝石箱に仕舞っているの？;Pourquoi gardez-vous le ruban adhésif dans votre boîte à bijoux ?
浸す[ひたす];どうして野菜を水に浸しているの？;Pourquoi trempez-vous les légumes dans l'eau ?
隣国[りんごく];どうして隣国の肩を持つのさ？日本人じゃないの？;Pourquoi prenez-vous parti pour le pays voisin ? Vous n'êtes pas japonais ?
奉納[ほうのう];どうして首相が靖国神社に玉串料を奉納することが批判されるのですか。;Pourquoi le Premier ministre a-t-il été critiqué pour avoir fait une offrande au sanctuaire Yasukuni ?
巣立ち[すだち];どうして鳥は飛べるようになる前に巣立ちをするのですか。;Pourquoi les oiseaux quittent-ils le nid avant de pouvoir voler ?
設立[せつりつ];とうしゃ は じゅうねんまえ に せつりつ された の よ;Notre société a été créée il y a dix ans.
当初[とうしょ];とうしょ の けいかく で は もっと はやく おわる はず でした;Selon le plan initial, il aurait dû se terminer plus tôt.
怠惰[たいだ];どうすれば怠惰を克服できるのでしょうか。;Que pensez-vous pouvoir faire pour vaincre votre paresse ?
密猟[みつりょう];どうすれば象の密猟を防止できると思いますか。;Selon vous, que peut-on faire pour empêcher le braconnage des éléphants ?
同性[どうせい];どうせい の ともだち より いせい の ともだち の ほう が おおい よ;J'ai plus d'amis du sexe opposé que d'amis du même sexe.
擁立[ようりつ];どうせ出馬者を擁立しようとしているだけだろう。;Je suis sûr qu'ils essaient juste de soutenir le candidat.
召し上がる[めしあがる];どうぞ 召[め]し 上[あ]がってください。;Je vous en prie, mangez, s'il-vous-plaît. (honorifique)
遠慮なく[えんりょなく];どうぞ 遠慮[えんりょ]なく 電話[でんわ]をください。;N'hésitez pas à me téléphoner.
取り扱う[とりあつかう];とうてん で は お さけ を とりあつかって おりません;Nous ne vendons pas d'alcool dans cette boutique.
唐突[とうとつ];とうとつ 唐突な しつもん 質問に かれ 彼は あわをく 泡を食った。;He was confused by a sudden question.
埋め合わせる[うめあわせる];どうにかこの損失を埋め合わせることはできないだろうか。;Ne pouvons-nous pas compenser cette perte d'une manière ou d'une autre ?
当人[とうにん];とうにん は いがい に へいき なよう ね 。;La personne concernée semble être étonnamment cool.
本能[ほんのう];どうぶつ は ほんのう の まま うごく ね;Les animaux agissent uniquement par instinct.
羊[ひつじ];どうぶつえんで、羊にえさをやりました。;Je dois nourrir les moutons au zoo.
縁を切る[えんをきる];どうやったら彼と縁を切ることが出来るだろうか。;Comment puis-je rompre les liens avec lui ?
郵便箱[ゆうびんばこ];どうやって私の小さな郵便箱にこの本が入ったんだろう。;Comment ce livre pourrait-il tenir dans ma petite boîte aux lettres ?
武装[ぶそう];どうやら、武装勢力に襲われたようだ。;Il semble qu'ils aient été attaqués par des insurgés armés.
各々の[おのおのの];どうやら各々独自のポテトチップスの食べ方をもっているようだ。;Il semble que chaque personne ait sa propre façon de manger des chips.
不倫[ふりん];どうやら妻が不倫をしているようなんです。;Il semble que ma femme commette l'adultère.
太平洋[たいへいよう];トーフグチームは、ごうか客せんで太平洋をわたる社いんりょ行をけいかくしています。;L'équipe de Tofugu prévoit une retraite d'entreprise pour traverser l'océan Pacifique lors d'une croisière de luxe.
良好[りょうこう];トーフグと日本せいふは、良好なかんけいをたもっています。;Tofugu et le gouvernement japonais entretiennent de bonnes relations.
盟約[めいやく];トーフグと盟約を結びたいんです。;Nous voulons former un pacte avec Tofugu.
信徒[しんと];トーフグの信徒数は一万人をこえました。;Le nombre de croyants Tofugu a dépassé 10 000.
公告[こうこく];トーフグの決算公告、もう見ましたか。;Avez-vous déjà vu l'annonce financière publique de Tofugu ?
顔面[がんめん];トーフグの社員たちは、みんな顔面へんさちが高い。;Les valeurs de déviation faciale des travailleurs de Tofugu sont toutes très élevées.
見返す[みかえす];トーフグの社長になって、コウイチを見返してやるぞ！;Je serai le président de Tofugu et je montrerai à Koichi, qui me méprisait, ce que je peux faire.
周年[しゅうねん];トーフグは、来年で十周年になるので、コウイチは周年プロジェクトをけい画しています。;L'année prochaine est le 10e anniversaire de Tofugu, alors Koichi prévoit un projet d'anniversaire.
第一位[だいいちい];トーフグはユニークな日本語学習教ざいとして、五年れんぞく第一位のざをかくとくしています。;Tofugu a obtenu la première place cinq fois consécutives dans des tournois pour des outils d'apprentissage du japonais uniques.
乙[おつ];どーも、報告乙です。;Hé, merci pour le rapport.
欲求[よっきゅう];ときには じぶん の よっきゅう を おさえる こと も ひつよう です;Parfois, j'ai besoin de contrôler mes désirs.
企画[きかく];どくしんしゃ ぱーてぃー を きかく した;J'ai fait des plans pour une fête de célibataires.
大騒ぎ[おおさわぎ];どこかの国で、ゴリラが逃げ出して大騒ぎになっていたことがあったよね。;Un gorille évadé a provoqué une scène majeure dans un pays, n'est-ce pas ?
硫酸[りゅうさん];どこで硫酸を手に入れたんだ。;Où avez-vous mis la main sur de l'acide sulfurique ?
航法[こうほう];どこで空中航法を学んだんですか。;Où as-tu appris la navigation aérienne ?
衰える[おとろえる];とし と とも に たいりょく が おとろえて います;Le corps est devenu faible avec l'âge.
血管[けっかん];とし を とる と けっかん が かたく なります;Les vaisseaux sanguins durcissent avec l'âge.
各種[かくしゅ];としょかん に は かくしゅ の ざっし が そろって います;Il y a divers magazines dans la bibliothèque.
返却[へんきゃく];としょかん に ほん を へんきゃく した よ;J'ai rendu le livre à la bibliothèque.
衣食住[いしょくじゅう];とち によって いしょくじゅう は へんか する;Les vêtements, la nourriture et le logement varient d'une région à l'autre.
主将[しゅしょう];どちらの主将もそんなに強くはなかった。;Les deux capitaines d'équipe n'étaient pas très forts.
指揮者[しきしゃ];どちらの指揮者もまだ来てないんだよ。;Aucun des deux commandants n'est encore venu.
甲乙[こうおつ];どちらも甲乙つけがたい出来栄えだ。;Il est difficile de dire quel résultat est le meilleur.
咄嗟に[とっさに];とっさ に かれ の なまえ が でてこなかった 。;Je ne pouvais pas me souvenir de son nom momentanément.
停止[ていし];とつぜん きかい が ていし して しまった の;La machine s'arrêta brusquement.
沼[ぬま];どっちにしろ沼に飛び込まなきゃいけないと思うしね。;Je suppose que je dois sauter dans le marais de toute façon.
観る[みる];どっちの映画を観るか迷っています。;Je ne peux pas décider quel film regarder
変事[へんじ];とつ然の変事で、今日のかぶ式市場は大変なことになっています。;En raison de l'incident soudain et étrange, le marché boursier d'aujourd'hui est dans une situation grave.
寝転ぶ[ねころぶ];どて に ねころんで そら を ながめました;Je me suis allongé sur la berge et j'ai regardé le ciel.
価値[かち];とても 価値[かち]のある 話[はなし]を 聞[き]いたよ。;J'ai entendu une histoire méritante.
恥ずかしい[はずかしい];とても 恥[は]ずかしかった。;C'était très embarrassant.
普遍的[ふへんてき];とても普遍的なテーマだと思います。;Je pense que c'est un thème vraiment universel.
手の甲[てのこう];とても綺麗な手の甲を持っていることが彼女の自慢です。;Elle est fière que le dos de ses mains soit si beau.
雰囲気[ふんいき];とても雰[ふん]囲[い]気[き]のいいお 店[みせ]ですね。;La boutique a une très bonne ambiance.
日光浴[にっこうよく];トトロの大きなおなかの上に乗って日光浴がしたいです。;Je veux bronzer sur le gros ventre de Totoro.
木造[もくぞう];となり に もくぞう の いえ が たった ね;Une maison en bois a été construite juste à côté.
騒々しい[そうぞうしい];となり の いえ は いつも そうぞうしい;La maison d'à côté est toujours bruyante.
所轄[しょかつ];とにかく、まずは所轄の警察署に連絡をいれましょう。;Quoi qu'il en soit, prenons d'abord contact avec le poste de police compétent.
外務大臣[がいむだいじん];とにかく、手短に言うとね、フグと僕は外務大臣について口論をして、それ以来、僕は彼に会っていないんだ。;Quoi qu'il en soit, pour faire court, Fugu et moi nous sommes disputés au sujet du ministre des Affaires étrangères et je ne l'ai pas revu depuis.
水槽[すいそう];どのくらい頻繁に水槽の掃除をしますか。;À quelle fréquence nettoyez-vous l'aquarium ?
抑止[よくし];どの国が一番素晴らしい犯罪抑止モデルを有していると思われますか。;Selon vous, quel pays a le meilleur modèle de prévention du crime ?
衰退[すいたい];どの専門家も、投資市場の衰退は信用収縮によって誘導されたと口を揃えて言うけれど、それってつまりはどういう意味なの？;Tous les experts disent que la baisse des investissements a été provoquée par un resserrement du crédit, mais qu'est-ce que cela signifie ?
歳入[さいにゅう];どの政府にも、特別歳入基金はあるものなのですか。;Chaque gouvernement a-t-il un fonds de revenu spécial?
流行語[りゅうこうご];どの流行語が、今年の流行語大賞にえらばれると思う？;Selon vous, quelle expression populaire sera choisie pour le mot à la mode de l'année ?
旋風[せんぷう];トフグは、日本語学習業界に旋風を巻き起こしています。;Tofugu crée un tourbillon dans l'industrie japonaise de l'apprentissage.
割り[わり];トムは 勤務[きんむ] 終了[しゅうりょう] 時間[じかん]を 超[こ]えて 働[はたら]くと５ 割[わり]アップの 時給[じきゅう]をもらっていた。;Si Tom travail au-delà du temps de service impartie, son salaire est divisé par 5.
依然[いぜん];トムはいまや 以前[いぜん]にもまして 勤勉[きんべん]に 働[はたら]いている。;Tom travail plus diligemment maintenant.
背[せ];トムはジャックと 背[せ]が 同[おな]じくらいだ。;La taille de Tom et de Jack est presque identique.
兎も角[ともかく];ともかく いちど かんがえなおしましょう;Quoi qu'il en soit, repensons cela une fois de plus.
蜂[はち];ともだち が はち に さされた ん だ;Mon ami a été piqué par une abeille.
百貨店[ひゃっかてん];ともだち と ひゃっかてん で かいもの を しました;Je suis allé faire du shopping au grand magasin avec mon ami.
便箋[びんせん];ともだち に てがみ を かこう と びんせん を かった ん だ;J'ai acheté du papier à lettres car j'avais l'intention d'écrire une lettre à mon ami.
冷やかす[ひやかす];ともだち は その かっぷる を ひやかした ん だ;Mon ami a taquiné le couple.
泊める[とめる];ともだち を うち に とめて あげました;J'ai hébergé mon ami chez moi.
陥落[かんらく];トヨタが世界一から陥落したのは何故だと思いますか。;Pourquoi pensez-vous que Toyota n'est plus le meilleur au monde ?
逃げ出す[にげだす];とら が おり から にげだしました;Le tigre s'est échappé de la cage.
鎮まる[しずまる];とりあえず、今は父の怒りが鎮まるのを待ちましょう。;Pour le moment, attendons que la colère de papa se soit calmée.
誤字[ごじ];とりあえず今は誤字脱字を見つけてくれればそれでいいから。;Pour l'instant, tout ce que vous avez à faire est de trouver des fautes de frappe.
比例[ひれい];どりょく と けっか が ひれい して いない の;L'effort et son résultat ne sont pas proportionnels.
急騰[きゅうとう];ドルが再び急騰しています。;Le dollar a soudainement augmenté à nouveau.
世界的[せかいてき];トルストイは 世界的[せかいてき] 名声[めいせい]を 博[はく]した。;Tolstoï a acquis une renommée mondiale.
世界的に[せかいてきに];トルストイは 世界的[せかいてき] 名声[めいせい]を 博[はく]した。;Tolstoï acquis une renommée dans le monde entier.
土星[どせい];どれが土星か、分かりますか。;Savez-vous lequel est Saturne ?
頻度[ひんど];どれくらいの頻度で家に掃除機をかけますか？;A quelle fréquence passez-vous l'aspirateur chez vous ?
既存[きそん];どれでもいいから、既存のファイルを開いてみてください。;N'importe lequel d'entre eux est correct, veuillez donc ouvrir un fichier existant.
醜態[しゅうたい];とんだ醜態を晒してしまったよ。;Ils ont été exposés à un spectacle incroyablement honteux.
漏水[ろうすい];どんなに値段が高くても、その漏水検出器を買うべきだと思います。;Peu importe son prix, nous devrions acheter le capteur de fuite d'eau.
感涙[かんるい];どんな時に人は感涙にむせび泣くと思いますか。;Quand pensez-vous que les gens fondraient en larmes de gratitude ?
鉱石[こうせき];どんな鉱石でも、彼が触ると金に変わってしまうのさ。;Chaque minéral qu'il touche se transforme en or.
揚げ[あげ];どんな食べ物でも、彼女の手にかかれば、美しく美味しい金色の揚げ物になるんです。;Chaque aliment qu'elle touche se transforme en une belle et délicieuse nourriture frite.
内科[ないか];ないか で い の ちょうし を みて もらった よ;J'ai fait examiner mon estomac au service de médecine interne.
御無沙汰[ごぶさた];ながい こと ごぶさた いたしました;Je n'ai pas été en contact avec vous depuis longtemps.
臭う[におう];ながし が におう の で きれい に した よ;J'ai nettoyé le lavabo parce qu'il sentait mauvais.
中指[なかゆび];なかゆび を どあ に はさんで しまった;J'ai pris mon majeur dans la porte.
嘆く[なげく];なげいていて も なに も かわりません;Le deuil ne changera rien.
眩しい[まぶしい];なつ の ひざし が まぶしかった よ;Le soleil d'été était éblouissant.
打ち上げる[うちあげる];なつまつり で はなび を うちあげます;Des feux d'artifice sont tirés lors du festival d'été.
海水浴[かいすいよく];なつやすみ に は かいすいよく に いきます;Je vais nager dans la mer pendant l'été.
課題[かだい];なつやすみ の かだい は なん です か;Quelle est notre mission d'été ?
焦る[あせる];なに を そんなに あせって いる の です か;Pourquoi êtes-vous si pressé ?
抱負[ほうふ];なに 何か しんねん 新年の ほうふ 抱負があるの？;Quelles bonnes résolutions du Nouvel An as-tu pris ?
付け足す[つけたす];なにか つけたす こと は あります か;Y a-t-il quelque chose à ajouter ?
実物[じつぶつ];なにか の せつめい を する とき は じつぶつ を つかう と わかり やすい の;Lorsque vous expliquez quelque chose, il est plus facile de comprendre si vous utilisez la vraie chose.
肝心[かんじん];なにごと も さいしょ が かんじん だ;En toute chose, c'est le début qui compte.
振り仮名[ふりがな];なまえ に ふりがな を つけて ください;Veuillez indiquer la prononciation de votre nom en kana.
弱々しい[よわよわしい];なんか、弱々しいうたごえだったから、ちょっと心ぱいになっちゃった。;Je commençais à m'inquiéter pour toi parce que tu avais une voix si faible.
南極[なんきょく];なんきょく で ぺんぎん を みました;J'ai vu des pingouins au pôle Sud.
騒がしい[さわがしい];なんだか おもて が さわがしい;C'est bruyant dehors, pour une raison quelconque.
寒気[さむけ];なんだか さむけ が します;Je me sens froid en quelque sorte.
頑固[がんこ];なんて がんこ な こ だ;Quelle enfant obstinée elle est !
回顧録[かいころく];なんてつまらない回顧録なんだ。;C'est un mémoire tellement ennuyeux.
壮大[そうだい];なんて壮大な曲なんだ。凄く感動しています。;C'est une chanson tellement magnifique. Je suis tellement impressionné.
説得[せっとく];なんとか おや を せっとく して みる よ;Je ferai de mon mieux pour convaincre mes parents.
詰め込む[つめこむ];なんとか洋服を全部スーツケースに詰め込めました。;J'ai réussi à entasser tous mes vêtements dans ma valise.
薬用[やくよう];にきびが気になるので、薬用の石けんで顔をあらうようにしています。;Je m'inquiète de l'acné, alors j'ai tendance à utiliser du savon médicinal pour me laver le visage.
条約[じょうやく];にこくかん で じょうやく が むすばれました;Un traité a été conclu entre les deux pays.
緋鯉[ひごい];ニシキゴイは緋鯉をもとに改良されたものです。;La carpe colorée était une amélioration par rapport à la carpe rouge et dorée.
柴犬[しばいぬ];ニッカは柴犬ではなく珍島犬です。;Nikka n'est pas une Shiba, c'est une Jindo.
日韓[にっかん];にっかん ごうどう の こんさーと が ひらかれた よ;Il y avait un concert conjoint avec le Japon et la Corée du Sud.
和語[わご];にっぽん で うまれた ことば を わご と いいます;Les mots créés au Japon sont appelés mots japonais indigènes.
大晦日[おおみそか];にっぽん で は おおみそか に そば を たべます;Au Japon, on mange des nouilles de sarrasin le soir du Nouvel An.
同姓[どうせい];にっぽん で は ふうふ どうせい が いっぱんてき よ;Il est courant au Japon qu'un couple marié porte le même nom de famille.
天皇[てんのう];にっぽん に は てんのう が います;Le Japon a un empereur.
日の丸[ひのまる];にっぽん の こっき は ひのまる と よばれて います;Le drapeau national du Japon est connu sous le nom de drapeau du soleil levant.
温帯[おんたい];にっぽん は おんたい に あります;Le Japon est situé dans la zone tempérée.
列島[れっとう];にっぽん は れっとう です;Le Japon est un archipel.
改良[かいりょう];にほん で は たえず こめ の ひんしゅ を かいりょう して いる の;Les variétés de riz sont toujours améliorées au Japon.
時差[じさ];にほん と ふらんす の じさ は はちじかん です;Le décalage horaire entre le Japon et la France est de huit heures.
四季[しき];にほん に は しき が ある;Nous avons quatre saisons au Japon.
国旗[こっき];にほん の こっき は かく の が かんたん です;Il est facile de dessiner le drapeau national du Japon.
湿度[しつど];にほん の なつ は しつど が たかい です;L'humidité est élevée pendant les étés au Japon.
記述[きじゅつ];にほん の ふるい りょうりほう に ついて の きじゅつ を よんだ ん だ;J'ai lu une description des anciennes méthodes de cuisson japonaises.
受験[じゅけん];にほんご のうりょく しけん を じゅけん した ん だ;J'ai passé le test de compétence en japonais.
資格[しかく];にほんご を おしえる しかく を とりたい です;Je veux obtenir une licence pour enseigner le japonais.
無理やり[むりやり];にもつ を むりやり かばん に つめた よ;J'ai forcé mes affaires dans le sac.
待ち遠しい[まちどおしい];にゅうがくしき が まちどおしい です;J'ai hâte pour la cérémonie d'entrée.
手続き[てつづき];にゅうこく てつづき が おわりました;Les procédures d'immigration sont terminées.
入場券[にゅうじょうけん];にゅうじょうけん は さんぜんえん です;Le billet d'entrée est de 3 000 yens.
当日[とうじつ];にゅうじょうけん は とうじつ で も かえます よ;Vous pouvez acheter des billets d'entrée le jour même.
標準[ひょうじゅん];にゅーす で は ひょうじゅんご が つかわれる の;Le langage standard est utilisé dans les émissions de nouvelles.
寄り集まる[よりあつまる];にゅーよーく に は げいじゅつか が よりあつまって いる の;New York est un lieu où les artistes se rencontrent et se rassemblent.
女房[にょうぼう];にょうぼう は じっか に かえって います;Ma femme est de retour chez ses parents.
埋める[うめる];にわ に あな を ほって それ を うめました;J'ai creusé un trou dans le jardin et je l'ai enterré là-dedans.
柿[かき];にわ に かき の み が なりました;Le kaki du jardin a porté ses fruits.
高等[こうとう];にんげん は こうとう な せいぶつ と いわれて いる;On dit que les humains sont des créatures avancées.
理性[りせい];にんげん は りせい を もつ どうぶつ です;Les êtres humains sont des animaux rationnels.
乾かす[かわかす];ぬれた ふく を かわかした;J'ai séché les vêtements mouillés.
衣装[いしょう];ぬれた 衣装[いしょう]が 彼女[かのじょ]の 体[からだ]にくっついていた。;Les vêtements humides collait à sa peau.
ハート形[ハートがた];ネイル用に、ハート形のストーンをさがしています。;Je cherche une pierre en forme de coeur à utiliser sur mes faux ongles.
一泊[いっぱく];ねぇ、そう堅いこと言わないでさ。うちに泊まってけばいいじゃん。たったの一泊だけだよ。;Allez! Ne sois pas si raide. Reste chez moi ! Juste Pour Une Nuit!
及第[きゅうだい];ねぇ、及第点って何点だったか覚えてる？;Hé, tu te souviens de la note dont tu as besoin pour obtenir une note de passage ?
彼氏[かれし];ねぇ、私、あなたと喋るだけで、いい気分になるわ。あなたって、私にとって本当に理想の彼氏だわ。;Tu sais quoi, je deviens de bonne humeur rien qu'en te parlant. Tu es vraiment mon petit ami idéal.
障子[しょうじ];ねこ が しょうじ を やぶった;Le chat a déchiré la porte coulissante en papier.
飛び下りる[とびおりる];ねこ が やね から とびおりました;Un chat a sauté du toit.
撫でる[なでる];ねこ の あたま を なでて あげた;J'ai tapoté la tête du chat.
転がる[ころがる];ねこ は すな の うえ で ころがった ん だ;Le chat roula sur le sable.
検索[けんさく];ネットで 自分[じぶん]の 名前[なまえ]を 検索[けんさく]してみた。;J'ai cherché mon nom sur Internet.
乗り遅れる[のりおくれる];ねぼう して しんかんせん に のりおくれた よ;J'ai dormi trop longtemps et j'ai raté le Shinkansen.
年賀[ねんが];ねんがはがき が うりだされた ね;Les cartes de vœux du Nouvel An sont maintenant en vente.
行政[ぎょうせい];ねんきん もんだい は ぎょうせい の さいだい の かだい の ひとつ よ;Le problème des retraites est l'un des plus gros problèmes de l'administration actuelle.
改まる[あらたまる];ねんごう が あらたまりました;Le nom de l'époque a changé.
年配[ねんぱい];ねんぱい の ひと に せき を ゆずりました;J'ai cédé ma place à une personne âgée.
大衆[たいしゅう];のう は もともと たいしゅう の ぶんか でした;Le théâtre nô était à l'origine la culture des masses.
受賞者[じゅしょうしゃ];ノーベル 賞[しょう] 受賞者湯川[じゅしょうしゃ] 博士[はかせ]は１９８１ 年[ねん]に 死去[しきょ]した。;Le Dr Yukawa, lauréat du prix Nobel, est décédé en 1981.
後[のち];のち に かれ は そうり だいじん に なりました;Il deviendra plus tard Premier ministre.
渇く[かわく];のど が かわきました;J'ai soif.
払い[はらい];のみや の はらい が たまって いる ん だ;J'ai une facture de bar.
糊[のり];のり で にまい の かみ を はり あわせた;J'ai collé deux feuilles de papier ensemble avec de la colle.
乗り越し[のりこし];のりこし を きかい で せいさん した の;J'ai payé le supplément à la machine.
蝋燭[ろうそく];ばーすでーけーき に ろうそく を たてました;Nous avons mis des bougies sur le gâteau d'anniversaire.
整う[ととのう];ぱーてぃー の じゅんび が ととのいました;Les préparatifs de la fête sont en ordre.
賞品[しょうひん];ぱーてぃー の びんご の しょうひん は なに が いいだろう;Quel pourrait être un bon prix pour le bingo à la fête ?
吹き飛ばす[ふきとばす];パーティーに行って、憂鬱なんて吹き飛ばしちゃおうぜ。;Allons à la fête et balayons ta dépression.
得点[とくてん];ハーフタイムでの 得点[とくてん]はどうでしたか。;Quel était le score à la mi-temps?
敗戦[はいせん];はいせん の げんいん は なん だろう;Je me demande ce qui a causé la défaite.
喜寿[きじゅ];バイトのみんなで、店長の喜寿をコンビニでお祝いする予定なんだよ。;Tous les travailleurs à temps partiel vont célébrer le 77e anniversaire du propriétaire dans son dépanneur.
権威[けんい];はかせ は そのみち の けんい です;Le médecin est une autorité dans ce domaine.
履物[はきもの];はきもの は くつばこ に いれて ください;Veuillez mettre vos chaussures dans le placard à chaussures
白線[はくせん];はくせん の うちがわ に さがって おまち ください;Veuillez vous tenir derrière les lignes blanches pendant que vous attendez.
内側[うちがわ];はくせん の うちがわ に さがって ください;Veuillez reculer derrière la ligne blanche.
外側[そとがわ];はくせん の そとがわ を あるかない で ください;Merci de ne pas sortir de la ligne blanche.
貨幣[かへい];はくぶつかん で むかし の かへい を みました;J'ai vu de la vieille monnaie au musée.
潰れる[つぶれる];はこ の かど が つぶれて います よ;Le coin de la boîte est écrasé.
梯子[はしご];はしご を つかって やね に のぼりました;Je suis monté sur le toit sur une échelle.
派出所[はしゅつじょ];はしゅつじょ に だれ も いない な;Il n'y a personne dans le poste de police.
追突[ついとつ];ばす が じょうようしゃ に ついとつ した よ;Le bus a heurté la voiture de tourisme par derrière.
回数券[かいすうけん];ばす の かいすうけん を かいました;J'ai acheté une bande de billets pour le bus.
値上げ[ねあげ];ばすだい が ねあげ されました;Les tarifs des bus ont été augmentés.
溢れる[あふれる];バスタブからお 湯[ゆ]が 溢[あふ]れました。;L'eau chaude débordait de la baignoire.
遅延[ちえん];バスの大幅な遅延により会議に遅れてしまった。;Le bus a été retardé pendant longtemps et j'ai raté le rendez-vous.
改訂版[かいていばん];バスの時刻が改訂されたなら、改訂版の時刻表をもらわなきゃ。;Si l'horaire des bus a été révisé, j'ai besoin de l'édition révisée.
電源[でんげん];パソコンの 電源[でんげん]は 入[はい]っていますか;L'ordinateur est-il allumé?
果たして[はたして];はたして かれ は あらわれるだろう か;Va-t-il vraiment se montrer à la fin ?
蜂の巣[はちのす];ハチの巣の周りで沢山のハチがブンブン飛び回っている。;Il y a beaucoup d'abeilles qui bourdonnent autour de la ruche.
羨望[せんぼう];ハチは、犬界での羨望の的だ。;Hachi est une cible de jalousie dans le monde canin.
逆襲[ぎゃくしゅう];パックマンは、追ってくるモンスターを逆襲して食べ始めた。;Pac-Man a contre-attaqué et a commencé à manger les monstres qui le poursuivaient.
追跡[ついせき];ぱとかー が くるま を ついせき して いる わ;Le véhicule de police poursuit une voiture.
追い掛ける[おいかける];ぱとかー が ばいく を おいかけて る ぞ;La voiture de police poursuit la moto.
乃至[ないし];バドミントン 部[ぶ]はまともな 部員[ぶいん]が 極端[きょくたん]に 少[すく]ないため、ほとんど 廃部[はいぶ]ないし 休部[きゅうぶ] 状態[じょうたい]だった。;Il y avait si peu de membres convenables dans le club de badminton qu'il était à mi-chemin entre sa fin et «la cessation».
露[つゆ];はな に つゆ が ついて いました;Il y avait de la rosée sur la fleur.
蕾[つぼみ];はな の つぼみ が たくさん ついています ね 。;Il y a beaucoup de boutons floraux dessus.
揃える[そろえる];はな は ながさ を そろえて かびん に さしましょう;Coupez les fleurs de la même longueur et placez-les dans le vase.
書き取る[かきとる];はなし の ぽいんと を かきとった;J'ai écrit les points principaux de ce qui a été dit.
お仕舞い[おしまい];はなし は これ で おしまい です;C'est la fin de la conversation.
話し言葉[はなしことば];はなしことば と かきことば は すこし ちがいます ね;La langue parlée et écrite est un peu différente.
初期[しょき];はなみず は かぜ の しょき しょうじょう の ひとつ です;Un nez qui coule est l'un des premiers symptômes d'un rhume.
花婿[はなむこ];はなむこ と はなよめ が ならんで とうじょう した ん だ;La mariée et le marié sont apparus côte à côte.
真珠[しんじゅ];はは に しんじゅ の ねっくれす を もらいました;J'ai reçu un collier de perles de ma mère.
看護婦[かんごふ];はは は かんごふ です;Ma mère est infirmière.
干す[ほす];はは は せんたくもの を ほして います;Ma mère étend le linge à sécher.
洗い物[あらいもの];はは は だいどころ で あらいもの を して います;Maman fait la vaisselle dans la cuisine.
溜め息[ためいき];はは は ためいき を ついた の;Ma mère soupira.
掻き回す[かきまわす];はは は なべ の しちゅー を かきまわしている よ 。;Maman prépare le ragoût dans la casserole.
張り切る[はりきる];はは は はりきって おべんとう を ようい した の;Ma mère a tout mis en œuvre lorsqu'elle a fabriqué cette boîte à lunch.
バベルの塔[バベルのとう];バベルの塔に辿り着く一番速い方法はなんですか？;Quel est le moyen le plus rapide pour se rendre à la Tour de Babel ?
貝[かい];はまべ で きれい な かい を ひろいました;J'ai trouvé un beau coquillage sur la bea
浜辺[はまべ];はまべ で きれい な かいがら を ひろいました;J'ai ramassé un beau coquillage sur la bea
歯磨き[はみがき];はみがき は しました か;Vous êtes-vous brossé les dents ?
早寝[はやね];はやね は けんこう の ため に よい こと です;Se coucher tôt est bon pour la santé.
匂う[におう];ばら の はな が あまく におって いる ね;Les fleurs roses sentent bon.
溶かす[とかす];はる の たいよう が ゆき を とかしました;Le soleil du printemps a fait fondre la neige.
一遍に[いっぺんに];はる は いっぺんに はな が さく;Les fleurs fleurissent toutes ensemble au printemps.
入り江[いりえ];バルト海の北の入江で知らない人からプロポーズされたんですが、とてもロマンチックだったのでつい承諾してしまったんです。;J'ai été proposé par quelqu'un que je ne connaissais pas dans une crique au nord de la mer Baltique. C'était tellement romantique que j'ai accepté.
埋める[うずめる];ぱれーど と かんしゅう が みち を うずめて いた よ;Le défilé et les spectateurs remplissaient la route.
仮面[かめん];ハロウィンの日の夜、仮面ライダーのコスプレをしながら、チョコレートを一箱平らげたビエトを見ました。;Le soir d'Halloween, j'ai vu Viet porter le costume de Masked Rider et manger une boîte entière de chocolats.
牙[きば];ハロウィン用の偽物の牙の在庫が切れそうです。;Notre stock de faux crocs pour Halloween s'épuise.
班[はん];はん の めんばー は 5 にん です;Il y a cinq membres dans le groupe.
何階[なんかい];パン 屋[や]は 何階[なんかい]にありますか？;A quel étage est la boulangerie ?
判決[はんけつ];はんけつ が くだされた;Le jugement a été rendu.
半導体[はんどうたい];はんどうたい は さまざま な せいひん に つかわれて いる よ;Les semi-conducteurs sont utilisés dans de nombreux produits.
復[まだ];パンはまだ 暑[あつ]いです．;Le pain est encore chaud.
反論[はんろん];はんろん が ある ひと は どうぞ;Veuillez vous exprimer si vous avez une objection.
弱める[よわめる];ひ を よわめて ください;Veuillez baisser le chauffage.
楽譜[がくふ];ピアノは弾けますが、楽譜は読めません。;Je sais jouer du piano mais je ne sais pas lire les partitions.
不可欠[ふかけつ];ビーチに行く時は、日焼け止めが不可欠です。;Quand je vais à la plage, la crème solaire est indispensable.
ビー玉[ビーだま];ビー玉をつかってゲームをしましょう。;Jouons à un jeu qui utilise des billes.
厄介[やっかい];ビエットの顔に落書きなんてしたら、後々厄介なことになるよ。;Si vous dessinez sur le visage de Viet, vous cherchez des ennuis.
復旧[ふっきゅう];ビエトがTofuguのシステム復旧のために今一生懸命頑張っています。;Viet travaille de son mieux pour restaurer le système Tofugu en ce moment.
嫌疑[けんぎ];ビエトがヤクザだという嫌疑がぬぐえません。;Notre suspicion que Viet est un yakuza ne peut être effacée.
係わる[かかわる];ビエトがやばいそしきと係わっているのは知っているけど、そのはんざいに係わっていたとはやっぱり思えないんだよな。;Je sais que Viet est impliqué dans une organisation dangereuse, mais je ne pense toujours pas qu'il ait quoi que ce soit à voir avec le crime.
不法[ふほう];ビエトが行っている不法のやみとり引のことを、トーフグの社員はだれも知らない。;Aucun des travailleurs de Tofugu n'est au courant des transactions illégales du marché noir que fait le Viet.
暴走族[ぼうそうぞく];ビエトさん、あなたが暴走族をしていた頃のエピソードについて、早急にお返事いただけると幸いです。;M. Viet, je vous serais reconnaissant si vous pouviez répondre dès que possible au sujet de votre temps passé dans un gang de motards.
不可分[ふかぶん];ビエトとコウイチは、不可分の関係にあるんですよ。;Viet et Koichi sont inséparables l'un de l'autre.
容疑[ようぎ];ビエトに殺人の容疑がかかっている。;Viet est soupçonné de meurtre.
いい加減にしろ[いいかげんにしろ];ビエトはあまりにも怒っていたので、コウイチを殴って「いい加減にしろ！」と叫ばずにはいられなかった。;"Viet était tellement en colère qu'il n'a pas pu s'empêcher de frapper Koichi et de crier ""Arrêtez-le !"""
前面[ぜんめん];ビエトはいつもいい人さを前面に出している。;Viet met toujours sa bonne humanité au premier plan.
廃れる[すたれる];ビエトはカップケーキブームは既に廃れていると主張した。;Viet insiste sur le fait que le boom des cupcakes s'est déjà éteint.
外面[がいめん];ビエトは外面はいい人そうですが、実はとてもおそろしい一面を持っています。;En surface, Viet ressemble à un gars sympa, mais il a en fait un côté effrayant.
志[こころざし];ビエトは高い志を持っており、どんどん夢を実現していってる。;Viet a de grandes aspirations et réalise régulièrement ses rêves.
務省[むしょう];ビエト財務省国際局次長は現在ダイエット中であり、砂糖の代わりにサッカリンを用いているため、彼の食事には砂糖を使用しないでください。;M. Viet, directeur général adjoint principal, Bureau international, ministère des Finances, suit actuellement un régime et remplace le sucre par de la saccharine, alors n'utilisez pas de sucre dans son repas.
程よく[ほどよく];ひき肉を程よくこねます。;Bien mélanger la viande hachée.
着陸[ちゃくりく];ひこうき が ぶじ ちゃくりく した わ ね;L'avion a atterri en toute sécurité.
払い戻す[はらいもどす];ひこうき の うんちん が はらいもどされた の;Mon billet d'avion a été remboursé.
墜落[ついらく];ひこうき の ついらく じこ が あった ん だ;Il y a eu un accident d'avion.
外務省[がいむしょう];びざ に ついて がいむしょう に といあわせた;J'ai contacté le ministère des Affaires étrangères pour me renseigner sur le visa.
曲げる[まげる];ひざ を まげて ください;Veuillez plier les genoux.
措置[そち];ひさいしゃ を すくう ため の とくべつ な そち が とられました;Des mesures spéciales ont été prises pour venir en aide aux sinistrés.
物資[ぶっし];ひさいち に ぶっし を おくった よ;Nous avons envoyé des fournitures dans la zone sinistrée.
照る[てる];ひざし が つよく てりつけます ね;Le soleil brille fortement.
全速力[ぜんそくりょく];ひさしぶり に ぜんそくりょく で はしりました;J'ai couru à pleine vitesse pour la première fois depuis longtemps.
欠如[けつじょ];ビタミンB1が欠如すると、脚気になるかもしれないですよ。;Une carence en vitamine B1 peut provoquer le béribéri.
欠乏[けつぼう];ビタミンDが欠乏しているかどうかはどうすれば分かりますか。;Comment savoir si je manque de vitamine D ?
必死に[ひっしに];ひっしに たんご を あんき した よ;J'ai eu du mal à mémoriser les mots.
筆者[ひっしゃ];ひっしゃ の しゅし を かんがえて ください;Veuillez considérer le point de l'auteur.
乱暴[らんぼう];ひと に らんぼう して は いけません;Vous ne devez pas utiliser la violence sur les gens.
不確か[ふたしか];ひと の きおく は ふたしか よ;Les mémoires humaines ne sont pas fiables.
解放[かいほう];ひとじち が かいほう されて よかった;C'est bien que l'otage ait été libéré.
人手[ひとで];ひとで が たりなくて いそがしい;Nous sommes occupés parce que nous manquons de main-d'œuvre.
務め[つとめ];ひとびと を まもる の が わたし の つとめ です;C'est mon devoir de défendre les gens.
木材[もくざい];ひまだったら、木材をはこぶのを手伝ってくれない？;Si vous n'avez rien à faire, pouvez-vous m'aider à porter du bois ?
雌花[めばな];ヒマラヤスギは、樹齢30年を超えないと雌花を付けません。;Vous ne pouvez pas croiser un cèdre de l'Himalaya de 30 ans avec une fleur femelle.
漏らす[もらす];ひみつ を もらした の は かれ です;C'est lui qui a divulgué le secret.
大便[だいべん];びょういん で だいべん の けんさ を した;J'ai eu un examen des selles à l'hôpital.
変換[へんかん];ひらがな を かたかな に へんかん しました;J'ai converti les hiragana en katakana.
平たい[ひらたい];ひらたい おさら を いちまい とって;Peux-tu me passer une assiette ?
非常口[ひじょうぐち];ビルの 非常口[ひじょうぐち]を 確認[かくにん]したの。;J'ai vérifié la sortie d'urgence du bâtiment.
部員[ぶいん];ビルは 編集[へんしゅう] 部員[ぶいん]です。;Bill fait partie de la rédaction.
平野[へいや];ひろい へいや が いちめん ゆき で まっしろ でした;Les vastes plaines étaient d'un blanc pur avec la neige.
襟巻き[えりまき];ピンクの襟巻きを巻いているのが私の妹です。;La fille enveloppée dans l'écharpe rose est ma petite sœur.
沖合[おきあい];ピンク色の怪獣は海岸から約8km沖合いにいるとの報告を受けました。;Ils ont signalé que le monstre rose se trouvait à environ huit kilomètres au large.
格差[かくさ];ひんぷ の かくさ が おおきく なって いる な;L'écart entre les riches et les pauvres se creuse.
貧乏人[びんぼうにん];びんぼうにん が おおがねもち に なる こと も ある さ;Parfois, les pauvres peuvent devenir millionnaires.
安全性[あんぜんせい];ファイアーウォールがインターネットの 安全性[あんぜんせい]を 保証[ほしょう]する。;Un pare-feu garantit la sécurité Internet.
結合[けつごう];ふぁいる を けつごう して ひとつ に しました;J'ai regroupé les fichiers en un seul.
添付[てんぷ];ファイルを 添付[てんぷ]して、 送信[そうしん]した。;J'ai joint un fichier et envoyé l'e-mail.
一杯[いっぱい];プールは人で 一[いっ]杯[ぱい]です。;La piscine est remplie de monde.
投稿[とうこう];フェイスブックに犬の写真を投稿しました。;J'ai posté des photos de mon chien sur Facebook.
疲労[ひろう];ぶか が ひろう で たおれた の;Mon subordonné s'est effondré de fatigue.
不況[ふきょう];ふきょう の えいきょう で しごと が すくない ね;Il y a peu de travail en raison de la récession.
墨[すみ];ふく に すみ が ついちゃった;L'encre noire a taché les vêtements.
彼此[あれこれ];ふく を かう の に あれこれ まよいました;Quand j'achetais des vêtements, je ne pouvais pas choisir entre différentes choses.
削減[さくげん];ふくしよさん は さくげん されない こと に きまった の よ;Ils ont décidé de ne pas réduire le budget de la protection sociale.
伯[はく];フグの爵位を伯爵にして、フグ伯って呼ぶことにするのはどうかな。;Que diriez-vous de donner à Fugu le titre de comte et de l'appeler comte Fugu ?
誘惑[ゆうわく];フグは、サーモンの唇を奪いたいという誘惑に抗うことはできなかった。;Fugu ne put résister à la tentation d'embrasser Salmon.
妃[ひ];フグは、わざとサーモン妃にぶつかりました。;Fugu a heurté la princesse Salmon exprès.
幻想[げんそう];フグはいくつになっても幻想の世界の住人なんだな。;Quel que soit son âge, Fugu vit toujours dans un monde d'illusions.
暴走[ぼうそう];フグは最近ちょっと暴走気味だよね。;Fugu s'est un peu déchaîné ces derniers temps, n'est-ce pas ?
県営[けんえい];フグは県営図書館でサーモンといちゃついていて、図書館司書さんに怒られた。;Fugu a été réprimandé pour avoir embrassé Salmon dans la bibliothèque préfectorale par un bibliothécaire.
香川県[かがわけん];フグ夫妻は二人とも香川県には住んでいるが、別居中です。;M. et Mme Fugu vivent tous les deux dans la préfecture de Kagawa, mais ils vivent désormais séparés l'un de l'autre.
看護師[かんごし];ブザーを 押[お]して、 看護師[かんごし]を 呼[よ]んだ。;J'ai appuyé sur le buzzer et appelé l'infirmière.
巫山戯る[ふざける];ふざける の は やめて;Arrêtez de déconner.
襖[ふすま];ふすま を しめて ください;Veuillez fermer la porte coulissante.
豚[ぶた];ぶた は すごく はな が いい;Les cochons ont un très bon odorat.
深まる[ふかまる];ふたり の あい は ますます ふかまっている ね;Leur amour est devenu de plus en plus profond.
実力[じつりょく];ふたり の じつりょく は ごかく です;Leurs capacités sont égales.
誓う[ちかう];ふたり は いっしょう を ともに する こと を ちかった の;Le couple s'est juré d'être ensemble pour la vie.
厚着[あつぎ];ふだん から あつぎ しない よう に して います;J'essaie généralement de ne pas porter de vêtements lourds.
一段と[いちだんと];ぶっか は いちだんと じょうしょう しそう だ ね;Il semble que les prix augmentent encore plus.
拝む[おがむ];ぶつぞう に て を あわせて おがみました;Nous avons joint nos mains et avons prié devant la statue de Bouddha.
不斗[ふと];ふと 昔[むかし]の 事[こと]を 思[おも]い 出[だ]したんだ。;Je me suis soudainement souvenu du passé.
果糖[かとう];ブドウ糖果糖液糖は体に悪いって言うじゃない？;On dit que le sirop de maïs à haute teneur en fructose n'est pas bon pour la santé, n'est-ce pas ?
畳む[たたむ];ふとん を たたんで ください;Veuillez plier le futon.
乗り出す[のりだす];ふね が ながい こうかい に のりだした の;Le navire partit pour un long voyage en mer.
材木[ざいもく];ふね から ざいもく が おろされて います ね;Le bois est déchargé du navire.
沈没[ちんぼつ];ふね は ちんぼつ しました;Le navire a coulé.
不必要[ふひつよう];ふひつよう な ふぁいる は さくじょ して ください;Veuillez supprimer tous les fichiers indésirables.
吹雪[ふぶき];ふぶき 吹雪は まるいっしゅうかん まる一週間 あれくる 荒れ狂った。;The snowstorm raged for a full week.
乾燥[かんそう];ふゆ は くうき が かんそう します ね;L'air en hiver est sec.
皮膚[ひふ];ふゆ は ひふ が かんそう します ね;Ma peau se dessèche en hiver.
財政[ざいせい];ブラウンさんは 我々[われわれ]の 財政[ざいせい] 上[じょう]の 相談[そうだん] 相手[あいて]です。;M. Brown est notre conseiller financier.
貫通[かんつう];ブラジャーのワイヤーが弾丸の貫通を防いでくれた。;Mon soutien-gorge à armatures me protégeait de la pénétration des balles.
恒星[こうせい];ブラックホールが、恒星をばらばらに引き裂くことがあるらしい。;Le trou noir semble déchirer cette étoile en morceaux.
噴出[ふんしゅつ];ブラックホールからガスが噴出しているって本当ですか？;Est-il vrai que le gaz jaillit des trous noirs ?
不良[ふりょう];ふりょうひん を へんぴん した よ;J'ai retourné le produit défectueux.
詰まるする[つまるする];ぷりんた の いんく が つまって しまいました;L'encre de l'imprimante s'est bloquée.
周期[しゅうき];ふり子の周期についてのお返事、お待ちいたしております。;J'attends votre réponse concernant le cycle d'un pendule.
下痢[げり];ふるい おすし を たべて げり を して しまった ん だ;J'ai eu la diarrhée en mangeant de vieux sushis.
蛍光灯[けいこうとう];ふるい けいこうとう を とりかえて ください;Veuillez changer l'ancienne lumière fluorescente.
校舎[こうしゃ];ふるい こうしゃ の しゅうり が ひつよう です;Il est nécessaire de réparer l'ancien bâtiment de l'école.
燃やす[もやす];ふるい てがみ を もやした ん だ;J'ai brûlé de vieilles lettres.
縛る[しばる];ふるしんぶん を ひも で しばった よ 。;J'ai attaché les vieux journaux avec de la ficelle.
包む[つつむ];プレゼントをきれいな 紙[かみ]で 包[つつ]みました。;J'ai emballé le cadeau dans un beau papier.
を手渡す[をてわたす];プレゼントを手渡す勇気はありません。;Je n'ai pas le courage de lui remettre le cadeau.
区切る[くぎる];ふろあ は ぱーてぃしょん で くぎられて います;Le sol a été divisé par une cloison.
過程[かてい];ぷろぐらむ の かてい に もんだい が ある の;Il y a un problème dans le processus de programmation.
話し合い[はなしあい];ぷろじぇくと めんばー と はなしあい を した の;J'ai eu une discussion avec les membres du projet.
神髄[しんずい];プロの神髄を見せつけられました。;Il a su me montrer le vrai sens d'être un professionnel.
沢[さわ];フロリダのとある沢のほとりで、巨大なワニを見ました。;J'ai vu un alligator gigantesque près d'un marais en Floride.
硝子[ガラス];フロントガラス、汚れてるよ。;Votre pare-brise est sale.
平行[へいこう];へいこう に せん を ひいて ください;Veuillez tracer les lignes parallèles.
体制[たいせい];へいし 兵士 たち 達は げんかい 厳戒 たいせい 体制にあった。;The soldiers were on the alert.
兵隊[へいたい];へいたい が じゅう を かまえて いた よ;Le soldat tenait le fusil prêt.
主唱[しゅしょう];ベーコンの平和を唱える主唱者にお会いすることはできますか？;Pourrais-je rencontrer le principal défenseur de Bacon Peace ?
何枚[なんまい];ベーコンは美味しいから、何枚でも食べれるよ。;Le bacon est si savoureux que je peux manger un nombre illimité de lanières.
悲哀[ひあい];ベーコンを取り上げられたプードルは、悲哀と悲しみに満ちた声でクーンクーンと鳴いていました。;Le caniche, dont le lard avait été enlevé, gémissait d'une voix pleine de chagrin et de chagrin.
基盤[きばん];ベーコン事業に先立ち、まずは資金基盤を築くつもりです。;Nous allons d'abord constituer une base de financement pour le commerce du bacon.
潰す[つぶす];ぺっとぼとる は つぶして すてましょう;Vous devez écraser les bouteilles en plastique avant de les jeter.
擦れる[すれる];ペティコートは、スカートが肌と擦れることを防ぎます。;Les jupons empêchent les jupes de frotter contre votre peau.
本舗[ほんぽ];ベビー用品は、いつも赤ちゃん本舗で買います。;J'achète toujours des articles pour bébés au magasin principal pour bébés.
一階[いっかい];ヘビたちは一階でかっているんですか？;Avez-vous ces serpents au premier étage ?
笑い声[わらいごえ];へや の なか から わらいごえ が きこえた;J'ai entendu des rires venant de la salle.
両立[りょうりつ];べんきょう と しごと の りょうりつ は むずかしい よ;C'est difficile de gérer à la fois les études et le travail.
便所[べんじょ];べんじょ は そこ です;La salle de bain est là.
単数[たんすう];ぺんは たんすう で ぺんず は ふくすう です;"Pen est le singulier et ""pens"" est le pluriel."
弁論[べんろん];べんろん たいかい で ゆうしょう した こと が あります;J'ai déjà gagné un concours de discours.
先端[せんたん];ぼう の せんたん を もって ください;Veuillez tenir le bout du bâton.
固定[こてい];ぼう を てーぷ で こてい しなさい;Fixez le bâton en place avec du ruban adhésif.
方針[ほうしん];ほうしん 方針は ふた ２つの いけん 意見の あいだ 間をあれこれとぐらついた。;The policy fluctuated between two opinions.
包丁[ほうちょう];ほうちょう で ゆび を きった;Je me suis coupé le doigt avec un couteau de cuisine.
専門[せんもん];ほうりつ は わたし の せんもん です;Ma spécialité est le droit.
暴力[ぼうりょく];ぼうりょく は いけません;La violence est mal.
菠薐草[ほうれんそう];ほうれんそう は びたみん が ほうふ です 。;Les épinards sont riches en vitamines.
黒い霧[くろいきり];ホームステイ先のお父さんが、今日の夕飯の際に黒い霧事件について説明をしてくれました。;Mon père à la maison m'a expliqué le scandale de Black Mist au dîner ce soir.
怪事件[かいじけん];ホームズでさえもその怪事件の糸口を見つけることはできないだろう。;Même Holmes ne serait pas capable de trouver un indice sur ce mystère.
男優[だんゆう];ホームレスの男性が、「主演男優賞を狙いたい」と真面目に語った。;"Un sans-abri a dit sérieusement : ""J'aimerais essayer de gagner le prix du meilleur acteur."""
放る[ほうる];ぼーる を くうちゅう に ほうった の;J'ai lancé le ballon en l'air.
受け止める[うけとめる];ボールが 速[はや]すぎて 受[う]け 止[と]められなかったの。;La balle a été lancée si vite que je ne pouvais pas l'attraper.
一打[いちだ];ボールは、一打でグリーンにのりました。;La balle atterrit sur le green d'un seul coup.
一部分[いちぶぶん];ぼく が しって いる の は いちぶぶん に すぎない;Ce que je sais n'en est qu'une partie.
肯定[こうてい];ぼく は かれ の した こと は こうてい できない な;Je ne peux pas être d'accord avec ce qu'il a fait.
無論[むろん];ぼく は むろん きみ に さんせい だ;Bien sûr, je suis d'accord avec vous.
確立[かくりつ];ほくおう で は しゃかい ほしょう が かくりつ されて います;La sécurité sociale a été établie en Europe du Nord.
決勝[けっしょう];ぼくたち は がんばって けっしょう まで すすんだ よ;Nous avons fait de gros efforts et nous nous sommes qualifiés pour la finale.
書き取り[かきとり];ぼくたち は まいあさ かんじ の かきとり を します;Nous faisons la dictée des kanji tous les matins.
丁目[ちょうめ];ぼくのかの女は、同じ町の二丁目にすんでいるミイコちゃんです。;Ma copine Miiko habite aussi à 2-chome.
突っ込む[つっこむ];ぽけっと に さいふ を つっこん じゃった;Je fourrai mon portefeuille dans ma poche.
保健[ほけん];ほけんしつ で すこし やすんだ わ;Je me suis un peu reposé à l'infirmerie de l'école.
吸い込む[すいこむ];ほこり を すいこんじゃった;J'ai inhalé de la poussière.
要項[ようこう];ぼしゅう ようこう を よく お よみ ください;Veuillez lire attentivement les directives d'application.
曲がり角[まがりかど];ぽすと は そこ の まがりかど に あります;Il y a une boîte aux lettres dans ce coin.
求婚[きゅうこん];ホタルは、どの求婚者にも、結婚の条件として無理難題を突き付けた。;Hotaru confie des tâches impossibles à tout homme qui veut l'épouser.
北極[ほっきょく];ほっきょく に ぺんぎん は いません;Il n'y a pas de pingouins au pôle Nord.
層[そう];ホッケーの競技場さえも、オゾン層の破壊に関係しているって、知ってたかい？;Saviez-vous que les arénas de hockey sont liés à la destruction de la couche d'ozone ?
取り消す[とりけす];ほてる の よやく を とりけした よ;J'ai annulé notre réservation d'hôtel.
旅券[りょけん];ホテルの金庫に貴重品と旅券を預けたいのですが。;J'aimerais déposer mes objets de valeur et mon passeport dans le coffre-fort de l'hôtel.
帰郷する[ききょうする];ほとんどの博打打ちが思っているように、彼女も自分には天分があると思っていたんだが、結局あるポーカーのゲームで全財産を失って、帰郷するはめになったんだ。;Comme la plupart des joueurs, elle croyait avoir du talent, mais à la fin, elle a tout perdu dans une partie de poker et a dû retourner dans sa ville natale.
扶助[ふじょ];ほとんどの学生は、父母の扶助を受けて生活している。;La plupart des étudiants reçoivent un soutien de leurs parents pour vivre.
垂れる[たれる];ほら！母乳だと乳が垂れるって言うじゃない？;Dire! Ne dit-on pas que l'allaitement rend les seins tombants ?
帆走[はんそう];ほら、あそこにヨットが帆走しているよ。;Regardez, il y a un yacht qui navigue là-bas.
被せる[かぶせる];ほん に かばー を かぶせた の 。;J'ai mis une couverture sur le livre.
盆地[ぼんち];ぼんち は なつ、とても あつい ん だ;Il fait très chaud dans la vallée en été.
短距離[たんきょり];ほんの数年後、彼女はようやく自分がその短距離走で優勝した短距離走者だったことを認めました。;Ce n'est que des années plus tard qu'elle a finalement admis qu'elle était la sprinteuse qui a remporté la course de courte distance.
通勤[つうきん];まいあさ つうきん に さんじゅっぷん かかります;Il faut trente minutes pour faire la navette tous les matins.
飛び切り[とびきり];マイクは 君[きみ]の 妹[いもうと]のこと、とびきりいかしてるって 思[おも]ってるんだ。;Mike pense à ta soeur, je suis surpris.
鉄鉱[てっこう];マイクラでたくさん鉄鉱石を採掘した。;J'ai extrait un tas de minerai de fer dans Minecraft.
年代順[ねんだいじゅん];マイケルが、ビエトとヤクザの関係について、年代順に細かく説明してくれました。;Michael m'a donné une explication détaillée sur la relation entre le Viet et le yakuza dans l'ordre chronologique.
お笑い[おわらい];マイケルがトーフグに入る時に間ちがえてメイン州のポートランドに引っこしてしまったことは、今でもみんなのお笑い草です。;Lorsque Michael a obtenu un emploi à Tofugu, il a déménagé à Portland, Maine par erreur. C'est encore une drôle d'histoire dont on rit encore aujourd'hui.
関西[かんさい];マイケルは、関西一の芸人としての地位を固めつつある。;Michael a consolidé sa position de comédien numéro un du Kansai.
叶う[かなう];マイホームの 夢[ゆめ]が 叶[かな]って 嬉[うれ]しい;Je suis heureux que le rêve de posséder ma propre maison soit réalité.
全壊[ぜんかい];マイホームを持っていたんですが、台風で全壊しちゃったんですよ。;J'avais ma propre maison, mais elle a été complètement détruite par le typhon.
前向き[まえむき];まえむき に けんとう します;Nous examinerons la question de manière positive.
焚く[たく];まき を あつめて ひ を たいた よ;J'ai ramassé du bois et fait un feu.
貫[かん];マグロを二貫ください。;Deux morceaux de thon, s'il vous plaît.
真逆[まさか];まさか 車[くるま]が 当[あ]たるとは 思[おも]わなかった。;Je n'ai jamais imaginé que je gagnerais une voiture.
愚[ぐ];まさに愚の骨頂だね。;C'est certainement le comble de la folie.
下調べ[したしらべ];まず だいいち に しっかり したしらべ を しなさい;Tout d'abord, assurez-vous de faire une enquête préliminaire minutieuse.
陳述[ちんじゅつ];まず、被告人が冒頭陳述を行います。;Tout d'abord, le défendeur fera sa déclaration liminaire.
障害[しょうがい];まずは 障害[しょうがい]を 取[と]り 除[のぞ]いてから 計画[けいかく]を 進[すす]めよう。;Supprimons d'abord les obstacles avant de dérouler le plan.
悪循環[あくじゅんかん];まずは、あなたの心の悪循環を断ち切ることが大切です。;Tout d'abord, il est important de couper le cercle vicieux dans votre cœur.
連鎖[れんさ];まずはこの負の連鎖を断ち切る必要があります。;Premièrement, vous devez rompre les liens avec cette chaîne négative.
大略[たいりゃく];まずは事件の大略を説明してくれないか？;Pouvez-vous d'abord expliquer les grandes lignes de l'incident ?
初めに[はじめに];まず初めに牛肉をスライスして、それからフライパンでいためてください。;Pour commencer, veuillez d'abord trancher le bœuf, puis le faire revenir à la poêle.
各[かく];まず始めに、各チームの代表者を決めて下さい。;D'abord, choisissez un représentant pour chaque équipe.
眠たい[ねむたい];まだ 8 じ な の に もう ねむたい です;J'ai déjà sommeil même s'il n'est que huit heures.
断定[だんてい];まだ げんいん は だんてい できません;La cause n'a pas encore été déterminée.
温まる[あたたまる];まだ へや が あたたまらない。;La pièce ne s'est pas encore réchauffée.
お目にかかる[おめにかかる];またお目にかかれてうれしいです。;(humble) Je suis content de vous revoir.
蒸し返す[むしかえす];またかよ。女はすぐ昔の話を蒸し返すよな。やってられないわ。;Et c'est reparti. Les filles évoquent toujours de vieux problèmes. Je ne veux pas m'occuper de ça.
余震[よしん];まだ余震が続いているので、予だんは許されない。;Les répliques arrivent toujours, nous devons donc être prudents.
敗者[はいしゃ];まだ敗者ふっ活戦が残っていますよ。;Il nous reste encore un match de consolation pour les vaincus.
郵便番号[ゆうびんばんごう];まだ新しい郵便番号を覚えていません。;Je n'ai pas encore mémorisé mon nouveau code postal.
待合室[まちあいしつ];まちあいしつ は とても こんで いた よ;La salle d'attente était très encombrée.
訂正[ていせい];まちがい を ていせい しました;J'ai corrigé les fautes.
見落とす[みおとす];まちがい を みおとした の;Je n'ai pas remarqué d'erreur.
町角[まちかど];まちかど に かふぇ が ありました;Il y avait un café au coin de la rue.
汽笛[きてき];まどの外から、汽車の汽笛が聞こえてきました。;Nous avons entendu un sifflet de train à vapeur venant de l'extérieur de la fenêtre.
生臭い[なまぐさい];まないた が なまぐさい です;La planche à découper sent le poisson.
叫び声[さけびごえ];マミは叫び声を上げながら、ベーコンを上下に動かしました。;Mami a soulevé le bacon de haut en bas pendant qu'elle criait.
離陸[りりく];まもなく ひこうき が りりく します;L'avion va bientôt décoller.
喉飴[のどあめ];マヨネーズ味の喉飴があったら良いのになあ。;J'aimerais que les pastilles contre la toux aromatisées à la mayonnaise existent.
指先[ゆびさき];マリアって、左の小指の指先のホクロがセクシーだよね？;Ne pensez-vous pas que Maria a un grain de beauté si sexy sur le bout de son petit doigt gauche ?
河童[かっぱ];まるで河童が存在していることを信じているかのようにリアクションしてもらえますか？;Pouvez-vous réagir comme si vous croyiez que Kappa existe vraiment ?
原作[げんさく];マンガが原作の映画は、原作の良さを失ってしまうことが多いです。;Les films de bandes dessinées perdent souvent la saveur de l'œuvre originale.
敷金[しききん];まんしょん の しききん を はらいました;J'ai payé la caution sur l'appartement.
沸騰[ふっとう];みず が ふっとう した よ;L'eau a bouilli.
混ざる[まざる];みず と あぶら は まざりません;L'eau et l'huile ne se mélangent pas.
慣らす[ならす];みず の おんど に からだ を ならして から もぐった ほう が いい ぞ;Vous ne devriez plonger qu'après avoir habitué votre corps à la température de l'eau.
水素[すいそ];みず は すいそ と さんそ で できて います;L'eau est composée d'hydrogène et d'oxygène.
群れ[むれ];みずうみ に とり の むれ が いた よ;Il y avait une volée d'oiseaux sur le lac.
水面[すいめん];みずうみ の すいめん に ちいさく なみ が たって いる な;Il y a beaucoup de petites vagues à la surface du lac.
透き通る[すきとおる];みずうみ の みず は すきとおって いた よ;L'eau du lac était transparente.
札[ふだ];みせ の そと に まだ えいぎょう ちゅう の ふだ が でている よ;"Le panneau ""ouvert aux affaires"" est toujours affiché à l'extérieur du magasin."
行列[ぎょうれつ];みせ の まえ に ながい ぎょうれつ が できて います よ;Il y a une longue queue devant le magasin.
未成年[みせいねん];みせいねん は おさけ を のめません;Les mineurs ne peuvent pas boire d'alcool.
塊[かたまり];みち に つち の かたまり が できてた よ;Une motte de terre s'était formée sur la route.
迷う[まよう];みち に まよいました;J'ai perdu mon chemin.
両側[りょうがわ];みち の りょうがわ に たくさん おみせ が あります よ;Il y a beaucoup de magasins des deux côtés de la route.
統合[とうごう];みっつ の まち が とうごう されて あたらしい し が たんじょう した の よ;Trois villes ont été fusionnées et une nouvelle ville a été créée.
蝶蝶[ちょうちょう];みて 、 きれい な ちょうちょう が とん でいる 。;Regarde, il y a un beau papillon qui vole.
皆様[みなさま];みなさま こんにちは;Bonjour à tous.
着席[ちゃくせき];みなさん ちゃくせき して ください;Tout le monde, veuillez vous asseoir.
素朴[そぼく];みなさんの素朴な疑問にお答えします。;J'ai répondu aux questions naïves de tout le monde.
絵文字[えもじ];みなさんは絵文字はつかいますか？;Utilisez-vous tous des emoji ?
紳士[しんし];みなり の いい しんし が はなしかけて きた の;Un monsieur bien habillé m'a parlé.
身なり[みなり];みなり の いい ひと が はいって きた;Une personne bien habillée est entrée.
醜い[みにくい];みにくい あらそい は やめましょう;Arrêtons une vilaine bagarre.
身の回り[みのまわり];みのまわり の おせわ は わたし が します 。;Je vais m'occuper des choses pour toi.
民主[みんしゅ];みんしゅしゅぎ に ついて べんきょう しました;Nous avons étudié la démocratie.
指差す[ゆびさす];みんな が かれ の ゆびさす ほう を みたんだ;Tout le monde regarda dans la direction qu'il indiquait.
人柄[ひとがら];みんな かれ の あたたかい ひとがら が だいすき だ よ;Tout le monde aime sa personnalité chaleureuse.
見守る[みまもる];みんな で あたたかく みまもりましょう;J'espère que nous veillerons tous avec bienveillance sur eux.
保護[ほご];みんな で かんきょう を ほご しましょう;Protégeons tous l'environnement.
名称[めいしょう];みんな で せいひん の めいしょう を かんがえました;Tout le monde a pensé au nom du produit.
例題[れいだい];みんな で れいだい を といて みましょう;Résolvons ensemble le problème de l'exemple.
非凡[ひぼん];みんな、彼の非凡な才能を妬んでいたんだと思います。;Je pense que vous êtes tous jaloux de son talent unique.
吉[きち];みんな、結婚式の日に吉日を選びたいのよ。;Tout le monde veut choisir un jour de chance pour son mariage.
頻発[ひんぱつ];みんな、頻発する地震に、ストレスが溜まりに溜まっているんだよ。;Tout le monde est extrêmement stressé par ces tremblements de terre à répétition.
酔う[よう];みんなかなり 酔[よ]っていたの。;Tout le monde était ivre.
集金[しゅうきん];みんなから集金して、花たばと色紙を買いました。;Nous avons collecté de l'argent auprès de tout le monde et acheté un bouquet de fleurs et un babillard.
引っ張り[ひっぱり]上げる[あげる];みんなソックスを 引っ張り上[ひっぱりあ]げて。;Tout le monde a retiré ses chaussettes.
盆踊り[ぼんおどり];みんなで 盆踊[ぼんおど]りに 行[い]きました。;Nous sommes tous allés au festival de danse du Bon ensemble.
追悼[ついとう];みんなで奴の追悼コンサートを開かないか？;Pourquoi ne pas ouvrir son concert commémoratif avec tout le monde ?
纏まる[まとまる];みんなの 意見[いけん]がまとまりました。;Nous sommes tous d'accord.
辱める[はずかしめる];みんなの前で私の事を辱めるのが、どうしてそんなに面白いんですか？;Pourquoi trouvez-vous si amusant de m'humilier devant tout le monde ?
構え[かまえ];ムエタイではあなたの打撃の構えが最も重要な事である。;En Muay Thai, votre position de combat est la chose la plus importante.
結核[けっかく];むかし は けっかく で たくさん の ひと が なくなった;Dans le passé, beaucoup de gens mouraient de la tuberculose.
刺す[さす];むし に うで を さされました;J'ai été piqué au bras par un insecte.
異性[いせい];むすこ は もう いせい を いしき して いる;Mon fils est déjà conscient du sexe opposé.
発熱[はつねつ];むすめ が とつぜん はつねつ した ん だ;Ma fille a soudainement développé de la fièvre.
救い[すくい];むすめ の そんざい が わたし の すくい でした;L'existence de ma fille m'a sauvé.
足し算[たしざん];むすめ は がっこう で たしざん を ならった|大[おお]きな 数字[すうじ]の 足し算[たしざん]は 間違[まちが]えそうだ。;Ma fille a appris l'addition à l'école. Je pense que je pourrais faire une erreur en ajoutant de grands nombres.
引き算[ひきざん];むすめ は がっこう で ひきざん を ならって いる|もちろん、わたしは引き算ができます！;Ma fille apprend la soustraction à l'école.|Bien sûr que je sais faire la soustraction !
市立[しりつ];むすめ は しりつ の がっこう に かよって います;Ma fille va dans une école municipale.
幼稚園[ようちえん];むすめ は ようちえん に かよって います;Ma fille va à la maternelle.
保育園[ほいくえん];むすめ を ほいくえん に むかえ に いきます;Je vais chercher ma fille à la garderie.
投げ付ける[なげつける];むすめから、頭に花びんを投げ付けられて、七はりをぬう大けがを負いました。;Ma fille m'a lancé un vase à la tête et m'a fait une grave blessure qui a nécessité sept points de suture.
無責任[むせきにん];むせきにん な こうどう は ゆるされません;Les comportements irresponsables ne seront pas tolérés.
無茶[むちゃ];むちゃ を しない で ください ね;Ne soyez pas déraisonnable.
迷信[めいしん];むら の ひとたち は めいしん を しんじて います;Les gens du village croient à la superstition.
朝顔[あさがお];むらさき の あさがお が さきました;Une gloire du matin pourpre a fleuri.
瞑る[つぶる];め を つぶって ください;Ferme tes yeux.
瓶詰[びんづめ];メープルシロップを瓶詰しています。;J'embouteille du sirop d'érable.
感嘆符[かんたんふ];メールで語尾に必ず感嘆符を付ける友達がいます。;J'ai une amie qui met un point d'exclamation à la fin de chaque phrase dans ses e-mails.
目覚まし[めざまし];めざまし に こーひー を のんだ の;J'ai bu du café pour me réveiller.
百科事典[ひゃっかじてん];めずらしい ねこ に ついて ひゃっかじてん で しらべた の;J'ai recherché un chat rare dans l'encyclopédie.
示唆[しさ];メッシが、移籍を示唆するコメントをしたようだ。;Il semble que Messi ait fait un commentaire faisant allusion à son transfert.
藤[ふじ];メニューにある、この藤セットって何ですか？;C'est quoi ce Combo Wisteria au menu ?
免許証[めんきょしょう];めんきょしょう を みせて ください;Veuillez me montrer votre licence.
履歴書[りれきしょ];めんせつ の ため に りれきしょ を かきました;J'ai rédigé mon CV pour l'entretien.
食塩[しょくえん];めんどうですが 食塩[しょくえん]をとっていただけませんか。;Puis-je vous déranger pour le sel ?
固まる[かたまる];もう ぷりん は かたまった か な;Le pudding est-il déjà pris ?
毛ですね[もうですね];もう 六時[ろくじ]ですね。;Il est déjà six heures, n'est-ce pas ?
醤油[しょうゆ];もう 少[すこ]し 醤油[しょうゆ]を 足[た]してください。;Ajouter un peu plus de sauce soja.
買い換える[かいかえる];もう 電子[でんし]レンジを 買い換[かいか]えてもいいころです。;Il est temps que nous achetions un nouveau four à micro-ondes.
返る[かえる];もういちど げんてん に かえって かんがえましょう;Revenons au début et réfléchissons à nouveau.
締め切り[しめきり];もうしこみ の しめきり は いつ です か 。;Quelle est la date limite pour la candidature ?
地点[ちてん];もうすぐ もくひょう の ちてん に とうたつ します;Nous arriverons bientôt à destination.
浮き浮き[うきうき];もうすぐ 夏休[なつやす]みなのでウキウキしています。;Je suis excité parce que les vacances d'été arrivent bientôt.
煮える[にえる];もうすぐじゃがいもが 煮[に]えます。;Les pommes de terre seront bientôt cuites.
節句[せっく];もうすぐももの節句なので、ひな人形を出しました。;J'ai sorti les poupées Hina parce que le Festival des filles approche à grands pas.
枯渇[こかつ];もうすぐ石油は枯渇する。;Le pétrole va bientôt se tarir.
装い[よそおい];もうすっかり春の装いだね。;Vous êtes déjà dans une robe de printemps.
塩[しお];もうちょっと 塩[しお]を 入[い]れて。;Ajoute un petit peu plus de sel.
陶器[とうき];もう使わないんだったら、白い陶器は全部誰かにあげちゃえば？;Pourquoi ne pas donner toutes ces céramiques blanches si vous ne les utilisez plus ?
側[がわ];もう少しだけ、側にいてもいい？;Puis-je rester à tes côtés un peu plus longtemps ?
快楽[かいらく];もう少しで、快楽に溺れるところだったわ。;J'étais proche de me noyer dans le plaisir.
依頼人[いらいにん];もう少し我慢すれば、依頼人が誰だか分かったのに。;Si vous aviez eu un peu plus de patience, vous auriez pu découvrir qui était le client.
親不孝[おやふこう];もう手遅れですが、私は本当に親不孝な息子でしたよ。;C'est déjà trop tard, mais j'étais un fils vraiment désobéissant.
統一[とういつ];もじ の おおきさ は とういつ して ください;Veuillez normaliser la taille des caractères.
親展[しんてん];もし「親展」と書かれている封書を勝手に開けたら、信書開封罪とみなされて一年以下の懲役又は二十万円以下の罰金に課せられるかもしれませんよ。;Si vous avez ouvert une enveloppe scellée portant la mention « Confidentiel » sans autorisation, cela pourrait être considéré comme une ouverture illégale de lettre et vous pourriez être puni d'une peine d'emprisonnement avec travaux forcés de moins d'un an ou d'une amende pouvant aller jusqu'à 200 000 yens.
簡易[かんい];もしうちに泊まりたいなら、簡易ベッドがあるよ。;Si vous voulez dormir chez nous, nous avons un lit bébé.
若しかしたら[もしかしたら];もしかしたら 来年[>らいねん] 転勤[>てんきん]になるかもしれない。;Il est possible que je pourrais obtenir transféré l'année prochaine.
沼地[ぬまち];もしかしたら、彼らがこの沼地にはドラゴンがいると言ってたのは、本当のことだったのかも。;Peut-être qu'ils disaient la vérité qu'il y a un dragon dans ces marécages.
若しかすると[もしかすると];もしかすると あなた に いちど おあい してます か;Est-il possible que je vous ai déjà rencontré une fois ?
替わる[かわる];もしご迷惑でなければ、席を替わってもらえませんか？彼女と一緒なんですが、席が別々になってしまったんです。;Cela vous dérangerait-il de changer de place avec moi ? Je suis avec elle et nos sièges sont séparés.
請願[せいがん];もしご迷惑でなければ請願書に署名して頂けませんでしょうか。;Si cela ne vous dérange pas, pourriez-vous signer cette pétition ?
滅亡[めつぼう];もしその超巨大火山が噴火をすれば、我々は滅亡を免れないだろう。;Si le super volcan éclatait, nous ne pourrions pas échapper à la destruction.
範[はん];もしその野菜が全部安全だというのなら、まず先に彼らがそれを食べて我々に範を垂れるべきだ。;S'ils disent que ces légumes sont tous sans danger, ils devraient nous montrer l'exemple en les mangeant en premier.
賄う[まかなう];もし今赤ちゃんができたら、俺の収入だけで家族を賄うのは無理だと思うんだよ。;Je ne pense pas que mes revenus seraient suffisants pour nourrir ma famille si nous avions un bébé maintenant.
迷わす[まよわす];もし俺の娘を路頭に迷わすようなことがあったら、一生許さないぞ。;Si vous égarez ma fille, je ne vous le pardonnerai jamais.
針金[はりがね];もし値ごろ感が重視されるのなら、我々の針金が圧勝することになるだろう。;Si l'abordabilité est une nécessité, nos fils gagneront haut la main.
公営[こうえい];もし収入がものすごく低いのであれば、安い公営のアパートに住めるかもしれませんよ。;Si vos revenus sont vraiment faibles, vous pourrez peut-être vivre dans un appartement public bon marché.
許諾[きょだく];もし娘さんとの結婚を許可してくださるのなら、あなたに我が社の登録商標の使用を許諾します。;Si vous me permettez d'épouser votre fille, je vous donnerai mon consentement pour utiliser la marque de notre société.
管制塔[かんせいとう];もし巨大な竜巻がこの地域を襲ったら、管制塔はどうなるんでしょうか。;Si une énorme tornade frappait cette zone, comment pensez-vous que la tour de contrôle s'en tirerait ?
公設[こうせつ];もし沖縄を旅行するなら、牧志公設市場に行った方がいいよ。;Si vous voyagez à Okinawa, vous devriez vous rendre au marché public de Makishi.
飼い主[かいぬし];もし犬の飼い主が水疱瘡になったら、その犬も水疱瘡になる可能性はあるんでしょうか。;Si le propriétaire d'un chien avait la varicelle, le chien pourrait-il l'attraper aussi ?
並列[へいれつ];もし自分の彼氏が後ろ向きで入る並列駐車が上手くできなかったら、がっかりしちゃうと思う。;Si mon petit ami était mauvais en stationnement parallèle inversé, je serais déçu de lui.
照明[しょうめい];もっと しょうめい を あかるく して ください;Veuillez augmenter davantage l'éclairage.
狭める[せばめる];もっと はんい を せばめて さがしましょう;Réduisons la gamme et saisissons
交流[こうりゅう];もっと 他[ほか]の 町[まち]との 交流[こうりゅう]を 深[ふか]めましょう。;Interagissons davantage avec les gens de d'autres villes.
詳しい[くわしい];もっと 詳[くわ]しく 説明[せつめい]してください。;Veuillez l'expliquer plus en détail.
噛む[かむ];もっとよく 噛[か]みなさい。;Mâche mieux.
塩味[しおあじ];もっと塩味を利かせてもよかったかもね。;J'aurais peut-être pu utiliser plus de sel.
継続[けいぞく];もの ごと は こんき よく けいぞく する こと が たいせつ です;Lorsque vous faites quelque chose, il est important de persévérer.
限度[げんど];ものごと に は げんど が あります;Chaque matière a sa limite.
最早[もはや];もはや かれ の たすけ は ひつよう じゃ ない の;Son aide n'est plus nécessaire.
葉っぱ[はっぱ];もみじ の はっぱ が あかく なりました ね;Les feuilles d'érable sont devenues rouges.
根本[こんぽん];もんだい の こんぽん を みなおしましょう;Revenons à la racine du problème.
お負け[おまけ];やおや さん で たくさん おまけ して もらった よ;J'ai eu beaucoup de cadeaux au magasin de légumes.
湯気[ゆげ];やかん から ゆげ が でて います よ;De la vapeur sort de la bouilloire.
切迫[せっぱく];ヤクザからお金を借りなければいけないという切迫した危機に直面している。;Je fais face à une crise imminente donc j'ai besoin d'emprunter de l'argent au yakuza.
役所[やくしょ];やくしょ で じゅうみんひょう を もらって きた;Je suis allé chercher une carte de résident à la mairie.
値上がり[ねあがり];やさい が ねあがり して います ね;Le prix des légumes augmente.
裏門[うらもん];やつ は うらもん から でて きた ぜ;Il est sorti par la porte de derrière.
薬局[やっきょく];やっきょく で めぐすり を かいました;J'ai acheté des gouttes pour les yeux à la pharmacie.
副大統領[ふくだいとうりょう];やってみるべきだと思うけど。大統領は無理でも、副大統領ぐらいなら狙えるんじゃない？;Je pense que nous devrions essayer. Vous ne deviendrez peut-être pas président, mais vous deviendrez peut-être vice-président.
実る[みのる];やっと どりょく が みのりました;Mes efforts ont fini par payer.
目的地[もくてきち];やっと もくてきち に ついた よ;Je suis enfin arrivé à destination.
気象庁[きしょうちょう];やっと気象庁に電話が繋がったと思ったら、切られたんだよ。ありえなくね？;J'ai pensé que j'avais enfin réussi à appeler l'agence météorologique, mais ils m'ont raccroché au nez. Incroyable.
矢っ張り[やっぱり];やっぱり 旅[たび]が 大好[だいす]きだ。;Comme je le pensais, j’adore les voyages.
野党[やとう];やとう が よとう を きびしく ひなん して いました ね;Le parti d'opposition critiquait sévèrement le parti au pouvoir.
澄む[すむ];やま の くうき は すんで います ね;L'air de la montagne est clair.
鮮やか[あざやか];やま は あざやか な みどり でした;La montagne était d'un vert éclatant.
市街[しがい];ゆうがた の しがい は くるま が じゅうたい する よ;La ville est encombrée de voitures en fin d'après-midi.
夕暮れ[ゆうぐれ];ゆうぐれ の そら が きれい です ね;Le ciel crépusculaire est magnifique.
和風[わふう];ゆうしょく に わふう ぱすた を つくった よ;J'ai fait des pâtes à la japonaise pour le souper.
余る[あまる];ゆうしょく の りょうり が たくさん あまった;Il restait beaucoup de nourriture du dîner.
腹一杯[はらいっぱい];ゆうしょく を はらいっぱい たべた;J'ai bien mangé au souper.
外科[げか];ゆうじん が こっせつ して げか に にゅういん しました;Mon ami s'est cassé un os et a été admis à l'hôpital pour une intervention chirurgicale.
慰める[なぐさめる];ゆうじん が なぐさめて くれました;Mon ami m'a consolé.
弁護[べんご];ゆうじん が わたし を べんご して くれました;Mon ami m'a défendu.
強引[ごういん];ゆうじん の ごういん な さそい を ことわれません でした;Je n'ai pas pu décliner l'invitation persistante de mon ami.
呼び掛ける[よびかける];ゆうじんたち に きょうりょく を よびかけた の;J'ai demandé à des amis leur coopération.
雄大[ゆうだい];ゆうだい な けしき に かんどう した の;J'ai été impressionné par le paysage magnifique.
茄子[なす];ゆうはん に なす の てんぷら を たべました 。;J'ai mangé de l'aubergine tempura pour le dîner.
届け[とどけ];ゆうびんきょく に ひっこし の とどけ を だした よ;J'ai envoyé la notification de changement d'adresse à la poste.
受け付ける[うけつける];ゆうびんぶつ は ごじ まで うけつけて います;Nous acceptons le courrier jusqu'à cinq heures.
郵便屋さん[ゆうびんやさん];ゆうびんやさん は もう きました か;Le facteur est-il déjà venu ?
碌に[ろくに];ゆうべ は ろくに ねて いない;J'ai à peine dormi la nuit dernière.
徹夜[てつや];ゆうべは徹夜しました。;ゆうべは徹夜しました。
五枚[ごまい];ゆう便局に行って、葉書を五枚買いました。;Je suis allé dans un bureau de poste et j'ai acheté cinq cartes postales.
洗剤[せんざい];ゆか に せんざい を こぼして しまいました;J'ai renversé du détergent sur le sol.
足跡[あしあと];ゆき の うえ に うさぎ の あしあと が あった;Il y avait des empreintes de pas de lapin dans la neige.
結晶[けっしょう];ゆき の けっしょう に は いろいろ な かたち が あります;Les cristaux de neige se présentent sous différentes formes.
副詞[ふくし];ゆっくり あるく の ゆっくり は ふくし です;"Lentement dans ""Marcher lentement"" est un adverbe."
丈[たけ];ユニクロで、七分丈のパンツを買いました。;J'ai acheté un pantalon trois-quarts chez UNIQLO.
湯飲み[ゆのみ];ゆのみ に は おちゃ を いれて お ちゃわん に は ごはん を よそいます;Nous versons du thé dans une tasse de thé et servons du riz dans un bol de riz.
余暇[よか];ユリコは よか 余暇に はな 花を い 生ける。;Yuriko arrange les fleurs durant son temps libre.
液[えき];ようき から えき が こぼれて います よ;Le liquide se déverse du récipient.
容器[ようき];ようき の ふた は きちんと しめましょう;Assurez-vous de bien fermer les couvercles des contenants.
用件[ようけん];ようけん を めも して おきました;J'ai noté le sujet.
一歩[いっぽ];ようやく、ゆめに向かって一歩ふみ出しました。;J'ai enfin fait un pas en avant vers mon rêve.
用例[ようれい];ようれい を つかって せつめい して ください;Veuillez expliquer en utilisant des exemples.
利息[りそく];よきん に は りそく が つきます;L'épargne rapporte des intérêts.
針[はり];よく 見[み]たら、 時計[とけい]の 針[はり]が１２ 時[じ]を 指[さ]してるよ。;Maintenant que je regarde de plus près, je peux voir les aiguilles d'horloge pointant vers 12.
禁忌[きんき];よく、禁忌を犯すと手足をもがれると言われますが、これは本当でしょうか。;On dit souvent qu'on s'arrache les mains et les pieds quand on commet un tabou, est-ce vrai ?
翌朝[よくあさ];よくあさ は かいせい だった ね;Il faisait beau le lendemain matin.
翌日[よくじつ];よくじつ かれ に あい に いきました;Je suis allé le voir le lendemain.
振る舞い[ふるまい];よくもまあ、そんな 振舞[ふるま]いができるもんだ。;Comment osez-vous vous comporter comme ça!
井戸[いど];よく冷えた井戸水を飲むと、冷たいアイスクリームを食べた時のように頭がキーンと痛みました。;Quand j'ai bu de l'eau froide du puits, j'ai eu le cerveau gelé comme quand j'ai mangé de la crème glacée froide.
尊敬語[そんけいご];よく尊敬語と謙譲語がゴチャゴチャになってしまいます。;Je confonds souvent le japonais honorifique avec le japonais humble.
余計[よけい];よけい な こと を いって は だめ よ;Ne dites pas des choses que vous n'avez pas besoin de dire.
衆議院[しゅうぎいん];よさんあん が しゅうぎいん を つうか した な;La proposition de budget a été adoptée par la Chambre des représentants.
絡む[からむ];よっぱらって絡んでくるやつが大きらいなんだよ。;Je déteste les gens qui s'enivrent et qui se battent ensuite.
目次[もくじ];よみたい しょう を もくじ で さがしました;J'ai cherché le chapitre que je voulais lire dans la table des matières.
心細い[こころぼそい];よみち の ひとりあるき は こころぼそい ね;Marcher seul la nuit rend mal à l'aise.
弱まる[よわまる];よる に なって かぜ が よわまった ね;Le vent est tombé la nuit.
望ましい[のぞましい];よる は 10 じ まで に ねる の が のぞましい の;Il est recommandé de se coucher à dix heures du soir.
世論[よろん];よろん は あたらしい ほうりつ に はんたい です;L'opinion publique est contre la nouvelle loi.
上演[じょうえん];ライオンキングの上演時間を教えて下さい。;Pouvez-vous me dire l'heure de la représentation du Roi Lion ?
中旬[ちゅうじゅん];らいげつ ちゅうじゅん に ふらんす へ いきます 。;J'irai en France au milieu du mois prochain.
総会[そうかい];らいげつ の そうかい は とうきょう で おこなわれます;L'assemblée générale du mois prochain se tiendra à Tokyo.
帰省[きせい];らいしゅう きせい します;Je vais rentrer chez moi la semaine prochaine.
内臓[ないぞう];らいしゅう ないぞう を けんさ します;La semaine prochaine, j'aurai un examen médical interne.
打ち合わせる[うちあわせる];らいしゅう の よてい を うちあわせましょう;Discutons du programme de la semaine prochaine.
解散[かいさん];らいねん しゅうぎいん が かいさん される だろう;La Chambre basse sera probablement dissoute l'année prochaine.
狙う[ねらう];らいねん は ゆうしょう を ねらいます;On visera une victoire l'année prochaine.
渓流[けいりゅう];ラフティングで渓流を下りました。;Nous avons fait du rafting sur le ruisseau de montagne.
硬さ[かたさ];りか の じかん に いし の かたさ を くらべた よ;En cours de sciences, nous avons comparé la dureté des pierres.
校庭[こうてい];りくじょうぶ は こうてい で れんしゅう して います;Un club d'athlétisme s'entraîne dans la cour de l'école.
好意[こうい];リッチ 氏[し]は 彼女[かのじょ]の 好意[こうい]に 感謝[かんしゃ]した。;M. Rich a reconnu sa faveur.
合意[ごうい];りょうしゃ が がっぺい に ごうい しました;Les deux sociétés ont accepté la fusion.
両者[りょうしゃ];りょうしゃ の いけん を ききましょう;Écoutons les opinions des deux parties.
敬う[うやまう];りょうしん を うやまう こと は たいせつ です;Il est important de respecter vos parents.
旅客機[りょかくき];りょかくき が ついらく した よ;L'avion de ligne s'est écrasé.
海苔[のり];りょかん の ちょうしょく に のり が でました 。;Des algues séchées étaient servies pour le petit-déjeuner à l'auberge.
予備[よび];りょこう に は よび の くつ を もって いきます;Je vais prendre des chaussures de rechange en vacances.
追い抜く[おいぬく];りれー で かれ は ふたり おいぬいた ね;Il a dépassé deux personnes dans le relais.
瓦[グラム];リンゴは157グラムあります。;La pomme pèse 157 grammes.
踏み込む[ふみこむ];ルームメートが、私のプライバシーに踏み込みすぎだと思うのよね。;Je pense que mon colocataire envahit aussi mon intimité mu
再生[さいせい];るすばんでんわ の めっせーじ を さいせい した の;J'ai écouté les messages sur le répondeur.
挙げる[あげる];れい を いくつ か あげて みましょう;Donnons quelques exemples.
例年[れいねん];れいねん 8 がつ は あめ が すくない ね;Il y a peu de pluie dans un mois d'août typique.
角膜[かくまく];レーシック手術では、角膜をレーザーで削るんですよ。;Dans la chirurgie Lasik, votre cornée est rasée au laser.
裏通り[うらどおり];レーシングカーは、裏通りを縫うようにして走っていった。;La voiture de course a accéléré, se faufilant dans les rues latérales.
布地[ぬのじ];レースを布地にたたきつけた。;J'ai cousu de la dentelle sur du tissu.
部門[ぶもん];れきしがく 歴史学は じんぶんかがく 人文科学の いち 一 ぶもん 部門である。;L'histoire est une branche des sciences humaines.
駆け回る[かけまわる];レシピにサフランがいるって書いてあったから、あちこち駆け回って探したんだけど見つからなくて、結局今回はサフランは使わなかったの。;La recette disait de mettre du safran, alors j'ai couru le chercher partout, mais je n'en ai pas trouvé, donc je n'ai pas ajouté de safran cette fois.
堅い[かたい];レシピには、美味しくてしっとりしたクッキーって書いてあったのに、出来上がったクッキーはすっごく堅かったんだよね。;La recette les appelle des biscuits délicieux et moelleux, mais ils se sont avérés très durs.
更なる[さらなる];レジャーさんぎょう レジャー産業は あら 新たな リゾートち リゾート地にさらなる とうし 投資をしています。;L'industrie du loisir investissent plus d'argent dans de nouvelles stations touristiques.
山脈[さんみゃく];れっしゃ の まど から ゆうだい な さんみゃく が みえた ん だ よ;J'ai pu voir une magnifique chaîne de montagnes depuis la fenêtre du train.
締まる[しまる];ればー を みぎ に まわす と しまります;Il se fermera lorsque le levier est tourné vers la droite.
誇張[こちょう];レビューで今までで最高のカメラだとか何とか書かれてたけど、それはやっぱり誇張だったね。;La critique disait que c'était le meilleur appareil photo de tous les temps, mais c'était une exagération comme je le pensais.
不可能[ふかのう];れぽーと を 1 にち で しあげる の は ふかのう です;Il est impossible de terminer le rapport en un jour.
搾る[しぼる];レモンを唐揚げに搾ってもいいですか？;Puis-je presser du citron sur les aliments frits ?
干天[かんてん];れんぞく干天日数が二十九日をむかえ、フグは干からびるすん前だった。;En raison de la sécheresse continue de vingt-neuf jours, Fugu est sur le point de se dessécher.
労働者[ろうどうしゃ];ろうどうしゃ が すと を した そう だ よ;J'apprends que les ouvriers se sont mis en grève.
邦訳[ほうやく];ロード・オブ・ザ・リングの邦訳、もう図書館に返却しちゃった？;Avez-vous déjà ramené la version japonaise du Seigneur des Anneaux à la bibliothèque ?
帝政[ていせい];ローマ帝政時代、皇帝はその村の人達に目をつけていました。;A l'époque de l'Empire romain, l'empereur surveillait les villageois.
軌道[きどう];ロケットが軌道に入ったというニュースを聞いて、誰もが喜びました。;Tout le monde était ravi d'apprendre que la fusée était entrée en orbite.
殊に[ことに];ろっく は ことに わかもの に にんき だ;La musique rock est particulièrement appréciée des jeunes.
生き甲斐[いきがい];ロッククライミングは私の生き甲斐です。;L'escalade est ma raison de vivre.
項目[こうもく];ろんぶん の こうもく を わかりやすく せいり した わ;J'ai organisé les éléments de la thèse de manière accessible.
纏め[まとめ];ろんぶん の まとめ を かいています 。;J'écris un résumé de l'article.
王国[おうこく];わ 我が ぐん 軍はその おうこく 王国を おそ 襲った。;Our army attacked the kingdom.
魔法[まほう];わぁ、A級の新しい魔法を習得中なの？上手くいけば、万歳ものだね！;Wow, apprenez-vous une nouvelle magie de rang A ? Si tout se passe bien, nous devrions célébrer!
扱い[あつかい];ワイングラスの扱いに気をつけるようにと言われた直後に、案の定一つ割ってしまった。;Juste après qu'on m'ait dit de faire attention avec le verre à vin, j'en ai cassé un.
発酵[はっこう];ワインの甘みを残して発酵を止める方法を教えてください。;S'il vous plaît, apprenez-moi à conserver la douceur du vin et à arrêter la fermentation.
国土[こくど];わがくに の こくど は ななじゅっぱーせんと が しんりん です;70 % de la campagne de notre pays est forestière.
姫[ひめ];わかったわ。じゃあ、これからはアヤのこと、アヤ姫って呼ばないといけないの？;OK, donc à partir de maintenant on doit l'appeler princesse Aya ?
制覇[せいは];わが校の野球部が、秋のリーグ戦を制覇しました。;Le club de baseball de notre école a dominé le tapis de la ligue d'automne
惜敗[せきはい];わが校は、惜敗でベスト8入りを逃しました。;Notre école a raté son entrée dans le top huit en perdant un match serré.
態々[わざわざ];わざわざ来[き]てくれてありがとう。;Merci d'être spécialement venu jusqu'ici.
稿料[こうりょう];わずかですが、稿料をもらいました。;Ce n'était pas beaucoup, mais j'ai eu une avance pour le manuscrit.
船長[せんちょう];わたし が この ふね の せんちょう です;Je suis le capitaine de ce navire.
楽器[がっき];わたし が すき な がっき は ぎたー です;Mon instrument préféré est la guitare.
必然[ひつぜん];わたし と かれ が であった の は ひつぜん だった の;Il était inévitable que lui et moi nous rencontrions.
方角[ほうがく];わたし と かれ は かえる ほうがく が おなじ です;Lui et moi rentrons chez nous dans la même direction.
第一[だいいち];わたし に は しごと が だいいち です;Ma première priorité est mon travail.
目印[めじるし];わたし の いえ は あかい やね が めじるし です;Ma maison a un toit rouge facile à repérer.
勤務[きんむ];わたし の いちにち の きんむじかん は はちじかん です;Je travaille 8 heures par jour.
桃[もも];わたし の いちばん すき な くだもの は もも です;Mon fruit préféré est la pêche.
長閑[のどか];わたし の いなか は のどか な ところ です;Ma ville natale est un endroit paisible.
真似る[まねる];わたし の うごき を まねて ください;Veuillez imiter mes mouvements.
腕時計[うでどけい];わたし の うでどけい は おくれて いる;Ma montre est lente.
甥[おい];わたし の おい は さんさい です;Mon neveu a 3 ans.
団地[だんち];わたし の おとうと は だんち に すんで います;Mon petit frère habite dans un lotissement.
募集[ぼしゅう];わたし の かいしゃ で しゃいん を ぼしゅう して います;Mon entreprise recrute de nouveaux collaborateurs.
制服[せいふく];わたし の がっこう に は せいふく が ありません;Il n'y a pas d'uniforme dans mon école.
敗れる[やぶれる];わたし の ちーむ は 1 かいせん で やぶれた よ;Mon équipe a perdu au premier tour.
不動産屋[ふどうさんや];わたし の ちち は ふどうさんや です;Mon père est agent immobilier.
在る[ある];わたし の つくえ の うえ に しょるい が たくさん あります;Il y a beaucoup de documents sur mon bureau.
勤め先[つとめさき];わたし の つとめさき に ごれんらく ください;Veuillez contacter mon bureau.
初恋[はつこい];わたし の はつこい は しょうがくせい の とき です;Mon premier amour, c'était quand j'étais à l'école primaire.
秘書[ひしょ];わたし の ひしょ は とても ゆうしゅう です;Ma secrétaire est assez exceptionnelle.
長方形[ちょうほうけい];わたし の へや は ちょうほうけい です;Ma chambre est rectangulaire.
左利き[ひだりきき];わたし の むすこ は ひだりきき です;Mon fils est gaucher.
姪[めい];わたし の めい は さんさい です;Mes nièces ont trois ans.
坊さん[ぼうさん];わたし の ゆうじん は おぼうさん を して いる の;Mon ami travaille comme prêtre.
予想[よそう];わたし の よそう が あたった;Mes prévisions se sont avérées justes.
昭和[しょうわ];わたし の りょうしん は しょうわうまれ です;Mes parents sont nés à l'époque Showa.
養う[やしなう];わたし は 3 にん の こども を やしなって います;Je nourris trois enfants.
志す[こころざす];わたし は いしゃ を こころざして います;Je suis déterminé à devenir médecin.
厚さ[あつさ];わたし は いた の あつさ を はかった;J'ai mesuré l'épaisseur de la planche.
海老[えび];わたし は えび の てんぷら が すき です;J'aime la tempura de crevettes.
近付ける[ちかづける];わたし は かお を まど に ちかづけた ん だ;J'ai rapproché mon visage de la fenêtre.
傷付く[きずつく];わたし は かのじょ の ことば に きずつきました;J'ai été blessé par ses paroles.
受け入れる[うけいれる];わたし は かれ の いけん を うけいれました;J'ai accepté son avis.
人格[じんかく];わたし は かれ の じんかく を そんけい して います;Je respecte son caractère.
確信[かくしん];わたし は かれ の せいこう を かくしん して います;Je suis convaincu de son succès.
小量[しょうりょう];わたし は こーひー まめ を しょうりょう で かうよう に しています 。;J'essaie d'acheter des grains de café en petites quantités.
費やす[ついやす];わたし は ごがく の べんきょう に かなり の じかん を ついやして います;J'ai consacré beaucoup de temps à l'étude des langues.
預金[よきん];わたし は この ぎんこう に よきん して います;J'ai déposé de l'argent dans cette banque.
保護者[ほごしゃ];わたし は この こ の ほごしゃ です;Je suis le tuteur de cet enfant.
退職[たいしょく];わたし は こんげつ いっぱい で たいしょく します;Je prends ma retraite à la fin de ce mois.
刺身[さしみ];わたし は さしみ は たべません;Je ne mange pas de sashimi.
私鉄[してつ];わたし は してつ の しょくいん です;Je suis un employé d'une compagnie ferroviaire privée.
属する[ぞくする];わたし は しみん おーけすとら に ぞくして います;J'appartiens à l'orchestre civique.
心身[しんしん];わたし は しんしん ともに つかれて いました;J'étais mentalement et physiquement fatigué.
不得意[ふとくい];わたし は すうがく が ふとくい です;Je ne suis pas bon en maths.
入門[にゅうもん];わたし は すもう べや に にゅうもん しました;Je suis entré dans une écurie de sumo.
情勢[じょうせい];わたし は せかい じょうせい を しる ため に まいにち にゅーす を みる わ;Je regarde les nouvelles tous les jours pour connaître les affaires du monde.
中途[ちゅうと];わたし は ちゅうと さいよう で にゅうしゃ しました;Je suis entré dans l'entreprise en tant qu'ouvrier à mi-carrière.
通訳[つうやく];わたし は つうやく です;Je suis interprète.
訪れる[おとずれる];わたし は なつ に きょうと を おとずれました;J'ai visité Kyoto cet été.
国籍[こくせき];わたし は にほん こくせき です;Je suis un citoyen japonais.
農村[のうそん];わたし は のうそん で そだちました;J'ai grandi dans un village agricole.
枕[まくら];わたし は ひくい まくら が すき です;J'aime les oreillers fins.
喜ばす[よろこばす];わたし は ひと を よろこばす の が だいすき です;J'aime rendre les autres heureux.
役目[やくめ];わたし は ぶじ に やくめ を おえた よ;J'ai rempli les fonctions sans incident.
風呂場[ふろば];わたし は ふろば で は を みがきます;Je me brosse les dents dans la salle de bain.
腰掛ける[こしかける];わたし は べんち に こしかけた の;J'avais un siège sur le ben
自炊[じすい];わたし は まいにち じすい して いる;Je cuisine pour moi tous les jours.
入浴[にゅうよく];わたし は まいにち ねる まえ に にゅうよく します;Je prends un bain tous les jours avant de me coucher.
同居[どうきょ];わたし は まだ りょうしん と どうきょ して います;Je vis toujours chez mes parents.
民族[みんぞく];わたし は みんぞく の れきし に きょうみ が あります;Je m'intéresse à l'histoire des groupes ethniques.
無意識[むいしき];わたし は むいしき に かれ を きずつけて しまった;Sans le vouloir, j'ai fini par le blesser.
固める[かためる];わたし は もう けっしん を かためた の;J'ai déjà pris ma décision.
投資[とうし];わたし は よっつ の かいしゃ に とうし して います;J'investis dans quatre sociétés.
理科[りか];わたし は りか が とくい です;Je suis bon en sciences.
良心[りょうしん];わたし は りょうしん に したがって こうどう します;Je me comporte selon ma conscience.
目指す[めざす];わたし は りょうりにん を めざして います;J'ai l'intention de devenir cuisinier.
和英[わえい];わたし は わえい じしょ を よく つかいます;J'utilise souvent un dictionnaire japonais-anglais.
交ぜる[まぜる];わたし も まぜて ください;Veuillez m'inclure.
含める[ふくめる];わたし を ふくめて 10 にん が さんか しました;Dix personnes y ont participé, moi y compris.
師匠[ししょう];わたし 私が い 行くことに ししょう 支障は なに 何もありません。;Il n'y a rien qui empêche mon départ.
愛犬[あいけん];わたし 私の あいけん 愛犬 にたい に対する あいじょう 愛情は あさ 浅からぬものがあった。;Mon amour pour mon chien était très profond.
実家[じっか];わたし 私の りょうしん 両親は ふたり 二人とも いま 今、 じっか 実家にいます。;Mes parents sont à la maison eb ce moment.
古臭い[ふるくさい];わたし 私は かれ 彼の ふる 古くさい じょうだん 冗談にうんざりした。;J'étais lasse de ses vieilles blagues.
経済的[けいざいてき];わたし 私は けいざいてき 経済的に こま 困っている。;J'ai des difficultés financières.
民主主義[みんしゅしゅぎ];わたし 私は みんしゅしゅぎ 民主主義の みかた 味方だ。;Je suis du côté de la démocratie.
各地[かくち];わたし 私はイギリス かくち 各地を けんぶつ 見物した。;J'ai visité de nombreuses régions d'Angleterre.
演奏家[えんそうか];わたし 私はその えんそうか 演奏家にフルートで なに 何か ものがな もの悲しい きょく 曲を ふ 吹いて ほ 欲しいとおもった。;Je voulais que le musicien joue un air triste sur sa flûte.
着替える[きがえる];わたし 私はもう きが 着替えました。;I have already changed my clothes.
久しい[ひさしい];わたしがベーコンをたべなくなって久しい。;Ça fait longtemps que j'ai arrêté de manger du bacon.
資金[しきん];わたしたち は いま けっこん しきん を ためて います;Nous économisons pour le mariage maintenant.
大声[おおごえ];わたしたち は おおごえ で うた を うたった の;Nous avons chanté fort.
客席[きゃくせき];わたしたち は きゃくせき に すわった ん だ;Nous nous sommes assis sur le siège.
合唱[がっしょう];わたしたち は こうか を がっしょう した の;Nous avons chanté la chanson de l'école en chœur.
公害[こうがい];わたしたち は こうがい を へらす よう どりょく して います;Nous nous efforçons de réduire la pollution.
高級[こうきゅう];わたしたち は こうきゅう ほてる に とまった の;Nous avons séjourné dans un hôtel de grande classe.
遅らす[おくらす];わたしたち は しゅっぱつ を いちにち おくらした の;Nous avons retardé notre départ d'un jour.
取引[とりひき];わたしたち は ちゅうごく の かいしゃ と とりひき して います;Nous avons affaire à une société chinoise.
同級生[どうきゅうせい];わたしたち は どうきゅうせい です;Nous sommes camarades de classe.
野原[のはら];わたしたち は のはら で はな を つんだ の;Nous avons cueilli des fleurs dans le champ.
島[とう];わたしたち は はわい の まういとう に りょこう した の;Nous sommes allés sur l'île de Maui à Hawaï.
陸[おか];わたしたち は ふね を おりて おか に あがった ん だ;Nous sommes sortis du bateau et avons marché sur le rivage.
惜しむ[おしむ];わたしたち は みな かれ の し を おしんだ の;Nous avons tous regretté sa mort.
物陰[ものかげ];わたしたち は ものかげ に かくれた ん だ;Nous nous sommes cachés.
右利きの[みぎききの];わたしの息子は右利きではありません。;Mon fils n'est pas droitier.
入所[にゅうしょ];わたしの母は、来年のはるから、かいごしせつに入所することになりました。;Ma mère sera admise dans une maison de repos au printemps prochain.
同感[どうかん];わたしはコウイチの意見に同感ですね。;Je partage le point de vue de Koichi.
書架[しょか];わっ！うちの父さん、お前のと全く同じ書架を持ってるぜ。お前もIKEAで買ったの？;Ouah! Mon père a exactement la même étagère que toi. Tu l'as acheté chez IKEA ?
把[わ];わっ！ほうれん草一把で九十八円だって。;Ouah! Un bouquet d'épinards ne coûte que quatre-vingt-dix-huit yens !
称える[たたえる];ワニカニのレビューを毎日していたら、先生から勤勉だと褒め称えられた。;Je faisais mes révisions Wanikani tous les jours et le professeur m'a félicité pour ma diligence.
潜む[ひそむ];ワニカニはあなたの部屋の片隅に潜んでいるかもしれませんよ。;Le crabigator pourrait se cacher dans les coins de votre chambre.
転覆[てんぷく];ワニだらけの沼沢で私のカヌーが転覆した時は、どっと冷や汗をかきましたよ。;J'ai soudainement eu des sueurs froides lorsque mon canoë a chaviré dans un marais rempli d'alligators.
割り算[わりざん];わりざん は しょうがっこう で ならいます;La division s'apprend à l'école primaire.
慣習[かんしゅう];われわれ 我々は ちほう 地方の かんしゅう 慣習を そんちょう 尊重しなくてはならない。;Nous devons respecter les coutumes locales.
達人[たつじん];一つのことに全てをかけないと、真の達人にはなれないぞ。;Si vous ne mettez pas tous vos œufs dans le même panier, vous ne serez pas un vrai maître.
草地[くさち];一とうの牛が草地をのんびり歩いていました。;Il y avait une vache qui se promenait tranquillement dans le pré.
募金[ぼきん];一万円札を崩してもらうことはできますか？もしそれができるなら、千円札を募金します。;Pourriez-vous casser un billet de dix mille yens ? Si vous le pouvez, je donnerai mille yens à votre collecte de fonds.
一人暮らし[ひとりぐらし];一人暮[ひとりぐ]らしは 楽[たの]しいが、 時々[ときどき] 寂[さび]しくなる。;Vivre seul est plaisant, mais parfois on se sent seul.
一億円[いちおくえん];一億円とか大きな注文は入ってないけど、コンスタントに注文はあるよ。;Nous ne recevons pas de grosses commandes de l'ordre de cent millions de yens, mais nous recevons des commandes régulières.
一巻[いっかん];一巻では、全ての引用に脚注がつけられ出典が記されています。;Dans le premier volume, toutes les sources sont citées dans les notes de bas de page.
全裸[ぜんら];一度しかない人生だろ！なぁ！一緒に全裸でスカイダイビングしに行こうぜ。すんげぇいい経験になると思うんだよね。;On ne vit qu'une fois! Allez. Tu devrais faire du parachutisme nu avec moi. Ce serait une belle expérience pour nous.
一戸建て[いっこだて];一戸建[いっこだ]より 共同住宅[きょうどうじゅうたく]に 住[す]む 世帯[せたい]の 増加率[ぞうかりつ]の 方[ほう]が 高[たか]い。;L'augmentation du taux des ménages est plus élevé dans les  appartements que dans les maisons individuelles.
一抹[いちまつ];一抹の不安が胸をよぎった。;Pendant un moment, je me suis senti un peu anxieux.
斗[と];一斗のお米が入った袋は置いてますか？;Vous avez un sac de 18 litres de riz ?
一斤[いっきん];一斤のパンは6枚切りか8枚切りで売られていることが多い。;Les miches de pain sont souvent vendues en tranches de six ou huit.
摂取[せっしゅ];一日の摂取カロリーを計算してみました。;J'ai calculé mon apport calorique pour une journée.
一昨昨日[いっさくさくじつ];一昨昨日[さきおととい]、 高校[こうこう]のクラス 会[かい]があった。;Nous avons eu une réunion de lycée il y a trois jours.
複写[ふくしゃ];一枚目はお手元にお持ちください。私達は複写の方を頂きますね。;Vous pouvez garder l'original, mais nous prendrons une copie.
粘り[ねばり];一生懸命粘り強く努力すればいつかは報われると思っていましたが、それは間違いでした。;Je croyais que le travail acharné et les efforts persistants porteraient leurs fruits un jour, mais c'était faux.
定食[ていしょく];一番[いちばん] 安[やす]い 定食[ていしょく]の 物価[ぶっか]はいくらですか;Quel est le prix du menu le moins cher ?
気泡[きほう];一番最初にしなくちゃいけないことが、陶芸用の粘土から気泡を取り除くことです。;La première chose que nous devons faire est d'éliminer les bulles d'air de l'argile de poterie.
満潮[まんちょう];一番釣りに適しているのは満潮時でしょうか？;La marée haute est-elle le meilleur moment pour aller pêcher ?
一緒に[いっしょに];一緒[いっしょ]に 帰[かえ]りましょう。;Rentrons chez nous ensemble.
猟犬[りょうけん];一般的に猟犬はよく吠えると言われています。;On dit que les chiens de chasse aboient généralement beaucoup.
羅列[られつ];一見すると意味不明な文字の羅列のように見える。;À première vue, cela ressemble à une liste aléatoire de mots.
車輪[しゃりん];一輪車[いちりんしゃ]は 車輪[しゃりん]がひとつしかありません。;Un monocycle n'a qu'une seule roue.
一遍[いっぺん];一遍だけでいいから、キャビアを食べてみたかったの。;Je voulais manger du caviar mais une fois a suffi.
炭素[たんそ];一酸化炭素と二酸化炭素の違いは何ですか？;Quelle est la différence entre le monoxyde de carbone et le dioxyde de carbone ?
向日葵[ひまわり];一面[いちめん]の 黄色[きいろ]は、どう 繁茂[はんも]したのか 見当[けんとう]もつかないヒマワリの 群れ[む]だ。;Le paysage paré de jaune, une quantité démesurée de tournesols à perte de vue.
一周忌[いっしゅうき];七月には、妻の父の一周忌の法事があります。;En juillet, nous organisons la cérémonie du premier anniversaire de la mort du père de ma femme.
を逃れる[をのがれる];万が一ゾンビが実際に現れた場合を想定して、どうやってゾンビから逃れるのかを考えているんです。;Je réfléchis à la façon d'échapper aux zombies s'ils se présentent réellement.
酷似[こくじ];三冊の本は、どれも内容が酷似している。;Tout le contenu des trois volumes du livre se ressemble.
浄水[じょうすい];三十万円の浄水器を売りつけられそうになりました。;J'ai failli me faire vendre un filtre à eau de trois cent mille yens.
果てる[はてる];三日もねてないから、つかれ果てたよ。;Je n'ai pas dormi depuis trois jours et je suis épuisé.
聡明[そうめい];三村崇は非常に聡明な少年だった。;Takashi Mimura était un garçon très sage.
貿易会社[ぼうえきがいしゃ];三百人以上の人がその貿易会社の職に応募したが、誰も採用されなかったそうだよ。;Plus de 300 personnes ont postulé pour le poste dans la société commerciale, mais il semble qu'aucune d'entre elles n'ait été embauchée.
指示[しじ];上司[じょうし]に 指示[しじ]されたことを 忘[わす]れてしまった。;J'ai oublié les instructions que j'ai reçues de mon patron.
辞職[じしょく];上司にはっきりと「あなたの代わりはいくらでもいる」と言われたので、その会社を辞職しました。;Mon patron m'a dit catégoriquement que j'étais jetable, alors j'ai quitté l'entreprise.
不快[ふかい];上司の不快なジョークに笑いたくもないのに笑っている自分が嫌いです。;Je ne veux pas rire des plaisanteries désagréables de mon patron et je me déteste quand je le fais.
繊細な[せんさいな];上品で繊細な味の日本食が好きです。;J'aime les saveurs élégantes et subtiles de la cuisine japonaise.
上巻[じょうかん];上巻の終わりは、すごく続きが気になる感じで終わった。;La fin du premier tome était un véritable suspense.
下巻[げかん];上巻を買ったつもりが下巻を買ってしまっていた。;Je pensais avoir acheté le premier tome, mais c'était en fait le dernier tome.
事変[じへん];上海事変は何年に起こりましたか。;En quelle année l'incident de Shanghai s'est-il produit ?
上述[じょうじゅつ];上述のように、雇用者、従業員のどちらも、いついかなる理由においても契約を終了することができる。;Comme indiqué ci-dessus, les employés et les employeurs peuvent résilier un contrat de travail à tout moment pour n'importe quelle raison.
主因[しゅいん];下りの主因はおそらくさっき食べたソフトクリームです。;La principale cause de ma diarrhée est probablement la crème molle que j'ai mangée tout à l'heure.
裕福な[ゆうふくな];不けい気を尻目に、コウイチはどんどん裕福になっていった。;Comme si la dépression était le problème de quelqu'un d'autre, Koichi est devenu de plus en plus riche.
均衡[きんこう];不倫でバランスをとって、なんとか心の均衡を保っているんです。;J'ai une liaison pour garder mon équilibre et mon calme.
恐喝[きょうかつ];不倫をダシにヤクザに恐喝されています。;Le yakuza utilise mon adultère pour me faire chanter.
不健康[ふけんこう];不健康な野球選手についてのテレビ番組は、全国放送される予定ですよ。;L'émission télévisée sur les joueurs de baseball en mauvaise santé sera diffusée dans tout le pays.
紛らす[まぎらす];不快な気分を紛らすために、裁縫針で耳にピアスの穴を開けました。;J'ai percé mon oreille avec une aiguille à coudre pour me distraire de mes sentiments désagréables.
処遇[しょぐう];不正を行った社員の処遇を考えなくてはいけません。;Vous devez penser au traitement des employés de l'entreprise qui commettent une fraude.
不治[ふじ];不治のがんで、よ命三ヶ月だとせん告されました。;On m'a diagnostiqué un cancer incurable et on m'a donné trois mois à vivre.
不燃ゴミ[ふねんゴミ];不燃ゴミは火曜日に出してください。;Merci de sortir les poubelles non incinérables mardi.
不透明[ふとうめい];不透明な窓がある女子の更衣室です。;Le vestiaire des filles a des fenêtres opaques.
願望[がんぼう];世界が平和であってほしいと強く願望しています。;Je souhaite si fort la paix dans le monde.
伝染病[でんせんびょう];世界で一番危険な伝染病は何ですか。;Quelle est la maladie infectieuse la plus dangereuse au monde ?
偉人[いじん];世界の偉人たちの名言を集めました。;J'ai recueilli des paroles sages de grands hommes du monde.
絶景[ぜっけい];世界の息を飲むような絶景をたくさん紹介している有名なFacebookページがあります。;Il y a une célèbre page facebook qui présente de nombreuses vues époustouflantes du monde entier.
温暖化[おんだんか];世界中[せかいじゅう]で、 温暖化[おんだんか]が 進[すす]んでいるようだ。;Il semble que le réchauffement climatique continue dans le monde entier.
祈念[きねん];世界中の全ての人が、祈念しています。;Tous les peuples du monde prient.
巡礼[じゅんれい];世界中の聖地を巡礼しようと決心しました。;J'ai décidé d'aller en pèlerinage dans des lieux sacrés du monde entier.
株式市場[かぶしきしじょう];世界的な景気の減速は、私たちの株式市場にも影響を及ぼした。;Le ralentissement mondial a également considérablement affecté notre marché boursier.
両[りょう];両[りょう] 地域[ちいき]は 宗教[しゅうきょう]と 文化[ぶんか]が 違[ちが]っている。;Les deux régions diffèrent en termes de religion et de culture.
応酬[おうしゅう];両チームのファンからやじの応酬が続いた。;Les fans des deux équipes ont continué à échanger des moqueries.
両日[りょうじつ];両日とも、会ぎが入っています。;Je serai en réunion les deux jours.
両腕[りょううで];両腕に注射の跡がたくさんあります。;Il y a beaucoup de traces de traces sur mes deux bras.
紹介[しょうかい];両親に彼女を紹介した。;J'ai présenté ma petite amie à mes parents.
困窮[こんきゅう];両親は生活に困窮していましたが、私にも彼らを助ける余裕はありませんでした。;Mes parents vivaient dans la pauvreté mais je n'avais pas d'argent pour les aider.
手堅い[てがたい];中々手堅い仕事みたいだから、葬儀屋になるための勉強をしようかなって思ってるんだよね。;Je pense apprendre à devenir entrepreneur de pompes funèbres car cela ressemble à un travail assez sûr.
中佐[ちゅうさ];中佐は、日本への移住に反対することを決めた。;Le lieutenant-colonel a décidé de ne pas immigrer au Japon.
旧暦[きゅうれき];中国[ちゅうごく]では、 旧暦[きゅうれき]にしたがって 正月[しょうがつ]を 祝[いわ]う。;En Chine, ils célèbrent le nouvel an par le calendrier lunaire.
葬儀[そうぎ];中村は、葬儀に一人で行くと言って聞かなかった。;Nakamura a insisté pour se rendre seul aux funérailles.
中欧[ちゅうおう];中欧を旅してみたいなと随分長い間思っていたんですよ。;Je voulais voyager en Europe centrale depuis très longtemps.
中華の[ちゅうかの];中華料理が食べたい気分だ。今夜一緒に中華食べに行かないか？;Je suis d'humeur chinoise. Tu veux sortir manger chinois avec moi ce soir ?
ご覧下さい[ごらんください];丹精[たんせい]をこめてつくったこの 美[うつく]しい 織物[おりもの]をごらんください。;Jetez un oeil à cette belle broderie réalisée avec beaucoup d'effort.
逃す[のがす];主人がクシャミをしたので、シャッターチャンスを逃してしまいました。;J'ai raté le coup parfait quand mon mari a éternué.
宮[みや];主人は宮仕えでとても忙しくしており、私は四週間も顔も見ていません。;Mon mari est tellement occupé par le service de la cour impériale que je ne l'ai pas vu depuis quatre semaines.
部下[ぶか];主任[しゅにん]は 部下[ぶか]を 意[い]のままに 支配[しはい]している。;Le patron contrôle ses hommes selon son bon vouloir.
悪夢[あくむ];主役が急病になったんだけど、代役が見つからなくてね。まさに悪夢だったよ。;L'acteur principal est tombé malade tout d'un coup et nous n'avons pas trouvé d'autre acteur pour le remplacer. C'était un tel cauchemar.
贈呈[ぞうてい];主役を演じた友人に花束を贈呈しました。;J'ai offert des fleurs à un ami qui jouait le rôle principal.
返り咲き[かえりざき];九回裏から逆転ホームランで見事返り咲いた。;Ce fut un magnifique retour en fin de neuvième après un coup de circuit par derrière.
哺育[ほいく];乳児哺育の方法は大きく変化しています。;La méthode d'allaitement des nourrissons évolue considérablement.
予定表[よていひょう];予定表[よていひょう]を 見[み]ましょう。;Vérifions l'emploi du temps.
装う[よそおう];予想していた昇進が無かったが、彼は平気を装って昇進した社員たちにおめでとうと言った。;Bien qu'il n'ait pas obtenu la promotion qu'il attendait, il a fait bonne figure et a félicité les personnes qui l'ont obtenue.
予測[よそく];予測を誤ってしまった。;J'ai fait une mauvaise prédiction.
予算[よさん];予算が減らされた。;Le budget a été réduit.
核実験[かくじっけん];予算の都合上、核実験への臨時スタッフの採用は増やせない。;Sur le plan budgétaire, nous ne sommes pas en mesure d'augmenter notre personnel temporaire pour les essais nucléaires.
脊髄[せきずい];事故で脊髄に傷がついてしまったのです。;Ma moelle épinière a été endommagée dans l'accident.
無事[ぶじ];事故に遭った人の無事が確認された。;Il a été confirmé que la personne impliquée dans l'accident est saine et sauve.
牧野[ぼくや];二、三年くらいしたら、父親が死んで、俺は父さんの牧野を相続する事になると思うよ。;Dans quelques années mon père mourra et j'hériterai de sa course
交わる[まじわる];二[ふた]つの 国道[こくどう]はここで 交[まじ]わります。;Les deux routes nationales se croisent ici.
沁み沁み[しみじみ];二人[ふたり]でしみじみと 語り合[かたりあ]った;Les deux parlaient affectueusement.
小声[こごえ];二人とも、どうして小声ではなしているの？;Pourquoi chuchotent-ils tous les deux ?
恭しい[うやうやしい];二人は神前で恭しく頭を下げた。;Le couple s'inclina respectueusement devant l'autel.
隙間[すきま];二台の自販機の隙間に、小銭が2-3枚落ちているのを見つけました。;J'ai trouvé quelques pièces dans l'espace entre deux distributeurs automatiques.
徐々[じょじょ];二学期に入って、徐々に成績が上がり始めました。;Le deuxième semestre est arrivé et ma note a lentement commencé à augmenter.
二巻[にかん];二巻では、引用の出典に関する別表が作成されました。;Ils ont fait une annexe pour toutes les sources citées dans le deuxième volume.
二斤[にきん];二斤買えば100円もお得です。;Si vous achetez deux miches de pain, ce sera 100 yens moins cher.
気持ち悪い[きもちわるい];二日よいで、頭はガンガンするし、めっちゃ気持ち悪いし、最悪だよ。;J'ai la gueule de bois, j'ai mal à la tête et je me sens très mal. C'est horrible.
二日酔い[ふつかよい];二日酔いだし、足もつるし今日は最悪だよ。;J'ai la gueule de bois et j'ai aussi une crampe à la jambe. Aujourd'hui, c'est le pire.
両翼[りょうよく];二遊間、外野の両翼のポジションはまだ空いています。;Une balle a été frappée entre le joueur de deuxième but et l'arrêt-court, et les deux positions de champ extérieur sont toujours vacantes.
五感[ごかん];五感のうちどれか一つを失ってしまうとしたら、どれを選びますか？また、その理由も教えてください。;Si vous deviez perdre l'un de vos cinq sens, lequel abandonneriez-vous et pourquoi ?
抽出[ちゅうしゅつ];五時までに抽出データを整理してもらうことはできますか。;Pourriez-vous trier les données extraites avant 17 heures ?
亡霊[ぼうれい];亡霊はめげずに、人々を怖がらせ続けました。;Le fantôme a continué à effrayer les gens sans se déprimer.
脊椎[せきつい];交通事故で脊椎を損傷し、下半身不随になったのです。;Ma colonne vertébrale a été endommagée dans l'accident de la circulation et la moitié inférieure de mon corps est devenue paralysée.
宿泊[しゅくはく];交通費と宿泊代で、５万円くらいかかる。;Il en coûtera environ 50 000 yens pour le transport et l'hébergement.
干潟[ひがた];交際一ヶ月記念の日に、干潟に潮干狩りに行ってきたの。;Nous sommes allés dans un plat de marée pour aller pêcher des coques pour le premier mois de notre amitié.
真髄[しんずい];京料理の真髄はハモ料理だと思います。;Je pense que l'essence de la cuisine de Kyoto réside dans les plats d'anguille.
祈る[いのる];人々[ひとびと]が 平和[へいわ]を 神[かみ]に 祈[いの]る。;Beaucoup de gens prient les dieux pour la paix.
憶測[おくそく];人々は、その試合は八百長だったのではないかと憶測している。;Les gens spéculent que le match a peut-être été truqué.
帝[みかど];人々は、帝がお出でになるということで、国旗を掲げました。;Les gens ont accroché le drapeau national pour la visite de l'empereur japonais.
迷惑[めいわく];人[ひと]に 迷惑[めいわく]をかけてはいけません。;Vous ne devriez pas déranger les autres personnes.
騙す[だます];人[ひと]をだましてはいけません。|ひと を だまして は いけません;Ne pas tromper les gens.
快感[かいかん];人に恥をかかせることで快感を味合うような人にはなってもらいたくないわ。;Je ne veux pas que tu sois une personne qui tire du plaisir d'humilier les gens.
遮る[さえぎる];人の話を遮るのは失礼です。;C'est impoli d'interrompre quelqu'un.
勧告[かんこく];人事部に辞職勧告を受けた後もなお仕事を続けていたら、窓際族に追いやられてしまいました。;Après avoir reçu un avis de démission du service du personnel et que je n'ai toujours pas quitté mon emploi, j'ai été transféré à un poste inutile.
急患[きゅうかん];人員不足でごった返しになっていた病院が急患の受け入れを断ったせいで、男性が死亡したそうなんだけど、でもそれって病院だけのせいじゃないよね。;L'hôpital en sous-effectif et surpeuplé a refusé de traiter le patient d'urgence et il est décédé, mais ce n'est pas entièrement la faute de l'hôpital.
人殺し[ひとごろし];人殺しをしたら、刑務所に行かなければなりません。;Si vous commettez un meurtre, vous devez aller en prison.
汚点[おてん];人生の汚点は日本語では黒歴史とも呼ばれる。;Une disgrâce dans la vie est aussi appelée histoire sombre en japonais.
人脈[じんみゃく];人脈作りは、ビジネスに関わる殆ど全ての人にとってとても重要なスキルですが、事業家にとっては殊更です。;Le réseautage est une compétence très importante pour la plupart des gens d'affaires, mais c'est particulièrement vrai pour les entrepreneurs.
元凶[げんきょう];人類の半分を一掃した凶悪なウィルスの元凶は、ウォッカのつまった西瓜だった。;La source du terrible virus qui a anéanti la moitié de l'humanité était une pastèque remplie de vodka.
平静[へいせい];人類は自らぜつめつをまねくかもしれないと聞いて、平静ではいられなかった。;Après avoir entendu dire que la race humaine pouvait provoquer sa propre extinction, je n'ai pas pu rester calme.
検討[けんとう];今、家を買うか検討中です。;J'envisage actuellement d'acheter une maison.
生殖[せいしょく];今、生殖器が二つある女の子と付き合ってるんだよ。;Je sors avec une fille qui a deux organes reproducteurs.
蔵[くら];今、蔵の掃除をしているんです。;Nous nettoyons notre entrepôt maintenant.
焼く[やく];今[いま]、 魚[さかな]を 焼[や]いています。;En ce moment, je grille du poisson.
叔父さん[おじさん];今[いま]そこで 隣[となり]のおじさんに 会[あ]ったよ。;Je viens de rencontrer là-bas le vieil homme d'à côté.
無職[むしょく];今[いま]は 無職[むしょく]だが、 来月[らいげつ]から 働[はたら]く。;Je suis au chômage maintenant, mais je travaillerai à partir du mois prochain.
慣れ親しむ[なれしたしむ];今[いま]まで 慣れ親[なれした]しんできた 生活[せいかつ] 習慣[しゅうかん]を 捨[す]てる と言[とい]うのは、 本当[ほんとう]に 大変[たいへん]なことだ。;Il est vraiment difficile de modifier ses habitudes de tous les jours.
琴[こと];今けちって安い琴を買っても、どうせ後から質のいい方が欲しくなるんだから。;Si vous êtes avare maintenant et que vous achetez un koto bon marché, vous finirez probablement par en vouloir un meilleur plus tard.
潮時[しおどき];今こそタバコをやめる潮時だ。今すぐニコチンパッチを買いに行くんだ。;Il est grand temps que vous arrêtiez de fumer. Allez chercher des patchs à la nicotine tout de suite.
町民[ちょうみん];今すぐ町民をひなんさせるべきです！;Les citadins devraient trouver un abri dès maintenant !
顔文字[かおもじ];今の気持ちを顔文字で表してください。;Veuillez exprimer vos sentiments actuels avec kaomoji.
分析[ぶんせき];今の経済の動きを分析しています。;J’analyse les mouvements de l’économie actuelle.
魔[ま];今は「魔の二歳児」ですからねー。;C'est le terrible deux maintenant, vous savez.
シアトル市[シアトルし];今はシアトル市にすんでいます。;Je vis à Seattle maintenant.
横綱[よこづな];今は単なる凡人のように見えるかもしれないけど、こう見えてもかつては横綱だったんだよ。;J'ai peut-être l'air d'un homme ordinaire maintenant, mais j'étais un grand champion de sumo.
精一杯[せいいっぱい];今は古い写真を捨てることが私にできる精一杯です。;Se débarrasser des vieilles photos est le mieux que je puisse faire pour le moment.
孤島[ことう];今は孤島を舞台とした小説を書いています。;J'écris un roman qui se déroule sur une île solitaire.
噴き出す[ふきだす];今までためていた怒りが一気に噴き出した。;La colère qui s'était accumulée éclata aussitôt.
連覇[れんぱ];今までに甲子園を三連覇した高校はありますか？;a-t-il déjà eu un lycée qui a remporté trois victoires successives à Kochien ?
架設[かせつ];今まで一度も橋梁を架設したことがありません。;Je n'ai jamais construit de pont auparavant.
通販[つうはん];今まで通販で買い物したことないけど、ちょっとやってみるよ。;Je n'ai jamais rien acheté par correspondance auparavant, mais je vais essayer.
日没[にちぼつ];今出発すれば、日没までには着けると思います。;Si je pars maintenant, je pense pouvoir arriver au coucher du soleil.
栄光[えいこう];今回、勝利の栄光にかがやいたのは、トーフグチームです！;L'équipe qui a remporté une glorieuse victoire cette fois est l'équipe Tofugu !
楽勝[らくしょう];今回のテストは、楽勝だったね。;Ce test était un jeu d'enfant.
自薦[じせん];今回のモデルへの応募について、自薦・他薦は問いません。;Nous acceptons à la fois les recommandations personnelles et les candidatures directes pour ce poste de mannequin.
舞踏会[ぶとうかい];今回の舞踏会には、前回よりも明るい色のドレスを着て行くつもりです。;Pour cette danse, je pense porter une robe de couleur plus vive que la dernière fois.
星[ほし];今夜[こんや]は 星[ほし]がよく 見[み]えます。;Vous pouvez bien voir les étoiles ce soir.
不穏な[ふおんな];今夜の三日月は、何だか不穏な感じがするわ。;Le croissant de lune de ce soir me semble un peu inquiétant.
駐日[ちゅうにち];今夜は駐日アメリカ大使主催のパーティーに行かなくちゃいけないんです。;Je dois aller à une fête ce soir organisée par l'ambassadeur américain au Japon.
酷暑[こくしょ];今年の夏は、酷暑が続きました。;Cet été, la chaleur intense a continué.
奉仕[ほうし];今年の夏休みは、老人ホームで奉仕活動をしました。;Ces vacances d'été, j'ai fait du bénévolat dans une maison de retraite.
年次[ねんじ];今年の年次けいかくを立てましょう。;Décidons du projet annuel de cette année.
避妊[ひにん];今年の新年の抱負の一つは、ちゃんと避妊をすること、です。;Une de mes résolutions du Nouvel An est d'utiliser correctement la contraception.
梅雨[ばいう];今年は、梅雨入りが早かったね。;La saison des pluies a commencé tôt cette année, n'est-ce pas ?
刷る[する];今年は年賀状何枚刷ればいいかなあ？;Combien de cartes du Nouvel An devrions-nous imprimer cette année ?
回忌[かいき];今年は祖父の三回忌です。;Aujourd'hui, c'est le deuxième anniversaire de la mort de mon grand-père.
据える[すえる];今度、この機械を工場に据えようと思っているんだ。;Je pense que je vais faire réparer la machine par l'usine cette fois.
赴任[ふにん];今度、中国に赴任することになりました。;J'ai décidé de déménager en Chine maintenant.
休暇[きゅうか];今度[こんど]の 休暇[きゅうか]にフィリピンに 行[い]きます。;Je vais aux Philippines pour mes prochaines vacances.
連休[れんきゅう];今度[こんど]の 連休[れんきゅう]は 実家[じっか]に 帰[かえ]ります。;I'll go back to my parents' house for the next consecutive holidays.
免状[めんじょう];今度お会いする際に免状をお渡ししますね。;Je te remettrai le diplôme la prochaine fois qu'on se verra.
盗賊[とうぞく];今度こそ盗賊の隠れ家を突き止めてやる。;Je trouverai la cachette du voleur cette fois.
串[くし];今度のBBQには100本くらい串が必要です。;Il nous faut une centaine de brochettes pour le BBQ qui s'en vient.
提案[ていあん];今度のイベントについて、彼がいい提案をした。;Il a fait une bonne suggestion pour un événement à venir.
悩む[なやむ];今度の夏休み、どこに行くか悩むなあ。;Pour les prochaines vacances d’été, j’hésite sur l’endroit où aller.
搭載[とうさい];今度の機種には、どんな新機能が搭載されるんでしょうか。;Quels types de fonctionnalités sont intégrés à ce modèle ?
今後[こんご];今後[こんご]ともよろしくお 願[ねが]いします。;Je suis impatient de travailler avec vous dans le futur.
忠誠[ちゅうせい];今振り返ってみると、ハチ公は絶対的な忠誠心を持ったいい犬だったよな。;Avec le recul, Hachiko était un chien qui avait une loyauté absolue.
読み違い[よみちがい];今日、超恥ずかしい読み違いをしてしまった。;J'ai fait l'erreur de lecture la plus embarrassante aujourd'hui.
記者会見[きしゃかいけん];今日[きょう] 遅[おそ]くに 大統領[だいとうりょう]は 記者会見[きしゃかいけん]を 開[ひら]く。;Le président tiendra une conférence de presse plus tard aujourd'hui.
申し込み[もうしこみ];今日[きょう]、スポーツジムの 申[もう]し 込[こ]みをしました。;Je me suis inscrit à une salle de sport aujourd'hui.
最後[さいご];今日[きょう]が 夏[なつ]休[やす]み 最後[さいご]の 日[ひ]だ。;Aujourd'hui est le dernier jour des vacances d'été.
予定[よてい];今日[きょう]の 予定[よてい]を 教[おし]えてください。;Veuillez me dire votre emploi du temps de ce jour.
気温[きおん];今日[きょう]の 気温[きおん]は２６ 度[ど]です。;La température d'aujourd'hui est de 26 degrés.
波[なみ];今日[きょう]の 海[うみ]は 波[なみ]が 高[たか]いです。;Les vagues de la mer sont hautes aujourd'hui.
曇り[くもり];今日[きょう]は 一[いち] 日[にち] 曇[くも]りでした。;C'était nuageux toute la journée.
割り勘[わりかん];今日[きょう]は 割り勘[わりかん]にしよう。;Partageons la facture aujourd'hui.
早退[そうたい];今日[きょう]は 学校[がっこう]を 早退[そうたい]してもいいでしょうか。;Puis-je quitter l'école plus tôt aujourd'hui?
授業[じゅぎょう];今日[きょう]は 日本語[にほんご]の 授業[じゅぎょう]があります。;Aujourd'hui, il y a un cour de Japonais.
洋服[ようふく];今日[きょう]は 洋服[ようふく]を 買[か]いに 行[い]きます。;Je vais acheter des vêtements occidentaux aujourd'hui.
文法[ぶんぽう];今日[きょう]は 英語[えいご]の 文法[ぶんぽう]を 勉強[べんきょう]します。;Je vais étudier la grammaire anglaise aujourd'hui.
雲[くも];今日[きょう]は 雲[くも]が 多[おお]い;Il y a beaucoup de nuages ​​aujourd'hui.
強い[つよい];今日[きょう]は 風[かぜ]が 強[つよ]い。;Il y a un vent fort aujourd'hui.
泊まる[とまる];今日[きょう]はこのホテルに 泊[と]まります。;Aujourd'hui, je vais loger dans cet hôtel.
歌謡[かよう];今日のカラオケは、昭和歌謡縛りにしよう。;Relions le karaoké d'aujourd'hui avec une chanson nô de l'ère Showa.
折り紙[おりがみ];今日のコウイチの弁当箱の中には、なぜか食べ物の代わりに折り紙が入っていました。;Aujourd'hui, dans la boîte à bento de Koichi, il y avait de l'origami à la place de la nourriture.
可分[かぶん];今日のトーフグポッドキャストのテーマは、生と死の不可分性です。;Le thème du podcast Tofugu d'aujourd'hui est l'inséparabilité de la vie et de la mort.
聴力[ちょうりょく];今日の午後に、盲目の人の聴力に関するレポートを提出するつもりです。;Je vais remettre mon rapport sur les capacités auditives des aveugles cet après-midi.
お盆[おぼん];今日の宿題は、英語で「お盆」の説明を考えてくる事です。;Le devoir d'aujourd'hui est de faire une explication de ce qu'est Obon en anglais.
形容動詞[けいようどうし];今日の授業は形容動詞でした。;Le cours d'aujourd'hui était sur na adjectifs.
摂氏[せっし];今日の最高気温は、摂氏二十五度です。;La température la plus élevée d'aujourd'hui était de vingt-cinq degrés Celsius.
連峰[れんぽう];今日の連峰はよく晴れていて見晴らしがいいです。;La chaîne de montagnes d'aujourd'hui s'est bien dégagée et la vue est superbe.
軌跡[きせき];今日は、昨年の英語学習の軌跡を辿っています。;Aujourd'hui, je vais sur le chemin que j'ai pris pour apprendre l'anglais l'année dernière.
鉛[なまり];今日はすごくやる気が無くて、体が鉛のように重く感じる。;Je suis tellement démotivé aujourd'hui, mon corps est aussi lourd que du plomb.
聖日[せいじつ];今日はユダヤ教の聖日にあたります。;Aujourd'hui est un jour saint juif.
書斎[しょさい];今日は一日中書斎で重要書類を探していたんですが、まだ見つからないんですよ。;J'ai cherché un document important dans mon bureau toute la journée aujourd'hui, mais je ne l'ai pas encore trouvé.
船員[せんいん];今日は夕方に船員さんがおむかえに来てくれるからね。;Un marin viendra vous chercher ce soir, d'accord ?
丘陵[きゅうりょう];今日は天気が良かったので、矢田丘陵を歩きました。;Il faisait beau aujourd'hui alors j'ai parcouru les collines de Yata.
苗床[なえどこ];今日は夫と苗床を作りました。;J'ai fait une crèche avec mon mari aujourd'hui.
統帥[とうすい];今日は学校で、天皇の統帥権について学びました。;Aujourd'hui, à l'école, nous avons appris l'autorité de commandement suprême de l'empereur du Japon.
本塁打[ほんるいだ];今日は彼の二百本目の本塁打を見るのが楽しみでしょうがないよ。;Je suis ravi de voir son 200e home run aujourd'hui.
封建主義[ほうけんしゅぎ];今日は歴史の授業で封建主義について学びました。;Aujourd'hui, nous avons appris le féodalisme en cours d'histoire.
珠算[しゅざん];今日は珠算を勉強するって気分じゃないんだよね。;Je n'ai pas envie d'étudier des calculs sur un boulier aujourd'hui.
自愛[じあい];今日は自愛デーにすることに自分で決めたので、一日中自愛しまくっちゃいます。;J'ai décidé tout seul qu'aujourd'hui est le jour de l'amour de soi, donc je vais me gâter toute la journée.
隅々[すみずみ];今日は部屋を隅々まで掃除しました。;Aujourd'hui, j'ai nettoyé tous les coins et recoins de ma chambre.
一匹[いっぴき];今日は魚が 一[いっ]匹[ぴき]も釣れませんでした。;Je n'ai pas pu attraper un seul poisson aujourd'hui.
瀬戸[せと];今日市場ですごくいい瀬戸物を見つけたんだよ。;J'ai trouvé de la très belle porcelaine au marché aujourd'hui.
崎[さき];今日志賀直哉の小説『城の崎にて』を読み始めました。;"J'ai commencé à lire le roman de Naoya Shiga, ""At Cape Kinosaki"" aujourd'hui."
電柱[でんちゅう];今日車を電柱にぶつけちゃったんだよね。;J'ai foncé ma voiture dans un poteau téléphonique aujourd'hui.
迷彩[めいさい];今日迷彩柄のズボンを買いに行ったんだけど、ひとつも見つけられなかったよ。;Je suis allé acheter des pantalons de camouflage aujourd'hui, mais je n'en ai pas trouvé.
流行歌[りゅうこうか];今時は「流行りの歌」って言うよね。「流行歌」っていうとなんかしょう和の歌よう曲って感じがする。;"On dit ""pop song"" de nos jours, donc quand j'entends ""popular song"", ça me rappelle les chansons populaires de la période Showa."
今更[いまさら];今更[いまさら] 後悔[こうかい]しても、もう 遅[おそ]いよ。;Il est trop tard pour le regretter maintenant.
更衣室[こういしつ];今更衣室であの女のロッカーを探しているところよ。;Je suis dans la loge à la recherche de son casier maintenant.
残余[ざんよ];今月のさがく残余がくは現時点でいくらになっていますか？;Quel est le reste de ce mois à ce jour ?
自爆[じばく];今月末までに、自爆テロを実行しなくてはなりません。;Je dois commettre un attentat suicide d'ici la fin de ce mois.
律動[りつどう];今朝、たくさんの兎が庭で律動的に飛び跳ねているのを見ました。;Ce matin, j'ai vu beaucoup de lapins sauter en rythme dans mon jardin.
投げ捨てる[なげすてる];今朝、六時に目覚ましがなった時に、その時計を投げ捨ててしまいました。;J'ai jeté mon réveil quand il a sonné à six heures ce matin.
痴漢[ちかん];今朝、痴漢を逮捕しました。;L'agresseur a été arrêté ce matin.
崩壊[ほうかい];今朝の俺のクソが大き過ぎて、トイレの床が崩壊したんだ。;Mon caca était si gros ce matin que le sol de la salle de bain s'est effondré.
雷雨[らいう];今朝の強烈な雷雨で停電になったので、今はインターネットが使えません。;L'orage violent de ce matin a provoqué une panne de courant, je ne peux donc pas utiliser Internet pour le moment.
高炉[こうろ];今朝の朝刊で、その鉄鋼会社は世界一大きな高炉の建設を計画していると読んだよ。;J'ai lu dans le journal ce matin que l'entreprise sidérurgique envisageait de construire le plus grand haut fourneau du monde.
碁会所[ごかいしょ];今朝俺たちの碁会所を覗き見していた男を取っ捕まえてやったよ。;Je l'ai surpris en train de jeter un coup d'œil dans notre salon de go ce matin.
否決[ひけつ];今朝新聞で上院は議案を否決したって読んだよ。;J'ai lu que le sénat a rejeté le projet de loi dans le journal ce matin.
酵素[こうそ];今若い女の子の間では、酵素ダイエットが流行っています。;Les régimes enzymatiques sont populaires chez les jeunes femmes en ce moment.
超[ちょう];今超貧乏でさ～。砂糖も切らしてるんだけど、それすら新しいの買えないんだわ。;Je suis super fauché en ce moment. Je n'ai plus de sucre et je ne peux même pas en acheter plus.
喪失[そうしつ];介護施設に、どうやら記憶喪失らしいお婆さんがいるんだけど、その人がすっごく面白いのよ。;Dans la maison de retraite, il y a une vieille femme qui semble avoir perdu la mémoire, mais elle est vraiment drôle.
仏壇[ぶつだん];仏壇の前でうつ伏せになって寝転がっていると、母がやって来てそれは失礼なことだと怒られました。;Quand j'étais allongé sur le ventre devant l'autel bouddhiste, ma mère est venue et m'a dit que c'était impoli.
連絡[れんらく];仕事[しごと]が 終[お]わったら 連絡[れんらく]します。;Quand mon travail sera fini, je vous contacterai.
返信[へんしん];仕事[しごと]のメールは、できるだけ 早[はや]く 返信[へんしん]しよう。;Répondons aux e-mails professionnels le plus rapidement possible.
とんでも無い[とんでもない];仕事中に帰るなんてとんでもない。;Je ne supporte pas de rentrer chez moi pendant le travail.
盗作[とうさく];他人の作品をパクったら、盗作で訴えられるかもしれないよ。;Si vous avez volé le travail de quelqu'un d'autre, vous pourriez être poursuivi pour plagiat.
嘆息[たんそく];他人よりも自分がずっと短足だと気づいた時、彼は深々と嘆息して、日本短足協会へと向かった。;Quand il s'est rendu compte que ses jambes étaient beaucoup plus courtes que celles des autres, il a poussé un profond soupir et s'est dirigé vers la Japan Short Leg Association.
仙台[せんだい];仙台に行くまでに地図を買っておきます。;J'achèterai une carte le temps que j'arrive à Sendai City.
仰々しい[ぎょうぎょうしい];仰々しい言葉遣いをする人は嫌いです。;Je déteste les gens qui utilisent des mots pompeux.
仰る[おっしゃる];仰[おっしゃ]っていることがよく 分[わ]かりません。;Je ne comprends pas bien ce que vous dites. (Respect)
逸脱[いつだつ];任務を逸脱する行為は慎み給え。;Veuillez vous abstenir de tâches qui s'écartent de la mission.
伊勢[いせ];伊勢神宮には、一度行ってみた方がいいよ。;Vous devriez aller voir le sanctuaire d'Ise une fois.
伊豆[いず];伊豆は静岡県でとても美しい場所です。;Izu est un très bel endroit dans la préfecture de Shizuoka.
伏兵[ふくへい];伏兵に襲われたんだ。;Ils ont été attaqués par une embuscade.
伏線[ふくせん];伏線の張り方がすごい。;Cette méthode de préfiguration est étonnante.
出席者[しゅっせきしゃ];会[かい]の 出席者[しゅっせきしゃ]は 多[おお]かった。;La réunion a été bien suivie.
豪華[ごうか];会場[かいじょう]に 豪華[ごうか]な 花[はな]が 飾[かざ]ってあった;De magnifiques fleurs ont été exposées dans le hall.
財布[さいふ];会社[かいしゃ]に 財布[さいふ]を 忘[わす]れた。;J'ai oublié mon portefeuille à l'entreprise. 
裏[うら];会社[かいしゃ]の 裏[うら]に 公園[こうえん]があります。;Il y a un parc de l'autre côté de l'entreprise.
壊れる[こわれる];会社[かいしゃ]のパソコンが 壊[こわ]れた。;Le PC de la société est tombé en panne.
減俸[げんぽう];会社から、三割の減俸を言い渡されました。;Une réduction de salaire de trente pour cent a été annoncée par l'entreprise.
剰余金[じょうよきん];会社の利益剰余金を資本金に振替えるつもりです。;Nous avons l'intention de transférer le surplus gagné de l'entreprise en capital.
憂鬱[ゆううつ];会社へ出勤するのが憂鬱です。;Travailler dans une entreprise est déprimant.
次週[じしゅう];会議[かいぎ]は 次週[じしゅう] 再開[さいかい]の 予定[よてい]で 散会[さんかい]した。;La séance est levée jusqu'à la semaine suivante.
焦り[あせり];会議に行かなくちゃいけなかったのに、脚がやばいくらいつって全然動けなかったので、焦りを感じましたよ。;J'avais une terrible crampe à la jambe et je ne pouvais pas du tout la bouger même si je devais aller à une réunion, alors je me sentais vraiment impatiente.
会釈[えしゃく];会釈をしたら会釈を返すのが礼儀でしょう。;Vous pourriez avoir la décence de me retourner mon clin d'œil par un clin d'œil.
伝達[でんたつ];伝えたかったことが、ちゃんと伝達されたのか心配です。;Je m'inquiète de savoir si ce que je voulais dire a été correctement transmis.
偽装[ぎそう];伯父は、自社製品の表示を偽装して逮捕され、現在は刑務所にいます。;Mon oncle a été arrêté pour avoir déguisé ses produits avec de fausses étiquettes et est actuellement en prison.
鬱気[うっき];伯父は、鬱気で家でふさぎ込んでいる。;Mon oncle est rentré chez lui, mélancolique.
暴騰[ぼうとう];住宅価格が暴騰している。;Les prix des maisons montent en flèche.
脈拍[みゃくはく];体温[たいおん] 上昇[じょうしょう]、 脈拍[みゃくはく] 上昇[じょうしょう]・・・ 酸素欠乏[さんそけつぼう] 状態[じょうたい]です。;Hausse de la température corporelle, hausse du pouls・.. il est en déficit en oxygène.
体温計[たいおんけい];体温計[たいおんけい]が 壊[こわ]れてしまった。;Le thermomètre clinique s'est cassé.
減る[へる];体重[たいじゅう]がかなり 減[へ]りました。;J'ai perdu beaucoup de poids.
杯[はい];何[なに] 杯[はい]か 飲[の]むと、その 男[おとこ]は 酔[よ]って 気持[きも]ちよくなった。;Après quelques verres, le gars se sentait ivre.
希望[きぼう];何[なに]かご 希望[きぼう]がありますか。;Y a-t-il un souhait de faire quelque chose ?
放映[ほうえい];何[なん]らかの 技術的[ぎじゅつてき] 問題[もんだい]により、 予告[よこく]された 番組[ばんぐみ]の か 代わりに 映画[えいが]が 放映[ほうえい]された。;En raison d'un problème technique, un film a été diffusé à la place du programme annoncé.
親孝行[おやこうこう];何か両親に親孝行してあげたいと思っています。;Je pense que je veux faire quelque chose pour montrer ma piété filiale envers mes parents.
皮革[ひかく];何度か洗濯したら、皮革の色があせ始めたんだけど、もしかしたら洗っちゃいけなかったのかな。;Après l'avoir lavé plusieurs fois, la couleur de ma veste en cuir a commencé à s'estomper. Maintenant, je me demande si j'étais même censé le laver.
余剰[よじょう];余剰資金で株を買いました。;J'ai acheté des actions avec des fonds excédentaires.
升[る];作文の書き出しは、一升開けて下さい。;Veuillez commencer votre composition dans la première case.
筒[つつ];使い終わったら、体温計を筒の中に戻しておいてね。;Pouvez-vous remettre le thermomètre dans son tube lorsque vous avez fini de l'utiliser ?
例えば[たとえば];例[たと]えば、このソフトで 日本語[にほんご]を 勉強[べんきょう]することができます。;Vous pouvez utiliser ce logiciel pour étudier le japonais, par exemple.
輝度[きど];例えば、太陽の輝度値はとても高いです。;Par exemple, la valeur de luminosité du soleil est très élevée.
腹切り[はらきり];侍の腹切りをテーマにした映画は来週公開されます。;Le film basé sur le samouraï harakiri sortira la semaine prochaine.
便秘[べんぴ];便秘がひどくてさぁ。もう一週間以上ウンコしていないんだよ！;J'ai été constipé. Je n'ai pas fait caca depuis une semaine !
保守的な[ほしゅてきな];保守的な学校だったので、学生はみんな校そく通りにせい服を着用するよう要求されました。;Mon école était très conservatrice, les élèves devaient donc porter des uniformes conformément au règlement de l'école.
園[えん];保育園を建てる前に、労働者たちが地面を固めました。;Des ouvriers ont durci le sol avant de construire une garderie.
慰謝[いしゃ];保険会社から受け取る慰謝料は、税務署に申告する必要がありますか。;Dois-je déclarer l'argent de consolation que je reçois d'une compagnie d'assurance à l'administration fiscale ?
朱[しゅ];信号[しんごう]が 赤[あか]の 間[あいだ]は 交差点[こうさてん]を 渡[わた]らない。;Ne traversez pas l'intersection tant que le feu est rouge.
殿[どの];信長殿にお伝え頂きたい。;Veuillez le dire au Seigneur Nobunaga.
詠む[よむ];俳句を詠む人のことを俳人と呼びます。;Les personnes qui composent le haïku sont appelées haijin.
俵[たわら];俵先生は、自分の名前が俵なので、あの金の米俵のキーホルダーを鞄に付けていると言っていましたよ。;Tawara-sensei nous a dit que son nom signifie sac de paille et c'est pourquoi elle a un porte-clés de sac de riz en paille dorée sur son sac.
甘党[あまとう];俺[おれ]、 甘党[あまとう]だけど、 お酒[おさけ]も 飲[の]むよ。;Je préfère les gâteaux ou les bonbons à l'alcool, mais je bois.
俺[おれ];俺[おれ]の 頼[たの]みを 聞[き]いてくれ。;Faites-moi une faveur.
果汁[かじゅう];俺が果汁百パーセントのオレンジジュースをストローですすっていると、誰かが俺の肩をトントンと叩いた。;Alors que je suçais du jus de fruits 100 % orange avec une paille, quelqu'un m'a tapé sur l'épaule.
脇[わき];俺が逆らうと、兄貴はよく脇をこしょばしてきました。;Mon frère aîné me chatouillait les aisselles quand je m'opposais à lui.
俺たち[おれたち];俺たち、生き別れになっていた妹に会いに、来月北海道に行くんだ。;Nous irons à Hokkaido le mois prochain pour rencontrer notre jeune sœur, séparée de nous depuis toutes ces années.
融合[ゆうごう];俺たちのバンドは、ジャズとロックが融合した音楽を演奏しています。;Notre groupe joue de la musique qui est une fusion de jazz et de rock.
統括[とうかつ];俺たちはいつもリスク統括部の奴らとは意見が合わないんだよ。;Nous ne sommes pas toujours d'accord avec les gens du service de gestion des risques.
潔い[いさぎよい];俺にもお前みたいな潔い心があればいいんだがな。;J'aimerais avoir un cœur pur comme le vôtre.
拷問[ごうもん];俺の姉は、マフィアから残虐な拷問を受けたんだ。;Ma sœur aînée a été brutalement torturée par la mafia.
液晶[えきしょう];俺の投げたライターがテレビに当たって、液晶画面にヒビが入りました。;Le briquet que j'ai lancé a touché le téléviseur et a fissuré l'écran LCD.
吹き出す[ふきだす];俺の新しい髪型を見て、あいつプッと吹き出したんだぜ。失礼だよな。;Elle a ri quand elle a vu ma nouvelle coiffure. C'est grossier, n'est-ce pas ?
木製[もくせい];俺の木製バットは、あいつの内角速球によって折れてしまったんだ。;Ma batte en bois a été brisée par une balle rapide intérieure lancée par ce type.
殴り合い[なぐりあい];俺の連れは今クラブで殴り合いの喧嘩の真っ最中さ。;Mon homme est en pleine bagarre dans le club.
鮮魚[せんぎょ];俺の魚屋で働いている限り、従業員は福利厚生として鮮魚をもらう権利を、放棄することはできないぜ。;Les employés ne peuvent pas renoncer à leur droit de recevoir du poisson frais à titre d'avantage tant qu'ils travaillent pour ma poissonnerie.
己[おのれ];俺は、みんな死ぬ前に己の墓は己で建てるべきだと思うけどね。;Je pense que les gens devraient construire leurs propres tombes avant de mourir.
宴[うたげ];俺はその宴で、ドイツ語訛りの英語を話すとても美しい女性に出会ったんだ。;J'ai rencontré une belle femme qui parle anglais avec un accent allemand lors du dîner.
密輸[みつゆ];俺は一度麻薬の密輸をする話を持ちかけられたことがあるよ。もちろん断ったけどね。;Une fois, on m'a demandé de faire de la contrebande de stupéfiants. Bien sûr j'ai refusé.
独裁[どくさい];俺は世界一の独裁者になるんだ。;Je deviendrai le meilleur dictateur du monde.
中途半端な[ちゅうとはんぱな];俺は中途半端な生き方をしてきたかもしれないけど、マフィアに入りたいって思ったことは一度もないよ。;Ma vie est peut-être incomplète, mais je ne rêverais jamais de rejoindre la mafia.
平穏[へいおん];俺は平穏無事に暮らすことが嫌いだ。;Je n'aime pas vivre dans la paix et la tranquillité.
弾丸[だんがん];俺は弾丸の雨をとても上手くかわした。;J'ai habilement esquivé une gerbe de balles.
押し[おし];俺は押しに弱いんだよなあ。;Je suis trop faible pour le pousser je suppose.
忍耐[にんたい];俺は社長の腰巾着かもしれないが、それって俺にはすごい忍耐力があるってことにもならないかな？;Je suis peut-être en train de suivre notre président comme une ombre, cela ne veut-il pas dire que j'ai une grande endurance ?
興味がない[きょうみがない];俺は顧客と個人的に仲良くなることには興味がないんだ。;Je ne suis pas intéressé à établir des relations personnelles avec les clients.
未熟[みじゅく];俺も昔は未熟で好き勝手してたよ。;J'étais immature et je faisais ce que je voulais aussi.
倉[くら];倉で見つけた地図を広げてみた。;J'ai déplié la carte que j'ai trouvée dans l'entrepôt.
倒錯[とうさく];倒錯思考はまず現実否定から始まる。;Les pensées perverses nient d'abord la réalité.
とは限らない[とはかぎらない];偉人[いじん]が 天才[てんさい]とは限[かぎ]らない。;Les grands hommes ne sont pas toujours des génies.
健忘症[けんぼうしょう];健忘症に苦しんでいる親戚がいます。;J'ai un parent qui souffre d'amnésie.
偶数[ぐうすう];偶数[ぐうすう]は２で 割[わ]り 切[き]れます。;Les nombres pairs peuvent être divisés par 2.
傘立て[かさたて];傘立てに濡れた傘を立てないで下さい。;Veuillez ne pas mettre un parapluie mouillé dans le porte-parapluie.
噴射[ふんしゃ];催涙スプレーの噴射方法を教えてください。;S'il vous plaît, montrez-moi comment pulvériser du gaz lacrymogène.
債券[さいけん];債券市場は何時まで開いてますか。;Jusqu'à quelle heure le marché obligataire est-il ouvert ?
債権[さいけん];債権者は破産手続きによっていくらかお金を受け取れることが多いが、株主は滅多に受け取ることがない。;Les créanciers reçoivent souvent de l'argent de la procédure de faillite, mais les actionnaires le font à peine.
漂着[ひょうちゃく];傷ついた赤ちゃん鯨が、とある砂浜に漂着するところを想像してみてください。;Imaginez un bébé baleine blessé dérivant à terre sur une plage de sable
損なう[そこなう];働きすぎてあんたが健康を損なうんじゃないかって、心配してるのよ。;Je crains que vous puissiez ruiner votre santé en travaillant trop dur.
地理[ちり];僕[ぼく]は、 日本[にほん]の 地理[ちり]に 興味[きょうみ]がある。;Je m'intéresse à la géographie japonaise.
濡れ衣[ぬれぎぬ];僕がおならしたって？そんなの濡れ衣だよ。;Tu es en train de dire que j'ai pété ? C'est une accusation sans fondement.
ゆで卵[ゆでたまご];僕が君のゆで卵を盗んだと思っているのなら、とんだお門違いだよ。;Si vous pensez que j'ai volé votre œuf à la coque, vous vous trompez d'arbre.
空襲[くうしゅう];僕が空を見上げると、ちょうど空襲が始まるところだった。;Quand j'ai levé les yeux vers le ciel, le raid aérien était sur le point de se produire.
農耕[のうこう];僕のおじいさんは農耕をしています。;Mon grand-père est fermier.
斬殺[ざんさつ];僕のお気に入りのアニメキャラクターが斬殺されてしまった。;Mon personnage d'anime préféré a été abattu.
超音速[ちょうおんそく];僕のパンダロボットは、超音速で空を飛べるんだぜ。;Mon robot panda peut voler à des vitesses supersoniques.
揺する[ゆする];僕の伯父さんは、今まで蜂に刺されたことがなくて、どんなものか試してみたかったから、蜂の巣がある木を揺すったんだそうです。;Il paraît que mon oncle a secoué un arbre avec une ruche parce qu'il n'avait jamais été piqué par une abeille et voulait essayer.
精神病[せいしんびょう];僕の友達は精神病で頭が少しイッちゃてるけど、良い人だよ。;Mon ami est un peu détraqué à cause d'une sorte de maladie mentale, mais c'est un gars sympa.
惰性[だせい];僕は、勉強への意欲は無く、ただ惰性で大学へ通っていました。;Je n'avais aucune envie d'étudier, j'ai simplement fréquenté l'université par habitude.
闇[やみ];僕はある梟と目を交換したから、暗闇でも目が見えるんだよ。;J'ai changé d'yeux avec un hibou donc maintenant je peux voir dans le noir.
賞金[しょうきん];優勝[ゆうしょう] 者[しゃ]に 賞金[しょうきん] 10 万[まん] 円[えん]が 贈[おく]られた;Le prix de 100 000 yen a été remis au gagnant.
擁する[ようする];優勝候補は、天才バッターを擁するトフグ学園です。;Le favori pour le championnat est le génial frappeur de Tofugu Academy.
敢闘[かんとう];優勝候補を相手に、よく敢闘したと思います。;Je pense que je me suis battu assez courageusement contre un favori pour le championnat.
返還[へんかん];優勝旗が毎年返還されなくちゃいけないなんて、知らなかったよ。;Je ne savais pas que le drapeau du championnat devait être rendu chaque année.
福袋[ふくぶくろ];元旦に、福袋を買う列に並ぶため、妹と私は朝の四時に起きました。;Le jour du Nouvel An, ma sœur et moi nous sommes réveillées à 4 heures du matin pour faire la queue pour acheter des Lucky Bags.
お祈り[おいのり];元気をお祈りします。;Je te souhaite bonne chance. (prière)
数学[すうがく];兄[あに]は 数学[すうがく]の 先生[せんせい]です。;Mon grand frère est professeur de mathématiques.
貯金箱[ちょきんばこ];兄は、十年前に私の貯金箱を盗んだ事を白状しました。;Mon frère a avoué qu'il avait volé ma tirelire il y a dix ans.
堕落[だらく];兄は酒と女に溺れ、敢然に堕落した生活を送っています。;Mon frère a failli se noyer dans les femmes et l'alcool, et est enterré dans sa vie horriblement corrompue.
先回り[さきまわり];先回りして、まちぶせしよう！;Allons-y et tendons-leur une embuscade !
減法[げんぽう];先日、加法をマスターしたので今日からは減法を学びます。;J'ai maîtrisé l'addition l'autre jour, donc je vais commencer à apprendre la soustraction aujourd'hui.
顕彰[けんしょう];先日、献血50回を労る顕彰をいただきました。;L'autre jour, j'ai été honoré d'avoir donné du sang 50 fois.
先日[せんじつ];先日[せんじつ]の 件[けん]はどうなりましたか。;Qu'en est il du problème de l'autre jour ?
先月[せんげつ];先月[せんげつ]、 友達[ともだち]の 結婚式[けっこんしき]があった。;Il y a eu la cérémonie de mariage de mon ami le mois dernier.
誕生[たんじょう];先月[せんげつ]、 娘[むすめ]が 誕生[たんじょう]しました。;J'ai donné naissance à une petite fille le mois dernier.
当番[とうばん];先月[せんげつ]の 日直[にっちょく] 当番[とうばん] 全部[ぜんぶ] 私[わたし]に 押し付[おしつ]けた 形[かたち]でエスケープした 野郎[やろう]だ。;C'est le sale type qui s'est défilé lors de la journée des tâches manégères de la classe du mois dernier que nous devions réaliser ensemble.
時間割[じかんわり];先生[せんせい]から、 新[あたら]しい 時間割[じかんわり]をもらった。;J'ai reçu un nouvel emploi du temps du professeur.
切っ掛けに[きっかけに];先生[せんせい]との 出会[であ]いをきっかけに、私[わたくし]の 人生[じんせい]は 変[か]わった。;Ma vie a changé après avoir eu la chance de rencontrer le professeur.
許可[きょか];先生[せんせい]に 許可[きょか]をもらって 早退[そうたい]しました。;J'ai obtenu la permission du professeur et suis rentré plus tôt.
言葉遣い[ことばづかい];先生[せんせい]にそんな 言葉[ことば] 遣[づか]いをしてはいけません。;Ne parlez pas à votre professeur comme ça.
聞き返す[ききかえす];先生[せんせい]の 話[はなし]がよく 聞き取[ききと]れなかったので、 聞き返[ききかえ]した。;Je n'ai pas pu entendre ce que le professeur a dit, alors j'ai demandé à nouveau.
お蔭[おかげ];先生[せんせい]のお 蔭[かげ]で 大学[だいがく]に 合格[ごうかく]できました。;Grâce au professeur, j'ai pu réussir l'examen d'entrée à l'université.
調べ[しらべ];先生[せんせい]はわれわれの 答案[とうあん] 調[しら]べに 忙[いそが]しい。;L'enseignant est occupé à regarder nos tests.
旨[むね];先生には、家庭の方針として、主人と私は子どもにそうした漫画は読ませたくないと思っているという旨を伝えました。;J'ai expliqué l'essentiel de notre politique familiale et comment mon mari et moi ne voulons pas laisser notre enfant lire des bandes dessinées au professeur.
没収[ぼっしゅう];先生に携帯電話を没収されました。;J'ai confisqué mon téléphone portable à l'enseignant.
研究室[けんきゅうしつ];先生の研究室に参ります。;Je viendrai dans le bureau du professeur. (Humble)
色彩[しきさい];先生は、その生徒は鋭い色彩感覚を持っていると判断しました。;L'enseignant a conclu que l'élève avait un sens aigu de la couleur.
心得[こころえ];先輩が就職活動の心得を教えてくれました。;Mon senpai a transmis ses connaissances sur la recherche d'emploi.
祭り[まつり];先週、お祭りは終わりました。;La semaine dernière, le festival s'est terminé.
受領書[じゅりょうしょ];先週購入したTofugu製品の受領書を送って頂けませんか？;Pourriez-vous m'envoyer le reçu des produits Tofugu que j'ai achetés chez vous la semaine dernière ?
先進国[せんしんこく];先進[せんしん] 国[こく]が 地球[ちきゅう] 温暖[おんだん] 化[か]の 原因[げんいん]とも 言[い]える;On peut dire que les pays développés sont la cause du réchauffement climatique.
不均衡[ふきんこう];先進国と新興国・発展途上国間の経常収支の不均衡は是正されるのでしょうか。;Les déséquilibres des comptes courants des pays en développement seront-ils corrigés entre pays développés et pays sous-développés ?
粒子[りゅうし];光が粒子なのか波なのかを考えていて、昨日は眠れませんでした。;Je me demandais si la lumière était une particule ou une onde et je n'ai pas pu dormir la nuit dernière.
透ける[すける];光っている電球の上に銀色のスクラッチカードを当てると、その銀色の部分の下に何が書かれてるかが透けて見えちゃうことがあるんだよ。;Si vous mettez une carte à gratter argentée sur une ampoule brillante, vous pouvez parfois voir à travers la partie argentée ce qui est écrit en dessous.
入団[にゅうだん];入団するための申しこみ書は、細かい活字でいんさつされていました。;La demande d'inscription était imprimée en petits caractères.
購読[こうどく];全アメリカ人がTofuguのニュースレターを購読しているという噂が、日本中に広まった。;La rumeur selon laquelle tous les Américains sont abonnés à la newsletter Tofugu s'est répandue dans tout le Japon.
偽造[ぎぞう];全く同じ日に、二種類の偽造紙幣が東京で出回り出しました。;Deux types de faux billets ont commencé à circuler à Tokyo le même jour.
流浪[るろう];全てのジプシーが貧しい流浪の民というわけではない。;Cela ne veut pas dire que tous les Gitans sont des gens pauvres et nomades.
迫害[はくがい];全ての人々が、世界の迫害と差別の歴史を学ぶべきだと思います。;Je pense que tout le monde devrait apprendre l'histoire de la persécution et de la discrimination dans le monde.
証言[しょうげん];全トーフグ社員が、コウイチがビエトのミートボールを食べるのを見たと証言しました。;Tous les travailleurs de Tofugu ont témoigné qu'ils avaient vu Koichi manger la boulette de Viêt.
講堂[こうどう];全員、 講堂[こうどう]に集まってください。;Tout le monde, s'il vous plaît, venez à l'auditorium.
全般的[ぜんぱんてき];全般的に、犬は猫を怖がるものじゃないんですかね。;Les chiens ont généralement peur des chats, n'est-ce pas ?
花[はな];公園で美しい花を見ました。;J'ai vu des belles fleurs dans le parc.
千[せん];六 千[せん]分は、百時間です。;6000 minutes équivalent à 100 heures.
兵員[へいいん];兵員たちはみんな、かぜにかかって鼻がつまっている。;Tous les militaires ont le rhume et le nez bouché.
兵士[へいし];兵士[へいし]たちは 足踏[あしぶ]みをしていた。;Les soldats marchaient au pas.
兵糧[ひょうろう];兵糧攻めをするつもりなんだ。;Ils prévoient d'utiliser des tactiques de famine.
其れでは[それでは];其[そ]れでは 次[つぎ]の 質問[しつもん]に 移[うつ]りましょう。;Eh bien, passons à la question suivante.
具体的[ぐたいてき];具体[ぐたい] 的[てき]な 例[れい]をいくつか 見[み]せてください。;Veuillez me montrer quelques exemples concret.
内因[ないいん];内因性ぜんそくだとしんだんされました。;On m'a diagnostiqué un asthme intrinsèque.
再来月[さらいげつ];再来月[さらいげつ]まで 予約[よやく]でいっぱいです。;Les réservations sont complètes pour les deux prochains mois. 
写真[しゃしん];写真[しゃしん]は 良[い]い 思[おも]い 出[で]になります。;Les photographies deviennent de beaux souvenirs.
四隅[よすみ];写真の四隅を暗く加工するにはどうすればいいのか教えてください。;Pouvez-vous m'apprendre le meilleur procédé pour assombrir les quatre coins d'une image ?
暖房[だんぼう];冬[ふゆ]は 暖房[だんぼう]が 必要[ひつよう]です。;Le chauffage est nécessaire en hiver.
嗽[うがい];冬[ふゆ]はまめにうがいをします。;Je gargarise beaucoup en hiver.
遅咲き[おそざき];冬が長引いたため、今年はうちのお庭の桜は遅咲きでした。;Les cerisiers de notre cour ont connu une floraison tardive cette année en raison de l'hiver prolongé.
運河[うんが];冬には運河の上でスケートができますよ。;Vous pouvez patiner sur le canal pendant l'hiver.
最も[もっとも];冬は一日が短く、最も寒い時期です。;L’hiver est la période où les journées sont courtes et où il fait le plus froid.
一番[いちばん];冬は私の一番好きな季節です。;L'hiver est ma saison préférée.
冷たい[つめたい];冷[つめ]たい 飲[の]み 物[もの]をください。;S'il vous plaît, donnez-moi une boisson froide.
冷房[れいぼう];冷房[れいぼう]を 入[い]れてください。;Veuillez allumer le climatiseur.
故障[こしょう];冷蔵庫[れいぞうこ]が 故障[こしょう]しました。;Le réfrigérateur est tombé en panne.
凹凸[おうとつ];凹凸のはっきりした顔立ちですね。;Il a des caractéristiques distinctement inégales, n'est-ce pas?
鍵[かぎ];出[で]かけるときは 鍵[かぎ]を 掛[か]けてください。;Veuillez fermer la porte à clé quand vous partez.
胎盤[たいばん];出産後、妻の胎盤を食べてみました。;J'ai mangé le placenta de ma femme après qu'elle ait accouché.
刃先[はさき];刃先を俺の首に当てながら、奴は、皆にいつもご機嫌をとられてるってのはどんな気分なのかと聞いてきたんだ。;Tout en mettant le tranchant de la lame dans mon cou, les gars m'ont demandé ce que ça faisait d'avoir des gens qui me flattaient tout le temps.
刃物[はもの];刃物をちらつかせながら、男は低い声で私に「こっちへ来い」と言いました。;Tout en brandissant son couteau, il me dit à voix basse : « Viens ici.
大敵[たいてき];分かっていると思うけど、油断大敵だよ。「猿も木から落ちる」って言うだろう？;"Comme vous le savez tous, l'excès de confiance est le plus grand ennemi de l'homme. Les gens disent que ""même les singes tombent des arbres"", n'est-ce pas ?"
口座[こうざ];初[はじ]めて 自分[じぶん]の 口座[こうざ]を 開[ひら]いた。;J'ai ouvert mon propre compte pour la première fois.
入獄[にゅうごく];初めて入獄した時、何故か安心感を得たんですよね。;Quand j'ai été emprisonné pour la première fois, pour une raison quelconque, je me sentais en sécurité.
感慨深い[かんがいぶかい];初めて自分の書いたものが出版されるのは、やっぱり感慨深いものがあります。;C'est la première fois que mes écrits seront publiés, donc bien sûr c'est quelque chose de profondément émouvant pour moi.
初詣で[はつもうで];初詣[はつもう]、ご 利益[りえき]があるのはどこの 神社[じんじゃ]？;Quels temples sont bénéfiques, lors de la visite des temples du Nouvel An  ?
別冊[べっさつ];別冊の付ろくをいつも楽しみにしています。;Je suis toujours impatient de libérer des volumes séparés.
呉越同舟[ごえつどうしゅう];利害が一致すれば、呉越同舟も厭わない。;Si nous pouvons partager des intérêts communs, cela ne me dérangera pas d'être dans le même bateau que mes rivaux.
塗料[とりょう];刷毛に蛍光塗料を付けました。;J'ai trempé le pinceau dans la peinture fluo.
年額[ねんがく];前回のサービスも良かったとは思いますが、今回の新サービスはもっとよくなったと思うんです。それでいて、会員費は変わらず年額80ドルのままなんですよ。;Je pense que le service précédent était bon, mais nous sentons que nous nous sommes surpassés sur ce nouveau service. De plus, les frais d'adhésion ne sont encore que de quatre-vingts dollars par an.
屈辱[くつじょく];前年度優勝校と一回戦で当たってしまい、屈辱的な敗北を味わったが、相手が悪かった。;Nous avons été confrontés au premier tour aux champions de l'an dernier et avons subi une défaite humiliante. C'était un mauvais tapis
胴[どう];剣道の試合で、コウイチは竹刀で相手の胴を完璧に討ち取りました。;Dans un match de kendo, Koichi frappe parfaitement la partie inférieure du torse de l'adversaire avec son épée en bambou.
副業[ふくぎょう];副業で、私の彼氏はネットワークビジネスをしている。;En parallèle, mon copain travaille pour une entreprise utilisant des techniques de marketing multi-niveaux.
力士[りきし];力士のサインがほしいなら両国に行ってみたら？;Si vous voulez l'autographe d'un lutteur de sumo, pourquoi ne pas aller à Ryogoku ?
劣悪[れつあく];劣悪な職場環境の会社は、日本ではしばしば「ブラック企業」と呼ばれます。;"Les entreprises avec des environnements de travail très difficiles sont souvent appelées ""entreprises noires"" au Japon."
甲斐[かい];努力の甲斐があって、そのニュースレターは廃刊になるのを免れた。;Grâce à ses efforts, le bulletin a pu éviter d'être discontinué.
酷使[こくし];労働者を酷使するブラック企業をこのまま野放しにしていてもいいんですか。;Pensez-vous qu'il est acceptable de laisser les entreprises noires qui exploitent leurs travailleurs continuer à prendre soin d'elles-mêmes ?
敬意[けいい];労働者階級には敬意を払うべきである。;La classe ouvrière mérite le respect.
苛める[いじめる];動物[どうぶつ]を 苛[いじ]めてはいけません。;Vous ne pouvez pas embêter les animaux.
混血[こんけつ];動物は、別の種が混血することはめったにありません。;Il est rare que des animaux mélangent des races entre elles.
勘弁[かんべん];勘弁してちゃぶ台。今日は忙かったし、滅茶苦茶疲れているんだ。;Donnez-moi un peu de mou. La journée a été longue et je suis terriblement fatigué.
勝者[しょうしゃ];勝者だけが次のステージにすすめます。;Seul le gagnant passera à l'étape suivante.
錆びる[さびる];包丁[ほうちょう]がさびてしまった。;Le couteau de cuisine a rouillé.
燃え付く[もえつく];化学の実験をしている最中に、前髪に火が燃え付いた。;Ma frange a pris feu lors d'une expérience de chimie.
天才[てんさい];北野[きたの] 武[たけし]は 映画[えいが]の 天才[てんさい]だと 思[おも]います。|かれ は わらい の てんさい だ ね;Je pense que Takeshi Kitano est un génie du cinéma.
倫理学[りんりがく];医学倫理学の講座を受けています。;Je suis un cours d'éthique médicale.
全治[ぜんち];医者には、全治するのは難しいと思う、多分後いしょうが残るだろうって言われました。;Le médecin m'a dit qu'il était difficile de récupérer complètement et qu'il me resterait probablement des dommages permanents.
薬方[やくほう];医者にもらった薬方を失くしてしまいました。;J'ai perdu l'ordonnance que le médecin m'avait donnée.
鎮痛剤[ちんつうざい];医者に鎮痛剤を注射してもらいました。;J'ai reçu une injection d'analgésique du médecin.
匿名[とくめい];匿名で投書をしました。;J'ai écrit une lettre à l'éditeur de manière anonyme.
蚊帳[かや];十人用の大きな蚊帳はありますか？;Avez-vous une moustiquaire assez grande pour dix personnes ?
清涼[せいりょう];十分間にどれだけの炭酸入り清涼飲料水を飲めると思いますか？;Combien de boissons gazeuses pensez-vous pouvoir boire en dix minutes ?
克明[こくめい];十年前の旧正月のことは、克明に覚えていますよ。;J'ai des souvenirs détaillés du Nouvel An chinois d'il y a dix ans.
支局[しきょく];千ば支局にてんきんすることになりました。;J'ai été transféré à la succursale de Chiba.
奏楽[そうがく];千円くらいの、奏楽用のハンドベルはありますか？;Avez-vous une clochette musicale pour environ 1000 yens ?
千円札[せんえんさつ];千円札のおつりが不足しています。;Je n'ai pas de monnaie pour un billet de mille yens.
県[けん];千葉[ちば]県[けん]は 東京[とうきょう]にあります;La préfecture de Chiba se trouve à Tokyo.
升目[ますめ];升目を数えると、全部で400ありました。;Quand j'ai compté les boîtes, il y en avait 400 au total.
電灯[でんとう];午後[ごご]五時[ごじ]には 電灯[でんとう]が 付[つ]きます。;La lumière s'allumera à 17h00.
舞踏[ぶとう];半年ぶりの舞踏会でした。;C'était la première danse en six mois.
卑劣[ひれつ];卑劣な手段を使いやがって。;Vous avez joué un mauvais tour !
卒業式[そつぎょうしき];卒業式の後で、橋の上で一しょに写真をとろうよ！;Après la cérémonie de remise des diplômes, prenons ensemble une photo sur le pont !
虐殺[ぎゃくさつ];南京大虐殺が捏造だったというなら、その証拠を説明してください。;Si vous dites que le massacre de Nankin est une fabrication, veuillez expliquer les preuves.
南極圏[なんきょくけん];南極圏にはペンギン以外にも動物はいるんですか？;Existe-t-il d'autres animaux que les manchots dans le cercle antarctique ?
博打[ばくち];博打を打つことは日本では違法です。;Le jeu est illégal au Japon.
象牙[ぞうげ];印鑑を高級な象牙の物に変えました。;J'ai remplacé mon tampon nominatif par un tampon ivoire coûteux.
遭難[そうなん];危うく遭難するところでした。;Nous avons manqué de peu d'avoir un désastre.
即効[そっこう];即効で目の疲れを取る方法をお教えしましょう。;Je vais vous montrer un moyen d'éliminer instantanément la fatigue oculaire.
即座[そくざ];即座の結果は期待しないでください。;S'il vous plaît ne vous attendez pas à des résultats immédiats.
卸売[おろしうり];卸売市場の見学をしてきました。;Je suis allé observer le marché de gros.
高血圧[こうけつあつ];原因は高血圧です。;La cause est l'hypertension artérielle.
原潜[げんせん];原子力潜水艦は、略して原潜と呼ばれることもある。;Les sous-marins nucléaires sont parfois appelés Gensen, en abrégé.
原子炉[げんしろ];原子炉の建設について、政府に忠告をした人もいました。;Certaines personnes ont mis en garde le gouvernement contre la construction de réacteurs nucléaires.
原油[げんゆ];原油の値段は上がり続けている。;Le prix du pétrole brut va continuer à augmenter.
漏出[ろうしゅつ];原油の海への漏出事故を防ぐために、どんな手段を講じていますか。;Quel type de mesures votre entreprise prend-elle pour prévenir les fuites accidentelles de pétrole brut dans la mer ?
合繊[ごうせん];原油安やナフサ安を受けて、合繊の価格も下落しています。;Nous recevons du pétrole brut bon marché et du naphta bon marché et le prix des fibres synthétiques est également en baisse.
原爆[げんばく];原爆[げんばく]で 大勢[おおぜい]の 人[ひと]が 亡[な]くなりました;Beaucoup de gens sont morts dans l'explosion de la bombe atomique.
校閲[こうえつ];原稿を校閲してもらえませんか。;Pourriez-vous réviser mon manuscrit pour moi ?
潟[かた];去年の夏、秋田県の八郎潟にバス釣りに行きました。;L'été dernier, je suis allé pêcher le bar dans le lagon de Hachiro dans la préfecture d'Akita.
外科[けが];友人[ゆうじん]が 骨折[こっせつ]して 外科[げか]に 入院[にゅういん]しました。;Mon ami a été admis à l'hôpital en chirurgie a cause d'un os cassé.
賃貸[ちんたい];友人が賃貸のアパートを探してるんですが、どこかいい物件を知りませんかね。;Mon ami cherche un appartement à louer, vous ne connaissez pas de bonnes adresses ?
披露宴[ひろうえん];友人の披露宴に出席する際のマナーを教えてください。;S'il vous plaît, apprenez-moi les bonnes manières lorsque j'assisterai à la réception de mariage de mon ami.
証[あかし];友情の証として、このふじ山のキーホルダーをあげます。;Comme preuve de notre amitié, je vous offre ce porte-clés du Mont Fuji.
花見[はなみ];友達[ともだち]と 花見[はなみ]をしました。;Je suis allé admirer les fleurs de cerisier avec mes amis.
野球[やきゅう];友達[ともだち]と 野球[やきゅう]をしました。;J'ai joué au baseball avec mes amis.
飲む[のむ];友達[ともだち]とお 酒[さけ]を 飲[の]んでいます。;Je bois du saké avec mon ami.
枠[わく];友達[ともだち]に 励[はげ]まされて 勇気[ゆうき]がわいたよ。;J'ai ressenti du courage en moi après les encouragements de mon ami.
双子[ふたご];友達[ともだち]に 双子[ふたご]が 生[う]まれたよ。;"Mon ami a donné naissance à des jumeaux. ; (Des jumeaux sont nés de mon ami.)"
耐熱[たいねつ];友達が耐熱容器の漫画を書いてるんだけど、主人公の容器の「耐熱容器としての限界を感じた」っていう台詞が気に入ってるのよね。;"Mon ami écrit un manga sur les contenants résistants à la chaleur. Le conteneur protagoniste a déclaré : ""J'ai atteint ma limite en tant que conteneur résistant à la chaleur."" J'aime vraiment cette ligne."
牛丼[ぎゅうどん];友達と一緒に牛丼を食べるのが大好きです。;J'adore manger des bols de bœuf avec mes amis.
知恵[ちえ];友達に子育ての知恵をアドバイスしてもらった;J’ai reçu de mon ami des conseils de sagesse sur l’éducation des enfants.
お陰[おかげ];友達のお陰で毎日楽しいです。;Grâce à mes amis, chaque jour est amusant.
稲田[いなだ];友達はもっと大きい稲田をもっていますよ。;Mon ami a des rizières beaucoup plus grandes.
侮蔑[ぶべつ];叔母の言葉は、いつも軽い侮蔑を帯びている。;Le discours de ma tante a toujours de légères traces de mépris.
取り分け[とりわけ];取り分けコウイチがどなっている時に、ビエトは一人静かに笑っていました。;Viet riait doucement pour lui-même, surtout quand Koichi criait.
取り敢えず[とりあえず];取り敢えず枝豆とビールをください。|とりあえず おしらせ して おきます|大学[だいがく]に 合格[ごうかく]したので、 取[と]り 敢[あ]えず 母[はは]に 知[し]らせた。;Edamame et bière pour l'instant s'il vous plaît.|Voici mon rapport, pour l'instant.|J'ai été accepté à l'université, alors j'ai d'abord informé ma mère.
左翼[さよく];取材であの左翼支持者の方とお会いできるのがとても楽しみです。;Je suis tellement excité que je rencontre le partisan du mouvement de gauche pour une interview.
受付[うけつけ];受付[うけつけ]は９ 時[じ]からです。;La réception est à partir de 9 heures.
浪人[ろうにん];受験に失敗し、浪人生活に突入しました。;J'ai échoué à l'examen et je suis entré dans la vie d'un étudiant raté.
災い[わざわい];口[くち]は 災[わざわ]いの 元[もと]です;La bouche est source de malheur.
口笛[くちぶえ];口笛が下手くそなので、私が口笛を吹いても犬が来てくれません。;Mon chien ne vient pas à mon sifflet parce que je siffle mal.
口笛を吹く[くちぶえをふく];口笛を吹くことにどんな魅力を感じますか。;Qu'est-ce qui vous attire dans le sifflement ?
整理[せいり];古[ふる]い 服[ふく]を 整理[せいり]しました。;J'ai rangé les vieux vêtements.
雑巾[ぞうきん];古[ふる]いタオルで 雑巾[ぞうきん]を 作[つく]った。;J'ai fabriqué des chiffons à partir d'une vieille serviette.
廃棄[はいき];古いテレビの廃棄に支払うお金、五千円もあれば十分なんじゃないの？;5 000 yens devraient suffire pour se débarrasser de l'ancien téléviseur, n'est-ce pas ?
防腐剤[ぼうふざい];古い防腐剤はどこに捨てればいいですか。;Où dois-je jeter les anciens antiseptiques ?
遺跡[いせき];古代の遺跡で、フグの形をした石像を見つけました。;Nous avons trouvé une statue de pierre en forme de Fugu dans les ruines antiques.
叩頭[こうとう];叩頭とは、いわゆる日本の土下座のことです。;"Kowtow est ce qu'on appelle ""dogeza"" au Japon."
排除[はいじょ];各下水道施設は、下水排除規準を満たす必要があります。;Chaque station d'épuration doit respecter les normes d'évacuation des eaux usées.
諸[しょ];各出席者の方に、まず諸書類をお配り致します。;Nous allons d'abord distribuer divers documents à chaque personne présente.
担当者[たんとうしゃ];合併[がっぺい] その他[そのほか]の 交渉[こうしょう]のために 同社[どうしゃ]は２５ 人[にん]の 担当者[たんとうしゃ]を 加[くわ]えた。;Le cabinet a ajouté 25 nouveaux associés pour travailler sur les fusions et autres transactions.
合唱団[がっしょうだん];合唱団員は、みんなで手を繋いで歌っています。;Les membres de la chorale chantent tous main dans la main.
待合[まちあい];合図をしたら、待合でスクワットを始めてください。;Commencez à vous accroupir au lieu de rendez-vous à mon signal.
発表[はっぴょう];合格[ごうかく] 者[しゃ]が 発表[はっぴょう]された。;Ils ont annoncé les noms de ceux qui ont passé (le test).
出身者[しゅっしんしゃ];合格者[ごうかくしゃ]の 過半数[かはんすう]は 大学[だいがく] 出身者[しゅっしんしゃ]であった。;La majorité des candidats retenus étaient des diplômés universitaires.
唯一[ゆいいつ];吉田君は、会社で唯一の18歳だ。;Yoshida est le seul jeune de 18 ans dans l'entreprise.
携わる[たずさわる];同僚の評価に携わるのは嫌だったが、選択の余地はなかった。;Je ne voulais pas participer à une évaluation de mes collègues, mais je n'avais pas le choix.
同音異義語[どうおんいぎご];同音異義語に関するYoutubeビデオを作ったので、よかったら見てみてください。;J'ai fait une vidéo youtube sur les homonymes, alors jetez-y un coup d'œil.
任意[にんい];名前と住所は法律で答えなくてはいけないと決まっているものですか？それとも任意ですか？;Dois-je légalement vous communiquer mon nom et mon adresse, ou est-ce facultatif ?
吐き気[はきけ];吐き気[はきけ]がするので、 何[なに]も 食[た]べられない。;Je me sens nauséeux, donc je ne peux rien manger.
契機[けいき];吐血したのを契機に、煙草を止めました。;Cracher du sang était l'occasion pour moi d'arrêter de fumer.
相応しい[ふさわしい];君[きみ]にふさわしいはずはないのだから。;Il ne pouvait pas te convenir.
日常生活[にちじょうせいかつ];君[きみ]の 日常生活[にちじょうせいかつ]について 話[はな]してください。;Parlez-moi de votre vie quotidienne.
乱雑[らんざつ];君[きみ]の 部屋[へや]は 乱雑[らんざつ]だね。;Votre chambre est en désordre.
方向音痴[ほうこうおんち];君[きみ]は 方向音痴[ほうこうおんち]だ。;Vous n'avez aucun sens de l'orientation.
大麻[たいま];君が失業したのは本当に気の毒に思うけど、でも一体どうして大麻なんて庭で育てていたんだい？;Je pense que c'est vraiment dommage que tu sois au chômage, mais pourquoi diable faisais-tu pousser du cannabis dans notre jardin ?
承知[しょうち];君の事情は承知している。;Je suis conscient de votre situation.
措辞[そじ];君の詩の措辞が素晴らしいことに感動しました。;J'ai été impressionné que la formulation de votre poème soit si belle.
憤慨[ふんがい];君の身勝手な言動に憤慨しているんだよ。;Je n'aimais pas vos actions égoïstes.
肺がん[はいがん];君の辛さはすごく分かるよ。僕も肺がんなんだ。;Je comprends vraiment ce que vous vivez car j'ai aussi un cancer du poumon.
擁護[ようご];君はどうして彼を擁護するような発言をしたんだい。;Pourquoi avez-vous pris la parole pour le protéger ?
胴体[どうたい];君は今までみた中で一番胴体が長いよ。;Tu as le torse le plus long que j'aie jamais vu.
従って[したがって];君は自分の主義に従って行動すべきである。;Vous devriez agir selon vos propres principes.
吸い殻[すいがら];吸い殻が二本たまったら、すぐに灰皿を交換してください。;Si deux mégots s'accumulent, veuillez vider immédiatement le cendrier.
吾輩[わがはい];吾輩が貴殿に久しく手紙を書いていなかったことをどうかお許しください。;Veuillez m'excuser de ne pas vous avoir écrit depuis si longtemps.
咳[せき];咳[せき]が 止[と]まらないので 病院[びょういん]に 行[い]ってきたの。;Je suis allé à l'hôpital parce que ma toux ne s'arrêtait pas.
哀悼[あいとう];哀悼の意を表して、黙祷しました。;J'ai exprimé mes condoléances et j'ai prié en silence.
品詞[ひんし];品詞にはどんなものがあるか教えてください。;S'il vous plaît, dites-moi quels types de choses nous avons pour les parties de vitesse
哺乳瓶[ほにゅうびん];哺乳瓶を熱湯消毒しています。;Vous désinfectez le biberon dans de l'eau bouillante.
湿らせる[しめらせる];唇を舐めて湿らせることは、結局その後乾燥させてしまうことになりうるので、あまりいいことではありません。;Se lécher les lèvres pour les humidifier n'est pas bon car cela peut les assécher à la place.
繁昌[はんじょう];商売が繁昌するように、神社でお祈りをしてきました。;Je suis allé prier dans un sanctuaire shinto pour que l'entreprise prospère.
善悪[ぜんあく];善悪を見きわめることって、大人でもむずかしいですよね。;La distinction entre le bien et le mal est difficile, même pour les adultes.
善[ぜん];善悪を見極めることは難しい。;Il est difficile de discerner le bien du mal.
従う[したがう];善良[ぜんりょう]な 市民[しみん]は 法律[ほうりつ]に 従[したが]う。;Un bon citoyen obéit aux lois.
乾く[かわく];喉[のど]が 渇[かわ]きました。;J'ai soif.
喉頭[こうとう];喉頭は、喉ぼとけの一部です。;Le larynx fait partie de la pomme d'Adam.
隆起[りゅうき];喉頭隆起は、その近くにある骨の形が仏様に似ていることから、喉仏としても知られています。;La pomme d'Adam est également connue sous le nom de Bouddha de la gorge car la forme de l'os ressemble à celle de Bouddha.
喫茶店[きっさてん];喫茶店[きっさてん]でコーヒーを 飲[の]んだ。;J'ai bu du café au café.
営業マン[えいぎょうマン];営業[えいぎょう]マンだって、リストラ 予備軍[よびぐん]に 配属[はいぞく]されないように 必死[ひっし]な 訳[わけ]です。;Après tout, même les vendeurs sont désespérés d'éviter d'être ciblés pour réduire les effectifs.
営業中[えいぎょうちゅう];営業中に電話しないでって言ったじゃない。;Je t'ai demandé de ne pas m'appeler quand la boutique est ouverte.
嘘つき[うそつき];嘘[うそ]つきは 泥棒[どろぼう]の 始[はじ]まりよ。;Celui qui ment, volera.
嘘[うそ];嘘[うそ]をついてはいけません。;Ne mens pas.
噴煙[ふんえん];噴煙を上げる桜島の写真を撮りました。;J'ai pris une photo de la fumée volcanique qui s'élève au-dessus de Sakurajima.
誇大[こだい];四人に一人が広告は誇張されていると思っていることは知っていますが、私は全部が全部誇大広告ではないと思うんです。;Je sais qu'une personne sur quatre pense que la publicité est exagérée, mais je ne pense pas que toutes les publicités soient exagérées.
四十二階[よんじゅうにかい];四十二階まで競争よ！;Fonçons jusqu'au quarante-deuxième étage !
苗[なえ];四月に苗を植えました。;J'ai planté des semis en avril.
克服[こくふく];困難を克服して成功を収めた;réussi en surmontant les difficultés
図表[ずひょう];図表[ずひょう]２を 見[み]ると、これらの 貿易[ぼうえき]サイクルのいくつかは 非常[ひじょう]に 短期[たんき]のものであることが 判明[はんめい]する。;Un coup d'œil sur le graphique 2 révélera que certains de ces cycles commerciaux sont de très courte durée.
図説[ずせつ];図説付きの参考書をさがしています。;Je cherche un manuel avec des illustrations.
解消[かいしょう];国[くに]と 国[くに]のトラブルを 解消[かいしょう]するのは 難[むずか]しい。;Il est difficile de résoudre les problèmes entre les pays.
伝統[でんとう];国によって、いろいろな伝統があります。;Différents pays ont des traditions différentes.
移住者[いじゅうしゃ];国外移住者になるのは容易なことではない。;Ce n'est pas facile d'être un immigrant international.
国連[こくれん];国連[こくれん]の 本部[ほんぶ]はニューヨークにあります。;Le siège de l'ONU est à New York.
遊戯[ゆうぎ];園児たちが音楽にあわせて遊戯をしています。;Les maternelles jouaient sur la musique.
土壌[どじょう];土壌が悪い時は育てられない。;On ne peut pas faire pousser un arbre dans une mauvaise terre.
泊まり[とまり];土曜日[どようび]に、 泊[と]まりで 温泉[おんせん]に 行[い]った。;Je suis allé et j'ai séjourné dans une station thermale samedi.
土曜日[どようび];土曜日[どようび]の 夜[よる]はクラブに 行[い]きます。;Je vais en club le samedi soir.
圧迫[あっぱく];圧迫に耐えないので、宇宙飛行士になる夢を諦めた。;J'ai abandonné mon rêve de devenir astronaute parce que je ne pouvais pas supporter la pression.
在外[ざいがい];在外し産はどのようにかん理していますか？;Comment gérez-vous vos avoirs à l'étranger ?
在日[ざいにち];在日[ざいにち] 外国[がいこく] 人[じん]の 数[かず]は 増[ふ]え 続[つづ]けています;Le nombre de résidents étrangers au Japon augmente.
坑道[こうどう];地下20mのところに坑道が掘られています。;Ils creusent un tunnel quelque part à 20 miles sous terre.
備蓄[びちく];地下室に一年分のトイレットペーパーの備蓄をしてるんです。;Nous avons un approvisionnement d'un an en papier hygiénique stocké dans notre sous-sol.
湧水[ゆうすい];地下水が地表に自然に出てきたものを、湧水といいます。;L'eau souterraine qui remonte naturellement à la surface s'appelle une source.
観光客[かんこうきゃく];地元[じもと]の 店[みせ]は 観光客[かんこうきゃく] 相手[あいて]に 順調[じゅんちょう]な 商売[しょうばい]をしている。;Les commerces locaux font de bonnes affaires avec les touristes.
地図[ちず];地図[ちず]を 見[み]て 来[き]てください。;Venez voir la carte svp.
磁場[じば];地球にはとても強い磁場があります。;La Terre possède un champ magnétique important.
氷河[ひょうが];地球温暖化のために、毎年溶けている氷河が増えている。;Le nombre de glaciers qui fondent augmente chaque année en raison du réchauffement climatique.
津波[つなみ];"地震[じしん;h] の 時[とき;o] は 津波[つなみ;h] が 心配[しんぱい;h] です 。";Les tsunamis sont une préoccupation lorsqu'il y a des tremblements de terre.
自信[じしん];地震[じしん]がその 地域[ちいき]を 襲[おそ]った。;Le tremblement de terre a secoué la région.
陥没[かんぼつ];地震であそこの道路が陥没したそうです。;On dirait que cette autoroute là-bas s'est effondrée à cause du tremblement de terre.
破片[はへん];地面はガラスの破片だらけなので、気をつけて下さい。;Le sol est recouvert de fragments de verre, alors soyez prudent.
基本的[きほんてき];基本的に政治に関心がないんです。;Au fond, je n'ai aucun intérêt pour la politique.
都[と];埼玉県[さいたまけん]は 東京[とうきょう] 都[と]の 隣[となり]だ。;La préfecture de Saitama est située à côté de la capitale Tokyo.
大違い[おおちがい];堅い木の椅子と柔らかい快適な椅子じゃあ大違いだよ。;Il y a une grande différence entre une chaise en bois dur et une chaise moelleuse.
辛抱[しんぼう];場違いだって思うかもしれませんが、私のためだと思って辛抱してください。;Vous vous sentez peut-être un peu déplacé, mais soyez patient pour moi.
塚[つか];塚を見下ろすことのは失礼です。;C'est impoli de regarder un tumulus.
調味料[ちょうみりょう];塩[しお]、コショウはよく 使[つか]われる 調味[ちょうみ] 料[りょう]です。;Le sel et le poivre sont des assaisonnements couramment utilisés.
防ぐ[ふせぐ];塩[しお]は 魚[さかな]が 腐[くさ]るのを 防[ふせ]ぐ。;Le sel conserve le poisson de la moisissure.
墓場[はかば];墓場の隣に住んだら、お化けがドアをノックすることもあるかもしれない。;Si vous habitez à côté d'un cimetière, des fantômes pourraient frapper à votre porte.
壁[かべ];壁[かべ]に 絵[え]が 掛[か]かっている。;Il y a une peinture accrochée au mur.
雅致[がち];壁の絵はとても雅致がありますね。どなたの作品ですか？;Cette image sur le mur est de très bon goût. Qui a peint ça ?
縦横[たてよこ];壁の縦横の長さを測りたいんだけどちょっと手伝ってくれない。;Pouvez-vous m'aider à mesurer les longueurs verticales et horizontales de ce mur ?
壇[だん];壇上で、小さな可愛いフラワーガールの女の子が、しばらく花嫁の人気をさらいました。;La mignonne petite fille aux fleurs a éclipsé la mariée sur le podium pendant un moment.
変装[へんそう];変装教室にギリギリ間に合いました。;Je suis arrivé au cours de déguisement à la dernière minute.
湖畔[こはん];夏は、静かな湖畔のロッジで読書をしています。;En été, je lisais dans un pavillon tranquille au bord du lac.
唸る[うなる];夕べは３９度の熱があって、ずっと唸っていた。;Le soir, j'avais une fièvre de 39 degrés et je gémissais tout le temps.
以降[いこう];夕方[ゆうがた] 以降[いこう]にお 電話[でんわ]をください。;Appelez-moi plus tard dans la soirée.
物凄い[ものすごい];夕方[ゆうがた]、ものすごい 雨[あめ]が 降[ふ]ったね。;Il y a eu une énorme averse plus tôt ce soir.
涼しい[すずしい];夕方[ゆうがた]は 涼[すず]しくなりますよ。;Ca se rafraîchit le soir.
出回る[でまわる];外国[がいこく] 製品[せいひん]がどかっと 市場[いちば]に 出回[でまわ]った。;Les produits étrangers sont arrivés sur le marché en grandes quantités.
腐敗[ふはい];多くの人々が腐敗した政治組織にうんざりしています。;Beaucoup de gens en ont assez du réseau politique corrompu.
亭[てい];多くの人が、コウイチは最初のレストランを「Tofugu亭」と名付けるのではないかと踏んでいる。;Beaucoup de gens pensent que Koichi nommerait son premier restaurant Tofugutei.
ノーベル賞[ノーベルしょう];多分[たぶん] 彼[かれ]は ノーベル賞[ノーベルしょう]を 受賞[じゅしょう]することができるだろう。;Peut-être qu'il sera en mesure de remporter le prix Nobel.
潜水艦[せんすいかん];多分あの潜水艦の中で片方のイヤリングを失くしてしまったの。;J'ai probablement perdu mon autre boucle d'oreille pendant que j'étais dans le sous-marin.
脚[あし];夜になると脚がムズムズして、よく眠れないんです。;Mes jambes sont agitées la nuit et je ne peux pas bien dormir.
絶やす[たやす];夜の間、火を絶やさないように気をつけるんだぞ。;Assurez-vous que le feu ne s'éteint pas pendant la nuit.
夜中[よなか];夜中[よなか]に 電話[でんわ]がありました。;J'ai reçu un coup de téléphone au milieu de la nuit.
夜行バス[やこうバス];"夜行[やこう;h] バス[;a] で 朝[あさ;a] ８時[はちじ;n2] 頃[ごろ;a] 京都[きょうと;a] に 着[つ,つく;k1,o]きました 。";Le bus de nuit est arrivé à Kyoto vers 8h00 du matin.
熊本県[くまもとけん];夜行バスは、熊本県で発生した事故のため一時不通になった。;Le service de bus de nuit a été temporairement suspendu en raison d'un accident dans la préfecture de Kumamoto.
潜在意識[せんざいいしき];夢ってのは、僕たちの潜在意識を反映しているとよく言われるよね。;On dit souvent que les rêves reflètent notre subconscient.
棚[たな];大[おお]きな 棚[たな]はとても 便利[べんり]です。;Une grande étagère est très pratique.
匹[ひき];大きい方の犬は車庫にいて、もう一匹は室内にいるよ。;Nous gardons notre plus gros chien dans le garage et l'autre dans notre maison.
貯える[たくわえる];大きなビジネスを始める前に、元手を貯える必要がある。;Nous devons économiser des fonds avant de pouvoir démarrer une grande entreprise.
一翼[いちよく];大きなプロジェクトの一翼を担えることになりました。;Je m'occuperai d'une partie du gros projet.
検査[けんさ];大きな病院で検査した方がいいですよ。;Il vaudrait mieux se faire tester dans un plus grand hôpital.
部[ぶ];大しきゅう、へんしゅう部の部長をよんでくれないか。;Pourriez-vous appeler le chef du service éditorial au plus vite ?
客室[きゃくしつ];大すきなアイドルと、ろ天ぶろ付の客室にとまることがゆめなんです。;Mon rêve est de séjourner dans une chambre d'amis attenante à un bain en plein air avec l'idole que j'aime.
予告[よこく];大丈夫だよ、コウイチは予告なしにかいこしたりしないよ。;Tu iras bien. Koichi ne vous virera pas sans préavis.
大人[おとな];大人[おとな]の 言[い]うことを 聞[き]きなさい。;Écoute ce que disent les adultes.
酢の[すのもの]物;大人になったら酢の物が好きになりました。;Elle en est venue à aimer les aliments marinés en grandissant.
最後尾[さいこうび];大人気のゲームを発売日に買うために開店前にお店に行ったけど、すでにお店の前から列の最後尾まで200mぐらいあった。;Pour acheter un jeu très populaire le jour de sa sortie, je suis allé dans un magasin avant son ouverture, mais il y avait déjà une file d'attente du magasin qui faisait environ 200 mètres de long jusqu'à la fin.
大佐[たいさ];大佐にお会いできるのを楽しみにしています。;J'ai hâte de rencontrer le colonel.
呼び鈴[よびりん];大便の最中に呼び鈴が鳴り、男はお尻も拭かずに玄関へ急いだ。;La sonnette retentit alors qu'il était en train de faire caca et il se précipita vers la porte sans s'essuyer les fesses.
大損[おおぞん];大儲けするつもりでパチンコに行ったが、結局大損してしまった。;Je suis allé dans un salon de pachinko dans l'espoir de gagner beaucoup d'argent, mais j'ai fini par subir une lourde perte.
大勢[おおぜい];大勢[おおぜい]で 食事[しょくじ]に 出[で]かけました。;Nous sommes sortis pour manger en grand groupe.
交通網[こうつうもう];大地震が首都圏の交通網を麻痺させました。;Un tremblement de terre massif a paralysé le réseau de transport dans et autour de Tokyo.
甚大[じんだい];大型台風が甚大な被害をもたらした。;Un immense typhon a causé de sérieux dégâts.
久し振り[ひさしぶり];大変お久しぶりですね。;Ça faisait très longtemps !
貫徹[かんてつ];大変だったけど、みんなで決めた計画を貫徹することができた。;C'était dur, mais nous avons pu mener à bien le plan que nous avions décidé ensemble.
喪[も];大変申し訳ありませんが、喪に服しているため年賀状が送れないのです。;Je suis vraiment désolé mais j'ai peur de ne pas pouvoir envoyer de carte du Nouvel An car je suis en deuil.
性愛[せいあい];大学で、性愛学について勉強しています。;J'étudie l'amour sexuel à l'université.
物理[ぶつり];大学では物理を専攻していました。;Je me suis spécialisé en physique à l'université.
解剖学[かいぼうがく];大学では解剖学を研究しています。;J'étudie l'anatomie au collège.
医学[いがく];大学で四年間医学の勉強をした。;J'ai étudié la médecine pendant quatre ans à l'université.
喚起[かんき];大学の入学式で、学生たちに飲酒やカルト宗教についての注意喚起が行われました。;Lors de la cérémonie d'entrée à l'université, les étudiants ont été alertés des dangers de l'alcool et des sectes.
造園[ぞうえん];大学を卒業した時、造園会社から内定をもらっていました。;Lorsque j'ai obtenu mon diplôme universitaire, j'ai reçu une offre d'emploi d'une entreprise d'aménagement paysager.
一般的[いっぱんてき];大学卒業後も実家に住み続けることは、日本ではそこそこ一般的です。;Continuer à vivre dans la maison de vos parents après avoir obtenu votre diplôme universitaire est assez courant au Japon.
勧誘[かんゆう];大学生活の最初は、部活の勧誘をたくさん受けました。;J'ai reçu beaucoup d'invitations pour participer aux activités du club au début de l'année universitaire.
大将[たいしょう];大将が机の角に頭をぶつけて、たんこぶを作っちまったんだよ。;L'amiral s'est cogné la tête contre le coin du bureau et s'est fait une grosseur.
大尉[たいい];大尉の死を決して無駄にはしません。;La mort du capitaine n'était en aucun cas inutile.
大砲[たいほう];大砲がズドーンと鳴り響き、男は三人の子どもたちを残したまま逝ってしまいました。;Le canon a explosé et l'homme est décédé en laissant derrière lui trois enfants.
訪日[ほうにち];大統領[だいとうりょう]は 訪日[ほうにち]を 延期[えんき]しました。;Le président a retardé sa visite au Japon.
弾劾[だんがい];大統領の弾劾を求める大規模な反政府デモが開かれました。;Une manifestation antigouvernementale à grande échelle a eu lieu pour la destitution du président.
恩赦[おんしゃ];大統領は、七面鳥に恩赦を与えた。;Le président a accordé l'amnistie à la dinde.
公邸[こうてい];大統領公邸が何者かに襲撃されました。;La résidence officielle du président a été perquisitionnée par quelqu'un.
大腸[だいちょう];大腸がんが見つかりました。;Ils ont découvert un cancer du gros intestin.
大腸菌[だいちょうきん];大腸菌を美少女に擬人化させたカードアプリ・ゲームがあります。;Il existe un jeu d'application de cartes qui personnifie E. Coli en tant que belle femme.
波紋[はもん];大臣の不用意な発言が波紋を呼んだ。;La remarque négligente du ministre du Cabinet a créé un énorme émoi.
街灯[がいとう];大量の蛾が、各街灯の周りを飛び交っています。;Il y a une tonne de papillons de nuit qui volent autour de chaque réverbère.
聞き取る[ききとる];大阪[おおさか]の 方言[ほうげん]は 聞[き]き 取り難[とりにく]い。;C'est difficile de comprendre le dialecte d'Osaka.
大阪[おおさか];大阪では、せいげん速度を守って走る車は少ないと聞いたんですが、本当ですか？;J'ai entendu dire que peu de voitures respectent la limitation de vitesse à Osaka, est-ce vrai ?
市営[しえい];大阪市は、舞州にすごくユニークな市営のゴミ焼却炉を建設しました。;La ville d'Osaka a construit une usine d'incinération municipale très unique à Maishima.
弁[べん];大阪弁が大好きです。;J'adore le dialecte d'Osaka.
状態[じょうたい];大雨で、この川は危険な状態だ。;À cause des fortes pluies, cette rivière est dans un état dangereux.
君主国[くんしゅこく];天のうのいる日本は君主国ですか、それとも民主国ですか？;Le Japon a un empereur, alors est-ce une monarchie ou une démocratie ?
巡回[じゅんかい];天気予報が外れて、巡回中に雨が降り出しました。;La météo était fausse et il a commencé à pleuvoir pendant que j'étais en patrouille.
小舟[こぶね];太平洋上には小舟がひしめきあっていた。;L'océan Pacifique était rempli de petits bateaux.
東亜[とうあ];太平洋戦争のことを、大東亜戦争と呼ぶのは何故ですか。;Pourquoi la guerre du Pacifique s'appelle-t-elle la guerre de la Grande Asie de l'Est ?
耐久性[たいきゅうせい];太陽光発電のパネルの耐久性がどんなもんなのか気になっています。;Je me demande si les panneaux solaires sont durables.
太陽系[たいようけい];太陽系には惑星はいくつあるんだっけ？;Combien de planètes compte le système solaire ?
抱っこ[だっこ];夫[おっと]が 初[はじ]めて 娘[むすめ]を 抱[だ]っこした。;Mon mari a tenu sa fille dans ses bras pour la première fois.
呪う[のろう];夫が心的外傷後ストレス障害と診断された後、私はそれが誰であれその戦争を始めた人を呪いました。;Après que mon mari ait reçu un diagnostic de trouble de stress post-traumatique, j'ai maudit celui qui avait déclenché la guerre.
寸暇[すんか];夫は、いつも寸暇を惜しんで働いています。;Mon mari consacre chaque instant libre au travail.
凹む[へこむ];失恋で凹んでいます。;Je sombre dans un amour non partagé.
憂き目[うきめ];失恋の憂き目に遭いました。;J'ai rencontré la misère d'un cœur brisé.
やり直し[やりしなおし];失敗[しっぱい]したらやり 直[やりなお]しができないから、 失敗[しっぱい]するな。;Si vous vous trompez, vous ne pouvez pas recommencer, alors vous trompez pas !
求職[きゅうしょく];失業なんて気にするなよ。俺なんてかれこれもう約二年間も求職活動中だぜ。;Ne vous inquiétez pas d'être au chômage. Je suis à la recherche d'un emploi depuis presque deux ans maintenant.
襲う[おそう];奇妙[きみょう]な 病気[びょうき]が 町[まち]を 襲[おそ]った。;Une maladie curieuse a frappé la ville.
封書[ふうしょ];契約書にサインをして封筒に入れてありますが、まだその封書を郵送していません。;J'ai signé le contrat et l'ai mis dans une enveloppe, mais je ne leur ai pas encore envoyé la lettre scellée.
向き合う[むきあう];女の子[おんなのこ]は お互[おたが]いに 向き合[むきあ]っている。;Les filles sont face à face.
劣化[れっか];女優やモデルの見た目が以前よりも老けた時、日本のネット用語で「劣化した」と言います。;"Lorsque les actrices ou les mannequins vieillissent et paraissent plus vieilles qu'elles ne le faisaient auparavant, le mot Internet japonais pour elles est ""détérioré""."
孝行[こうこう];女房が死ぬ前に、もっと孝行しておくんだったな。;J'aurais aimé me consacrer davantage à ma femme avant qu'elle ne décède.
右腕[みぎうで];奴の右腕には、龍のタトゥーがあるハズだ。;Je pense que c'est censé être un tatouage de dragon sur le bras droit de ce type.
奴ら[やつら];奴ら、俺たちは働いてるってのに、呑気に日光浴なんかしてやがるぜ。;Ces gars-là se baignent et se détendent au soleil pendant que nous travaillons.
侵攻[しんこう];奴らが山のてっぺんにある俺たちの村を侵攻しようとした時、敵陣が全員高山病に罹ってしまったのには笑えたよ。;C'était drôle que lorsqu'ils ont essayé d'envahir notre village au sommet de la montagne, tout le camp ennemi a eu le mal de l'altitude.
滅ぼす[ほろぼす];奴らはメディアで情報操作を行って、日本を滅ぼそうとしているんだ。;Ils essaient de ruiner le Japon en manipulant l'information.
裏切り[うらぎり];奴らは裏切り者を殺すのにこの施設を利用している。;Ils utilisent cette installation pour tuer des traîtres.
没頭[ぼっとう];好きなことに没頭できるなんて、幸せですね。;Si vous pouvez vous immerger dans les choses que vous aimez, vous serez heureux.
妊婦[にんぷ];妊婦さんのためのカウンセラーという、臨時の仕事が見つかりました。;J'ai obtenu un emploi temporaire en tant que conseillère pour les femmes enceintes.
茂る[しげる];妖婆の庭には雑草が生い茂っていた。;Le jardin de la sorcière était couvert de mauvaises herbes.
妖怪[ようかい];妖怪さん、何か用かい？;Hé, M. Yokai. Tu m'as demandé, quoi de neuf ?
妙[みょう];妙な噂を耳にした。;J’ai eu une étrange rumeur aux oreilles.
妥協[だきょう];妥協したくないの。;Je ne veux pas céder.
漫画[まんが];妹[いもうと]は 漫画[まんが]が 好[す]きです。;Ma petite sœur aime les bandes dessinées japonaises.
高校[こうこう];妹[いもうと]は 高校[こうこう]に 通[かよ]っています。;Ma petite soeur fréquente le lycée.
泣く[なく];妹[いもうと]はすぐに 泣[な]く。;Ma petite sœur se met vite à pleurer.
峰[みね];妹と私は、雲の上にそびえる富士山の峰に登頂しました。;Ma sœur et moi avons grimpé jusqu'au sommet du mont Fuji, s'élevant au-dessus des nuages.
受験生[じゅけんせい];妹の咲子[いもうと]です。 俺[おれ]と 年子[としご]で、 今[いま] 受験生[じゅけんせい]です。;C'est ma petite sœur Sakiko. Elle est née la même année que moi et étudie maintenant pour ses examens.
不貞[ふてい];妻が不貞をはたらいたので、離婚しました。;Ma femme était infidèle alors nous avons divorcé.
孤児[こじ];妻と相談して、孤児を引き取ることにしました。;J'ai consulté ma femme et nous avons décidé de prendre en charge un orphelin.
に凝る[にこる];妻の料理の盛り付けは、いつも凝っています。;Je suis toujours absorbé par l'organisation de la nourriture de ma femme.
浪費[ろうひ];妻の浪費癖がなかなか治らないんです。;Les habitudes de gaspillage de ma femme ne se guérissaient pas facilement.
症[しょう];妻の神経性ヒステリー症について、医者に相談しなくてはいけません。;Je devrais consulter un médecin au sujet de l'hystérie névrotique de ma femme.
募る[つのる];妻への不信感は募るばかりです。;Ma méfiance envers ma femme ne fait que se renforcer.
練習[れんしゅう];娘[むすめ]は 今[いま]、バイオリンを 練習[れんしゅう]しています。;Ma fille pratique le violon maintenant.
ご覧[ごらん];娘さんの試験の結果はもうご覧になられましたか。;Avez-vous déjà vu les résultats de l'examen de votre fille ?
長寿[ちょうじゅ];婆ちゃんにいつも、「バナナを食べることは長寿に繋がる」と言われるんだよね。;Ma grand-mère me dit toujours que manger des bananes mène à une longue vie.
婚姻[こんいん];婚姻届を役所に提出しました。;J'ai soumis l'enregistrement du mariage au bureau public.
嫁ぐ[とつぐ];嫁ぎたての頃は、息子の嫁はかまととぶっていました。;Au moment où ils se sont mariés, la femme de mon fils a fait semblant d'être une prude.
心情[しんじょう];嫉妬心[しっとしん]くらい 強[つよ]く 人間[にんげん]の 心情[しんじょう]に 巣食[すく]う 情熱[じょうねつ]はない。;Il n'y a pas plus forte passion dans le cœur humain que l'envie.
常勤[じょうきん];子どもがもうちょっと大きくなるまでは、常勤でのお仕事はちょっと無理かな。;Je ne pourrai pas travailler à temps plein jusqu'à ce que mon enfant soit un peu plus grand.
競う[きそう];子どもたちは、新しい先生の所に競うようにかけよった。;Les enfants se sont précipités vers le nouveau professeur.
酒飲み[さけのみ];子どものくせにスルメがすきだなんて、こりゃぁこの子はしょう来酒飲みになるねぇ。;Il aime les seiches séchées, même s'il est gamin, hein ? Il pourrait être un ivrogne à l'avenir.
必至[ひっし];子どもへの性教育はある時期では必至になると思うんですが、日本はそうした教育については通常どのように行われるんですか。;Je pense qu'il est nécessaire d'enseigner l'éducation sexuelle aux enfants à un moment donné, mais comment les gens enseignent-ils généralement ces choses au Japon ?
遊ぶ[あそぶ];子供[こども]たちが 公園[こうえん]で 遊[あそ]んでいる。;Les enfants jouent dans le parc.
社交[しゃこう];子供[こども]には 勉強[べんきょう]だけじゃなくて 社交[しゃこう]も 大事[だいじ]ですよ;Vous savez, ne se concentrer que sur les études, l'interaction sociale est vitale pour les enfants.
子供の日[こどものひ];子供[こども]の 日[ひ]に、 家族[かぞく]で 遊園地[ゆうえんち]に 行[い]くつもりだ。;Le jour des enfants, ma famille prévoit d'aller dans un parc d'attractions.
給食[きゅうしょく];子供[こども]の 頃[ころ]、 給食[きゅうしょく]がとても 楽[たの]しみだった。;Quand j'étais enfant, j'avais vraiment hâte d'aller à l'école lun
競争[きょうそう];子供[こども]の 頃[ころ]から 競争[きょうそう]が 好[す]きだった。;J'aime la compétition depuis que je suis enfant.
我が儘[わがまま];子供[こども]のわがままを 叱[しか]ったの。;J'ai grondé mon enfant pour être égoïste.
嬉々[きき];子供ができればすぐ、嬉々として報告してくれるだろう。;Dès qu'elles tomberont enceintes, elles se feront un plaisir de nous le faire savoir.
偏食[へんしょく];子供が偏食がちなので困っています。;Je suis inquiet parce que mes enfants ont tendance à avoir une alimentation déséquilibrée.
侮る[あなどる];子供だからといって侮らない方がいい。;Il ne faut pas s'en moquer juste parce que c'est un enfant.
染まる[そまる];子供たちがこの悪い環境に染まってしまうことを心配してるのよ。;J'ai peur que nos enfants soient souillés par ce mauvais environnement.
弊害[へいがい];子供にゲームをさせないことによる弊害も考えておくべきです。;Vous devriez également penser à quel point il est mal de ne pas laisser les enfants jouer à des jeux vidéo.
管弦楽[かんげんがく];子供に管弦楽を習わせたいと思っています。;Je veux laisser les enfants apprendre la musique orchestrale.
加減[かげん];子供は力加減を知らないことが多い;Souvent, les enfants ne savent pas comment utiliser la force.
喧嘩[けんか];子供達[こどもたち]はいつも 喧嘩[けんか]している。;Mes enfants se battent tout le temps.
異状[いじょう];子宮がん検診の結果が「異状あり」だったのでびびっています。;"Mon test Pap était ""anormal"" et je flippe."
戯れる[たわむれる];子犬と戯れている少女の写真を撮りました。;J'ai pris une photo du chiot et de la fille jouant avec.
字幕[じまく];字幕のせいで気が散ることもあります。;Les sous-titres peuvent être une distraction.
欺く[あざむく];孝志は彼女をうまく欺いた。;Takashi a réussi à tromper sa petite amie.
首位[しゅい];学力テストで首位に立った。;J'ai obtenu la première place dans un test académique.
排水[はいすい];学校[がっこう]はプールの 水[みず]を 月[つき] 一回[いっかい] 排水[はいすい]する。;L'école draine le bassin une fois par mois.
排水パイプ[はいすいパイプ];学校[がっこう]はプールの 水[みず]を 月[つき] 一回[いっかい] 排水[はいすい]する。;L'école draine le bassin une fois par mois.
疎外[そがい];学校ではずっと疎外感を感じていました。;Je m'étais constamment senti aliéné à l'école.
不文律[ふぶんりつ];学校では日本語でしか話してはいけないという不文律のようなものがあります。;Il y a une sorte de règle non écrite qui dit que les gens ne sont autorisés à parler que le japonais dans cette école.
維新[いしん];学校で明治維新について勉強はしたんですが、名前以外は何にも覚えていません。;J'ai étudié la restauration Meiji à l'école, mais je ne me souviens de rien d'autre que son nom.
候補者[こうほしゃ];学歴的には、候補者として十分通用するはずが、彼は性格に難があるからね。;Académiquement parlant, le candidat serait très utile, mais il a une si mauvaise personnalité.
情報[じょうほう];学生[がくせい]たちはインターネットでいろいろな 情報[じょうほう]を 集[あつ]めた。;Les étudiants ont recueilli toutes sortes d'informations sur Internet.
抗戦[こうせん];学生たちは、権威に対して徹底抗戦を強いられました。;Les étudiants ont été contraints de résister jusqu'au bout contre l'autorité.
八冊[はっさつ];学生は八人だから、教科書は八冊必要です。;Comme il y a huit élèves, nous aurons besoin de huit manuels.
南米[なんべい];学生時代に、バックパッカーとして南米をりょ行しました。;Pendant mes années d'école, j'ai fait un voyage en sac à dos à travers l'Amérique du Sud.
弦楽[げんがく];学生時代に数年ほど弦楽をやっていました。;J'ai joué de la musique à cordes pendant plusieurs années pendant mes années d'école.
銀河[ぎんが];宇宙[うちゅう]にはたくさんの 銀河[ぎんが]がある。;Il existe de nombreuses galaxies dans l'univers.
宇宙[うちゅう];宇宙[うちゅう]の 謎[なぞ]は 限[かぎ]りなく 大[おお]きいの。;Les mystères de l'univers sont infiniment profond.
膨張[ぼうちょう];宇宙は膨張しています。;L'univers est en expansion.
不可[ふか];宇宙旅行は不可能だと考えられていた。;On pensait que les voyages spatiaux étaient impossibles.
宇宙船[うちゅうせん];宇宙船[うちゅうせん]は 月[つき]を 回[まわ]る。;Le vaisseau spatial tourne autour de la lune.
過剰[かじょう];安[やす]い 輸入品[ゆにゅうひん]で 市場[いちば]が 供給[きょうきゅう] 過剰[かじょう]になるだろう。;Les importations bon marché innonderont le marché.
山中湖[やまなかこ];安物のカメラで撮ったにしては、山中湖の写真すごく綺麗に撮れてるじゃん。;Étant donné le prix de l'appareil photo, toutes les photos du lac Yamanaka se sont révélées magnifiques.
泥酔[でいすい];完璧に泥酔していて、方向感覚を失っていました。;J'étais complètement ivre et j'ai perdu mon sens de l'orientation.
定量[ていりょう];定量オーバーですよ。;C'est au-dessus de la quantité définie.
一概に[いちがいに];定額給付金は一概に良い事だとは言えない。;Je ne peux pas dire que les remboursements d'impôts sont inconditionnellement de bonnes choses.
奴[やつ];宝くじが当たってから、奴は数週間最高の気分を味わったんだ。;Après avoir gagné à la loterie, ce mec était au top pendant des semaines.
変態[へんたい];実は、ちょっと恥ずかしい話なんだけど、俺の親父めちゃくちゃ変態で、児童ポルノの一斉捜査で捕まっちゃったんだよね。;En fait, c'est une sorte d'histoire embarrassante, mais mon père est tellement pervers qu'il a été pris dans un énorme réseau de pédopornographie.
実[じつ];実は、わたし、こうみえてもオリンピックに出たことがあるんです。;Eh bien en fait, même si je n'en ai pas l'air, j'étais un olympien.
戦闘[せんとう];実際のところ、忍者は直接戦闘することをできるだけ避けた。;En fait, les ninjas essaient d'éviter le combat autant que possible.
宮廷[きゅうてい];宮廷では咳風邪が流行っています。;Un rhume de poitrine fait le tour de la cour impériale.
芸[げい];宴会[えんかい]で 芸[げい]を 見[み]せなければなりません;Vous devez nous montrer vos tours à la fête.
宴会[えんかい];宴会で嫌な奴とお酒を飲むのは、会議で議事録を記録するより退屈な仕事だ。;Boire de l'alcool avec quelqu'un que vous n'aimez pas lors d'un dîner est une tâche beaucoup plus fastidieuse que d'enregistrer le déroulement d'une réunion.
凡そ[およそ];家[いえ]から 駅[えき]までおよそ１キロあります。;It's about one kilometer from my home to the station.
内[うち];家[うち]に 帰[かえ]って 妹[いもうと]に 電話[でんわ]しました。;Je suis rentré chez moi et j'ai appelé ma petite sœur.
妻子[さいし];家では妻子がおなかをすらせて待っているんです。;Ma femme et mes enfants affamés m'attendent à la maison.
白菊[しらぎく];家の前に大量の白菊を並べるなんて、迷惑行為以上のことだよ。だって、白菊は日本では死者を弔う花だからね。言ってる意味が分かりますか？;Placer un bouquet de chrysanthèmes blancs devant une maison est plus qu'une simple nuisance car ils sont utilisés pour pleurer les morts au Japon. Comprenez-vous ce que je dis?
吹き込む[ふきこむ];家はおんぼろで、嵐が来る度に雨風が吹き込むのが現実です。;La réalité est que la maison est si vieille que la pluie et le vent soufflent chaque fois qu'une tempête arrive.
滞る[とどこおる];家主が六ヶ月間家賃が滞っている男の家に出向くと、男は家の中で死んでいた。;Le propriétaire a rendu visite à un type qui avait six mois de retard dans son loyer et l'a trouvé mort dans la maison.
家具[かぐ];家具[かぐ]の 配置[はいち]を 変[か]えました。;J'ai changé la disposition des meubles.
家庭教師[かていきょうし];家庭教師のアルバイトをしています。;Je travaille à temps partiel en tant que tuteur.
家政婦[かせいふ];家政婦を雇おうかと思っているんです。;Je pense qu'on devrait embaucher une femme de ménage.
落語[らくご];家族[かぞく]で 落語[らくご]を 聞[き]きに 行[い]った;Nous sommes allés en famille pour voir la performance de rakugo.
霊園[れいえん];家族でうちの犬をペット専用霊園に連れて行きました。;Ma famille a emmené notre chiot dans un cimetière pour animaux de compagnie.
山頂[さんちょう];富士山の山頂には住所がありません。;Il n'y a pas d'adresse pour le sommet du mont Fuji.
岳[たけ];富山県には、剣の山という意味の、剣岳と呼ばれる山があります。;Il y a une montagne appelée Tsurugidake, qui signifie littéralement Mont Sword, dans la préfecture de Toyama.
手袋[てぶくろ];寒[さむ]いので 手袋[てぶくろ]をしました。;Puisqu'il faisait froid, je portais des gants.
東側[ひがしがわ];寒天工場なら、その道路の東側にあります。;L'usine d'agar est du côté est de cette rue.
充電[じゅうでん];寝[ね]る 前[まえ]に、スマートフォンを 充電[じゅうでん]しておく。;Je recharge mon smartphone avant d'aller me coucher.
寡婦[かふ];寡婦控除について詳しく教えてください。;Veuillez m'expliquer en détail les déductions pour veuve.
寡黙[かもく];寡黙で読書好きな男性がタイプです。;Mon type est un gars qui aime lire en silence.
審判[しんぱん];審判の判定は間違っていた;La décision de l'arbitre était erronée
対向する[たいこうする];対向するバイクの存在を完璧に見落としていました。;J'ai complètement échoué à voir la moto venant en sens inverse.
脅し[おどし];寿司屋に行く途中、寿司に醤油をかけたら殺すぞ、という脅しを受けた。;Sur le chemin du bar à sushis, j'ai reçu une menace disant que je serais assassiné si je mettais de la sauce soja sur mes sushis.
寿命[じゅみょう];寿命[じゅみょう]が縮[ちぢ]まる。;La durée de vie c'est raccourcis.
枚[まい];封筒にもう1枚切手を貼ってください。;Veuillez coller 1 timbre de plus sur l'enveloppe.
祝儀[しゅうぎ];封筒の表には「御祝儀」と自分の名前を、裏には金額を書いたよ。;"J'ai écrit ""félicitations"" et mon nom sur le devant de l'enveloppe et le montant d'argent au dos."
幽閉[ゆうへい];専業主婦になってからというもの、まるで捕虜になって、台所に幽閉されてでもいるかのようだわ。;Après être devenue femme au foyer, c'est comme si j'étais devenue prisonnière de guerre, confinée à la cuisine.
講師[こうし];専門[せんもん] 家[か]を 講師[こうし]に 招[まね]いた。;Nous avons invité un spécialiste à donner une conférence.
将来[しょうらい];将来[しょうらい]はパイロットになりたいです。;Je veux devenir pilote plus tard.
個室[こしつ];小さい子がいると個室い酒屋の存在はありがたいです。;Lorsque vous avez de jeunes enfants, l'existence d'izakaya avec des chambres privées est appréciée.
際[きわ];小さい頃、友人達と毎日水際で遊んでいました。;Quand j'étais petite, je jouais tous les jours au bord de l'eau avec mes amis.
継父[けいふ];小さい頃、継父にいつもおんぶをしてもらっていました。;Mon beau-père me promenait tout le temps sur le dos quand j'étais petite.
華道[かどう];小さい頃からずっと華道を習っています。;J'apprends la composition florale depuis que je suis toute petite.
魂[たましい];小さな天使とベーコンのビデオを観て、魂が震えました。;La vidéo sur le petit ange et le bacon a profondément ému mon âme.
管弦楽団[かんげんがくだん];小さな管弦楽団でバイオリンを演奏しています。;Je joue du violon dans un petit orchestre.
壊れ物[こわれもの];小包に、「壊れ物、取扱注意」って書いておいた方がいいかな。;"Dois-je écrire ""Fragile - Manipuler avec soin"" sur l'emballage ?"
魚雷[ぎょらい];小包を開けると、中には自動追尾魚雷が入っていた。;Quand j'ai ouvert le paquet, il y avait une torpille à tête chercheuse à l'intérieur.
小皿[こざら];小皿をテーブルにならべてください。;Veuillez mettre les petites assiettes sur la table.
早瀬[はやせ];小舟は早瀬で横転してしまいました。;Le bateau s'est renversé dans les rapides.
記載[きさい];小論文を提出したが、日付を記載するのを忘れてしまった。;J'ai rendu mon essai mais j'ai oublié d'y inscrire la date.
銃弾[じゅうだん];少し待って貰ってもいいですか？ちょっと銃弾を取りに行かなくてはならないので。;Pourriez-vous attendre une seconde ? Je dois récupérer mes balles.
鼓動[こどう];少女の顔が赤くなり、鼓動が高鳴りました。;Le visage de la jeune fille devint rouge et son cœur battit.
待機[たいき];少子化なのにどうして待機児童が増えるんですか？;Si les taux de natalité sont en baisse, pourquoi les listes d'attente pour les écoles augmentent-elles ?
凛々しい[りりしい];少年は、凛々しい青年に成長した。;Les garçons deviennent de jeunes hommes galants.
疾走[しっそう];少年は、駅の構内を全力疾走していた。;Les garçons coururent autour de la gare.
就業[しゅうぎょう];就業規則についての話し合いをするために、 私たちは月一のペースで会っている。;Nous nous rencontrons mensuellement pour discuter de la réglementation du travail.
クモの巣[クモのす];屋根裏部屋で、クモの巣が掛かった祖父の未完成の絵を見つけたんです。;J'ai trouvé le tableau inachevé de mon grand-père couvert de toiles d'araignées dans le grenier.
展示品[てんじひん];展示品[てんじひん]に 手[て]を 触[ふ]れないでください。;Ne touchez pas les pièces exposées.
燃える[もえる];山[やま]が 燃[も]えています。;La montagne est en train de brûler !
煙い[けむい];山火事のせいで町中が煙くなっているんです。;La ville entière est maintenant enfumée à cause du feu de forêt.
山賊[さんぞく];山賊たちと友だちになりました。;Les bandits sont devenus amis.
岐阜県[ぎふけん];岐阜県に行くには、電車の乗り換えが必要ですか？;Dois-je changer de train pour me rendre à la préfecture de Gifu ?
岡山県[おかやまけん];岡山県には、土地特有の建築物はありますか？;Existe-t-il une architecture vernaculaire dans la préfecture d'Okayama ?
岩石[がんせき];岩石[がんせき]や 鉱物[こうぶつ]はいろいろな 面[めん]で 私[わたし]たちに 有益[ゆうえき]である。;Les roches et les minéraux sont utiles pour nous sous plusieurs formes.
岩礁[がんしょう];岩礁を埋め立て、人工島に造り替えたんです。;Le récif a été comblé et remplacé par une île artificielle.
岬[みさき];岬の突端にカフェがあるんです。;Il y a un café au bout du cap.
川崎[かわさき];川崎病という子どもの病気があると聞きましたが、それはどんな病気ですか？;J'ai entendu dire qu'il existe une maladie affectant les enfants appelée maladie de Kawasaki, mais de quel type de maladie s'agit-il ?
左腕[ひだりうで];左腕を骨折しました。;Mon bras gauche est cassé.
甲[こう];左足の甲にタトゥーを入れました。;J'ai un tatouage sur mon cou-de-pied gauche.
富[とみ];巨万の富を築くことは思ったより簡単ではありません。;Faire une fortune de millions n'est pas aussi facile que je le pensais.
飽和[ほうわ];市場は今飽和状態になっているんだよ。;Le marché est désormais saturé.
市役所[しやくしょ];市役所[しやくしょ]で 書類[しょるい]をもらってきたの。;Je suis allé obtenir des documents à la mairie.
絞る[しぼる];布[ぬの]をもっと 固[かた]く 絞[しぼ]りなさい。;Essorer le tissu beaucoup plus.
漂流[ひょうりゅう];帆が折れて、ヨットが海に漂流し始めた時は、ちょっと悲観的でしたね。;Quand le mât s'est cassé et que mon yacht a commencé à dériver vers la mer, je suis devenu un peu pessimiste.
補充[ほじゅう];帰る前にプリンタの紙を補充しておいてもらえるかな。;Pourriez-vous recharger le papier de l'imprimante avant de partir ?
記帳[きちょう];帳簿に記帳をし忘れたため、上司に叱られました。;J'ai été grondé par mon patron pour avoir oublié d'enregistrer certains éléments dans le livre de comptes.
帳簿[ちょうぼ];帳簿を燃やしてしまうという考えは思いつきませんでした。;Je n'ai pas pensé à l'idée de brûler le livre de comptes.
幕府[ばくふ];幕府が俺の家族を皆殺しにした。;Le bakufu a massacré ma famille.
平安[へいあん];平安じだいはいつですか。;A quand remonte la période Heian ?
年内[ねんない];年内には、かんせいするはずです。;Il devrait être terminé dans l'année.
碁[ご];年寄りたちと碁は打ちたくないんだよね。;Je ne veux juste pas battre les vieux au Go.
発売中[はつばいちゅう];年末ジャンボたからくじはまだ発売中ですか？;La loterie Jumbo Draw de fin d'année est-elle toujours en vente ?
年賀状[ねんがじょう];年賀状[ねんがじょう]を 書[か]きましたか。;Avez-vous écrit les cartes du Nouvel An ?
謹賀新年[きんがしんねん];年賀状には謹賀新年と書いてありました。;Bonne année! était écrit sur la carte du Nouvel An.
年輩[ねんぱい];年輩の上司が、牛の乳搾り体験の費用を払ってくれた。;Mon patron âgé a payé pour que je fasse l'expérience de la traite d'une vache.
直接的[ちょくせつてき];幸運なことに、私の家族はあの日本の大地震や大津波による直接的な被害は受けませんでした。;Heureusement, notre famille n'a subi aucun dommage direct de l'énorme tremblement de terre ou du tsunami au Japon.
幻覚[げんかく];幻覚[げんかく]が 見[み]えると 言[い]っている。;Elle dit qu'elle voit des choses.
童謡[どうよう];幼稚園で新しい童謡を習ってきました。;J'ai appris de nouvelles comptines à la maternelle.
幾何学[きかがく];幾何学のテストでAプラス取ったの？すごいじゃん、よくやったね！;Avez-vous obtenu un A+ au test de géométrie ? C'est incroyable, tu as vraiment bien fait !
庁舎[ちょうしゃ];庁舎に雷が落ちたみたいだよ。;J'ai entendu dire que le bâtiment du bureau du gouvernement avait été frappé par la foudre.
広島[ひろしま];広島に、登山にいい山はありますか？;Y a-t-il de bonnes montagnes à gravir à Hiroshima ?
庄園[しょうえん];庄園制度導入への準備は全て整っています。;Tout est en ordre pour l'introduction du manorialisme.
苦情[くじょう];店[みせ]に 苦情[くじょう]の 電話[でんわ]をかけました。;J'ai appelé le magasin pour me plaindre.
看板[かんばん];店[みせ]の 看板[かんばん]を 塗[ぬ]り 替[か]えました。;J'ai repeint le panneau d'affichage du magasin.
階[かい];店[みせ]は3 階[かい]にあります。|「何階ですか？」「四階をおねがいします。」「このエレベーターはその階には止まりませんよ。」;Le magasin est au 3e étage.
帆船[はんせん];店内は帆船をイメージした内装となっております。;L'intérieur de la boutique sera conçu avec des images de voiliers.
焦燥[しょうそう];度重なる事業の失敗で、すっかり焦燥しきっているんだ。;Je suis profondément irrité par ce projet qui échoue à plusieurs reprises.
座禅[ざぜん];座禅は、そこでクライマックスに達した。;La méditation zen y atteint son apogée.
虫[むし];庭[にわ]で 秋[あき]の 虫[むし]が 泣[な]いているね。;Les insectes d'automne gazouillent dans le jardin.
巻く[まく];庭[にわ]に 花[はな]の 種[たね]をまきました。;J'ai semé des graines de fleurs dans le jardin.
植える[うえる];庭[にわ]にバラを 植[う]えました。;J'ai planté des roses dans le jardin.
繁茂[はんも];庭に雑草が繁茂しているので、この週末に草刈りをします。;Notre jardin est envahi par les mauvaises herbes, alors je vais les tondre ce week-end.
錦鯉[にしきごい];庭の池に錦鯉を放ちました。;J'ai relâché la carpe colorée dans l'étang du jardin.
設計[せっけい];庭を設計するのが彼の仕事です。;Son travail consiste à concevoir le jardin.
詐称[さしょう];庭師は彼女が年齢を詐称していることにすぐに気がつきましたが、何も言いませんでした。;Le jardinier a immédiatement reconnu la fausse déclaration de son âge mais n'a rien dit.
廉価[れんか];廉価版のゲームのパッケージって安物感丸出しだよな。;L'emballage de l'édition populaire du jeu semble bon marché, n'est-ce pas ?
廊下[ろうか];廊下[ろうか]は 走[はし]らないでください。;Veuillez ne pas courir dans le couloir.
被害[ひがい];建物には何も被害が無かった。;Il n'y a eu aucun dommage au bâtiment.
建築家[けんちくか];建築家[けんちくか]は 芸術家[げいじゅつか]ぶってはならない。;Un architecte ne doit pas prétendre être un artiste.
弁慶[べんけい];弁慶の泣き所を棚にぶつけたんだ。;J'ai tapé mon talon d'Achille sur une étagère.
弓矢[ゆみや];弓矢でシカを仕留めるには、にんたいがいります。;Vous devez être patient si vous voulez tirer sur un cerf avec un arc et des flèches.
弓道[きゅうどう];弓道はむずかしいという結ろんに達しました。;J'en suis venu à la conclusion que le kyudo est difficile.
弔意[ちょうい];弔意を表して花を贈りました。;J'ai envoyé des fleurs pour exprimer mes condoléances.
環境[かんきょう];引[ひ]っ 越[こ]して 環境[かんきょう]が 変[か]わりました。;Mon environnement a changé depuis que j'ai déménagé.
引っ越し[ひっこし];引っ越[ひっこ]しのとき 手伝[てつだ]ってくれませんか。;Pourriez-vous m'aider quand je déménagerai ?
獣類[じゅうるい];引越しを考えてるんだけど、どこも鳥獣類禁止ばっかりなの。;Je pense déménager, mais un peu partout interdit les oiseaux et les animaux.
高等学校[こうとうがっこう];弟[おとうと]が 高等学校[こうとうがっこう]を 卒業[そつぎょう]しました。;Mon petit frère a terminé le lycée.
雑然[ざつぜん];弟[おとうと]の 部屋[へや]はいつも 雑然[ざつぜん]としている。;La chambre de mon frère est toujours en chantier.
美術[びじゅつ];弟[おとうと]は 美術[びじゅつ]を 知[し]っています。;Mon petit frère s'y connait en art.
絞める[しめる];弟は羊に首を絞められた。;Mon jeune frère a été étranglé par un mouton.
弥生[やよい];弥生時代のはじまりは紀元前300年頃です。;Le début de la période Yayoi était d'environ 300 avant notre ère.
内緒話[ないしょばなし];当人達は内緒話をしているつもりのようだが、声がでかいので全部筒抜けだよ。;Ils essaient de se chuchoter, mais leurs voix sont si fortes que je peux tout entendre.
記憶[きおく];当時[とうじ]のことはしっかり 記憶[きおく]しているよ。;Je me souviens clairement de ce qui s'est passé à cette époque.
放浪[ほうろう];当時は、逃げるように各地を転々と放浪していました。;A cette époque, je devais errer d'un endroit à l'autre pour m'échapper.
循環器[じゅんかんき];当院には、循環器専門医が五人います。;Il y a cinq spécialistes des organes circulatoires dans cet hôpital.
自粛[じしゅく];役員の不祥事発覚を受け、本日は全社員が営業活動を自粛致します。;Avec la révélation du scandale du personnel, tous les employés doivent s'abstenir de faire des activités commerciales aujourd'hui.
役場[やくば];役場でしょう明しょをもらってきてください。;Veuillez vous procurer l'attestation auprès de la mairie.
窮状[きゅうじょう];役所に窮状を訴えたのですが、聞き入れてもらえませんでした。;J'ai fait appel au gouvernement au sujet des conditions misérables, mais je n'ai pas reçu de réponse.
彼女[かのじょ];彼[かの]女[じょ]は 泣[な]いた。;Elle a pleuré.
目的[もくてき];彼[かれ]が 来[き]た 目的[もくてき]が 分[わ]かりません。;Je ne connais pas le but de sa visite.
印象[いんしょう];彼[かれ]から 良[い]い 印象[いんしょう]を 受[う]けたわ。;J'ai eu une bonne impression de lui.
嬉しい[うれしい];彼[かれ]に 会[あ]えて 嬉[うれ]しかった。;J'étais content de le rencontrer.
直接[ちょくせつ];彼[かれ]に 直接[ちょくせつ]お 願[ねが]いしなさい。;Demandez lui directement.
奢る[おごる];彼[かれ]に 食事[しょくじ]をおごってもらった。;Il m'a offert le repas.
仲間[なかま];彼[かれ]には 仲間[なかま]がたくさんいる。;Il a beaucoup de camarade.
楽[らく];彼[かれ]には 楽[らく]な 仕事[しごと]が 与[あた]えられたよ。;Ils lui ont donné un travail facile.
有難い[ありがたい];彼[かれ]の 助[たす]けは 本当[ほんとう]にありがたいな。;I truly appreciate his help.
奥さん[おくさん];彼[かれ]の 奥[おく]さんはきれいな 方[かた]です。;Sa femme est une belle personne.
手法[しゅほう];彼[かれ]の 手法[しゅほう]は 全[まった]く 驚[おどろ]くべきものだった。;Sa technique était absolument incroyable.
政権[せいけん];彼[かれ]の 政権[せいけん]はきっと 崩壊[ほうかい]する。;Son administration politique doit s'effondrer.
精神的[せいしんてき];彼[かれ]の 病気[びょうき]は 主[おも]に 精神的[せいしんてき]な 物[もの]だった。;Sa maladie était principalement psychologique.
腕[うで];彼[かれ]の 腕[うで]は 太[ふと]い。;Il a de gros bras.
葬式[そうしき];彼[かれ]の 葬式[そうしき]は 明日[あした]です。;Ses funérailles sont demain.
詰まらない[つまらない];彼[かれ]の 話[はなし]は 詰[つ]まらないですね。;Son histoire est ennuyeuse.
講演会[こうえんかい];彼[かれ]の 講演会[こうえんかい]にはたくさんの 聴衆[ちょうしゅう]が 集[あつ]まっていた。;Sa conférence avait une grande audience.
講義[こうぎ];彼[かれ]の 講義[こうぎ]はとても 分[わ]かりやすいですね。;Ses conférences sont très faciles à comprendre.
汚い[きたない];彼[かれ]の 部屋[へや]はとても 汚[きたな]い。;Sa chambre est très sale.
呆れる[あきれる];彼[かれ]の 頑固[がんこ]さにはあきれました。;I was amazed at his stubbornness.
下積み[したづみ];彼[かれ]のいっしょうは 社会[しゃかい]の 下積[したづ]みで 終[お]わった。;Il a vécu au plus de l'échelle de l'entreprise.
我慢[がまん];彼[かれ]のわがままには 我慢[がまん]できません。;Je ne peux pas supporter son égoïsme.
お人よし[おひとよし];彼[かれ]は お人[おひと]よしのカモから 大金[たいきん]を 巻き上[まきあ]げました。;Il a fait des affaires en dupant des personnes naïves.
売買[ばいばい];彼[かれ]は 不動産[ふどうさん]の 売買[ばいばい]をしています。;Il achète et vend des biens immobiliers.
寮[りょう];彼[かれ]は 会社[かいしゃ]の 寮[りょう]に 住[す]んでいます。;Il habite dans une pension d'entreprise.
ひっくり返る[ひっくりるかえる];彼[かれ]は 体[からだ]の 平衡[へいこう]を 失[うしな]って、 ひっくり返[ひっくりかえ]った。;Il a perdu son équilibre et est tombé.
知ったかぶり[しったかぶり];彼[かれ]は 何[なん]でも、しったかぶりする。;Il prétend tout savoir.
偉い[えらい];彼[かれ]は 偉[えら]い 学者[がくしゃ]です。;C'est un grand savant.
医学部[いがくぶ];彼[かれ]は 医学部[いがくぶ]の 教授[きょうじゅ]だ。;Il est professeur du département médical.
写す[うつす];彼[かれ]は 友達[ともだち]の 答[こた]えを 写[うつ]した。;Il a copié les réponses de son ami.
司会[しかい];彼[かれ]は 司会[しかい]が 上手[じょうず]ですね。;Il est un bon hôte.
営業[えいぎょう];彼[かれ]は 営業[えいぎょう]を 担当[たんとう]しています。;Il est en charge des ventes.
悩み[なやみ];彼[かれ]は 大[おお]きな 悩[なや]みを 抱[かか]えていました。;Il avait une préoccupation majeure.
荷物[にもつ];彼[かれ]は 大[おお]きな 荷物[にもつ]を 持[も]ってきた。;Il a apporté une grosse valise.
転勤[てんきん];彼[かれ]は 大阪[おおさか]に 転勤[てんきん]しました。;Il a été transféré à Osaka.
威張る[いばる];彼[かれ]は 威張[いば]ってなんかいません。;Il n'est pas arrogant.
何一つない[なにひとつない];彼[かれ]は 子供[こども]たちに 何一[なにひと]つだめだと 言[い]わない。;Il ne nie rien à ses enfants.
定年[ていねん];彼[かれ]は 定年[ていねん]まで 大過[たいか]なく 勤[つと]めあげた。;Il a travailler sans accrocs jusqu'à ce qu'il atteigne l'âge de la retraite.
会社[かいしゃ];彼[かれ]は 小[ちい]さな 会社[かいしゃ]に 勤[つと]めています。;Il est employé par une petite entreprise.
工学部[こうがくぶ];彼[かれ]は 工学部[こうがくぶ]の 教授[きょうじゅ]です。;Il est professeur au département d'ingénierie.
座談会[ざだんかい];彼[かれ]は 座談[ざだん] 会[かい]のゲストに 呼[よ]ばれた;Il a été convié comme invité à la conférence.
役員[やくいん];彼[かれ]は 役員[やくいん]の 地位[ちい]をねらっている。;Il vise la direction.
促す[うながす];彼[かれ]は 彼女[かのじょ]に 注意[ちゅうい]して 運転[うんてん]するようにと 促[うなが]した。;Il l'exhortait à conduire prudemment.
怠け者[なまけもの];彼[かれ]は 怠け者[なまけもの] に対[にたい]して 点[てん]が 辛[から]い。;Il est très difficile avec les gens paresseux.
急用[きゅうよう];彼[かれ]は 急用[きゅうよう]で 帰[かえ]りました。;Il rentra chez lui pour affaires urgentes.
月刊誌[げっかんし];彼[かれ]は 新[あたら]しい 月刊誌[げっかんし]を 出版[しゅっぱん]するつもりだ。;Il a l'intention de publier un nouveau magazine mensuel.
良さ[よさ];彼[かれ]は 日本[にほん] 文化[ぶんか]のよさを 認[みと]めています。;Il apprécie la culture japonaise.
言い換える[いいかえる];彼[かれ]は 易[やさ]しい 言葉[ことば]に 言[い]い 換[か]えたんだ。;Il s'exprime en utilisant des mots simples à comprendre.
捜し物[さがしもの];彼[かれ]は 暗[くら]いところで 何[なに]か 捜し物[さがしもの]をしていた。;Il cherchait quelque chose dans le noir.
汚す[よごす];彼[かれ]は 服[ふく]を 汚[よご]した。;Il a sali ses vêtements.
彫る[ほる];彼[かれ]は 木[き]の 像[ぞう]を 彫[ほ]ったの。;Il a sculpté une statue en bois.
一生懸命[いっしょうけんめい];彼[かれ]は 毎日[まいにち] 一[いっ]生[しょう]懸[けん]命[めい]いている。;Il travaille dur tous les jours.
博士[はかせ];彼[かれ]は 物理[ぶつり] 学[がく]の 博士[はかせ]です。;C'est un expert en physique.
柄[がら];彼[かれ]は 犬[いぬ]の 柄[がら]のＴシャツを 着[き]ているよ。;Il porte un T-shirt avec un chien imprimé dessus.
理想的[りそうてき];彼[かれ]は 理想的[りそうてき]な 夫[おっと]であることが 分[わ]かった。;Il s'est avéré être un mari idéal.
諦める[あきらめる];彼[かれ]は 留学[りゅうがく]の 夢[ゆめ]を 諦[あきら]めていないよ。;Il n'a pas renoncé à son rêve d'aller étudier à l'étranger.
留学生[りゅうがくせい];彼[かれ]は 留学生[りゅうがくせい]です。;Il est étudiant international.
謝る[あやまる];彼[かれ]は 直[すぐ]ぐに 謝[あやま]りました。;Il s'excusa aussitôt.
学生[がくせい];彼[かれ]は 真面目[まじめ]な 学生[がくせい]です。;C'est un étudiant sérieux.
興味[きょうみ];彼[かれ]は 禅[ぜん]に 興味[きょうみ]を 持[も]っています;Il porte un intérêt pour le Zen.
籠もる[こもる];彼[かれ]は 私[わたし]に 愛情[あいじょう]のこもった 手紙[てがみ]をくれた。;Il m'a envoyé une lettre affectueuse.
極上の[ごくじょうの];彼[かれ]は 私[わたし]に 缶詰[かんづめ]の 極上[ごくじょう] 品[ひん]を 贈[おく]ってくれた。;Il m'a donné un produit en conserve de qualité.
後輩[こうはい];彼[かれ]は 私[わたし]より３ 年[ねん] 後輩[こうはい]です。|かれ は だいがく の こうはい です;Il est mon plus jeune que moi de trois ans.
空想[くうそう];彼[かれ]は 空想[くうそう]の 世界[せかい]に 生[いき]きている。;Il vit dans un monde imaginaire.
乱す[みだす];彼[かれ]は 空気[くうき]を乱[みだ]している。;Il perturbe l'atmosphère.
男性[だんせい];彼[かれ]は 素敵[すてき]な 男性[だんせい]です。;C'est une merveilleuse personne de sexe masculin.
拘る[こだわる];彼[かれ]は 細[こま]かいことにはこだわりません;He doesn't worry about details.
結局[けっきょく];彼[かれ]は 結局[けっきょく] 何[なに]を 言[い]いたかったのだろう。;Je me demande ce qu'il voulait dire, après tout.
低い[ひくい];彼[かれ]は 背[せ]が 低[ひく]い。;Il est petit.
行為[こうい];彼[かれ]は 自分[じぶん]の 行為[こうい]を 正当化[せいとうか]しようとしている。;Il essaie de justifier son acte.
遺産[いさん];彼[かれ]は 莫大[ばくだい]な 遺産[いさん]を 受け継[うけつ]いだ。;Il a hérité d'une grande fortune.
飲み込む[のみこむ];彼[かれ]は 薬[くすり]を 一気[いっき]に 飲[の]み 込[こ]んだ。;Il a avalé tous les médicaments en une seule fois.
早い[はやい];彼[かれ]は 走[はし]るのが 速[はや]い。;Il court vite.
短い[みじかい];彼[かれ]は 足[あし]が 短[みじか]い。;Ses jambes sont courtes.
選挙[せんきょ];彼[かれ]は 選挙[せんきょ]に 出[で]るつもりだ。;Il va se présenter aux élections.
都心[としん];彼[かれ]は 都心[としん]に 住[す]んでいます。;Il vit dans la zone urbaine de la ville.
しまい込む[しまいむこむ];彼[かれ]は 鍵[かぎ]をかけて 宝石[ほうせき]を 金庫[きんこ]にしまいこんだ。;Il enferma ses bijoux dans le coffre-fort.
滑る[すべる];彼[かれ]は 雪[ゆき]の 上[うえ]を 滑[すべ]った。;Il a glissé sur la neige.
技術[ぎじゅつ];彼[かれ]は 非常[ひじょう]に 高[たか]い 技術[ぎじゅつ]を 持[も]っている。;Il possède des compétences extrêmement élevées.
汗[あせ];彼[かれ]は 額[ひたい]に 汗[あせ]をかいていたの。;Son front était en sueur.
鬼[おに];彼[かれ]は 鬼[おに]のような 人[ひと]だ;Il ressemble à un démon.
小説家[しょうせつか];彼[かれ]は、 詩人[しじん]ではなくて 小説家[しょうせつか]だ。;Il n'est pas poète mais romancier.
笑い話[わらいばなし];彼[かれ]はおもしろい 笑い話[わらいばなし]を 無限[むげん]に 知[し]っている。;Il a une réserve intarissable d'histoire drôles.
札[さつ];彼[かれ]はカバンから 札[さつ]の 束[たば]を 取[と]り 出[だ]したんだ。;Il a sorti une liasse de billet de son sac.
実際に[じっさいに];彼[かれ]はキャビアを 実際[じっさい]に 食[た]べたことがない。;Il n'à pas réellement mangé du caviar.
信じる[しんじる];彼[かれ]はキリストを 信[しん]じている。;Il croit en Jésus-Christ.
丼[どんぶり];彼[かれ]はご 飯[はん]を 丼[どんぶり]で 食[た]べたよ。;Il mangeait du riz dans un bol.
助かる[たすかる];彼[かれ]はシートベルトをしていたので 助[たす]かったんだ。;Il a survécu parce qu'il portait une ceinture de sécurité.
回覧[かいらん];彼[かれ]はその 手紙[てがみ]を 全員[ぜんいん]に 回覧[かいらん]した。;Il a fait circuler la lettre parmi les membres.
受け継ぐ[うけつぐ];彼[かれ]はその 財産[ざいさん]を 受け継[うけつ]ぐ 資格[しかく]はない。;Il ne peut pas prétendre à la succession.
栄誉[えいよ];彼[かれ]はその 賞[しょう]を 最高[さいこう]の 栄誉[えいよ]だと 感[かんじ]じている。;Il estime que cette récompense est supérieure aux autres
抑[そもそも];彼[かれ]はそもそもこの 仕事[しごと]に 向[む]いていない;Il n'était pas adapté pour ce travail depuis le début.
顔[かお];彼[かれ]はタオルで 顔[かお]を 拭[ふ]きました。;Il a essuyé son visage avec une serviette.
嫌がる[いやがる];彼[かれ]はタバコの 煙[けむり]を 嫌[いや]がるの。;Il déteste la fumée de cigarette.
思い込む[おもいこむ];彼[かれ]はだまされたと 思[おも]い 込[こ]んでいるようです。;Apparemment, il pense avoir été dupé.
科学者[かがくしゃ];彼[かれ]はとても 有名[ゆうめい]な 科学[かがく] 者[しゃ]だ。;Il est un scientifique très célèbre.
振り[ふり];彼[かれ]はバットの 振[ふ]りが 大[おお]きすぎる。;Il batte sa batte de baseball trop largement.
僅か[わずか];彼[かれ]はわずかな 貯金[ちょきん]で 暮[く]らしている。;Il vit sur ses piètres économies.
異なる[ことなる];彼[かれ]らの 意見[いけん]は 私[わたし]のとは 異[ことな]なっている。;Leurs opinions diffèrent du mien.
結婚式[けっこんしき];彼[かれ]らの 結婚式[けっこんしき]に 招待[しょうたい]された。;J'ai été invité à leur mariage.
旨く行く[うまくいく];彼[かれ]らの 計画[けいかく]はうまくいかないと 思[おも]う。;Je ne pense pas que leur plan fonctionnera.
不要[ふよう];彼[かれ]らは 不用[ふよう]の 物[もの]は 捨[す]てた。;L'homme a jeté des objets non utilisés.
仲良く[なかよく];彼[かれ]らは 仲良[なかよ]く 一緒[いっしょ]に 暮[く]らしている。;Ils vivent ensemble en bon accord.
新型[しんがた];彼[かれ]らは 新型[しんがた] 車[くるま]をテレビで 宣伝[せんでん]した。;Ils ont promu une nouvelle voiture à la télé.
築く[きずく];彼[かれ]らは 深[ふか]い 友情[ゆうじょう]を 築[きず]いてきた;Ils ont bâti une amitié profonde.
奇妙[きみょう];彼から奇妙な話を聞きました;J'ai entendu une histoire étrange de sa part
塁[るい];彼が塁を踏んだのかどうか、よく見えなかった。;Je ne pouvais pas vraiment voir s'il avait marché sur la base ou non.
塁打[るいだ];彼が塁打を打つのは久しぶりだね。いつもはホームランだからな。;Cela faisait longtemps qu'il n'avait pas réussi un coup sûr. Il frappe toujours des coups de circuit.
穏当[おんとう];彼が嫌いだと言うわけじゃないんだけど、あそこであの発言はちょっと穏当でないなと思ったわけよ。;Ce n'est pas que je ne l'aime pas, je pensais juste que ses remarques à l'époque étaient inappropriées.
独創[どくそう];彼が独創性に欠けていることは非常に残念です。;C'est tellement décevant qu'il manque d'originalité.
に就いて[について];彼とニュースについて話しました。;J'ai parlé avec lui à propos des nouvelles.
疎通[そつう];彼とは、意思疎通が全然できないんです。;Il n'y a aucun moyen que je puisse arriver à une compréhension mutuelle avec lui.
不眠症[ふみんしょう];彼と仕事をするのがストレスで、不眠症になってしまいました。;Travailler avec lui est tellement stressant que j'ai eu des insomnies.
賄賂[わいろ];彼にはビッグマック以外の賄賂は効かないよ。;Il est impossible de le soudoyer avec autre chose qu'un Big Mac.
傷心[しょうしん];彼に振られて傷心気味なので、パリに傷心旅行に行くんです。;Il m'a largué et j'ai un peu le coeur brisé, alors je pars en voyage à Paris pour m'en remettre.
駆け出す[かけだす];彼に質問を尋ねた時、駆け出しただけだ。;Quand je lui ai posé une question, il s'est enfui.
間抜け[まぬけ];彼に間抜けな田舎者のお上りさんだと思われたくないの。;Je ne veux pas qu'il me considère comme un idiot de la campagne.
壮年[そうねん];彼のお兄さんは壮年期に心臓発作を起こして亡くなりました。;Son frère aîné a eu une crise cardiaque et est décédé dans la force de l'âge.
宣言[せんげん];彼のお気に入りのアイドルが、年末に引退するって宣言したから、彼も他のファンもショックを受けちゃってるのよ。;Son idole préférée l'a choqué, ainsi que d'autres fans, en annonçant qu'elle prendrait sa retraite à la fin de cette année.
壮行[そうこう];彼のために金曜日壮行会を予定してるんですが、ご都合は如何ですか？;Nous prévoyons une fête d'adieu pour lui vendredi. Êtes vous disponible?
重鎮[じゅうちん];彼の会社は、業界の重鎮達を次々と役員に迎え入れた。;Cette société a introduit les leaders de l'industrie les uns après les autres dans leur personnel.
炭[すみ];彼の口車に乗って、炭をしこたま購入してしまった。;J'ai fini par acheter beaucoup de charbon de bois à cause de ses cajoleries.
初版[しょはん];彼の小説の初版は半年で売り切れた。;La première édition de son roman s'est vendue en six mois.
脱獄[だつごく];彼の母親は彼に脱獄を強要した。;Sa mère l'a forcé à s'évader de prison.
論旨[ろんし];彼の話の論旨があまりに不明瞭だったので、苛々しました。;J'ai été frustré parce que le point de son histoire était très vague.
納得[なっとく];彼の説明で納得できました。;Grâce à son explication, j’ai pu être convaincu.
滴る[したたる];彼の額から、血が滴り落ちました。;Le sang coulait de son front.
髪型[かみがた];彼の髪型[かれ]は 時代遅[じだいおく]れだ。;Son style de cheveux est rétrograde.
怒気[どき];彼の鼻の穴は怒気を含んで膨らんでいる。;Ses narines se gonflèrent de colère.
経緯[けいい];彼は、これまでの経緯を静かに語りだした。;Il nous a raconté tranquillement comment tout a commencé.
果敢[かかん];彼は、世界各地で果敢な取材をしていた。;Il a audacieusement collecté des données du monde entier.
幾度[いくど];彼は、幾度失敗しても、諦めなかった。;Même s'il a échoué plusieurs fois, il n'a pas abandonné.
民俗[みんぞく];彼は、歴史民俗資料館の館長です。;Il est le directeur du Musée d'histoire et de folklore.
即席[そくせき];彼は[かれ] 即席[そくせき]に 立派[りっぱ]な 演説[えんぜつ]をした。;Il a réalisé un magnifique discours improvisé.
亜細亜[アジア];彼はアジアの多くの国を訪れた。;Il a visité de nombreux pays d'Asie.
超す[こす];彼はあまり自分の気持ちを言葉で表さない人なので、度を超す程私に執着していることを隠していました。;Ce n'est pas vraiment le genre de personne qui parle de ses propres sentiments, alors il a caché qu'il était excessivement obsédé par moi.
明朗な[めいろうな];彼はかつては明朗快活な青年だった。;C'était un jeune homme joyeux.
貢献[こうけん];彼はこのプロジェクトに大きく貢献した。;Il a grandement contribué à ce projet.
財閥[ざいばつ];彼はこの財閥のあと取りです。;Il est l'héritier de ce zaibatsu.
基本[きほん];彼はサッカーの基本を知らない。;Il ne connaît pas les bases du football.
威厳[いげん];彼はそれを威厳をもって言いました。;Il a dit ça avec dignité.
嫌味[いやみ];彼はちょっと頭が悪いよね。どうしてあれが嫌味だってことに気づかないのかしら。;C'est une sorte d'idiot, vraiment. Pourquoi n'a-t-il pas réalisé que c'était sarcastique ?
蓄える[たくわえる];彼はとても立派な口髭を蓄えています。;Il se laisse pousser une si belle moustache.
徹底[てってい];彼はやる事がいつも徹底しています;Il est toujours minutieux dans ce qu'il fait.
規準[きじゅん];彼は世間の規準からはちょっと外れた、ユニークな人です。;C'est une personne unique qui sort un peu de l'ordinaire.
哀れ[あわれ];彼は事業に失敗して今や全く哀れなものだ。;Il est devenu une figure pathétique, ayant échoué dans ses affaires.
隔離[かくり];彼は二日酔いであまりにも酒臭すぎるので、別の部屋に隔離しています。;Nous l'avons mis en quarantaine dans une pièce séparée parce qu'il a la gueule de bois et pue l'alcool.
光輝[こうき];彼は光輝燦然と旗を掲げました。;Il a hissé le drapeau dans toute sa splendeur.
秘める[ひめる];彼は内に秘めるタイプなので、心配しています。;Je m'inquiète pour lui car il a tendance à cacher ses sentiments.
凡庸[ぼんよう];彼は凡庸な男ですが、愛に満ちあふれていました。;C'est un homme médiocre mais il déborde d'amour.
剛健[ごうけん];彼は剛健な昔の武士のような見た目だが、彼の足にある血豆を誤って押してしまった時に、泣き叫んでいました。;Il ressemble à un puissant guerrier d'autrefois, mais il a pleuré quand j'ai accidentellement pressé une ampoule sur son pied.
未遂[みすい];彼は取り付け騒ぎを防ぐ為にもう少しで預金者に嘘をつくところだったが、結局未遂に終わった。;Il était sur le point de mentir aux déposants pour empêcher une panique bancaire, mais il a finalement renoncé à sa tentative.
至上[しじょう];彼は名門大学を主席で卒業した頭のいい男性なんでしょうが、明らかに白人至上主義者なのでそこが嫌いなんですよ。;C'est peut-être un gars intelligent qui a obtenu son diplôme en tête de sa classe dans une université d'élite, mais il est évidemment un suprémaciste blanc et je déteste ça.
呉服[ごふく];彼は呉服屋の一人息子でした。;C'est le fils unique du magasin de draperies.
塾生[じゅくせい];彼は塾生たちの中で一番記憶力が悪かった。;Il a le pire souvenir de tous les élèves de l'école de cram.
子供達[こどもたち];彼は子供達をそばに集めた。;Il rassembla ses enfants autour de lui.
宇宙飛行士[うちゅうひこうし];彼は宇宙飛行士になることを夢見ている。;Il rêve de devenir astronaute.
冷遇[れいぐう];彼は実力があるのにどうしてこんなに冷遇されているんですか。;S'il est si génial, pourquoi a-t-il reçu un accueil aussi froid ?
了解[りょうかい];彼は弱々しいうなずいて了解の意を示して、立ち去った。;Il exprima sa compréhension d'un faible hochement de tête et s'éloigna.
抹消[まっしょう];彼は怪我で一軍登録を抹消されたんだ。;Son inscription à l'armée a été supprimée en raison de sa blessure.
王冠[おうかん];彼は恋をして王冠を捨てたんだ。;Il était amoureux et a abandonné la couronne.
拳[こぶし];彼は拳についた血をハンカチで拭いました。;Il nettoya le sang de son poing avec son mouchoir.
貫き通す[つらぬきとおす];彼は最後まで自分の信念を貫き通しました。;Il est resté fidèle à ses convictions jusqu'au bout.
監督[かんとく];彼は有名な映画監督だ。;C'est un célèbre réalisateur.
溺れる[おぼれる];彼は溺れている子を助けたんだ。;Il a sauvé un enfant qui se noyait.
即死[そくし];彼は潮津波に乗ってサーフィンをしようとしたが、残念ながら即死した。;Il a essayé de monter sur le mascaret et de le surfer, mais malheureusement il est mort sur le coup.
無我夢中[むがむちゅう];彼は無我夢中で働き、二十代で家を建てたが、三十代で墓を建てることとなった。;Travaillant fébrilement, il a construit sa maison dans la vingtaine et construit sa tombe dans la trentaine.
赦免[しゃめん];彼は特別に罪の赦免が認められた。;Il a obtenu une grâce spéciale pour ses crimes.
病床[びょうしょう];彼は病床に臥してついにまた起ちません。;Il s'est allongé sur son lit de malade, pour ne plus jamais se relever.
痛み止め[いたみどめ];彼は痛み止めを飲んで、また畑を耕し始めた。;Il a pris un analgésique et a continué à labourer le champ.
班長[はんちょう];彼は社交的でみんなから好かれているので、班長に選ばれました。;Il est sociable et tout le monde l'aime, il a donc été élu chef d'équipe.
羅針盤[らしんばん];彼は私にとって、人生の羅針盤だったのです。;Il était la boussole de ma vie.
即ち[すなわち];彼は私の母の弟の息子、すなわち従兄弟です。;C'est le fils du frère cadet de ma mère, c'est-à-dire, mon cousin.
陰謀[いんぼう];彼は秘密結社が世界を支配しているという陰謀論を信じています。;Il croit en une théorie du complot selon laquelle une société secrète contrôle le monde.
稲作[いなさく];彼は稲作に没頭しています。;Il se plonge dans la culture du riz.
石垣[いしがき];彼は義足を付けていたので、石垣を乗り越えられませんでした。;Il ne pouvait pas escalader le mur de pierre car il avait des jambes artificielles.
翌月[よくげつ];彼は翌月黄色いドアがある小さな家に引っ越しています。;Il emménage dans la petite maison à la porte jaune le mois prochain.
抜き出す[ぬきだす];彼は背広から銃をそっと抜き出した。;Il a secrètement commencé à sortir une arme de son costume.
顧問[こもん];彼は良いバスケ部の顧問だとの評判があります。;La rumeur dit qu'il est un bon entraîneur pour le club de basket.
花柳[かりゅう];彼は花柳小説の有名な著者ですよ。;C'est un célèbre auteur de romans sur les quartiers chauds.
累進[るいしん];彼は若くして部長に累進した。;Il a été promu chef de section très jeune.
荒々しい[あらあらしい];彼は荒々しい声で、寝ている時に奥さんが毎晩顔に小便を掛けてくることに怒り心頭していることを公言しました。;"Lui, d'une voix sauvage, il a proclamé qu'il était totalement ""énervé"" contre sa femme pour ""avoir pissé"" sur son visage tous les soirs pendant qu'il dormait."
薄情[はくじょう];彼は薄情者だし、どっちの味方かサッパリ分からないよ。;Il a le cœur froid et je n'ai aucune idée de quel côté il prend.
裏切り者[うらぎりもの];彼は裏切り者なんかじゃないよ。ただ、生まれつきちょっととぼけているだけさ。;Il n'est pas un traître. Il est juste naturellement un peu lent.
皇后[こうごう];彼は誤って皇后であった母親を殺害してしまいました。;Il a accidentellement tué sa mère, l'impératrice japonaise.
責任感[せきにんかん];彼は責任感が強いのかもしれないけど、私には少し失礼で自分勝手な気がしました。;Il a peut-être un sens aigu des responsabilités, mais pour moi, il m'a semblé un peu grossier et égoïste.
起床[きしょう];彼は起床時間になっても、まだいびきをかいています。;Il ronfle toujours même s'il est temps de sortir du lit.
討つ[うつ];彼は迫害者を懲らしめて人民たちのあだを討つだろう。;Il punira les persécuteurs et vengera le peuple.
鉱業[こうぎょう];彼は鉱業の過去十年間を振り返りました。;Il revient sur les 10 dernières années de l'industrie minière.
閣僚[かくりょう];彼は閣僚のふりをしたが、嘘丸出しだった。;Il a prétendu qu'il était ministre, mais c'était un mensonge tellement évident.
飛躍[ひやく];彼は陰謀論が好きなんですが、彼の論理はよく飛躍するんですよね。;Il aime les conspirations, mais il y a souvent un saut dans sa logique.
渦中[かちゅう];彼は離婚騒動で渦中の人だよ。;Il est dans un vortex d'agitation de divorce.
缶コーヒー[かんコーヒー];彼らは、とても美味い缶コーヒーを販売して、大儲けしている。;Ils font un tabac en vendant de délicieux cafés en conserve.
老舗[しにせ];彼らは、まさに老舗の意地を見せたんだ。;Ils montraient naturellement l'esprit de l'ancienne boutique.
過酷[かこく];彼らは、不当に過酷な労働を強いられています。;Ils sont contraints à un travail manuel déraisonnablement sévère.
風潮[ふうちょう];彼らは、富裕層に反対する社会的風潮を生み出した。;Ils ont provoqué une tendance sociale contre le ri
掘り当てる[ほりあてる];彼らは石油を掘り当てる思惑だった。;Leur intention était de trouver du pétrole.
密[みつ];彼らは秘密を知らされたのだろうか。;Ont-ils été mis au courant du secret ?
壊す[こわす];彼女[かのじょ]が 私[わたし]のケータイを 壊[こわ]した。;Elle a cassé mon téléphone portable.
些とも[ちっとも];彼女[かのじょ]が 結婚[けっこん]したなんて、ちっとも 知[し]らなかった。;Je ne savais même pas un peu qu'elle s'était mariée.
可能性[かのうせい];彼女[かのじょ]が 電車[でんしゃ]に 乗り遅[のりおく]れた 可能性[かのうせい]はあるでしょうか。;Peut-elle avoir manqué son train?
付き合う[つきあう];彼女[かのじょ]と４ 年[ねん]ほど 付[つ]き 合[あ]っています。;Cela fait 4 ans que je vie avec cette femme.
指輪[ゆびわ];彼女[かのじょ]に 指輪[ゆびわ]をプレゼントしました。;Je lui ai fait cadeau d'une bague.
其れ程[それほど];彼女[かのじょ]にとって 仕事[しごと]を 見[み]つけるのは 其[そ]れ 程[ほど] 難[むずか]しくないです。;En ce qui la concerne, trouver un travail n'est pas difficile à ce point.
年齢[ねんれい];彼女[かのじょ]の 年齢[ねんれい]は２７です。;Elle a 27 ans.
歓迎会[かんげいかい];彼女[かのじょ]の 歓迎会[かんげいかい]を 行[おこな]った。;Nous avons organisé une fête de bienvenue pour elle.
輝く[かがやく];彼女[かのじょ]の 瞳[ひとみ]は 喜[よろこ]びで 輝[かがや]いていますね。;Ses yeux brillent de joie.
誕生日[たんじょうび];彼女[かのじょ]の 誕生[たんじょう] 日[び]は７ 月[がつ]１６ 日[にち]です。;Son anniversaire à elle est le 16 juillet.
保証[ほしょう];彼女[かのじょ]の 誠実[せいじつ]さは 私[わたし]が 保証[ほしょう]します。;Vous avez ma garantie sur sa sincérité.
演奏[えんそう];彼女[かのじょ]のピアノの 演奏[えんそう]は 素晴[すば]らしいね。;Ses performances au piano sont merveilleuses.
化粧[けしょう];彼女[かのじょ]は 化粧[けしょう]が 上手[うま]い。;Elle est douée en maquillage.
占い[うらない];彼女[かのじょ]は 占[うらな]いが 好[す]きでたまに 見[み]てもらう。;Elle aime la bonne aventure, alors elle va de temps en temps se faire dire sa bonne aventure.
視線[しせん];彼女[かのじょ]は 彼[かれ]の 方[ほう]に 視線[しせん]を 向[む]けた。;Elle regarda dans sa direction.
遠ざける[とおざける];彼女[かのじょ]は 彼[かれ]を 遠[とお]ざけたいと 思[おも]っている。;Elle veut le garder à distance.
恋愛[れんあい];彼女[かのじょ]は 恋愛[れんあい]にあこがれる 年[とし]ごろです。|かのじょ は れんあい に あこがれる とし ごろ です;She's at that age when girls yearn for romance.
担任[たんにん];彼女[かのじょ]は 担任[たんにん]のクラスをよく 掌握[しょうあく]している。;Elle a un bon contrôle sur sa classe.
細い[ほそい];彼女[かのじょ]は 指[ゆび]が 細[ほそ]いですね。;Ses doigts sont fins.
移る[うつる];彼女[かのじょ]は 新[あたら]しい 会社[かいしゃ]に 移[うつ]った。;Elle a bougé vers une nouvelle entreprise.
旅行[りょこう];彼女[かのじょ]は 旅行[りょこう]が 好[す]きです。;Elle aime les voyages.
避ける[さける];彼女[かのじょ]は 昨日[きのう]から 私[わたし]のことを 避[さ]けているようなんだ。;Elle semble m'avoir évité depuis hier.
普通[ふつう];彼女[かのじょ]は 普通[ふつう]の 女[おんな]の 子[こ]だ。;Elle est juste une fille ordinaire.
苛々[いらいら];彼女[かのじょ]は 朝[あさ]からいらいらしている。;Elle se sentait irritée depuis ce matin.
芥[ごみ];彼女[かのじょ]は 玄関[げんかん]にゴミを 置[お]いた。;Elle a posé les déchets à la porte d'entrée.
挨拶[あいさつ];彼女[かのじょ]は 笑顔[えがお]で 挨拶[あいさつ]した。;Elle m'a salué avec un sourire.
細かい[こまかい];彼女[かのじょ]は 細[こま]かいことにうるさい。;Elle est exigeante sur les petits détails.
立ち向かう[たちむかう];彼女[かのじょ]は 自分[じぶん]の 運命[うんめい]に 立ち向[たちむ]かう 覚悟[かくご]ができていた。;Elle était prête à affronter son sort.
反応[はんのう];彼女[かのじょ]は 良[よ]い 反応[はんのう]を 示[しめ]したわ。;Elle a bien réagi.
尋ねる[たずねる];彼女[かのじょ]は 道[みち]を 尋[たず]ねた。;Elle s'est enquéri des directions.
鏡[かがみ];彼女[かのじょ]は 鏡[かがみ]を 見[み]て 髪[かみ]を 直[なお]した。;Elle regarda dans le miroir et arrangea ses cheveux.
歳[さい];彼女[かのじょ]は22 歳[さい]です。;Elle a 22 ans.
企業[きぎょう];彼女[かのじょ]はアメリカの 企業[きぎょう]で 働[はたら]いています。;Elle travaille dans une entreprise américaine.
丁寧[ていねい];彼女[かのじょ]はいつも 丁寧[ていねい]に 仕事[しごと]をします。;Elle fait son travail toujours avec soin.
踊る[おどる];彼女[かのじょ]はクラブで 踊[おど]るのが 好[す]きです。;Elle aime danser dans un club.
風呂敷[ふろしき];彼女[かのじょ]はその 箱[はこ]を 風呂敷[ふろしき]に 包[つつ]みました;Elle a enveloppé la boîte dans un tissu de furoshiki (tissu carré traditionnel utilisé comme sac).
綺麗[きれい];彼女[かのじょ]はとても 綺麗[きれい]だ。;Elle est très jolie.
自慢[じまん];彼女[かのじょ]はよく 自分[じぶん]の 成績[せいせき]を 自慢[じまん]するよね。;Elle se vante souvent de ses notes.
命令[めいれい];彼女[かのじょ]は命令[めいれい]に 従[したが]わなかった。;Elle n'a pas obéi aux ordres.
誘う[さそう];彼女[かのじょ]をデートに 誘[さそ]った。;J'ai invité la fille à un rendez-vous.
露骨[ろこつ];彼女があまりに露骨にものを言うもので、少々面食らいました。;J'ai été assez surpris de voir à quel point elle était franche.
隙[すき];彼女がマシンガントークを繰り広げていたので、私が会話に入る隙はこれっぽっちもありませんでした。;Elle parlait comme une mitrailleuse et il n'y avait pas de place pour moi pour entrer dans la conversation.
堕胎[だたい];彼女が堕胎を拒んでいるみたいよ。;On dirait qu'elle a refusé un avortement.
劣等感[れっとうかん];彼女が私に対して劣等感を抱いていると誤解していました。;J'avais l'impression qu'elle avait un complexe d'infériorité envers moi.
戒告[かいこく];彼女が私の尻を触ったことはセクハラに当たります。即刻戒告処分にしてください。;Son contact avec mes fesses est du harcèlement sexuel. Je veux que vous la réprimandiez immédiatement.
突如[とつじょ];彼女が突如彼をセクハラで訴え始めたのには理由があります。;Il y a une raison à ses soudaines accusations de harcèlement sexuel.
妖しい[あやしい];彼女には妖しい美しさがある。;Elle a une beauté enchanteresse.
懲りる[こりる];彼女に三度も振られてるっていうのに、お前まだ懲りてないのか。;Elle t'a déjà refusé trois fois et tu n'as toujours pas appris, n'est-ce pas ?
逆効果[ぎゃくこうか];彼女に焼き餅を妬かせようとして他の女にキスをしたら、全く逆効果になってしまった。;J'ai embrassé cette autre fille pour rendre ma copine jalouse, mais ça s'est vraiment retourné contre moi.
を哀れむ[をあわれむ];彼女のお婆さんが、「あの子の人見知りは哀れむべきものだ」とぼやくのを聞きました。;J'ai entendu sa grand-mère grommeler : « La timidité de cette fille est à plaindre.
総理府[そうりふ];彼女のことについては、総理府で働いているという以外には何も知らなかった。;Je ne savais rien d'elle sauf qu'elle travaillait au bureau du premier ministre.
翻る[ひるがえる];彼女のスカートが風で翻ったのは分かるんですが、その時の彼の心象を翻訳するのは私には難しすぎます。;Je sais que sa jupe gonflait au vent, mais rendre ce que je ressentais à l'époque est trop difficile.
演技[えんぎ];彼女のスケートの演技は素晴らしかった。;Sa performance en patinage était incroyable.
抽象[ちゅうしょう];彼女のレビューは何だか抽象的だったので、あまりよく分かりませんでした。;Sa critique était un peu abstraite, donc je ne l'ai pas vraiment comprise.
奮起[ふんき];彼女の一言が、彼を奮起させ、受験勉強をさせた。;Son seul mot l'a poussé à étudier pour le test.
無[ぶ];彼女の援助を求めても無駄である。;Il est inutile de lui demander de l'aide.
尊重[そんちょう];彼女の気持ちを尊重したい;Je veux respecter ses sentiments
動揺[どうよう];彼女の自然な美しさと魅力的な笑顔に息も出来なくなり、会議中ずっと動揺していました。;Sa beauté naturelle et son charmant sourire m'ont coupé le souffle et je tremblais pendant la rencontre.
障る[さわる];彼女の金切り声が時々癪に障るんだよね。;Parfois, sa voix aiguë peut être vraiment irritante.
陶芸[とうげい];彼女の陶芸作品のルーツは、日本文化にあります。;Ses œuvres en céramique ont des racines dans la culture japonaise.
選択[せんたく];彼女は、仕事か恋人かの選択に迷った。;Elle a hésité dans le choix entre le travail et son petit ami.
墨絵[すみえ];彼女は、完成したと同時にその墨絵を真っすぐ立てました。;Dès qu'elle a terminé la peinture à l'encre, elle l'a posée.
憂い[うれい];彼女は、憂いを帯びた顔でこちらを見ていた。;Elle regarda dans cette direction avec une expression triste sur son visage.
虜[とりこ];彼女は、毎日ブログで男を虜にするテクニックについて書いています。;Elle écrit sur son blog tous les jours sur les techniques pour captiver les hommes.
粗野[そや];彼女は、決して他人に対して粗野に振る舞うことがなかった。;Elle n'a jamais traité une autre personne grossièrement.
兆候[ちょうこう];彼女は、私に下痢の兆候がきたと告げるやいなや、トイレに駆け込んでいった。;Elle m'a dit qu'elle avait des symptômes de diarrhée et s'est précipitée dans la salle de bain.
紫色[むらさきいろ];彼女はいつも制服の上に紫色のベストを着ている。;Elle porte toujours un gilet de couleur violette sur son uniforme scolaire.
踊り場[おどりば];彼女はクラブでベロベロに酔っ払い、踊り場でトロンとした目つきでろれつの回らない会話を繰り広げていた。;Elle s'est tellement saoulée dans un club que son discours sur la piste de danse était brouillé et que ses mouvements oculaires étaient plus lents que la normale.
輸血[ゆけつ];彼女はちょうど東京に向かおうとしていた矢先に交通事故に巻き込まれ、現在病院で輸血を受けている。;Elle a eu un accident de voiture alors qu'elle était sur le point de partir pour Tokyo, et maintenant elle reçoit une transfusion sanguine à l'hôpital.
熱烈[ねつれつ];彼女はどうやらお前の熱烈なファンみたいだな。;Elle semble être une fan passionnée de toi.
均整[きんせい];彼女はとても均整のとれた体形をしている.;Elle a un corps très bien proportionné.
除いて[のぞいて];彼女は厄介な仕事をうまくやってのけた…あることを除いて、だが。;Elle a réussi à bien faire ces tâches délicates... à part ça.
三つ星レストラン[みっつぼしレストラン];彼女は四つ星レストランの料理人だ。;Elle est chef dans un restaurant quatre étoiles.
単純[たんじゅん];彼女は子供の様に単純だ。;Elle est simple comme un enfant.
跳ぶ[とぶ];彼女は完璧なトリプルアクセルを跳んだのに、スコアはあまり伸びなかった。;Elle a exécuté un triple axel parfait, mais son score n'était pas très bon.
煮物[にもの];彼女は小食ですが、煮物ならモリモリ食べます。;C'est une mangeuse légère, mais quand il s'agit de plats mijotés, elle mange avec appétit.
著作[ちょさく];彼女は少なくとも五十は著作があります。;Elle a publié pas moins de 50 livres.
尼[あま];彼女は尼さんなのにお酒をたくさん飲みます。;Même si elle est nonne, elle est une grande buveuse.
慈愛[じあい];彼女は慈愛に満ちた微笑を僕に向けた。;Elle tourna vers moi son sourire affectueux.
貞節[ていせつ];彼女は最後まで貞節を守ったんだ。;Elle a protégé sa chasteté jusqu'à la fin.
徳川[とくがわ];彼女は歴女で、徳川幕府にはとても精通しています。;Elle aime l'histoire japonaise et connaît très bien le shogunat Tokugawa.
清い[きよい];彼女は清い心を持っており、人々をとても思いやります。;Elle a un cœur pur et est très attentionnée envers les autres.
隠匿[いんとく];彼女は犯人を隠匿していたんだよ。;Elle a caché le criminel.
平衡[へいこう];彼女は突然体の平衡を失い、ひっくり返った。;Elle a soudainement perdu l'équilibre et s'est renversée.
紛れもない[まぎれもない];彼女は紛れもない田舎っぺの女の子だ。;C'est une paysanne indubitable.
水彩画[すいさいが];彼女は素晴らしい水彩画家だそうですよ。;Elle est censée être une aquarelliste incroyable.
探偵[たんてい];彼女は結局探偵になりました。;Elle a fini par devenir détective privé.
浴衣[ゆかた];彼女は自分の古い考え方にしがみついて、毎晩パジャマの代わりに浴衣を着て過ごした。;Elle s'est accrochée à ses anciennes façons de penser et portait un yukata au lieu d'un pyjama tous les soirs.
更生[こうせい];彼女は自分の息子は更生の見込みがあると信じている。;Elle croit qu'il y a un espoir de réhabilitation pour son fils.
画廊[がろう];彼女は自分の画廊を開いた。;Elle a ouvert sa propre galerie de photos.
軟禁[なんきん];彼女は自宅軟禁下に置かれました。;Elle a été assignée à résidence.
観念[かんねん];彼女は芸術においては素晴らしい美の観念を持っているのに、どうしてあんなに不細工な男性と付き合っているのかが理解できない。;Elle a un sens aigu de la beauté pour l'art, donc je ne comprends pas comment elle sort avec un gars aussi laid.
誤算[ごさん];彼女は英語がペラペラだと思ったが、とんだ誤算だった。;J'avais tort de penser qu'elle parlait un anglais correct.
摘む[つむ];彼女は薔薇の花びらを一枚一枚丁寧に手で摘んでいきます。;Elle cueille soigneusement chaque pétale de rose à la main.
蝶々[ちょうちょう];彼女は蝶々のように自由な女性でした。;C'était une femme aussi libre qu'un papillon.
豊満[ほうまん];彼女は豊満な胸をもっており、いつも美しい谷間を覗かせている。;Elle a des seins pleins et a toujours un beau décolleté.
凍結[とうけつ];彼女は道路の凍結についてよく文句を言っています。;Elle se plaint souvent des routes gelées.
霊感[れいかん];彼女は非常に霊感の強い霊能力者で、あの世の人と話をすることができます。;C'est une personne spirituelle avec un fort sixième sens et elle peut parler aux gens de l'autre côté.
大間違い[おおまちがい];彼女をデートに誘ったが、それは大間違いだった。;Je lui ai demandé de sortir avec moi, mais c'était une grosse erreur.
恥辱[ちじょく];彼女を雑誌の表紙に起用することは、恥辱を受けるようなものです。;L'utiliser pour la couverture de notre magazine, c'est comme le couvrir de honte.
奉行[ぶぎょう];彼氏がいつも鍋奉行をしてくれます。;J'ai toujours laissé mon copain s'occuper du nabe.
幻滅[げんめつ];彼氏が道端で立ちションしてるのを見ちゃってさ。もう、完璧に幻滅した。;J'ai vu mon copain pisser dans la rue et j'ai été complètement désabusée.
束縛[そくばく];彼氏の束縛が厳しいんだよね。;Le confinement de mon copain est trop sévère.
舞う[まう];彼氏の部屋、埃がすっごい舞ってて最悪だったんだけど、綺麗な花びらが舞っているんだって思い込むように頑張ってみたさ。ま、無理だったけど。;Dans la chambre de mon petit ami, un tas de poussière voletait et c'était dégoûtant, alors j'ai essayé d'imaginer que c'étaient de beaux pétales qui voletaient à la place. Cela n'a pas fonctionné.
勘違い[かんちがい];待[ま]ち 合[あ]わせは２ 時[じ]だと 勘違[かんちが]いしていました。;Je pensais à tort que la réunion était à deux heures du matin.
銘柄[めいがら];後どれくらいでお客さんに推奨する銘柄が決まりそうですか。;Combien de temps vous faudra-t-il pour décider quelle marque recommander à votre client ?
を免れる[をまぬかれる];後部座席に座ってシートベルトを締めていたので、私達は重傷を免れました。;Nous avons évité des blessures graves parce que nous étions assis à l'arrière et que nous portions nos ceintures de sécurité.
徐々に[じょじょに];徐々[じょじょ]は 段々[だんだん]と 言[い]う 意味[いみ]です。;Graduellement veut dire petit à petit.
厳禁[げんきん];従業員同士の私語は厳禁です。;Les conversations privées avec des collègues sont strictement interdites.
微生物[びせいぶつ];微生物学の専門家は何時に来る予定ですか。;À quelle heure est prévu le spécialiste en microbiologie ?
歌謡曲[かようきょく];心に残る昭和の歌謡曲ベスト100のリストが公表されました。;Une liste des 100 meilleures chansons populaires les plus inoubliables de l'ère Showa a été annoncée.
奥底[おくそこ];心の奥底でほくそ笑みました。;Je ris du plus profond de mon cœur.
扱う[あつかう];心理学[しんりがく]は 人間[にんげん]の 感情[かんじょう]を 扱[あつか]う。;La psychologie traite des émotions humaines.
刃[は];心配は要りませんよ、患者さん。私のこの手術用メスの鋭い刃で、すぐに盲腸を取ってあげますからね。;Ne vous inquiétez pas, mon patient. Je peux retirer immédiatement votre appendice avec la lame tranchante de mon scalpel chirurgical.
心配事[しんぱいごと];心配事をわらいとばしてくれてありがとう。;Merci d'avoir ri de mes soucis.
忌[き];忌が明けたら、みんなで旅行でも行きましょうか。;Quand le deuil sera terminé, partirons-nous tous en voyage ?
快適[かいてき];快適な椅子に座ると、勉強しやすくなります。;S'asseoir sur une chaise confortable facilite l'étude.
握り[にぎり];怒ったコウイチは、握りこぶしで机をバンバン叩いた。;Angry Koichi frappa sur le bureau avec ses poings serrés.
露出[ろしゅつ];思い直して、肌の露出が激しいドレスを着るのは控えることにしました。;J'y pensai mieux et m'abstins de porter une robe aussi révélatrice.
坂[さか];急[きゅう]な 坂[さか] 道[みち]を 上[のぼ]った。;J'ai gravi une route pentue abrupte.
目眩[めまい];急[きゅう]に 立ち上[たちあ]がったら、 目眩[めまい]がした。;Je me suis levé trop vite et j'ai eu des vertiges.
酌む[くむ];急いでバケツに水を酌んできてください。;Veuillez verser de l'eau dans ce seau rapidement.
書き込む[かきこむ];急いで申込書に書き込んだ方がいいよ。あと十分で事務所は閉まっちゃうんだから。;Vous feriez mieux de vous dépêcher et de remplir une demande. Le bureau fermera dans dix minutes.
告げる[つげる];恋人に別れを告げました。;Je dis adieu à ma copine.
掌握[しょうあく];恐らく気づいていないと思うが、コウイチ大統領は全てを掌握しているんだよ。;Vous ne l'avez probablement pas remarqué, mais le président Koichi détient le pouvoir absolu.
恐竜[きょうりゅう];恐竜の化石を見つけるのに一番いい方法はなんでしょうか。;Quelle est la meilleure façon de trouver des fossiles de dinosaures ?
恒久[こうきゅう];恒久の平和を祈っています。;Je prie pour la paix perpétuelle.
遂行[すいこう];恥ずかしいことに、その任務の遂行に失敗してしまいました。;Je suis gêné d'avoir échoué dans l'exécution de la mission.
中学校[ちゅうがっこう];息子[むすこ]の 中学校[ちゅうがっこう]は 家[いえ]から５ 分[ふん]です。;Le collège de mon fils est à cinq minutes de notre maison.
協会[きょうかい];息子が折角コツコツためたお金は、協会ひの支はらいに消えてしまいました。;Tout l'argent que mon fils a travaillé si dur pour économiser lentement a été utilisé pour payer ses cotisations syndicales.
尊い[とうとい];息子に、「命ってどれくらい尊いの？」なんて聞かれちゃってさ。言葉に窮しちゃったよ。;Mon fils m'a demandé quelque chose comme : « À quel point la vie est-elle précieuse ? J'ai eu du mal à lui répondre.
落胆[らくたん];息子は、受験に失敗して落胆しているんだ。;Mon fils a échoué à un examen et est découragé.
皮膚病[ひふびょう];息子は皮膚病を患っています。;Mon fils souffre d'une maladie de peau.
坊主[ぼうず];息子よ。現実的になれ。いい加減俺の後を継いで坊主になったらどうなんだ？;Hé, fils. Vous devez être réaliste. N'est-il pas temps que vous suiviez mes traces et que vous deveniez un prêtre bouddhiste ?
悔しい[くやしい];悔[くや]しい！;C'est vexant ! c'est rageant !
湧く[わく];悔し涙が湧きました。;Des larmes amères ont coulé.
悠久[ゆうきゅう];悠久な大自然で、人生について色々なことを考えてみました。;J'ai pensé à diverses choses sur la vie humaine dans l'éternité de mère nature.
患者[かんじゃ];患者[かんじゃ]は 眠[ねむ]っています。;Le patient dort.
豆腐[とうふ];悪[わる]いけどお 豆腐[とうふ] 買[か]ってきてくれない？;Je ne devrais pas demander, mais pourriez-vous me trouver du tofu?
悪影響[あくえいきょう];悪影響が自分の子どもにまで及んでいたことに気が付き、彼女は泣き出した。;Elle a pleuré en réalisant que sa mauvaise influence se répercutait sur ses enfants.
悪霊[あくりょう];悪霊がいると聞いたので、トンネルの中ではスピードを上げて運転しました。;Elle a conduit à toute vitesse dans le tunnel parce qu'elle a entendu dire qu'il y avait un esprit maléfique à l'intérieur.
遭遇[そうぐう];悲惨な交通事故に遭遇しました。;J'ai été victime d'un tragique accident de la circulation.
惑う[まどう];惑う鹿がぐるぐる回っていたので、首を銃で撃ち抜いた。;Le cerf perplexe tournait en rond, alors nous lui avons tiré dans le cou.
惨事[さんじ];惨事を招くことは避けたい。;Je veux éviter de provoquer une catastrophe.
意外[いがい];意外にも彼は独身です。;Étonnamment, il est célibataire.
愚痴[ぐち];愚痴ばかり言っても、何も変わらないよ。;Si vous ne parlez que de vaines plaintes, rien ne changera.
唱歌[しょうか];愛国唱歌は聴きたくないね。;Je ne veux pas écouter la chanson patriotique de l'école.
愛国心[あいこくしん];愛国心がやたらに強い男が、トーフグに入社しました。;Un homme très patriote est entré à Tofugu.
愛知県[あいちけん];愛知県には、美しい梅林があります。;Il y a un magnifique bosquet d'ume dans la préfecture d'Aichi.
感慨[かんがい];感慨がこめられた彼女の歌声に感動しました。;J'ai été profondément ému par les sentiments forts de sa voix quand elle chantait.
台湾[たいわん];感染源を台湾のアヒルの群れだと突き止めました。;Nous avons retracé la source de l'infection et c'était un troupeau de canards à Taïwan.
慰謝料[いしゃりょう];慰謝料をよこせと脅されています。;Ils nous menacent d'envoyer une compensation.
慶弔[けいちょう];慶弔用の礼服は持っているのか。;Avez-vous une tenue de cérémonie pour la célébration et les condoléances ?
慶祝[けいしゅく];慶祝の意を表して、乾杯！;Pour montrer nos félicitations, un toast!
憂国[ゆうこく];憂国の若きサムライたちよ、今こそ立ち上がれ！;Jeunes guerriers du patriotisme, c'est le moment de se lever !
憲政[けんせい];憲政の危機って何ですか。;Qu'est-ce qu'une crise constitutionnelle ?
成人式[せいじんしき];"成人式[せいじんしき;n3] に は たくさん[;n3] の 人[ひと;h] が 着物[きもの;h] を 着[き,きる;h]ます 。";De nombreuses personnes portent un kimono lors de la cérémonie de passage à l'âge adulte.
功績[こうせき];成功が誰の功績かを判断するのは難しい。;Il est difficile de décider qui mérite le crédit pour le succès.
効果的な[こうかてきな];成果主義の給与制度は、良い社員を引き込む最も効果的で公平な方法である。;Les salaires basés sur la performance sont les moyens les plus efficaces et les plus justes d'attirer de bons travailleurs.
成熟[せいじゅく];成熟した女性の脳と成熟した男性の脳の相違点について、論文を書いています。;J'écris un article sur les différences entre le cerveau féminin mature et le cerveau masculin mature.
成績[せいせき];成績[せいせき]が 上[あ]がりました。;Les notes ont augmenté.
地域社会[ちいきしゃかい];我々[われわれ]は 地域社会[ちいきしゃかい]について 考[かんが]えないといけない。;Nous devons réfléchir pour la communauté.
当たり前[あたりまえ];我々[われわれ]は 彼[かれ]が 成功[せいこう]したのは 当たり前[あたりまえ]だと 思[おも]った。;Nous avons pris son succès pour acquis.
被害者[ひがいしゃ];我々[われわれ]は 水害[すいがい]の 被害者[ひがいしゃ]に 食物[しょくもつ]と 衣類[いるい]を 支給[しきゅう]した。|事故[じこ]の 被害者[ひがいしゃ]は、 大怪我[おおけが]をしたらしい。;Nous avons fourni aux victimes des inondations de la nourriture et des vêtements.
深める[ふかめる];我々[われわれ]は 親睦[しんぼく]を 深[ふか]めた。;Nous avons renforcé notre amitié.
危うく[あやうく];我々[われわれ]はあやうく 凍死[とうし]するところだった。;Nous étions à moitié mort de froid.
啓蒙[けいもう];我々が大衆を啓蒙するのです。;Nous éclairons le grand public.
血脈[けつみゃく];我々の血脈を絶やさせるべきではない。;Nous ne devrions pas permettre à notre lignée de s'éteindre.
総体的[そうたいてき];我々は、お客様に総体的に満足して頂けるよう努力しています。;Nous nous concentrons sur la satisfaction globale de nos clients.
沖縄県[おきなわけん];我々は、人々が沖縄県から去るのを食い止めた。;Nous avons empêché tout le monde de quitter la préfecture d'Okinawa.
探究[たんきゅう];我々はその原因を探究している。;Nous recherchons la cause.
潜伏[せんぷく];我々はマフィアの潜伏捜査をすることになった。;Nous avons mené une enquête secrète sur la mafia.
還元[かんげん];我々は円高還元セールを実施します。;Nous allons avoir une forte vente de réduction du yen.
拠点[きょてん];我々は生産拠点を海外に移します。;Nous allons déplacer nos bases de production à l'étranger.
出くわす[でくわす];我[われわれ]々はニューヨークで 彼[かれ]らに 出[で]くわした。;Nous l'avons croisé (un homme) à New York.
凸版[とっぱん];我が社では、特殊な技術を用いて、樹脂凸版の直接製版を格安で行っています。;Dans notre entreprise, nous utilisons des techniques spéciales pour réaliser à moindre coût l'impression en relief sur résine et la fabrication directe de plaques.
受託[じゅたく];我が社にとってその受託契約を受注することがどんなに重要か、分かっているよな。;Savez-vous à quel point nous avons désespérément besoin du contrat de courtage ?
顕著[けんちょ];我が社の業績は顕著に回復しています。;Les résultats de notre entreprise connaissent un redressement remarquable.
担う[になう];我が社の純利益は前年比で70％も上昇したが、それを達成するために私が重要な役割を担ったんだ。;Les bénéfices de mon entreprise ont grimpé de 70 % par rapport à l'année dernière et j'ai joué un rôle important dans la réalisation de cet objectif.
米穀[べいこく];我が社は、米国で米穀を売っています。;Mon entreprise vend du riz aux États-Unis.
享受[きょうじゅ];我が社は円安の恩恵をもろに享受しているんだ。;Notre entreprise profite des avantages du yen bon marché.
優先[ゆうせん];我が社は新しいベーコンフレーバーの開発を優先するべきだ。;Nous devrions mettre la priorité sur le développement d'une nouvelle saveur de bacon.
中尉[ちゅうい];我が軍の中尉が敵軍に拉致され、処刑されました。;Le premier lieutenant de notre armée a été capturé par l'ennemi et exécuté.
自民党[じみんとう];我らが自民党が今年は熱いな。もう誰も我々のことを「愚民党」なんて呼ぶことはないだろう。;Notre Parti libéral démocrate est en vogue cette année. Personne ne nous appellerait plus le Parti Démocratique Loopy.
我[われ];我関せずって感じのアイツの態度、超嫌なんだけど。;Je déteste la façon dont il agit comme s'il s'en fichait.
戦禍[せんか];戦禍を逃れて田舎に疎開した。;Nous avons échappé aux ravages de la guerre et évacué vers la campagne.
戯れ[たわむれ];戯れに文章を綴っただけなのに、賞を獲ってしまった。;Même si je ne l'ai écrit que pour plaisanter, j'ai gagné un prix.
戸口[とぐち];戸口に手ぶくろがおちていました。;Un gant est tombé dans l'embrasure de la porte.
無秩序[むちつじょ];戸棚の中には、何千本というマニキュアが無秩序に並べられていた。;Des milliers de bouteilles de vernis à ongles sont désordonnées alignées dans le placard.
戻り道[もどりみち];戻り道がどれだか分からなかったんです。;Je ne savais pas quel chemin était le chemin du retour.
所長[しょちょう];所長[しょちょう]が 出[でかけ]かけている 間[あいだ]、 事務所[じむしょ]の 責任者[せきにんしゃ]は 誰[だれ]になるのですか。;Qui est responsable du bureau lorsque le patron est absent?
手荷物[てにもつ];手荷物を忘れてませんか？;Avez-vous oublié votre bagage à main?
経過[けいか];手術[しゅじゅつ] 後[ご]の 経過[けいか]は 順調[じゅんちょう]です。;Ma condition s'améliore après l'opération chirurgicale.
盲腸[もうちょう];手術で盲腸を取ってしまいました。;Mon appendice a dû être enlevé chirurgicalement.
癒着[ゆちゃく];手術後の癒着リスクについて、きちんと説明はなされましたか。;Les risques d'adhésion après chirurgie vous ont-ils été expliqués avec précision ?
手頃[てごろ];手頃な値段ですね。;C'est un prix raisonnable, n'est-ce pas ?
扶養[ふよう];扶養の範囲内で働かせてください。;S'il vous plaît laissez-moi travailler à l'appui.
挑発[ちょうはつ];抗議者の一人が、警察を挑発するために火炎瓶を投げつけました。;Un manifestant a lancé un cocktail Molotov vers la police lors d'une émeute pour les provoquer.
折り畳み[おりたたみ];折り畳[おりたた]み 傘[がさ]を 持[も]って 出[で]かけた。;J'ai pris un parapluie pliant quand je suis sorti.
芸能界[げいのうかい];折角東京まで行ったのに、芸能界には入れなかった。;Je suis allé jusqu'à Tokyo, mais je n'ai pas pu entrer dans l'industrie du showbiz.
押しボタン[おしボタン];押しボタン式のドアでも、自動ドアって呼ぶのかな。;Si vous devez appuyer sur un bouton pour ouvrir les portes, pouvez-vous toujours les appeler des portes automatiques ?
拍子[ひょうし];拍子抜けしてしまったよ。;Eh bien, c'était décevant.
将棋[しょうぎ];指せば指すほど将棋が好きになります。;Plus je joue, plus j'aime le shogi.
指圧[しあつ];指圧はストレスや不安を和らげてくれます。;Le massage shiatsu peut aider à lutter contre le stress et l'anxiété.
挿話[そうわ];挿話を十カテゴリーに分類する予定です。;Nous allons trier ces épisodes en dix catégories.
化繊[かせん];掃除には、化繊箒を使っています。;J'utilise un balai en fibres synthétiques pour balayer.
懇談[こんだん];授業参観日の先生との懇談の間、彼女はずっとハンカチを握りしめてていました。;Elle serrait fermement son mouchoir tout au long de la conversation amicale avec le professeur le jour des parents.
授業料[じゅぎょうりょう];授業料[じゅぎょうりょう]は 本月[ほんげつ]２５ 日[にち] 限[かぎ]り 納付[のうふ]の 事[こと]。;Les frais de scolarité doivent être payés au plus tard le 25 de ce mois.
納入[のうにゅう];授業料の納入期限はどこに書いてありますか。;Où est écrite la date d'échéance du paiement des frais de scolarité?
掌[てのひら];掌サイズの小さな電子辞書を買いました。;J'ai acheté un petit dictionnaire électronique de la taille d'une paume.
研修[けんしゅう];採用[さいよう]が 決[き]まって、すぐに 研修[けんしゅう]が 始[はじ]まる。;Une fois votre emploi décidé, votre formation commence immédiatement.
託す[たくす];探偵を託して写真を全部渡したのが間違いでした。;C'était une erreur de confier toutes les photos à ce détective.
控え[ひかえ];控えの選手には誰がいたっけ？;C'est qui le joueur réserve ?
搬送[はんそう];搬送作業時に左肩を脱臼してしまいました。;Je me suis disloqué l'épaule gauche alors que j'effectuais des travaux de convoyage.
携帯電話[けいたいでんわ];携帯の電源を入れるには、電源ボタンを五秒間長押しする必要があります。;Pour allumer votre téléphone portable, vous devez appuyer sur le bouton d'alimentation pendant cinq secondes.
弁償[べんしょう];撮影中に漁師さんの網を誤って破いてしまったため、弁償しなくてはならなかった。;J'ai déchiré les filets d'un pêcheur par erreur en prenant des photos, j'ai donc dû le rembourser.
改めて[あらためて];改[あらた]めてあなたのご 意見[いけん]を 聞[き]かせてください。;S'il vous plaît laissez-moi entendre votre opinion de nouveau.
改善[かいぜん];改善のため今も研究は続いている。;Des recherches sont toujours en cours pour des améliorations.
殊勲[しゅくん];攻守ともに殊勲を立てました。;L'attaque et la défense ont joué avec distinction.
放射[ほうしゃ];放射冷却のせいで今朝起きた時はものすごい冷え込みだったよ。;Il faisait très froid quand je me suis levé ce matin à cause du refroidissement par rayonnement.
及ぼす[およぼす];放射能汚染は人体にどのような影響を及ぼすと考えられているのでしょうか。;Selon les gens, quel effet la contamination radioactive a-t-elle sur le corps humain ?
二枚舌[にまいじた];政治家達の二枚舌の政さくにはもううんざりだよ。;J'en ai vraiment marre des politiques trompeuses des politiciens.
献金[けんきん];政治献金としていくらかお金を包んだ。;J'ai emballé de l'argent comme don politique et je le leur ai donné.
住み着く[すみつく];数年[すうねん] 後[あと]、ヨーロッパ人たちは 沿岸[えんがん]の 植民地[しょくみんち]に 住み着[すみつ]いた。;Des années plus tard, les Européens ont établi des colonies dans les zones côtières.
数年[すうねん];数年がすぎさった。;Plusieurs années ont passé.
数日[すうじつ];数日[すうじつ] 留守[るす]にします。;Je quitte la ville pour quelques jours.
埋没[まいぼつ];整形手術で二重の埋没手術をしました。;J'ai eu des paupières doubles implantées chirurgicalement avec la chirurgie plastique.
奇襲[きしゅう];敵の奇襲を予想できなかった。;On ne s'attendait pas à l'attaque surprise de notre rival.
艦隊[かんたい];敵の艦隊からもっと激しい抵抗があると思っていたので、なんだか拍子抜けです。;Je m'attendais à une résistance plus forte de la part de la flotte navale ennemie, donc je suis un peu déçu.
陣営[じんえい];敵の陣営が見えてくると、恐怖を感じ始めました。;Une fois que le camp ennemi est apparu, j'ai commencé à avoir peur.
縦書[たてがき];文章を縦書にしたいんです。;Je veux écrire des compositions en utilisant une écriture de style vertical.
楓糖[ふうとう];料理には砂糖の代わりに楓糖を使うことが多いです。;J'utilise souvent du sucre d'érable au lieu du sucre dans ma cuisine.
世紀[せいき];新[あたら]しい 世紀[せいき]の 始[はじ]まりです。;C'est le début d'un nouveau siècle.
見付ける[みつける];新[あたら]しい 仕事[しごと]を 見[み]つけました。;J'ai trouvé un nouvel emploi.
手帳[てちょう];新[あたら]しい 手帳[てちょう]を 買[か]いました。;J'ai acheté un nouveau carnet.
法律[ほうりつ];新[あたら]しい 法律[ほうりつ]ができた。;Une nouvelle loi a été adoptée.
洗濯機[せんたくき];新[あたら]しい 洗濯[せんたく] 機[き]を 買[か]いました。;J'ai acheté une nouvelle machine à laver.
資料[しりょう];新[あたら]しい 資料[しりょう]を お送[おく]てください。;Veuillez m'envoyer de nouveaux documents.
遣跡[いせき];新[あたら]しい 遺跡[いせき]で 未[み] 発掘[はっくつ]はいくつだったのですか。;Combien de nouveaux sites ont été découverts?
電池[でんち];新[あたら]しい 電池[でんち]を 入[い]れましょう。;Mettons une nouvelle batterie.
新政権[しんせいけん];新[しん]サービスの 料金[りょうきん] 設定[せってい]はマーケティング 部[ぶ]が 行[おこな]う。;Le service marketing est responsable de la tarification des nouveaux services.
随時[ずいじ];新しい情報が入れば、随時ご連絡致します。;Si de nouvelles informations arrivent, contactez-moi à tout moment.
純毛[じゅんもう];新しい純毛のセーター、チクチクして痒いんだよね。;Mon nouveau pull tout en laine me pique et me démange.
配偶者[はいぐうしゃ];新しい配偶者を探そうかとずっと考えているんです。;J'ai pensé à chercher un nouveau conjoint.
評判[ひょうばん];新しく出版された雑誌は、評判がいい。;Le magazine récemment publié jouit d'une bonne réputation.
回転ずし[かいてんずし];新しく回転ずしのお店がオープンした。;Un nouveau magasin de sushis à bande transporteuse a ouvert ses portes.
新婚旅行[しんこんりょこう];新婚旅行でハワイに行くのが待ちきれないよ～。円高の恩恵にあやかって、お金使い果たすぐらい買い物しまくるつもり！笑;J'ai hâte d'aller à Hawaii pour ma lune de miel ! Le yen est élevé, donc je vais dépenser tout mon argent pour faire du shopping. Haha.
批准[ひじゅん];新戦略兵器削減条約の批准を最優先課題としています。;La ratification de New START est une question hautement prioritaire.
必需品[ひつじゅひん];新生児にとっての必需品って何だろう。;Je me demande quelles sont les nécessités pour un nouveau-né.
傍ら[かたわら];新聞局で働く傍ら、夜間学校に通っています。;Pendant que je travaillais au bureau du journal, j'ai suivi des cours du soir.
紋[もん];新郎が紋付袴を着ている写真はありますか。;Y a-t-il une photo du marié portant le hakama à crête ?
新陳代謝[しんちんたいしゃ];新陳代謝がアップするエクササイズをご紹介します。;Je vais vous présenter un exercice qui améliore mon métabolisme.
粉状[ふんじょう];新鮮な鷹の爪があるので粉状の唐辛子にしたいなと思っているんですが、やり方がよく分かりません。;J'ai un piment rouge frais mais je veux du piment en poudre et je ne sais pas comment faire.
荷札[にふだ];旅行かばんに付ける荷札をさがしています。;Je cherche une étiquette à mettre sur ma valise.
支度[したく];旅行の支度をしています。;Je fais les préparatifs du voyage.
概算[がいさん];旅行費用の概算を教えてもらえますか。;Pourriez-vous me donner une estimation approximative des frais de déplacement?
煩忙[はんぼう];日々の煩忙から逃れ、ハワイにやって来ました。;J'ai échappé à ma vie quotidienne trépidante et je suis venu à Hawaï.
東[ひがし];日[ひ]は 東[ひがし]から 上[のぼ]ります。;Le soleil monte à l'Est.
進化[しんか];日に日に進化してるのが実かんできて、うれしいです。;Je suis content de pouvoir reconnaître à quel point je progresse chaque jour.
農場[のうじょう];日よう日、小麦のしゅうかくを体験しに、農場へ行ってきました。;Je suis allé dans une ferme dimanche pour faire l'expérience de la récolte du blé.
推理[すいり];日付の書き方から、その脅迫状はアメリカ人によって書かれたものだと推理しました。;J'en ai déduit que la lettre intimidante avait été écrite par un Américain en raison de la façon dont la date était écrite.
搬出[はんしゅつ];日曜の夜七時までに全ての作品を搬出する必要があります。;Nous devons effectuer tous nos travaux avant 19 heures le dimanche soir.
組み立てる[くみたてる];日曜日[にちようび]に 本棚[ほんだな]を 組[く]み 立[た]てます。;J'ai monté l'étagère dimanche.
紺[こん];日本[にっぽん]の 制服[せいふく]は 紺[こん]が 多[おお]いね。;Beaucoup d'uniformes scolaires au Japon sont bleu marine.
石油[せきゆ];日本[にっぽん]は 石油[せきゆ]のほとんどを 輸入[ゆにゅう]しています。;Le Japon importe la plus grande partie de son pétrole.
経度[けいど];日本[にほん]とオーストラリアはほぼ 同[おな]じ 経度[けいど]にある;Le Japon et l'Australie ont à peu près la même longitude.
縦[たて];日本[にほん]の 新聞[しんぶん]はふつう 縦[かて]に 書[か]いてある。;Les journaux japonais sont d'ordinaire écrits verticalement.
光熱費[こうねつひ];日本[にほん]は 光熱費[こうねつひ]が 高[たか]い。;Les dépenses de chauffage et d'électricité sont élevées au Japon.
地震[じしん];日本[にほん]は 地震[じしん]が 多[おお]いです。;Il y a beaucoup de tremblements de terre au Japon.
大量[たいりょう];日本[にほん]は 紙[かみ]を 大量[たいりょう]に 消費[しょうひ]する。;Le Japon consomme beaucoup de papier.
借款[しゃっかん];日本が多くの国に円借款を提供しているのはご存知ですか。;Saviez-vous que le Japon propose des prêts internationaux en yen à de nombreux pays ?
鎖国[さこく];日本が鎖国していたのはいつですか。;Quand le Japon était-il dans l'isolement national ?
時候[じこう];日本では、通常手紙は時候の挨拶から書き始められる。;Les gens commencent généralement les lettres par une salutation saisonnière au Japon.
遠距離[えんきょり];日本では、遠距離通学や遠距離通勤はよくあることです。;Au Japon, il est assez courant d'avoir un long trajet pour se rendre à l'école ou au travail.
遺伝[いでん];日本では、遺伝子組み換え食品にはパッケージへの表示が義務づけられています。;Au Japon, vous êtes obligé d'indiquer si les aliments sont génétiquement modifiés sur l'emballage.
銅山[どうざん];日本では、銅山は次々に閉山していっています。;Au Japon, les mines de cuivre ferment les unes après les autres.
偽る[いつわる];日本では「言わぬが花」だと聞いたので、日本にいる間中自分は口がきけないと偽りました。;"J'ai entendu ""le silence est une vertu"" au Japon, alors j'ai prétendu que j'étais incapable de parler pendant que j'étais là-bas."
限定販売[げんていはんばい];日本では三台のみの限定販売になるそうなんだが、寝台車付き特急の実物大型模型を買おうか迷っているんだよ。;Je pense acheter un modèle grandeur nature d'un train express limité avec des traverses, mais ils sont en édition limitée et seulement trois seront vendus au Japon.
一括[いっかつ];日本では焼き菓子作りとか料理の計量方法が違うんだよね。いっそ世界中の計量方法が一括で同じだったらいいのにね。;Au Japon, ils utilisent une méthode de mesure différente pour la cuisson des bonbons et la cuisine. Je pense qu'il serait préférable d'avoir une seule façon de mesurer dans le monde entier.
仏像[ぶつぞう];日本で仏像を買ったら、申告しないといけませんか？;Dois-je déclarer si j'achète une statue de Bouddha au Japon ?
最深[さいしん];日本で最深な地下鉄は、地下48ｍの場所がある大え戸線です。;La ligne de métro la plus profonde du Japon est la ligne Oedo, qui descend jusqu'à 48 mètres sous terre.
陪審[ばいしん];日本で陪審裁判が導入された経緯を教えてください。;S'il vous plaît, apprenez-moi tout sur l'introduction des procès devant jury au Japon.
過疎[かそ];日本には、過疎に悩む地域がたくさんあります。;Il y a beaucoup de zones troublées par le dépeuplement au Japon.
利潤[りじゅん];日本には資源超過利潤税は無かったと思うよ。;Je ne pense pas qu'il y ait une taxe sur les super bénéfices des ressources au Japon.
雑費[ざっぴ];日本の大学生の食費と雑費の平均はいくらぐらいですか。;Quel est le coût moyen de la nourriture et des dépenses diverses d'un étudiant japonais ?
臨海[りんかい];日本の学生の多くは、夏に臨海学校に行く事を経験します。;De nombreux étudiants japonais font l'expérience d'aller dans des écoles en bord de mer pendant l'été.
景況[けいきょう];日本の景況感が大きく上向くのは、まだまだ先のことだろう。;Ce n'est que dans un avenir lointain que la situation du Japon s'envolera.
老齢[ろうれい];日本の老齢年金の仕組みについてご説明してもらえませんでしょうか。;Pourriez-vous, s'il vous plaît, m'expliquer la structure de la pension de vieillesse du Japon ?
飽食[ほうしょく];日本は、戦後の食料不足から飽食の時代へ大きく変わりました。;Le Japon a fait un énorme changement de la pénurie alimentaire d'après-guerre à une période de gourmandise.
惨敗[ざんぱい];日本はワールドカップで惨敗してしまった。;Le Japon a subi un échec cuisant à la Coupe du monde.
州[す];日本は満州の支配を望んだ。;Le Japon souhaitait contrôler la Mandchourie.
一夫多妻[いっぷたさい];日本もかつては一夫多妻がみとめられていました。;Le Japon approuvait aussi la polygamie.
先輩[せんぱい];日本人[にっぽんじん]は 先輩[せんぱい]後輩[こうはい]の 関係[かんけい]をとても 大切[たいせつ]に 考[かんが]えます。;Les Japonais pensent que la relation entre senior et junior est très importante.
国益[こくえき];日本人の英会話力不足によって、将来国益が損なわれる可能性がある。;Le mauvais anglais des Japonais pourrait nuire aux intérêts nationaux à l'avenir.
入隊[にゅうたい];日本人男性がアメリカ軍に入隊することはできますか。;Un Japonais peut-il s'enrôler dans l'armée américaine ?
地殻[ちかく];日本列島は、千年に一度の大地殻変動期に突入しています。;Les îles japonaises sont apparues après des milliers d'années de déformation de la croûte terrestre.
豪傑[ごうけつ];日本史上、 最強の豪傑は誰だと思いますか。;Selon vous, qui est le plus grand héros de l'histoire du Japon ?
出没[しゅつぼつ];日本各地でクマが大量出没している。;Les ours apparaissent fréquemment en grande quantité dans tout le Japon.
在留[ざいりゅう];日本在留のアメリカ人と友達になりました。;Je me suis lié d'amitié avec un Américain qui résidait au Japon.
日本放送協会[にっぽんほうそうきょうかい];日本放送協会はいつでも見学できます。;On peut visiter la NHK n'importe quand.
累積[るいせき];日本政府が巨額の国債を累積していることについて、あなたはどのようにお考えですか。;Comment pensez-vous que le gouvernement japonais a accumulé une si grande quantité de dette nationale ?
隔月[かくげつ];日本文化の授業が隔月で開講されるんですが、今月は餅つきをする予定です。;Nous avons un cours de culture japonaise tous les deux mois et nous prévoyons de marteler du mochi ce mois-ci.
家畜[かちく];日本独特の家畜っていうのはいるんですか？;Y a-t-il du bétail unique au Japon ?
日本的[にほんてき];日本的なくらしにあこがれています。;J'aspire à une vie à la japonaise.
紡織[ぼうしょく];日本繊維産業は、綿紡織、化繊を中心として復興しました。;L'industrie textile japonaise a été relancée principalement par la filature et le tissage du coton et des fibres synthétiques.
排他[はいた];日本記者クラブはかなり排他的だよ。;Le club de la presse japonaise est assez exclusif.
零[れい];日本語[にほんご]のテストで零[れい]点[てん]を 取[と]った。;"J'ai pris un score ""vide"" au test de japonais."
複数形[ふくすうけい];日本語では英語に比べて単語を複数形にすることは少ないです。;En japonais, vous n'avez pas besoin de changer les choses au pluriel aussi souvent qu'en anglais.
数詞[すうし];日本語には数詞がたくさんありすぎて、ちょっとパニクってます。;Je panique un peu parce qu'il y a tellement de mots numériques en japonais.
訳語[やくご];日本語の中には、良い英語の訳語が無い時がある。;Pour certains mots japonais, il n'y a pas de bons équivalents en anglais.
悪例[あくれい];日本語を学ぶ時には、いい例だけでなく、悪例を学ぶことも必要です。;Lors de l'apprentissage du japonais, il est nécessaire d'apprendre à partir de bons exemples ainsi que de mauvais exemples.
極める[きわめる];日本語を極めるのは、生易しい事ではない。;Il n'est pas facile de maîtriser la langue japonaise.
尤も[もっとも];日本語を話せます。もっとも、少しだけですが。;Je peux parler japonais. Cependant, seulement un peu.
官営[かんえい];日本郵政をどうして官営から民営に変える必要があったのか、未だに分かりません。;Je ne comprends toujours pas pourquoi Japan Post devait passer d'une gestion gouvernementale à une gestion privée.
日欧[にちおう];日欧貿易に関する会議は、司会者の不在によって横道に逸れてしまった。;La réunion concernant les échanges entre l'Europe et le Japon a été détournée en raison de l'absence de l'animateur.
旦那[だんな];旦那は出張で今週ずっと留守にしています。;Le maître sera absent toute la semaine.
片付ける[かたづける];早[はや]く 部屋[へや]を 片付[かたづ]けなさい。;Dépêches-toi de ranger ta chambre.
昆布[こんぶ];昆布でだしを取りました。;J'ai fait du bouillon avec du kombu.
二つ[ふたつ];明日、二つ会議がある。;Il y aura deux réunions demain.
頑張る[がんばる];明日[あした]の 試験[しけん]頑張[がんば]ってね。;Bonne chance pour l'examen de demain.
忘年会[ぼうねんかい];明日[あした]は 会社[かいしゃ]の 忘年会[ぼうねんかい]があります。;L'entreprise aura une fête de fin d'année demain.
山登り[やまのぼり];明日[あした]は 友達[ともだち]と 山登[やまのぼ]りに 行[い]きます。;Je vais faire de l'alpinisme avec mon ami demain.
暇[ひま];明日[あした]は 暇[ひま]ですか。;Es tu libre demain ?
曇る[くもる];明日[あす]は 昼[ひる] 頃[ごろ]から 曇[くも]るでしょう。;Demain, à partir de midi environ, le temps devrait s'ennuager.
供える[そなえる];明日お墓に供える花を、帰りに買ってきてくれない？;Pouvez-vous acheter des fleurs à déposer sur les tombes demain en rentrant chez vous ?
社会福祉[しゃかいふくし];明日なら、家族の墓参りをした後に、その社会福祉施設に寄れなくもないよ。;Je pourrais m'arrêter au centre d'aide sociale après avoir visité les tombes de ma famille demain.
算数[さんすう];明日の算数のじゅぎょう、定ぎと分度きわすれずにね！;N'oubliez pas une règle et un rapporteur pour le cours de maths de demain.
身体[しんたい];明日は、学校で身体そくていがあります。;Il y aura des mensurations demain à l'école.
和尚[おしょう];昔々あるところに、水飴が大好きな和尚がおりました。;Il était une fois un grand prêtre qui adorait le sirop d'amidon.
杉[すぎ];昔[むかし]そこにはスギの 大木[たいぼく]があった。;Il y avait un grand cèdre là-bas.
租界[そかい];昔の上海とフランス租界について知りたいのなら、彼がそれについては詳しいよ。;Si vous voulez connaître l'histoire de la concession française de Shanghai, il en sait beaucoup.
冒険[ぼうけん];昔の子供たちは冒険小説をよく読みました。;Autrefois, les enfants lisaient souvent des romans d’aventures.
紡ぐ[つむぐ];昔はこうやって糸を紡いでいたんですよ。;Il y a longtemps, le fil était tissé de cette façon.
早乙女[さおとめ];昔は稲の苗を水田に植えつける女性のことを「早乙女」や「植女」と呼んでいました。;Autrefois, les femmes qui plantaient des plants de riz s'appelaient Saotome ou Ueme.
星占い[ほしうらない];星占[ほしうらな]いによると 彼女[かのじょ]と 僕[ぼく]はあまり 相性[あいしょう]がよくないようだ。;Selon les étoiles, elle et moi ne sommes pas censés avoir beaucoup d'alchimie entre nous.
鎮魂[ちんこん];星祭りは、平和を祈り、戦死者を鎮魂する儀式です。;Tanabata est un rituel pour prier pour la paix et donner du repos aux personnes tuées pendant la guerre.
冊[さつ];映画[えいが]に関[かん]する本[ほん]を4冊買[よんさつか]った;J'ai acheté quatre livres sur le cinéma.
評論[ひょうろん];映画の中で十歳の女の子が評論をしているのが可愛いのよね。;C'est tellement mignon de voir une fille de dix ans faire une critique dans un film.
参加者[さんかしゃ];映画好きのパーティーの最年長参加者は、なんと百歳だった。;Étonnamment, le participant le plus âgé de la soirée cinéphile avait 100 ans.
濠[ほり];春になると畑をほりかえして種をまきます。;Au printemps, nous labourons les champs et semons les graines.
曙[あけぼの];春の曙の空はいくら見ても見飽きません。;Peu importe combien de fois je vois l'aube dans le ciel printanier, je ne m'en lasse pas.
昨今[さっこん];昨今はあなたの様な大物にお目にかかれることはめったになくなりましたよ、コウイチさん。;De nos jours, il est très rare de rencontrer quelqu'un de grand comme vous, M. Koichi.
察知[さっち];昨夜、ビエトがコンピューターの不正利用を察知しました。;La nuit dernière, Viet a détecté une utilisation non autorisée des ordinateurs.
竜巻[たつまき];昨夜、竜巻警報が出て、停電にもなりました。;Il y a eu un avertissement de tornade et une panne de courant la nuit dernière.
埋もれる[うもれる];昨夜、雪が30cmも積もり、車が埋もれてしまいました。;La neige s'est accumulée à 30 centimètres d'épaisseur hier soir et ma voiture a été enterrée.
昨夜[ゆうべ];昨夜[ゆうべ]、 星[ほし]を 見[み]ました。;J'ai regardé les étoiles hier soir.
漁船[ぎょせん];昨夜漁船を盗まれました。;On m'a volé mon bateau de pêche hier soir.
大仏[だいぶつ];昨日、ならの大仏をおとずれました。;J'ai visité le Grand Bouddha à Nara hier.
不詳[ふしょう];昨日、年れい不詳な美人女性に出会ったんだ。;Hier, j'ai rencontré une belle femme d'âge inconnu.
中軸[ちゅうじく];昨日、珊瑚虫の中軸骨格を夢に見た。;La nuit dernière, j'ai rêvé du squelette axial d'un insecte corallien.
床屋[とこや];昨日[きのう] 床屋[とこや]で 髪[かみ]を 切[き]った。;Hier, je me suis fait couper les cheveux chez le coiffeur.
珍しい[めずらしい];昨日[きのう] 珍[めずら]しい 果物[くだもの]を 食[た]べました。;Hier, j'ai mangé des fruits rare.
孫[まご];昨日[きのう]、 孫[まご]が 生[う]まれました。;Mon petit-fils est né hier.
届く[とどく];昨日[きのう]、 父[ちち]から 手紙[てがみ]が 届[とど]いた。;J'ai reçu hier une lettre de mon père.
展覧会[てんらんかい];昨日[きのう]、 絵[え]の 展覧[てんらん] 会[かい]に 行[い]ってきました。;Hier, j'étais allé à une exposition de peintures.
元気[げんき];昨日[きのう]から 元気[げんき]になりました。;Je suis devenu en meilleure santé depuis hier.
胃[い];昨日[きのう]から 胃[い]が 痛[いた]い。;J'ai mal au ventre depuis hier.
其れで[それで];昨日[きのう]は 熱[ねつ]がありました。それで、 学校[がっこう]を 休[やす]みました。;Hier, j'avais de la fièvre. De ce fait, j'ai pris congé de l'école.
釣る[つる];昨日[きのう]大[おお]きな 魚[さかな]を 釣[つ]りました。;J'ai attrapé un gros poisson hier.
塗布[とふ];昨日は一日中石膏を乾式工法の壁に塗布していました。;J'ai appliqué du plâtre sur des cloisons sèches toute la journée d'hier.
草刈り[くさかり];昨日は俺が悪かったよ。本当にごめん。お詫びの印に、今日は草刈りをするよ。;Je suis vraiment désolé d'avoir été un con hier. Je vais tondre l'herbe aujourd'hui pour m'excuser.
廃墟[はいきょ];昨日廃墟で鬼ごっこをしたので、筋肉痛になりました。;J'ai des douleurs musculaires parce que j'ai joué au chat dans le bâtiment abandonné hier.
説明書[せつめいしょ];昨日買ったアイスクリームメーカーに説明書がついていませんでした。;Je ne comprends rien à ces explications de directions.
副題[ふくだい];昨晩、私の本にぴったりのすごくいい副題を思いついたの。;J'ai trouvé un sous-titre de tueur pour mon livre hier soir.
是非[ぜひ];是非[ぜひ]、うちに 来[き]てください。;Veuillez absolument venir chez moi.
皇族[こうぞく];時々電車は、皇族専用の駅に特別に止まることがあります。;Les trains font parfois un arrêt imprévu à une gare spéciale pour la famille impériale.
通信網[つうしんもう];時計が時刻を告げた瞬間、全ての通信網が途絶えました。;Au moment où l'horloge a annoncé l'heure, tous les réseaux de communication se sont arrêtés.
切り上げる[きりあげる];時間[じかん]が 切[き]れたので 会見[かいけん]を 早[はや]く 切り上[きりあ]げなければならなかった。;La conférence de presse a dû être interrompue prématurément car le temps était compté.
各駅停車[かくえきていしゃ];時間[じかん]がある 時[とき]は、 各駅停車[かくえきていしゃ]に 乗[の]る。;Quand j'ai du temps libre, je prends le train local.
遠回り[とおまわり];時間[じかん]があるから、ちょっと 遠回[とおまわ]りしてみよう。;Nous avons un peu de temps, alors prenons le chemin panoramique.
時限[じげん];時限爆弾がきちんと引き出しの中にしまわれていることを確認した。;Je me suis assuré que la bombe à retardement était soigneusement placée dans le tiroir.
普遍[ふへん];普遍的なテーマは、多くの人に受け入れられやすい。;Les thèmes universels sont facilement acceptés par de nombreuses personnes.
契約社員[けいやくしゃいん];景気[けいき]の 減退[げんたい]が 始[はじ]まると、 短期[たんき] 契約社員[けいやくしゃいん] 達[たち]は 次々[つぎつぎ]に 一時解雇[いちじかいこ]を 言い渡[いいわた]された。;Au moment de la récession, les employés intérimaires ont été mis à la porte les uns après les autres.
沈滞[ちんたい];景気の沈滞により、たくさんの労働者が首を切られました。;Beaucoup d'ouvriers ont été licenciés en raison de la stagnation des affaires.
暁[あかつき];暁の冷たい空気に、気持ちが張り詰めた。;Je me sentais gelé dans l'air froid de l'aube.
殿様[とのさま];暇つぶしにイケメンの殿様の絵を描きました。;J'ai dessiné un beau seigneur féodal pour perdre du temps.
帽子[ぼうし];暑[あつ]いので 帽子[ぼうし]を 被[かぶ]りましょう。;Puisqu'il fait chaud, portons un chapeau.
暗証番号[あんしょうばんごう];暗証番号[あんしょうばんごう]を 押[お]してください。;Veuillez saisir le code PIN.
後ろ姿[うしろすがた];暗闇[くらやみ]の 中[なか]、 俺[おれ]は 遠[とお]ざかる 後姿[うしろすがた]に 必死[ひっし]に 手[て]を 伸[の]ばす。;Dans l'obscurité, je perds mes moyens et souhaite fuir au loin.
暗闇[くらやみ];暗闇で戦う時は、相手の出方を見て、その上でどうするか判断した方がいいよ。;Lorsque vous vous battez dans le noir, vous devez laisser l'autre faire le premier pas, puis décider quoi faire.
暴力団[ぼうりょくだん];暴力団と関東連合の違いは何ですか？;Quelle est la différence entre le Yakuza et le Kanto Rengo ?
暴露[ばくろ];暴露本の出版については現在再考中です。;J'ai des doutes sur la publication d'un livre révélateur.
書面[しょめん];書面[しょめん]でお 申し込[もうしこ]み 下[くだ]さい。;Postulez par écrit.
署名[しょめい];書類をよく読んで、署名をしてください。;Veuillez lire attentivement le document et le signer.
最優遇[さいゆうぐう];最優遇貸出金利はいまどのぐらいですか。;Quel est le taux préférentiel en ce moment ?
最初に[さいしょに];最初[さいしょ]に 着[つ]いたグループは 三番[さんばん]のバスに 乗[の]っていた。;Le groupe à arriver au début était monté dans le troisième bus.
共産党[きょうさんとう];最初に気づいたのは、彼が共産党員だということでした。;La première chose que j'ai remarquée, c'est qu'il était membre du Parti communiste.
湯豆腐[ゆどうふ];最初は、どんなもんかなと思って湯豆腐を食べてみただけなんですが、そしたら好きになっちゃったんですよね。;Au début, j'ai juste essayé le tofu bouilli par curiosité, puis j'ai commencé à l'aimer.
零点[れいてん];最大公約数を公分母にするということが全く理解できず、試験で零点を取ってしまった。;Je ne comprenais pas comment faire du plus grand diviseur commun un dénominateur commun, alors j'ai obtenu zéro point à l'examen.
多額[たがく];最終的に会議はうまくいって、なんとか我々の科学調査への多額の寄付金を約束してもらうことができたよ。;La réunion s'est terminée sans encombre et nous avons réussi à leur faire promettre un don important pour notre recherche scientifique.
串焼き[くしやき];最近、ケールの串焼きにはまっています。;Dernièrement, j'ai adoré les brochettes de kale grillé.
平均寿命[へいきんじゅみょう];最近[さいきん]の 研究[けんきゅう]によれば、 日本人[にほんじん]の 平均寿命[へいきんじゅみょう]はまだ 伸[のび]びているそうだ。;Selon une étude récente, la durée de vie moyenne des Japonais est toujours en augmentation.
兼業[けんぎょう];最近では、兼業ヤクザが増えてきています。;Le nombre de yakuza qui ont des emplois secondaires a augmenté ces derniers temps.
啓発[けいはつ];最近は、自己啓発本ばかり読んでいます。;Dernièrement, je n'ai lu que des livres d'auto-amélioration.
塊魂[かたまりだましい];最近は塊魂というゲームをプレイしています。;J'ai récemment joué à un jeu appelé Katamari Damacy.
民謡[みんよう];最近は毎日ロシア民謡を聞いています。;Dernièrement, j'ai écouté des chansons folkloriques russes tous les jours.
運がいい[うんがいい];最近みょうに運がいいんだよな。;J'ai eu beaucoup de chance ces derniers temps pour une raison quelconque.
加湿器[かしつき];最近加湿器の調子が悪いんだよね。;Quelque chose ne va pas avec mon humidificateur.
計算[けいさん];最近息子は分数の計算を覚えた;Mon fils a récemment appris à calculer des fractions.
細菌[さいきん];最近真剣に細菌について勉強をし始めました。;Récemment, j'ai commencé à étudier sérieusement les bactéries.
一貫[いっかん];最高級のトロを一貫だけ注文しました。;J'ai commandé un morceau de thon gras de la plus haute qualité.
月額[げつがく];月額たったの5ドルでできる新しい日本語学習体験を促進するための広告キャンペーンを打ち始めます。;Nous lançons une campagne publicitaire pour encourager une nouvelle expérience d'apprentissage du japonais qui ne coûte que cinq dollars par mois.
来日[らいにち];有名[ゆうめい]なバンドが 来日[らいにち]していますね。;Un groupe de musique célèbre vient au Japon.
朗報[ろうほう];朗報を伝えるためにここに来ました。;Je suis ici pour vous annoncer une bonne nouvelle.
携帯[けいたい];"朝[あさ;a] 、 ケータイ[;h] を バッグ[;a] に 入[い,いれる;h]れます 。";Le matin, je mets mon portable dans le sac.
塗る[ぬる];朝[あさ]、パンにリンゴジャムを 塗[ぬ]って 食[た]べました。;Le matin, j'ai étalé de la confiture de pommes sur du pain et je l'ai mangé.
揃う[そろう];朝[あさ]は 家族[かぞく] 全員[ぜんいん]がそろって 食事[しょくじ]します。;Toute la famille mange ensemble le matin.
朝礼[ちょうれい];朝礼[ちょうれい]で 新任[しんにん]の 先生[せんせい]が 紹介[しょうかい]された;Le nouvel enseignant a été présenté lors de l'assemblée du matin.
侵食[しんしょく];木々を切り倒すことで、土壌の侵食が引き起こされることがあります。;L'abattage des arbres peut provoquer l'érosion des sols.
枝[えだ];木[き]の 枝[えだ]を 折[お]ってはいけません。;Ne brisez pas les branches des arbres.
木曜日[もくようび];木曜日[もくようび]は 仕事[しごと]が 休[やす]みです。;Le jeudi, je suis en congé.
未来[みらい];未来[みらい]は 誰[だれ]にもわからない。;Personne ne connaît l'avenir.
敢行[かんこう];本当にこの作戦を敢行するつもりですか。;Avez-vous vraiment l'intention de mener à bien cette stratégie ?
歳暮[せいぼ];本当にちゃんと上司へのお歳暮持ったの？;Êtes-vous sûr d'avoir le bon cadeau de fin d'année pour votre patron ?
繁殖[はんしょく];本当に俺たちの柴犬を繁殖させることができると思う？;Pensez-vous vraiment que nous pouvons élever nos propres chiens Shiba ?
遺伝子[いでんし];本当に彼らは父親を鑑定する遺伝子検査を受けたいんでしょうか。;Je me demande s'ils veulent vraiment faire le test de paternité.
没落[ぼつらく];本当に日本は没落していると思いますか？;Pensez-vous que le Japon est vraiment en train de s'effondrer ?
禁句[きんく];本当に申しわけないです。どうして禁句を言ってしまったんだろう。ごめんなさい。;Je me sens mal. Je ne sais pas pourquoi j'ai dit ce gros mot ! Je m'excuse.
恵む[めぐむ];本日のTofuguの収益の全額が、恵まれない子どもたちに寄付されます。;Tous les bénéfices de Tofugu à partir d'aujourd'hui seront reversés aux enfants défavorisés.
嘉日[かじつ];本日は、皇太子殿下御生誕の嘉日なり。;C'est le jour propice de la naissance du prince héritier aujourd'hui.
防犯[ぼうはん];本日参りました理由は、当社の最新防犯グッズをご紹介するためです。;La raison pour laquelle je suis ici aujourd'hui est de vous présenter nos derniers produits de prévention du crime.
腹立つ[はらだつ];本気で腹立つんだけど。練習のジャマだわ！;Ça me rend tellement fou. Ils gênent notre pratique !
後ろ[うしろ];机[つくえ]の 後[うし]ろに 教師[きょうし]がいます。;Il y a un professeur derrière le bureau.
現象[げんしょう];村では最近、不思議な現象が起きています。;Récemment, d’étranges phénomènes se sont produits dans le village.
神聖な[しんせいな];村人たちは、自然に対し神聖な敬意を持っています。;Les villageois ont un saint respect pour la nature.
堤[つつみ];村長は、堤が切れるのを防ぐため、堤に人柱を埋めることを決意しました。;Le chef du village a décidé d'enterrer un sacrifice humain dans le remblai pour éviter qu'il ne s'effondre.
食材[しょくざい];来[きた]る 途中[とちゅう]、お 店[みせ]に 寄[よ]って 食材[しょくざい]を 買[か]って 来[き]たんです。 備[そな]えあれば 憂[うれ]いなし、です。;Sur le chemin, je me suis arréter dans un magasin pour y acheter des ingrédients. Ils disent qu'il n'y a pas de soucis si ily'a du stock.
懇話[こんわ];来る10月22日に、マンションの住人の皆様との懇話会を予定しております。;Nous organisons une rencontre amicale pour les résidents de l'appartement le 22 octobre.
来年[らいねん];来年[らいねん] 一緒[いっしょ]に 旅行[りょこう]しましょう。;Voyageons ensemble l'année prochaine.
絵画[かいが];来年[らいねん]は、 絵画[かいが] 教室[きょうしつ]に 通[かよ]うつもりだ。;L'année prochaine, j'ai l'intention d'assister à un cours de peinture.
遷都[せんと];来年は、遷都1500年記念のイベントが開催されます。;L'année prochaine, un événement est organisé pour le 1500e anniversaire de la relocalisation de la capitale.
結婚[けっこん];来月、結婚します。;Je me marie le mois prochain.
来月[らいげつ];来月[らいげつ]から 大学生[だいがくせい]になります。;Je serai étudiant à partir du mois prochain.
来賓[らいひん];来賓の方々をはじめ、皆様にはお忙しい中、ご臨席を賜り誠にありがとうございます。;Nous tenons à remercier tout le monde, y compris les invités, de nous honorer de votre présence pendant que vous êtes tous occupés.
億[おく];来週、スーパージャックポットは2億ユーロになります。;La semaine prochaine, le super jackpot sera de 200 millions d'euros.
狩り[かり];来週はずっと山で狩りをしている予定です。;Je vais chasser dans les montagnes toute la semaine prochaine.
電鉄[でんてつ];東きゅう電鉄によりますと、東きゅう東よこ線は人身じこのえいきょうで、げんざい運転を見合わせています。;Selon la Tokyu Corporation, la ligne Tokyu Toyoko a actuellement suspendu ses opérations en raison d'un accident impliquant des blessures corporelles.
切符[きっぷ];東京[とうきょう]までの 切符[きっぷ]を 買[か]った。;J'ai acheté un billet pour Tokyo.
東京[とうきょう];東京えきから中川えきまででんしゃで行って、中川えきからみかん山までバスで行きます。;Nous prendrons un train de la gare de Tokyo à la gare de Nakagawa, puis nous prendrons un bus de la gare de Nakagawa à la montagne Mikan.
整然[せいぜん];東京は人が多いけれど整然としています。;Même s'il y a beaucoup de monde à Tokyo, c'est bien organisé.
東京弁[とうきょうべん];東京弁は共通語とほとんど同じですよ。;Le dialecte de Tokyo est presque le même que le japonais standard.
東京都[とうきょうと];東京都には、一流のレストランがたくさんある。;Il y a beaucoup de restaurants de premier ordre dans la région métropolitaine de Tokyo.
惨状[さんじょう];東北大震災の惨状を忘れることができません。;Je ne peux pas oublier la scène désastreuse du grand tremblement de terre de Tohoku.
街道[かいどう];東海道、中山道、日光街道、甲州街道、奥州街道は、五街道と呼ばれ、江戸時代の五大陸上交通路であった。;La route Tokai-do, la route Nakasen-do, la route Nikko-kaido, la route Koshu-kaido et la route Oshu-kaido sont appelées Gokaido, qui étaient les cinq principales routes utilisées pendant la période Edo.
東芝[とうしば];東芝のお客様センターから届いたメールは、全文文字化けしていました。;L'e-mail du centre client de Toshiba était tout brouillé.
果樹[かじゅ];果樹園での仕事は結構退屈です。;Le travail au verger est assez ennuyeux.
枯れ木[かれき];枯れ木に花を咲かせましょう。;Faisons fleurir l'arbre mort.
某[ぼう];某私立高校に伝わる、奇妙な噂があるんだ。;Une étrange rumeur circule dans un certain lycée privé.
技[わざ];柔道[じゅうどう]では 力[ちから]より 技[わざ]のほうが 大切[たいせつ]である。;En judo, la technique est plus importante que la force physique.
栃木県[とちぎけん];栃木県の出身なんですか？;Êtes-vous de la préfecture de Tochigi ?
栓抜き[せんぬき];栓[せん] 抜[ぬ]きはどこですか。;Où est l'ouvre-bouteille?
移譲[いじょう];校長が権力を他の人に移譲したがらないんだよ。;Le principal ne veut pas transférer son autorité à quelqu'un d'autre.
核兵器[かくへいき];核兵器を使用する前に、説明書に書かれている操作方法を必ずお読みください。;Avant d'utiliser l'arme nucléaire, veuillez lire attentivement le livret d'instructions.
核分裂[かくぶんれつ];核分裂の過程について、分かりやすいスライドショーを作ってもらえますか。;Pouvez-vous faire un diaporama facile à comprendre sur le processus de fission nucléaire ?
廃絶[はいぜつ];核廃絶運動家たちは、核兵器を廃絶することは実現可能だと信じている。;Le mouvement anti-nucléaire estime que l'abolition des armes nucléaires est faisable.
濁す[にごす];核心をついた質問に、社長は言葉を濁した。;Au cœur du problème, le président de l'entreprise était vague.
桃色[ももいろ];桃色のバンで母親が迎えにきた時は、恥ずかしかったですね。;J'étais gêné quand ma mère est venue me chercher dans la camionnette couleur pêche.
縄張り[なわばり];案の定、その場所はヤクザの縄張りだった。;Effectivement, l'endroit était le territoire de Yakuza.
桑[くわ];桑の実と林檎と胡桃の組み合わせが最強に美味しいんだよね。;Les mûres, les pommes et les noix ont meilleur goût lorsqu'elles sont combinées.
咲く[さく];桜[さくら]の 花[はな]が 咲[さ]きました。;Les fleurs de cerisier ont fleuri.
桜[さくら];桜[さくら]は 三月[さんがつ]か 四月[しがつ]に 咲[さ]きます。;Les fleurs de cerisier fleurissent en mars ou avril.
棋譜[きふ];棋譜の付け方を教えてください。;S'il vous plaît, apprenez-moi à enregistrer un jeu.
伐採[ばっさい];森林を伐採する際は、事前に届け出が必要です。;Une notification est nécessaire avant d'abattre une forêt.
排出[はいしゅつ];植物は二酸化炭素を吸収し、酸素を排出します。;Les plantes absorbent le dioxyde de carbone et rejettent de l'oxygène.
楓[かえで];楓の葉も色づいてきました。;Les feuilles d'érable ont également commencé à changer de couleur.
昇給[しょうきゅう];業界の景気回復に伴い、昇給を願い出たんだが、うまくいかなかったよ。;Lorsque l'industrie a fait un retour économique, j'ai demandé une augmentation, mais cela n'a pas fonctionné.
極[きょく];極力早く起きろよ。;Réveillez-vous le plus tôt possible.
勘案[かんあん];様々な状況を勘案すると、私にとって仕事を辞めることがベストな選択だったんです。;Compte tenu de diverses circonstances, quitter le travail était la meilleure option pour moi.
模擬[もぎ];模擬試験の結果はどうだったの？;Quels ont été les résultats de l'examen blanc ?
電子機器[でんしきき];機内ではお手持ちの電子機器の電げんはお切りになるか機内モードにごせっ定くださいますよう、ご協力お願い申し上げます。;Veuillez éteindre tous les appareils électroniques personnels ou les mettre en mode avion dans cet avion. Merci de votre collaboration.
角[かど];次[つぎ]の 角[かど]で 左[ひだり]に 曲[ま]がってください。;Au coin suivant, tournez à gauche, s'il-vous-plaît.
乗り換える[のりかえる];次[つぎ]の 駅[えき]で 地下鉄[ちかてつ]に 乗[の]り 換[か]えます。;Je change de métro à la station suivante.
再来年[さらいねん];次[つぎ]のオリンピックは 再来年[さらいねん]です。;Les prochains jeux olympiques sont dans deux ans.
バス停[バスてい];次[つぎ]のバス 停[てい]で 降[お]ります。|つぎ の ばすてい で おります;Je descendrai à l'arrêt de bus suivant.
次に[つぎに];次に、パムさんと話しましょう。;Ensuite, parlons à M. Pam.
歌舞伎[かぶき];歌舞伎[かぶき]を 見[み]に 行[い]きました。;Je suis allé voir une pièce de kabuki.
芝居[しばい];歌舞伎の芝居を見にいきました。;Je suis allé voir une pièce de Kabuki.
歓楽街[かんらくがい];歓楽街のツアーには何が含まれていますか。;Que comprend la visite du quartier des plaisirs ?
八角形[はっかくけい];止[や]まれの 標識[ひょうしき]は 日本[にほん]では ３角形[さんかくけい]だが、アメリカでは ８角形[はっかくけい]だ。;Un panneau stop au Japon a 3 côtés, tandis qu'un panneau stop aux États-Unis en a 8 côtés.
順序[じゅんじょ];正[ただ]しい 順序[じゅんじょ]で 操作[そうさ]してください。;Veuillez effectuer l'opération dans le bon ordre.
把握[はあく];正直、まだ事態の把握すら出来ていない状況です。;Honnêtement, je n'ai même pas encore été en mesure de saisir la situation globale.
此の頃[このごろ];此[こ]の 頃[ごろ]、 寒[さむ]い 日[ひ]が多いですね。;Il y a eu de nombreuses journées froides récemment.
武道[ぶどう];武道の経験が無い日本人はたくさんいます。;Il y a beaucoup de Japonais qui n'ont aucune expérience des arts martiaux.
矯正[きょうせい];歯の矯正をしていました。;J'ai fait corriger mes dents.
死刑囚[しけいしゅう];死刑囚はこの階段を登って死刑台へと向かうんだ。;Les criminels condamnés montaient ces escaliers et faisaient face à la potence.
死刑[しけい];死刑執行は五時間も遅れました。;L'exécution a été retardée de cinq heures.
窒息[ちっそく];死因は首を絞められたことによる窒息です。;La cause du décès était la suffocation due à l'étranglement du cou.
硬直[こうちょく];死後どのぐらいで死後硬直が起きるんでしょうか。;Je me demande combien de temps après la mort la rigidité cadavérique s'installe.
悲惨[ひさん];残された加害者の家族の末路は、悲惨なものだった。;Les derniers jours du dernier membre de la famille de l'agresseur ont été tragiques.
残品[ざんぴん];残品は半がくでしょ分しました。;Nous avons vendu les marchandises restantes à moitié prix.
油田[ゆでん];残念ですが、どの油田も私のものではありません。;Malheureusement, aucun de ces gisements de pétrole ne m'appartient.
残額[ざんがく];残額は五百円あるので、次の旅行に繰り越すこともできるし、半日市内バス観光をすることもできます。;Le solde est de 500 yens, nous pourrions donc le reporter au prochain voyage ou nous pourrions également faire un tour en bus d'une demi-journée de la ville.
殴り込み[なぐりこみ];殴り込みの前に早めの昼食を取りました。;Nous avons déjeuné tôt avant le raid.
凄絶[せいぜつ];殺人現場は凄絶だった。;La scène du meurtre était extrêmement horrible.
お節料理[おせちりょうり];母[はは]の 作[つく]るお 節[せち] 料理[りょうり]は 美味[おい]しいです;La nourriture que ma mère fait pour le Nouvel An est délicieuse.
足す[たす];母[はは]は 味噌[みそ]汁[しる]に 水[みず]を 足[た]した。;Ma mère a ajouté de l'eau à la soupe miso.
溜息[ためいき];母[はは]はため 息[いき]をついたの。;Ma mère a soupiré.
脳死[のうし];母が脳死じょうたいになった時、父は「何が起きるか分からない、それが人生だ」と自分に言い聞かせるように言いました。;Quand ma mère est tombée en état de mort cérébrale, mon père a dit : « On ne sait jamais ce qui va se passer ensuite, c'est la vie », comme s'il essayait de se dire.
爆笑[ばくしょう];母さんと父さんを爆笑させるような、何かいいエイプリルフールの案はある？;Avez-vous de bonnes idées de poisson d'avril pour faire exploser de rire nos parents ?
悪趣味[あくしゅみ];母は、父が悪趣味な人形を集めることを禁止しました。;Ma mère a interdit à mon père de collectionner des poupées sans goût.
肯く[うなずく];母は話を聞きながら、ウンウンと肯きました。;"Pendant que j'écoutais ma mère parler, j'ai hoché la tête, ""Uh huh."""
唯物論[ゆいぶつろん];母国語でも唯物論について説明できないのに、どうして外国語で説明できるというのか。;Je ne peux même pas expliquer le matérialisme dans ma langue maternelle, alors comment puis-je l'expliquer dans une langue étrangère ?
老衰[ろうすい];母親が老衰で亡くなったとき、妻が「厄介者がいなくなってせいせいした」と独り言を言っているのを私は聞き漏らしませんでした。;"Quand ma mère est morte de vieillesse, je n'ai pas manqué d'entendre ma femme marmonner, ""ce parasite est parti, bon débarras"", pour elle-même."
毎回[まいかい];毎回[まいかい] 食事[しょくじ]の 前[まえ]に 手[て]を 洗[あら]いなさい。;Lavez-vous les mains avant chaque repas.
叙勲[じょくん];毎年、春と秋に春秋叙勲が実施されます。;Chaque année, au printemps et à l'automne, la remise des décorations de printemps et d'automne est effectuée.
公示[こうじ];毎年いつ頃日本の地価公示価格が公表されるのか教えて頂けませんか？;Pourriez-vous me dire quand les prix des terrains japonais sont annoncés chaque année ?
身につく[みにつく];毎日[まいにち] 一生懸命[いっしょうけんめい]に 英語[えいご]を 勉強[べんきょう]したが、あまり 身[み]につかなかった。;J'ai étudié l'anglais tous les jours en fournissant beaucoup d'efforts, mais je n'ai pas beaucoup appris.
身に付く[みにつく];毎日[まいにち] 一生懸命[いっしょうけんめい]に 英語[えいご]を 勉強[べんきょう]したが、あまり 身[み]につかなかった。;J'ai étudié l'anglais tous les jours en fournissant beaucoup d'efforts, mais je n'ai pas beaucoup appris.
餌[えさ];毎日[まいにち] 金魚[きんぎょ]に 餌[えさ]をやります。;Je nourris mon poisson rouge tous les jours.
自転車[じてんしゃ];毎日[まいにち]、 駅[えき]まで 自転車[じてんしゃ]で 行[い]きます。;Je vais jusqu'à la gare à vélo tous les jours.
繊維[せんい];毎日サラダを食べて、ちゃんと食物繊維を摂るようにしています。;Je mange une salade tous les jours et consomme la quantité parfaite de fibres alimentaires.
河[かわ];毎日夕方頃、河の土手で犬を散歩させる。;J'emmène mon chien se promener le long de la rivière tous les soirs.
浴槽[よくそう];毎日掃除をしないと、浴槽には垢がたまります。;Quand je ne la nettoie pas tous les jours, la baignoire accumule la saleté.
詩歌[しいか];毎日詩歌を楽しんでいます。;J'aime la poésie tous les jours.
告訴[こくそ];毎月きちんとお金を払って頂けるなら、告訴はしません。;Je n'engagerai pas de poursuites judiciaires tant que vous me paierez tous les mois.
毎月[まいつき];毎月ではありませんね。;Ce n'est pas tous les mois, n'est-ce pas ?
給与[きゅうよ];毎月の給与は、指定の銀行口座にお振り込み致します。;Nous transférons votre allocation mensuelle sur votre compte bancaire désigné.
鈍器[どんき];毎月の鈍器代はいくらですか。;Combien dépensez-vous chaque mois en armes contondantes ?
抹茶[まっちゃ];毎朝抹茶ラテを飲んでいます。;Je bois un matcha latte tous les matins.
棋院[きいん];毎週月曜日にこの棋院に来て、囲碁を練習しています。;Je viens dans ce club de Go tous les lundis et je pratique le Go.
毒ガス[どくガス];毒ガスは第一次世界大戦で使われ始めたらしいです。;J'ai lu que le gaz toxique avait été utilisé pour la première fois pendant la Première Guerre mondiale.
気が付く[きがつく];気[き]が付[つ]かなくって、ごめんな。;Désolé de ne pas avoir remarqué.
沈黙[ちんもく];気まずい沈黙の後、私は塩の入った小瓶を掴みました。;Il y eut un silence gêné et j'attrapai une salière.
気分転換[きぶんてんかん];気分転換[きぶんてんかん]に 散歩[さんぽ]しよう。;Faisons une promenade pour changer.
浸水[しんすい];気温が上がるのは素晴らしいことだけど、私達は雪解け水による浸水を心配しています。;C'est bien que la température monte, mais nous craignons une inondation due à la fonte des neiges.
堤防[ていぼう];水が堤防を越えそうになっているから、近づかない方がいいですよ。;L'eau coule presque sur le remblai, vous devez donc être prudent.
枯らす[からす];水をやりすぎて、サボテンを枯らしてしまいました。;J'ai donné trop d'eau au cactus et je l'ai tué.
綿布[めんぷ];水をよく吸収するので、私は綿布を布巾に使います。;J'utilise un chiffon en coton comme torchon car il absorbe bien l'eau.
玄人[くろうと];水商売の玄人と素人を見分けるのが趣味です。;"Mon hobby est d'essayer de différencier les professionnels des amateurs du ""commerce de l'eau""."
防水[ぼうすい];水害被災者達は、防水の家具をそろえておけばよかったと口をそろえて言いました。;Toutes les victimes de l'inondation ont dit qu'elles auraient aimé avoir des meubles étanches.
水星[すいせい];水星には大気がありません。;Mercure n'a pas d'atmosphère.
水深[すいしん];水深100フィートまでもぐったことがあります。;J'ai déjà plongé à des profondeurs de cent pieds.
水溶性[すいようせい];水溶性のビタミンCはすぐに体内から排出されるので、私達の体に蓄えることはできないと読みましたよ。;J'ai lu que la vitamine C hydrosoluble quitte généralement le corps rapidement, de sorte que notre corps ne peut pas la stocker.
鉛管[えんかん];水道の配管には、かつては鉛管がよく使われていました。;La tuyauterie en plomb était autrefois souvent utilisée dans les systèmes de plomberie.
牧草[ぼくそう];氷点下の日々が続いているせいで、牧草が全てやられてしまった。;Il a été en dessous de zéro pendant des jours, donc toute mon herbe est morte.
淀川[よどがわ];汚い水にも怯まず、彼女は淀川で泳いだ。;L'eau sale ne l'a pas empêchée de nager dans le Yodogawa.
北緯[ほくい];江ノ島とギリシャのクレタ島の北緯は同じです。;Enoshima et l'île grecque de Crète sont sur la même latitude nord.
縛り首[しばりくび];江戸時代には縛り首という刑罰があった。;À l'époque d'Edo, il y avait une peine appelée la mort par pendaison.
破船[はせん];江戸時代の有名な刀を載せた船は、嵐によって破船してしまいました。;Le navire transportant la célèbre épée de la période Edo a fait naufrage dans une tempête.
藩[はん];江戸時代中期には、どこの藩も財政が苦しくなりました。;Au milieu de la période Edo, les fiefs ont également eu des difficultés financières.
池[いけ];池[いけ]に 鯉[こい]がいます。;Il y a des carpes dans l'étang.
汽車[きしゃ];汽車[きしゃ]で 街[まち]まで 行[い]った。;Je suis allé jusqu'à la ville en train longue distance.
浮かぶ[うかぶ];沖[おき]にボートが 浮[う]かんでいます。;Le bateau flotte sur la côte.
没後[ぼつご];没後50年を記念した展覧会を予定しています。;Une exposition commémorative est prévue 50 ans après leur mort.
沸点[ふってん];沸点は何度ですか。;Combien de degrés est le point d'ébullition?
油彩[ゆさい];油彩画のコツを掴んできました。;Je m'initie à la peinture à l'huile.
沼田[ぬまた];沼田を裸足で歩いたことはありますか。;Avez-vous déjà marché pieds nus dans une rizière marécageuse ?
沿海[えんかい];沿海部での生活について、月一でコラムを書いてみませんか。;Vous souhaitez écrire une chronique mensuelle sur la vie en zone côtière ?
泌尿器[ひにょうき];泌尿器の病気で入院することになりました。;J'ai été hospitalisé pour une maladie des organes urinaires.
法曹[ほうそう];法曹を目指そうと思ったきっかけは何ですか。;Qu'est-ce qui vous a poussé à poursuivre votre rêve de devenir avocat ?
泣虫[なきむし];泣き虫コウちゃーん、ほら、コウちゃんの好きなトンネルだよーっ！;Hé, pleurnichard Ko-chan. Voici un tunnel que vous aimez.
洗浄剤[せんじょうざい];洗浄剤なら、洗い場の下の棚にあります。;Il y a du détergent sous l'étagère dans la zone de lavage.
洗濯屋[せんたくや];洗濯屋にワイシャツを取りに行ってきます。;Je vais chercher ma chemise au pressing.
洗濯粉[せんたくこ];洗濯粉がきれちゃった。;Nous avons manqué de lessive.
洗脳[せんのう];洗脳という言葉は1950年代に生まれた。;"Le mot ""lavage de cerveau"" est né dans les années 1950."
石碑[せきひ];津波が襲った高さの地点に石碑が建てられているのです。;Un monument en pierre a été construit sur le site où la hauteur du tsunami a frappé.
賑やか[にぎやか];浅草[あさくさ]は 賑[にぎ]やかな 街[まち]です。;Asakusa est un quartier animé.
浮浪者[ふろうしゃ];浮浪者でも7割の人は何らかの仕事をして日銭を稼いでいる。;70% des vagabonds font un travail et gagnent un revenu en espèces quotidien.
高齢[こうれい];海[うみ]がめは 高齢[こうれい]まで 生[い]きる。;Les tortues vivent très vieux.
渦[うず];海に渦が発生するのはどうして？;Pourquoi les tourbillons apparaissent-ils dans l'océan ?
隊[たい];海上自衛隊音楽隊に採用された時、彼女は他の自衛隊員と同様に肉体的にも厳しいトレーニングを受けなくてはいけないことを知らなかった。;Lorsqu'elle a été embauchée par la Japan Maritime Self-Defense Force Band, elle ne savait pas qu'elle devait aussi s'entraîner physiquement aussi dur qu'eux.
賓客[ひんきゃく];海外の賓客を一流の和食でもてなしました。;Nous avons accueilli l'invité d'honneur étranger avec une cuisine japonaise de première classe.
駐在[ちゅうざい];海外駐在員と一緒に外国に来ている妻は、駐在さんと呼ばれることがある。;L'épouse d'un employé expatrié qui est venue à l'étranger avec lui est parfois appelée Mme Expatriée.
海岸[かいがん];海岸[かいがん]を 散歩[さんぽ]しましょう。;Faisons une promenade le long de la côte.
法規[ほうき];海戦に関する国際法規について書かれた本は、この図書館にありますか。;Y a-t-il un livre sur les lois internationales concernant l'hostilité navale dans cette bibliothèque ?
海王星[かいおうせい];海王星は、太ようから八ばん目のわく星です。;Neptune est la huitième planète à partir du soleil.
海軍[かいぐん];海軍にいた時、おれ的にはお前には十分すぎるぐらいやさしくしてたつもりなんだけどな。;Selon mes standards, j'étais presque trop gentil avec toi quand on était dans la marine.
艦艇[かんてい];海軍の艦艇の乗組員が不足しています。;L'équipage de la flotte de guerre de la marine fait défaut.
消化不良[しょうかふりょう];消化不良のくすりをさがしています。;Je cherche des médicaments contre l'indigestion.
輪郭[りんかく];涙で輪郭が霞んで見えました。;Le contour est devenu flou à cause de mes larmes.
深夜[しんや];深夜[しんや]になると、 大[おお]きな 声[こえ]が 聞[き]こえる。;Quand il se fait tard dans la nuit, j'entends une voix forte (venant de quelque part).
渋々[しぶしぶ];渋々自分がやったことを認めました。;J'ai admis à contrecœur les choses que j'avais faites.
減給[げんきゅう];減給されるし、上司も嫌な奴だし、会社を辞めて転職先を探すことを本気で考えてるんだよね。;J'ai eu une réduction de salaire et mon patron est méchant, alors je songe sérieusement à démissionner et à chercher un autre emploi.
紅茶[こうちゃ];温[あたた]かい 紅茶[こうちゃ]が 飲[の]みたい。;Je veux boire du thé chaud.
漬かる[つかる];温泉に漬かってゆっくりした。;Je me suis trempé et détendu dans l'onsen.
渓谷[けいこく];温泉湯舎から渓谷美を一望することができます。;Nous pouvons surplomber la magnifique vallée depuis les cabanes de bain de l'onsen.
隻[せき];港には、七隻の船が止まっています。;Sept navires sont arrêtés dans ce port.
汽船[きせん];湖[みずうみ]で 汽船[きせん]に 乗[の]った;Je suis monté dans un bateau à vapeur qui était sur le lac.
湖[みずうみ];湖[みずうみ]でスケートをした。;Nous avons fait du patinage sur le lac.
汚濁[おだく];湖の水質汚濁を防止するために規制が設けられた。;Un règlement a été établi pour prévenir la pollution du lac.
漆[うるし];漆の葉を触ると手がかぶれますよ。;Si vous touchez une feuille de laque, vous aurez une éruption cutanée sur la main.
漆器[しっき];漆器の手入れの仕方を教えてください。;S'il vous plaît, apprenez-moi à entretenir les articles en laque.
漆黒[しっこく];漆黒の闇に青い地球が浮かんでいた。;La terre apparut dans l'obscurité noire.
演奏会[えんそうかい];演奏会[えんそうかい]が 始[はじ]まろうとしている。;Le concert est sur le point de commencer.
演芸[えんげい];演芸のチケットはどこで買えますか？;Où puis-je acheter des billets pour le spectacle?
漠然[ばくぜん];漠然とした不安を感じながら、私は川の流れを見詰めていました。;Tandis que je regardais le cours de la rivière, j'éprouvais un vague sentiment d'anxiété.
漢字[かんじ];漢字[かんじ]は 中国[ちゅうごく]からきました。;Les kanjis sont venus de Chine.
音訓[おんくん];漢字の音訓の見分け方を教えてください。;S'il vous plaît, apprenez-moi à faire la différence entre on'yomi et kun'yomi.
漫才[まんざい];漫才を見て大声で笑うことはストレス解消になる。;Regarder deux comédies masculines et rire bruyamment soulage mon stress.
再建[さいけん];潰れかかった会社を再建するまで、彼は毎日規定よりも長い時間働いた。;Pour redresser son entreprise presque en faillite, il a travaillé plus d'heures qu'il n'était censé le faire chaque jour.
濁流[だくりゅう];濁流に飲み込まれそうになったのを、彼が救ってくれたのです。;Il a sauvé les choses qui ont été englouties par le ruisseau boueux.
碁盤[ごばん];濡れ衣だよ。じいちゃんの碁盤を壊したのは俺じゃないよ。;C'est une fausse accusation. Je n'ai pas cassé la planche de Go de grand-père.
燃え移る[もえうつる];火[ひ]がめらめらと 隣家[りんか]に 燃え移[もえうつ]っていった。;Le feu qui bûrlait la maison s'est répandu aux maisons voisines.
世帯[せたい];火事[かじ]で４ 世帯[せたい]が 焼死[しょうし]した。;Quatre familles ont été tuées dans l'incendie.
溶岩[ようがん];火山が溶岩を吹き出していて危険なので、これ以上近づくことはできません。;On ne peut pas s'approcher car le volcan crache de la lave et c'est dangereux.
火葬[かそう];火葬のシステムは自動的に停止する訳ではありません。係の人が小窓から骨の様子を見ながら、終わったと思う時に止めるのです。;Le système de crémation ne s'arrête pas automatiquement. La personne en charge vérifie de temps en temps l'état des os à partir d'une petite fenêtre et l'arrête lorsqu'elle pense que c'est fait.
灰皿[はいざら];灰皿[はいざら]をください。;Un cendrier, s'il-vous-plaît.
炊飯器[すいはんき];炊飯器[すいはんき]で、ご 飯[はん]を 炊[た]く。;Cuire le riz avec un cuiseur à riz.
点滴[てんてき];点滴を受けた後、彼は綿密な診察を受けました。;Après avoir reçu une perfusion intraveineuse, il a été minutieusement examiné.
祈願[きがん];無事にビザが取れるよう、祈願しています。;Je prie pour que mon visa soit délivré sans aucun problème.
無地[むじ];無地[むじ]のシャツは、 柄[え]のスカートと 合[あ]わせやすい。;Une chemise unie est facile à assortir avec une jupe à motif.
無報酬[むほうしゅう];無報酬でもかまいませんよ。;Il n'y a pas de salaire, mais ça ne me dérange pas.
焼き鳥[やきとり];焼[や]き 鳥[とり]はビールに 合[あ]うな。;Les Yakitori se marrient bien avec la bière.
漂う[ただよう];焼き芋を食べた後のおならは、他のおならよりも長い間空気中を漂う気がするよ。;Les pets après avoir mangé des patates douces rôties semblent rester en l'air plus longtemps que les pets normaux.
煩雑[はんざつ];煩雑な手続きに苛々します。;Je suis irrité par les formalités complexes.
凝固[ぎょうこ];煮詰めたジャムは、冷めてくると粘性が強まり、ゼリー状に凝固します。;Lorsque la confiture que j'ai bouillie refroidit, elle devient visqueuse et se solidifie en gelée.
丹念[たんねん];熟練の染師が、一つ一つ丹念に染め上げました。;Le maître teinturier qualifié a soigneusement fini de teindre chacun.
熟語[じゅくご];熟語[じゅくご]を 覚[おぼ]えると 表現[ひょうげん]の 幅[はば]が 広[ひろ]がります;Si vous apprenez les composantes des kanjis, vous pouvez améliorer votre niveau d'expression.
汁[しる];熱々の豚汁をもらえますか。;Puis-je avoir la soupe miso au porc bouilli, s'il vous plaît ?
素足[すあし];熱[あつ]い 砂[すな]の 上[うえ]を 素足[すあし]では 歩[ある]けない。;Nous ne pouvons pas marcher sur le sable chaud pieds nus.
節[ふし];熱が出て体の節々が痛んだ;J'avais de la fièvre et toutes les articulations de mon corps me faisaient mal.
弁護士[べんごし];父[ちち]は 弁護士[べんごし]です。;Mon père est avocat.
用事[ようじ];父[ちち]は 用事[ようじ]で 出掛[でか]けています。;Mon père sort pour une tâche.
懸命[けんめい];父[ちち]は 私[わたし]が 懸命[けんめい]に 働[はたら]かなければならないと 言[い]った。;Mon père m'a dit que je devais travailler dur.
貿易[ぼうえき];父[ちち]は 貿易[ぼうえき]の 仕事[しごと]をしています。;Mon père travaille dans le commerce.
釣り[つり];父[ちち]は 釣[つ]りが 大好[だいす]きです。;Mon père adore la pêche.
忍ぶ[しのぶ];父さん、どうして僕たちはアイツらの侮辱を忍ばなきゃならないの？;Pourquoi devons-nous endurer leurs insultes, papa ?
駒[こま];父さんが日曜日にチェスの駒の動かし方を教えてくれるって約束してくれたんだ。;Mon père m'a promis qu'il m'apprendrait à déplacer des pièces d'échecs ce dimanche.
体積[たいせき];父さんにガレージの体積を測るように言われたんだけど、理由は知らないよ。何か変だよね。;Mon père m'a dit de mesurer le volume de notre garage, mais je ne sais pas pourquoi. Cela me semble un peu bizarre.
怒らせる[おこらせる];父さんを怒らせると後が面倒よ。;Tu auras des ennuis après avoir rendu papa fou.
万年筆[まんねんひつ];父に万 万年筆[まんねんひつ]プレゼントしました。;J'ai fait cadeau un stylo plume à mon père.
夏至[げし];父に夏至から11日目のことを何と呼ぶか知っているかと聞かれたので、得意気に「ハゲ症」って答えたんですけど、それって「ハゲ頭の症状」って意味になるみたいで。父は笑って、正しい答えは「半夏生」だよって教えてくれましたけどね。;"Mon père m'a demandé si je savais comment appeler le onzième jour après le solstice d'été, alors j'ai dit triomphalement ""hageshou"", qui signifie littéralement ""calvitie-symptôme"". Il a ri et m'a dit que la bonne réponse était ""hangeshou""."
瞳[ひとみ];父の再婚相手の気怠い瞳を見ると、いつもたじろいでしまいます。;Quand je regarde les yeux apathiques de ma belle-mère, je finis toujours par grimacer.
彩り[いろどり];父の弁当は、彩りについて全く考慮がされておらず、全部茶色だったので嫌でしたね。;Je n'aimais pas le bento de mon père car il n'avait jamais vraiment tenu compte de la coloration et tout était marron.
諦観[ていかん];父は、様々な経験の後に諦観に至った。;Les différentes expériences de mon père ont conduit à sa démission.
蝶[ちょう];父は、毎日色の違う蝶ネクタイをしていた。;Mon père a un nœud papillon de couleur différente chaque jour.
贈収賄[ぞうしゅうわい];父は、私が三歳の時に、「その贈収賄事件には私は関与していない」と母に言うように教えた。;"Quand j'avais trois ans, mon père m'a appris à dire ""Je n'ai rien à voir avec l'affaire de corruption"" à ma mère."
承諾[しょうだく];父は、私達の結婚を二つ返事で承諾した。;Mon père a accepté notre mariage sans hésitation.
容赦なく[ようしゃなく];父は弟を容赦なく殴りつけました。;Papa a battu sans relâche mon jeune frère.
貫く[つらぬく];父は最後まで自分の信念を貫き通しました。;Mon père est resté fidèle à ses convictions jusqu'à la fin.
一人娘[ひとりむすめ];父親[ちちおや]は 一人娘[ひとりむすめ]の 結婚式[けっこんしき]で 泣[な]いた。;Le père a pleuré au mariage de sa fille unique.
自販機[じはんき];父親が誕生日に自販機をプレゼントしてくれた。;Mon père m'a offert un distributeur automatique comme cadeau d'anniversaire.
跡継ぎ[あとつぎ];父親が跡継ぎに弟を選んだという知らせは、彼にとって大きな打撃でした。;La nouvelle que son père a choisi son jeune frère comme héritier a été un coup dur.
円弧[えんこ];父親は息子に円弧を描くように命令しました。;Le père ordonna à son fils de peindre un arc.
片[かた];片目だけ視力が悪いんです。;J'ai du mal à voir avec un de mes yeux.
膜[まく];牛乳を温めると薄い膜が張ることがあります。;Une fine pellicule se forme lorsque je réchauffe du lait.
鹿[しか];牡鹿と牝鹿の区別がつきません。;Je n'arrive pas à faire la distinction entre le cerf mâle et femelle.
搾乳[さくにゅう];牧場で搾乳体験をしてきました。;J'ai personnellement expérimenté la traite à la ferme.
牧師[ぼくし];牧師さんはもう今日は教会を出ちゃいましたか？;Le pasteur a-t-il déjà quitté l'église pour la journée ?
物置[ものおき];物置[ものおき]にスキーの 道具[どうぐ]を 入[い]れている。;Je range mon matériel de ski.
特に[とくに];特[とく]に 質問[しつもん]はありません。;Je n'ai pas de questions particulières.
紡績[ぼうせき];牽切紡績とは、化学繊維特有の紡績方法で、綿からの紡績ではありません。;Kensetsu bouseki est une méthode de filature particulière aux fibres synthétiques non filées à partir de coton.
犠打[ぎだ];犠打にならないか心配です。;Je ne peux pas m'empêcher de m'inquiéter pour la mouche sacrificielle.
反抗[はんこう];犬が私に反抗したので、「お前は悪い犬だ！」って叱りつけてやりましたよ。;"Le chien était hostile envers moi, alors je lui ai crié : ""Tu es un mauvais chien !"""
垣[かき];犬が逃げないように、家の周りに垣を巡らすことしたんです。;Nous allons mettre une clôture autour de notre maison pour empêcher notre chien de s'enfuir.
銃殺[じゅうさつ];犬が飼い主に銃殺されるという悲しい事件がありました。;Il y a eu un incident tragique où un chien a été tué par balle par son propriétaire.
手錠[てじょう];犯人と間違われて手錠を掛けられたんだ。;J'ai été pris pour un criminel et menotté.
有罪[ゆうざい];犯人には、有罪かつ死けいのはん決が下りました。;Le criminel a été reconnu coupable et condamné à mort.
盲点[もうてん];犯人は捜査の盲点を突いてきた。;Le criminel a touché un angle mort dans l'enquête.
刑罰[けいばつ];犯罪を根絶するには、火あぶりの刑みたいな残酷な刑罰を全部復活させるべきだと思うね。;Afin d'éradiquer le crime, je pense que nous devrions rétablir tous les châtiments brutaux, comme brûler les gens sur le bûcher.
取り逃がす[とりにがす];犯罪者を取り逃がすふりをするのは、ちょっとやり過ぎじゃない？;Ne pensez-vous pas que prétendre que vous n'avez pas réussi à attraper le criminel est un peu exagéré ?
狩人[かりゅうど];狩人が週休二日制だってのは初耳だな。;Je ne savais pas que les chasseurs utilisaient le système de la semaine de travail de cinq jours.
奥深い[おくぶかい];狩人とは非常に奥深い職業です。;Un chasseur est une occupation très profonde.
狩猟[しゅりょう];狩猟[しゅりょう]はわななどで、 野生[やせい]の 鳥[とり]や けものを つかまえることです。;La chasse consiste à attrapper des oiseaux sauvages et animaux à l'aide de piège etc.
毛[け];猫[ねこ]の 毛[け]がセーターに 付[つ]いた。;Des poils de chats se sont attachés à mon sweatshirt.
落ちる[おちる];猿[さる]も 木[き]から 落[お]ちる。;Même des singes tombent des arbres.
猿真似[さるまね];猿真似をするのはよせ。みっともない。;Ne suivez pas aveuglément les gens. C'est gênant.
玄米[げんまい];玄米は体に良い。;Le riz non poli est bon pour la santé.
玄関[げんかん];玄関[げんかん]に 花[はな]を 飾[かざ]りました。;J'ai décoré l'entrée avec des fleurs.
飾る[かざる];玄関に花を飾りました。;J'ai décoré l'entrée avec des fleurs.
机[つくえ];王さんの机はどれですか。;Lequel est le bureau de M. Ou ?
継承[けいしょう];王位継承者の暗殺を企てている者がいるとの噂があります。;Il y a une rumeur selon laquelle quelqu'un complote l'assassinat du successeur au trône.
王女[おうじょ];王子は、王女のうつくしさにうっとりしました。;Le prince a été enchanté par la beauté de la princesse.
蒸気[じょうき];珈琲メーカーからの蒸気でやけどをしちゃった。;J'ai été brûlé par la vapeur d'une machine à café.
現に[げんに];現にさっきそう言ったじゃありませんか。;Vous ne l'aviez pas dit il y a quelque temps ?
実践[じっせん];理論は実践に移してこそ意味があるのです。;Les théories n'ont de sens que si elles sont mises en pratique.
南緯[なんい];理論上は、南緯45度が南極点から赤道までの距離の中間地点であるとされる。;Théoriquement, 45 degrés sud est considéré comme le point médian entre le pôle sud et l'équateur.
彩る[いろどる];環境に優しいアイテムに切り替えることは、あなたの暮らしを彩ります。;Passer à des articles respectueux de l'environnement colorerait votre vie.
瓜実顔[うりざねがお];瓜実顔で雰囲気のある女優を探しています。;Je cherche une femme qui a une atmosphère avec des traits classiques.
撤去[てっきょ];瓦礫の撤去に関するニュースをネットで読みました。;J'ai lu les nouvelles sur l'enlèvement des décombres sur Internet.
を鍛える[をきたえる];生まれたての頃からミッチリ鍛えたおかげで、息子は今ピアノの天才児と呼ばれています。;Grâce à la formation rigoureuse que je lui ai donnée depuis sa naissance, mon fils est maintenant qualifié d'enfant prodige du piano.
生保[せいほ];生保はもちろんつみ立てですよね？;Eh bien, bien sûr, votre assurance-vie est de type réserve, n'est-ce pas ?
致命的[ちめいてき];生徒とのスキャンダルは、彼の教師生命にとって致命的でした。;Le scandale avec son élève a été fatal à sa carrière d'enseignant.
一斉[いっせい];生徒達は一斉に温度計に目をやりました。;Les élèves regardaient simultanément le thermomètre.
窮乏[きゅうぼう];生活が窮乏して、仕方なく盗みを働いたんです。;Il vivait dans la pauvreté et commettait un vol en dernier recours.
抑制[よくせい];生理前は、月経前症候群のせいで、感情をうまく抑制することができません。;Je ne peux pas contrôler mes émotions bien avant mes règles à cause du syndrome prémenstruel.
起伏[きふく];生理前はどうしても感情の起伏が激しくなってしまう。;Avant mes règles, j'ai toujours des hauts et des bas émotionnels violents.
滑り台[すべりだい];甥っ子の誕生日祝いに滑り台を作ってるんですが、少々予定が遅れ気味なんですよね。;Je fais une diapositive pour l'anniversaire de mon neveu, mais je suis un peu en retard.
事項[じこう];用紙に必要事項を記載のうえ、郵送をお願い致します。;Pourriez-vous remplir le formulaire et nous l'envoyer par courrier, s'il vous plaît ?
租税[そぜい];田んぼには特定の租税が課されているんですか？;Existe-t-il une taxe spécifique pour les rizières ?
追いかける[おいかける];田中さんは山田さんのことが大すきで、毎日追いかけています。;Mme Tanaka aime beaucoup M. Yamada, alors elle le poursuit tous les jours.
田代島[たしろじま];田代島の人口は百人以下です。;La population de Tashirojima est inférieure à une centaine.
左遷[させん];田舎の支店に左遷されました。;J'ai été rétrogradé dans une succursale à la campagne.
申し申し[もうしもうし];申し申し、花子ちゃん？;Bonjour? Hanakō ?
食費[しょくひ];男[おとこ]の 子[こ]が３ 人[にん]もいるので食費[しょくひ]がかさみます。;J'ai trois garçons donc les frais de nourriture augmentent.
屋敷[やしき];男の妻は毎日お屋敷で何もせずただブラブラしている。;Sa femme ne fait rien d'autre qu'errer sans but dans le domaine tous les jours.
垣根[かきね];男は垣根の上にそっと義手を置きました。;L'homme posa délicatement sa main prothétique sur la haie.
狙撃[そげき];男は政治家を狙撃するために、そのホテルの部屋が見える場所までやってきた。;Il s'est positionné en vue de la chambre d'hôtel pour tirer sur le politicien.
火炎瓶[かえんびん];男は火炎瓶を投げつけた。;L'homme a lancé un cocktail Molotov.
吐き出す[はきだす];男は舐めていた飴を吐き出しました。;L'homme recracha le bonbon qu'il suçait.
陰[いん];男は門の陰に佇み、その家をじっと見つめていた。;L'homme se tenait à l'ombre du portail, fixant intensément la maison.
赤痢[せきり];男女計5人から細菌性の赤痢が検出されました。;La bactérie de la dysenterie a été détectée chez cinq hommes et femmes au total.
埋め立てる[うめたてる];町[まち]は 埋め立て地[うめたてち]に 建設[けんせつ]され、 海抜[かいばつ]はわずか 30センチ[さんぜろせんち]で、 水[みず]はけもよくありませんでした。;Cette ville, construite sur un remblai à 30 centimètres seulement au-dessus du niveau de la mer, n'a pas de système d'évacuation des eaux.
五十音順[ごじゅうおんじゅん];町名は五十音順にならんでいます。;Les noms de villes sont classés dans l'ordre aiueo.
挿入[そうにゅう];画像[がぞう]を 挿入[そうにゅう]して、 面白[おもしろ]いメールを 送[おく]った。;J'ai envoyé un e-mail intéressant avec une image insérée.
迷い[まよい];留学[りゅうがく]したいと 思[おも]っているが、 気持[きも]ちに 迷[まよ]いがある。;J'envisage de partir en bourse, mais j'hésite encore un peu.
宅配便[たくはいびん];"留守[るす;a] の 間[あいだ;h] に 宅配便[たくはいびん;h] が 来[き,くる;k1]た よう です 。";Il semble qu'une livraison est venue pour moi alors que j'étais hors de la maison.
番号札[ばんごうふだ];番号札をとって、お待ちください。;Veuillez prendre un ticket numéroté et attendre votre tour.
思慕[しぼ];異国の地で、母への思慕を重ねています。;Étant dans un pays étranger, j'aspire constamment à ma mère.
執着[しゅうちゃく];異常なほどお金に執着する男の小説を書いてみたいんだよね。;J'aimerais écrire un roman sur un gars qui a une obsession anormale pour l'argent.
上唇[うわくちびる];疲れると、上唇がよく腫れちゃうんですよね。;Quand je suis fatigué, ma lèvre supérieure gonfle généralement.
保険証[ほけんしょう];病院[びょういん]に、 保険証[ほけんしょう]を 持[も]っていくのを 忘[わす]れた。;J'ai oublié d'apporter ma carte d'assuré à l'hôpital.
尿[にょう];病院で尿検査をして、妊娠していると言われました。;J'ai fait un test d'urine à l'hôpital et il a dit que j'étais enceinte.
長靴[ながぐつ];病院のベッドに横になりながら、彼は明日妻にいい長靴を買ってやろうと思った。;Alors qu'il était allongé dans son lit d'hôpital cette nuit-là, il a décidé qu'il obtiendrait une belle paire de bottes de pluie pour sa femme le lendemain.
痛恨[つうこん];痛恨のミスをしてしまい、彼にアドバイスしてもらうはめになりました。;J'ai fait une erreur que je regrette et j'ai fini par lui demander conseil.
発泡[はっぽう];発泡スチロールはこの袋に入れてもらってもいい？他のゴミとは分別して捨てるんだよね。;Pourriez-vous mettre la mousse de polystyrène dans ce sac en plastique ? Nous jetons le reste des déchets séparément.
鍛錬[たんれん];発音が一晩で上手くなる人なんていません。発音を上達させるには、継続的かつ正しい鍛錬が必要です。;Personne ne peut obtenir une prononciation parfaite du jour au lendemain. Pour améliorer votre prononciation, vous avez besoin d'une formation continue et appropriée.
登場人物[とうじょうじんぶつ];登場人物[とうじょうじんぶつ]がうまく 割り振[わりふ]られていた。;Les rôles des personnages étaient bien distribués.
割り振る[わりふる];登場人物[とうじょうじんぶつ]がうまく割り振[わりふ]られていた。;Le rôle des personnages étaient bien distribués. (dans une pièce)
白旗[しらはた];白旗を上げるということは、敵に降伏するということだ。;Hisser un drapeau blanc signifie se rendre à l'ennemi.
空洞[くうどう];白熊が木の空洞の中でうたた寝をしていると、近くに木こりがやって来ました。;Un ours polaire somnolait au creux d'un arbre et un bûcheron arriva bientôt.
お辞儀[おじぎ];皆[みな]、 社長[しゃちょう]にお 辞儀[じぎ]をした。;Tout le monde salua le président de la compagnie.
仮装[かそう];皆[みんな] 仮装[かそう]していたのでだれがだれだかわからなかった。;Tout le monde était déguisé, alors je ne pouvais pas dire qui était qui.
お蔭で[おかげで];皆様のお陰で、我々は甲子園球場で開催されている高校野球のトーナメントで、準々決勝にまで進出することができました。;Grâce à tout le monde, nous avons pu aller aux quarts de finale du Tournoi national de baseball des lycées du Japon qui s'est tenu au stade Koshien.
皇太子妃[こうたいしひ];皇太子妃が軍に志願するはずねぇだろうが。;La princesse héritière ne se porterait jamais volontaire pour l'armée.
皇太子[こうたいし];皇太子殿下に「うまくいくといいですね」と言った。;J'ai dit au prince héritier que j'espérais que les choses s'arrangeraient pour lui.
皇室[こうしつ];皇室はここ最近、かなり大変な状況に陥っています。;La maison impériale a traversé une période très difficile ces derniers temps.
皇帝[こうてい];皇帝はお酒には目がない。;L'empereur a un faible pour le saké.
乗せる[のせる];皿[さら]にケーキを 載[の]せました。;J'ai mis le gâteau sur une assiette.
皿洗い[さらあらい];皿洗いをしているクリステンが可愛すぎて、穴があくほど見つめてしまいました。;Kristen était tellement mignonne quand elle faisait la vaisselle et je ne pouvais pas m'empêcher de la regarder.
仁義[じんぎ];盗人には仁義はない。;Il n'y a pas d'honneur parmi les voleurs.
更迭[こうてつ];監督の更迭が求められている。;Nous recherchons un superviseur de remplacement.
監視[かんし];監視カメラは持ってるんですが、まだテープを確認した事はないんですよね。ちゃんと撮れてるのかな。;J'ai une caméra de surveillance, mais je n'ai pas encore vérifié la bande. Je me demande s'il fonctionne correctement.
惜しまない[おしまない];目的を成し遂げるには、努力を惜しまないことが大切だと思います。;Je pense qu'il est important de ne ménager aucun effort pour atteindre vos objectifs.
圧力[あつりょく];相手[あいて]会社[かいしゃ]から 強[つよ]い圧力[あつりょく]がかかった。;L'autre entreprise a exercé une forte pression.
絶望[ぜつぼう];相手チームに15点差で負けているので、かなり絶望的な状況です。;L'autre équipe a quinze buts d'avance sur nous, donc on est dans une situation assez désespérée.
再度[さいど];相手は、埋め立て計画に反対する請願書を再度持ってくるかもしれませんよ。;Ils pourraient à nouveau présenter une pétition contre notre projet d'enfouissement.
相撲[すもう];相撲[すもう] 取[と]りはたいてい 体[からだ]がとても 大[おお]きいね。;Les lutteurs Sumo ont généralement un très grand corps.
稽古[けいこ];相撲[すもう]の 稽古[けいこ]はとても 厳[きび]しいよ。;La formation Sumo est très difficile.
盾[たて];盾を買いたいんだけど、どこに行けば買えるのか知りませんか？;Je veux acheter un bouclier, savez-vous où je peux aller pour en acheter un ?
省エネ[しょうエネ];省[しょう]エネのためにコンビニの２４ 時間[じかん] 営業[えいぎょう]を 廃止[はいし]しろ！;Réalisons des économie f'énergie en abolissant les commerce 24 heures sur 24 !
電飾[でんしょく];省エネのために電飾にOAタップを使ってるって聞いたんだけど、タコ足配線にするのは危ないわよ。;J'ai entendu dire que vous utilisiez des multiprises pour l'éclairage décoratif afin d'éliminer le gaspillage d'énergie, mais vous pourriez surcharger les circuits, donc c'est dangereux.
疾風[しっぷう];真っ黒な犬が、疾風のように河原を駆け抜けていった。;Le chien noir traversa le lit de la rivière comme une rafale de vent.
清浄[せいじょう];真に清浄な心を持った人間などいるのでしょうか。;Pensez-vous qu'il y a des gens avec des cœurs absolument purs ?
真鯉[まごい];真鯉の刺青を背中に彫りました。;Je me suis fait tatouer une carpe noire sur le dos.
要素[ようそ];睡眠は健康の為の重要な要素である。;Le sommeil est un élément important pour une bonne santé.
瞬き[まばたき];瞬きせずに、この絵を見続けてください。;Ne clignez pas des yeux et continuez à regarder l'image s'il vous plaît.
矢[や];矢はなん本のこっていますか？;Combien de flèches reste-t-il ?
矢印[やじるし];矢印[やじるし]にそって 歩[ある]いてください。;Suivez la flèche.
範囲[はんい];知[し]っている 範囲[はんい]で 教[おし]えてください。;Dites-nous tout ce que vous savez.
辞典[じてん];知[し]らない 言葉[ことば]を 辞典[じてん]で 調[しら]べました。;J'ai cherché le mot que je ne connaissais pas dans le dictionnaire.
徳島県[とくしまけん];知事は、徳島県をどういう風に変えていくおつもりですか？私は今のままがいいと思うのですが。;Gouverneur, en quoi changeriez-vous la préfecture de Tokushima ? J'aime les choses telles qu'elles sont.
過ぎ[すぎ];短時間の仕事で良い給料をもらい過ぎだよ。;Vous êtes bien trop bien payé pour travailler si peu d'heures.
原料[げんりょう];石油[せきゆ]はいろいろな 製品[せいひん]の 原料[げんりょう]になります。;Le pétrole est devenu la matière première pour divers produits.
脳[のう];砂糖[さとう]は 脳[のう]の 栄養[えいよう]になるの。;Le sucre est une source de nourriture pour le cerveau.
警鐘[けいしょう];研究者たちは、どれだけ速く氷山が溶け出しているかについて警鐘を鳴らしている。;Les chercheurs tirent la sonnette d'alarme sur la rapidité avec laquelle les icebergs fondent.
自然に[しぜんに];硬[かた]くならないで、 自然[しぜん]に 話[はな]してください。;S'il vous plaît parler naturellement sans être formel.
湿地[しっち];確か、北海道には湿地が多いんだよね？;Si je ne me trompe pas, il y a beaucoup de zones humides à Hokkaido, n'est-ce pas ?
磁気[じき];磁気カードと磁石を一緒にしない方がいいよ。;Vous ne devriez pas assembler des cartes magnétiques et des aimants.
得[とく];礼儀正[れいぎただ]しくすると 得[とく]である。;Il est payant d'être poli.
無断[むだん];社会人[しゃかいじん]が 無断[むだん]で 休[やす]むなんて、 信[しん]じられない。;Je ne peux pas croire qu'un membre de la société soit absent sans permission.
社会党[しゃかいとう];社会党の主張は現実的ではないような気がする。;Les déclarations du Parti socialiste ne semblent pas réalistes.
奥様[おくさま];社長[しゃちょう]の 奥様[おくさま]はきれいな 方[かた]です。;La femme du président est une belle femme.
貴賓[きひん];社長が外国の貴賓を接待する際に、通訳として同行しました。;Lorsque le président de la société est allé accueillir un visiteur étranger de marque, j'ai assisté en tant qu'interprète.
誘拐[ゆうかい];社長の息子を誘拐するつもりだ。;Je vais kidnapper le fils du gérant.
逝去[せいきょ];社長の逝去は本当に大きなショックです。;La mort du président de l'entreprise a été un très grand choc.
失態[しったい];社長は大失態を犯し、それを隠蔽しようとしたが、さらにその隠蔽工作が裏目に出てしまった。;Le président a commis une énorme erreur et il a essayé de la dissimuler, mais cela s'est retourné contre lui.
眉間[みけん];社長は眉間にシワを寄せながら「この資料は誰が書いた？」と言った。;Le président de la société a dit : « Qui a écrit ces documents ? tout en fronçant les sourcils.
祖母[そぼ];祖母[そぼ]は 京都[きょうと]で 生[う]まれました。;Ma grand-mère est née à Kyoto.
滝川[たきがわ];祖母に、滝川を泳ぐのは危険だと言われました。;Ma grand-mère m'a dit qu'il est très dangereux de nager dans les rapides.
痴呆[ちほう];祖母の痴呆が始まったんです。;Ma grand-mère commence à souffrir de démence.
慈悲[じひ];祖母は本当に慈悲深い人だった。;Ma grand-mère était une personne vraiment compatissante.
模型[もけい];祖父は、最初は従業員一人の小売模型店からこのビジネスを始めました。;Mon grand-père a démarré son entreprise en tant que petit magasin de vente au détail de modèles en plastique pour une seule personne.
鎮める[しずめる];神の怒りを鎮めるには、生贄を捧げる必要があります。;Afin d'apaiser la colère du dieu, nous devons offrir un sacrifice.
神奈川県[かながわけん];神奈川県では漫画がブームです。;Il y a un boom du manga dans la préfecture de Kanagawa.
邪[よこしま];神様は私の邪な心を見透かしていらっしゃったんだわ。;Dieu a vu à travers mon cœur méchant.
胃痛[いつう];禁煙してから、激しい胃痛も治まっている。;Depuis que j'ai arrêté de fumer, mes douleurs intenses au ventre ont également cessé.
福寿[ふくじゅ];福寿と書かれた年賀状を受け取りました。;J'ai reçu une carte de voeux du Nouvel An avec le bonheur et la longévité écrits dessus.
系[けい];私、アキバ系のオタッキーな男性に何故か魅力を感じるんだよね。;D'une certaine manière, je suis attiré par le style Akihabara, les hommes ringards.
宝石[ほうせき];私[わたくし]が 一番[いちばん]好[す]きな宝石[ほうせき]はダイヤモンドなの。;Mon bijou préféré est le diamant.
市場開拓[しじょうかいたく];私[わたくし]どもは、 私[わたくし]どもの 製品[せいひん]の 市場開拓[しじょうかいたく]のため、 貴社[きしゃ]に 最大[さいだい]の 努力[どりょく]を 払[はら]っていただいていることを 理解[りかい]しております。;Nous comprenons que vous faites toujours de votre mieux pour développer le marché pour nos produits.
調査[ちょうさ];私[わたし]たちがその 問題[もんだい]を 調査[ちょうさ]しています。;Nous enquêtons sur ce problème.
体育館[たいいくかん];私[わたし]たちは 体育館[たいいくかん]でバスケットをした。;Nous avons joué au basket-ball dans la gymnase.
名刺[めいし];私[わたし]たちは 名刺[めいし]を 交換[こうかん]しました。;Nous avons échangé nos cartes de visite.
一周[いっしゅう];私[わたし]たちは 庭園[ていえん]を 一周[いっしゅう]しました。;Nous avons fait le tour du jardin.
全文[ぜんぶん];私[わたし]たちは 彼[かれ]の 演説[えんぜつ]の 全文[ぜんぶん]を 読[よ]んだ。;Nous lisons le texte intégral de son discours.
階段[かいだん];私[わたし]たちは 駅[えき]の 階段[かいだん]を 登[のぼ]りました。;Nous avons monté les escaliers de la gare.
取り戻す[とりもどす];私[わたし]たちは、 失[うしな]った 時間[じかん]を 取り戻[とりもど]さなくてはならない。;Nous devons compenser le temps perdu.
経費[けいひ];私[わたし]たちは、 経費[けいひ]を 切りつ[きりつ]めなければならない。;Nous devons réduire nos dépenses.
一体感[いったいかん];私[わたし]たちはだれでも、 他者[たしゃ]との 一体感[いったいかん]を 切望[せつぼう]する 何[なに]かをうちに 秘[ひめ]めている。;Chacun d'entre nous possède quelque chose en soi d'un désire de sentiment d'unité avec les autres.
喜劇[きげき];私[わたし]たちはロンドンに 喜劇[きげき]を 見に行[みにい]った。;Nous sommes allés voir une comédie à Londres.
季節[きせつ];私[わたし]の 一番[いちばん] 好[す]きな 季節[きせつ]は 春[はる]です。;Ma saison favorite est le printemps.
伯母[おば];私[わたし]の 伯母[おば]は、 無料[むりょう]ハワイ 旅行[りょこう]に 当[あ]たった。|伯母はどうして私達の結婚式に来ようとしなかったんだろう。;Ma tante a gagné un voyage gratuit tous frais payés à Hawaii.
独身[どくしん];私[わたし]の 兄[あに]はまだ 独身[どくしん]です。;Mon grand frère est toujours célibataire.
危機感[ききかん];私[わたし]の 参謀[さんぼう]としてついたからには、 危機感[ききかん]を 持[も]って 任[にん]にあたって 貰[もら]わねば 困[こま]ります。;Si vous me rejoingez en tant qu'officier d'état-major, alors j'ai besoin que vous apportiez votre capacité à évaluer le danger dans votre travail.
教科[きょうか];私[わたし]の 好[す]きな 教科[きょうか]は、 数学[すうがく]です。;Ma matière préférée est les mathématiques.
昼寝[ひるね];私[わたし]の 子供[こども]は 毎日[まいにち] 昼寝[ひるね]をします。;Mon enfant fait une sieste tous les jours.
向こう側[むこうがわ];私[わたし]の 家[いえ]は 川[かわ]の 向[む]こう 側[がわ]にあります。;Ma maison est de l'autre côté de la rivière.
引き継ぐ[ひきつぐ];私[わたし]の 息子[むすこ]が 仕事[しごと]を 引き継[ひきつ]ぐだろう。;Mon fils va reprendre le travail.
有る[ある];私[わたし]の 机[つくえ]の 上[うえ]に 書類[しょるい]がたくさん 有[あ]ります。;Il y a beaucoup de documents sur mon bureau.
行儀作法[ぎょうぎさほう];私[わたし]の 母[はは]は 行儀作法[ぎょうぎさほう]にやかましい。;Ma mère est stricte au sujet des manières.
洗濯物[せんたくもの];私[わたし]の 洗濯物[せんたくもの]はどこに 入[い]れればいいですか。;Où dois-je mettre mon linge ?
何処でも[どこでも];私[わたし]の 犬[いぬ]はどこでも 私[わたし]の 行[い]く 所[ところ]へ 付[つ]いてくる。;Mon chien me suit partout où je vais.
詐欺[さぎ];私[わたし]の 知る限[しるかぎ]り、 彼[かれ]はその 詐欺[さぎ]の 企[たくら]みには 関与[かんよ]していません。;A ma connaissance, il n'a pas participé au projet d'escroquerie.
口癖[くちぐせ];私[わたし]の 祖母[そぼ]は、 口癖[くちぐせ]のように １００歳[いちぜろぜろさい]まで 生[い]きると 言[い]っていましたが、 ８５歳[さい]で 亡[な]くなりました。;Ma grand-mère disait qu'elle vivrait une centaine d'année, mais elle est morte à l'âge de 85 ans.
血液型[けつえきがた];私[わたし]の 血液型[けつえきがた]は B[ビー] 型[がた]、 彼[かれ]は O[オー] 型[がた]です。;Mon groupe sanguin est B et celui de mon copain est O.
落ち着く[おちつく];私[わたし]の 話[はなし]を 落[お]ち 着[つ]いて 聞[き]いてください。;Calmez-vous et écoutez-moi.
答える[こたえる];私[わたし]の 質問[しつもん]に 答[こた]えてください。;S'il vous plait répondez à ma question.
趣味[しゅみ];私[わたし]の 趣味[しゅみ]は 映画[えいが]とテニスです。;Mes loisirs sont les films et le tennis.
狭い[せまい];私[わたし]の 部屋[へや]は 狭[せま]いです。;Ma chambre est petite.
外交官[がいこうかん];私[わたし]は ３人[さんにん] 兄弟[きょうだい]がいる。 １人[ひとり]はパイロット、 １人[ひとり]は 外交官[がいこうかん]、 もう 一人[ひとり]は 大工[だいく]だ。;J'ai trois frères: l'un est pilote, l'autre diplomate et le dernier est menuisier.
一人[ひとり];私[わたし]は 一人[ひとり]で 公園[こうえん]を 散歩[だんぽ]しました。;Je me suis baladé au parc seul.
夏[なつ];私[わたし]は 夏[なつ]が 大好[だいす]き。;J'adore l'été.
目が覚める[めがさめる];私[わたし]は 夜中[よなか]に ３度[さんど] 目が覚[めがさ]めた。;Je me suis réveillé trois fois dans la nuit.
育ち[そだち];私[わたし]は 大阪[おおさか] 生[う]まれ、 東京[とうきょう] 育[そだ]ちだ。;Je suis né à Osaka et j'ai grandi à Tokyo.
痩せる[やせる];私[わたし]は 少[すこ]し 痩[や]せました。;J'ai un peu maigri.
房ふ[ぼうふ];私[わたし]は 市場[いちば]でリンゴを３ 個[こ]にブドウを 二[に] 房[ふさ]、デザート 用[よう]に 買[か]った。;J'ai acheté trois pommes et deux grappes de raisins pour le dessert au marché.
平仮名[ひらがな];私[わたし]は 平仮名[ひらがな]を 全部[ぜんぶ] 読[よ]めます。;Je peux lire tous les hiragana.
影響[えいきょう];私[わたし]は 彼[かれ]から 大[おお]きな 影響[えいきょう]を 受[う]けました。;J'ai été profondément influencé par lui.
共感[きょうかん];私[わたし]は 彼[かれ]にとても 共感[きょうかん]できます;Je peux bien le comprendre (sous entendu empathiquement)
書き留める[かきとめる];私[わたし]は 彼[かれ]の 電話[でんわ] 番号[ばんごう]を 書き留[かきと]めた。;J'ai noté son numéro de téléphone.
誤る[あやまる];私[わたし]は 彼女[かのじょ]に 謝[あやま]らなければならない。;Je dois lui faire des excuses.
傷つく[きずつく];私[わたし]は 彼女[かのじょ]の 言葉[ことば]に 傷[きず]つきました。;Ses paroles m'ont bléssé.
嫌[いや];私[わたし]は 待[ま]つのが 嫌[いや]だ。;Il m'est désagréable d'attendre.
招待状[しょうたいじょう];私[わたし]は 招待状[しょうたいじょう]の 封筒[ふうとう]の 宛名書[あてなが]きをしました。;J'ai adressé l'enveloppe contenant l'invitation.
並べる[ならべる];私[わたし]は 料理[りょうり]をテーブルに 並[なら]べた。;J'ai disposé la nourriture sur la table.
先生[せんせい];私[わたし]は 日本語[にほんご]の 先生[せんせい]になりたいです。;Je veux devenir un professeur de japonais.
缶切り[かんきり];私[わたし]は 時々[ときどき]はさみを 缶切[かんき]りとして 使[つか]う。;J'utilise parfois des ciseaux comme ouvre-boîtes.
月極[つきぎめ];私[わたし]は 月ぎ[つき]めで 部屋[へや]を 借[かり]りている。;Je loue une chambre au mois.
浴びる[あびる];私[わたし]は 朝[あさ]、シャワーを 浴[あ]びます。;Je prends une douche le matin.
柔道[じゅうどう];私[わたし]は 柔道[じゅうどう]を 習[なら]っています。;J'apprends le judo.
歴史[れきし];私[わたし]は 歴史[れきし]に 興味[きょうみ]があります。;J'ai un intérêt pour l'Histoire.
田舎[いなか];私[わたし]は 毎年[まいとし] 夏[なつ]に 田舎[いなか]に 帰[かえ]ります。;Chaque année, l'été, je retourne à la campagne.
野菜[やさい];私[わたし]は 毎日[まいにち]たくさん 野菜[やさい]を 食[た]べます。;Je mange beaucoup de légumes tous les jours.
牛乳[ぎゅうにゅう];私[わたし]は 毎朝[まいあさ]、 牛乳[ぎゅうにゅう]を 飲[の]む。;Je bois du lait tous les matins.
通信手段[つうしんしゅだん];私[わたし]は 油断[ゆだん]していたことに 気[き]づいた。;J'ai été pris au dépourvue
無意識に[むいしきに];私[わたし]は 無意識[むいしき]に 彼[かれ]を 傷[きず]つけてしまった。;Sans le vouloir, j'ai fini par le blesser.
玉葱[たまねぎ];私[わたし]は 玉[たま]ねぎだけは 食[た]べられない。;Je ne peux pas manger que des oignons.
稼ぐ[かせぐ];私[わたし]は 自分[じぶん]の 生活[せいかつ] 費[ひ]を稼[かせ]がなくてはならない。;Je dois gagner ma vie.
幼児[ようじ];私[わたし]は 街[がい]に 用事[ようじ]がある。;J'ai une comission à faire en ville.
解読[かいどく];私[わたし]は 解読[かいどく]プログラムを 持[も]っていません。;Je n'ai pas de programme de décryptage.
持つ[もつ];私[わたし]は 車[くるま]を 持[も]っています。;J'ai une voiture.
郊外[こうがい];私[わたし]は 郊外[こうがい]に 家[いえ]を 買[か]いました。;J'ai acheté une maison en banlieue.
村[むら];私[わたし]は 隣[となり]の 村[むら]から 来[き]ました。;Je viens du village voisin.
音楽[おんがく];私[わたし]は 音楽[おんがく]を 聞[き]くのが 好[す]きだ。;J'aime écouter de la musique.
やり遂げる[やりげるとげる];私[わたし]は、その 仕事[しごと]を やり遂[やりと]げるでしょう。;Je vais poursuivre le travail.
誘い[さそい];私[わたし]は、デートの誘[さそ]いを 断[ことわ]った。;J'ai rejeté l'invitation à un rendez-vous.
制作[せいさく];私[わたし]は、テレビドラマを 制作[せいさく]したいと 思[おも]っている。;Je pense que j'aimerais produire des séries télévisées.
皮肉[ひにく];私[わたし]はあなたの 皮肉[ひにく]な 言葉[ことば]は 聞[き]き 捨[す]てにはできません。;Je ne pouvais pas ignorer vos remarques cyniques.
演劇[えんげき];私[わたし]はイギリス 演劇[えんげき]を 勉強[べんきょう]しています。;J'étudie le théatre dramatique anglais.
気が合う[きがあう];私[わたし]はきっと 彼[かれ]と 気が合[きがあ]うと 思[おも]います。 私[わたし]たちは 同[おな]じ 県[けん]の 出身[しゅっしん]だから。;Je suis sûr que je m'entendrai avec lui parce que nous venons de la même préfecture.
絨毯[じゅうたん];私[わたし]はコーヒーをじゅうたんにこぼしてしまった。;J'ai renversé mon café sur le tapis.
和室[わしつ];私[わたし]はこの 和室[わしつ]には 大[おお]きすぎますよ！;Je suis trop grand pour cette chambre de style japonais !
文化[ぶんか];私[わたし]はこの 国[くに]の 文化[ぶんか]を 勉強[べんきょう]しています。;J'étudie la culture de ce pays.
曲[きょく];私[わたし]はこの 曲[きょく]が 大好[だいす]きです。;J'adore ce morceau de musique.
仕来り[しきたり];私[わたし]はそのしきたりをよく 知[し]っている。;Je connais cette coutume (tradition).
大嫌い[だいきらい];私[わたし]はテストが 大嫌[だいきら]い。;Je déteste les tests.
削る[けずる];私[わたし]はナイフで 鉛筆[えんぴつ]を 削[けず]った。;J'ai taillé un crayon avec un couteau.
頼む[たのむ];私[わたし]はハンバーガーを 頼[たの]みました。;J'ai commandé un hamburger.
御飯[ごはん];私[わたし]はパンよりご 飯[はん]が 好[す]きだ。;Je préfère le riz au pain.
思う[おもう];私[わたし]もそう 思[おも]います。;Je le pense aussi.
有職[ゆうしょく];私がインターネットで出会った男性は、三十代で有職ですが、子持ちです。;J'ai rencontré un gars en ligne qui a la trentaine et qui a un travail, mais il a aussi un enfant.
自家製[じかせい];私がホテルで自家製ビールを楽しんでいる時に、警察が自宅へ襲撃を決行したようです。;Alors que je dégustais ma bière brassée à la maison dans une chambre d'hôtel hier soir, la police semble avoir mené une descente chez moi.
奈良県[ならけん];私が奈良県に住んでいる時は、彼女は親友の一人でしたが、私が大阪に引っ越してからは疎遠になりつつあります。;Elle était l'une de mes meilleures amies quand je vivais dans la préfecture de Nara, mais nous nous sommes séparés depuis que j'ai déménagé à Osaka.
猫舌[ねこじた];私が猫舌だってこと、忘れてない？;N'oubliez-vous pas que j'ai une aversion pour les plats chauds ?
恐慌[きょうこう];私が留守だった日、村は恐慌に包まれた。;Le village était pris de panique le jour où je n'y étais pas.
門扉[もんぴ];私が門扉の前で待っていると、誰かが割り込んできました。;Alors que j'attendais devant les portes du portail, quelqu'un me coupa devant.
原型[げんけい];私たちはまず初めに、粘土で彫刻の原型を作るんです。;Nous sculptons généralement un modèle en argile au début.
飽き[あき];私って、飽きっぽいのよね。;Eh bien, je suis volage.
自制[じせい];私としては、断然フランボワイヤン様式の方が良かったんですが、そこはまぁ自制しています。;Je préfère définitivement les styles flamboyants, mais je pratique la retenue.
媒酌[ばいしゃく];私どもの結婚式の媒酌の労をおとりいただき、本当にありがとうございました。;Merci beaucoup pour tout votre travail acharné dans notre matchmaking de cérémonie de mariage.
使い捨て[つかいすて];私にとって、使い捨てカイロは冬には無くてはならないものです。;Pour moi, les chauffe-poches jetables sont indispensables en hiver.
不振[ふしん];私のCDはしばらく売上不振に苦しんでいたが、ラジオで紹介されてから今月は売上げが上昇しています。;Mon CD souffrait d'une baisse des ventes depuis un petit moment, mais depuis son introduction à la radio, les ventes sont à nouveau en hausse ce mois-ci.
隔てる[へだてる];私のアパートでは、浴槽と洗面所はシャワーカーテン一枚で隔てられています。;Dans mon appartement, la baignoire et la salle de bain sont séparées par un seul rideau de douche.
唄う[うたう];私のおじさんは、唄うアコーディオン弾きです。;Mon oncle est accordéoniste chanteur.
拒む[こばむ];私のかかりつけのお医者さんは、私が大腸癌検査を受けるのを拒みました。;Mon médecin de famille a refusé de me laisser faire le dépistage du cancer colorectal.
国宝[こくほう];私のきおくが正しければ、これは国宝ではありません。;Si je me souviens bien, ce n'est pas un trésor national.
審査[しんさ];私のパスポートに上陸許可の判子を押してくれた入国審査官は、コウイチにそっくりでした。;L'inspecteur de l'immigration, qui a tamponné mon passeport avec le sceau d'autorisation d'atterrissage, ressemblait à Koichi.
仁[じん];私の一番好きな日本の諺は、「身を殺して仁を成す」です。;"Mon proverbe japonais préféré est ""sacrifier sa vie pour faire le bien""."
保守主義[ほしゅしゅぎ];私の両親は、二人とも教師で、めちゃくちゃ古風な保守主義者です。;Mes parents sont à la fois enseignants et conservateurs extrêmement démodés.
私営[しえい];私の両親は、私営の葱園を所有しています。;Mes parents possèdent un jardin privé d'oignons verts.
営む[いとなむ];私の両親はマッサージ業を営んでいるので、私はそこで「マッサージ受け放題」なんです。;Mes parents dirigent une entreprise de massothérapie, je peux donc obtenir des «massages à volonté» à la maison.
寸前[すんぜん];私の会社は破産寸前である。;Mon entreprise est au bord de la faillite.
展示会[てんじかい];私の兄は、カフェで初めての美術展示会を開催した。;Mon frère a organisé sa première exposition d'art dans un café.
警視庁[けいしちょう];私の兄は、東京都警視庁公安部に勤めています。;Mon frère travaille pour le bureau de la sécurité publique du département de la police métropolitaine de Tokyo.
操[みさお];私の兄は女性は結婚するまで操を守るべきだと言う。;Mon frère dit que les filles doivent préserver leur chasteté jusqu'au mariage.
弦楽器[げんがっき];私の叔父は、弦楽器の修理をしています。;Mon oncle répare des instruments à cordes.
猟師[りょうし];私の叔父は猟師です。;Mon oncle est chasseur.
桑畑[くわばたけ];私の地元には、桑畑があちこちにあります。;Les champs de mûriers sont partout dans ma ville natale.
創造[そうぞう];私の妹は、創造力がとても豊かだ。;Ma petite soeur est très créative.
疾患[しっかん];私の妹は、精神疾患を抱えています。;Ma petite soeur a un trouble mental.
喪服[もふく];私の妹は拒食症なのですが、喪服を着ているとより一層痩せ細ってみえました。;Ma sœur est anorexique et lorsqu'elle portait sa robe de deuil, elle avait l'air encore plus maigre.
日系[にっけい];私の妻は日系アメリカ人の三世です。;Ma femme est une Américaine de troisième génération d'origine japonaise.
お疲れ様[おつかれさま];私の妻は私の背広をハンガーに掛る時に、「今日も一日お仕事お疲れ様でした」といつも言ってくれるんです。;"Quand ma femme met ma veste sur le cintre, elle dit toujours : ""Merci d'avoir encore travaillé dur aujourd'hui."""
無謀な[むぼうな];私の娘を止めてもらえませんか。無謀にもスパイ活動をしようとしているんです。;Pourriez-vous arrêter ma fille ? Elle se livre imprudemment à l'espionnage.
刈り取る[かりとる];私の実家は農家で米を育てているので、今週末は稲の刈り取りを手伝わなきゃいけないんです。;Mes parents sont des agriculteurs qui élèvent du riz, je dois donc les aider à récolter du riz ce week-end.
原子爆弾[げんしばくだん];私の家は火災保険に入っていますが、もし誰かが原子爆弾を落として、それで家が燃えちゃった場合はどうなるんでしょうか。それでも保険金は降りるんでしょうか。;Ma maison a une assurance incendie, mais que se passe-t-il si quelqu'un largue une bombe atomique et que ma maison prend feu ? Aurais-je encore l'argent de l'assurance?
沿線[えんせん];私の弟は、京王沿線に住んでいます。;Mon frère vit le long de la ligne Keio.
逃亡[とうぼう];私の弟は優し過ぎて犯罪者達の逃亡を助けてしまい、そのせいで逮捕されてしまいました。;Mon petit frère est si généreux qu'il a aidé à l'évasion des criminels et a été arrêté pour cela.
焼き芋[やきいも];私の彼氏、本当にムカつくんだけど！私がすっごくすっごく楽しみしてた焼き芋、食べちゃったの。;Mon copain est un tel abruti ! Il a mangé ma patate douce rôtie que j'avais vraiment, vraiment hâte de manger.
粉砕[ふんさい];私の従兄弟は、転んで左足の膝のお皿を粉砕骨折しました。;Mon cousin est tombé et a eu une fracture comminutive de la rotule gauche.
堰[せき];私の息子は、ある日突然、堰を切ったように日本語をペラペラ話し始めたんです。;Un jour, mon fils s'est soudain mis à parler couramment le japonais, comme si un barrage en lui s'était rompu.
処分[しょぶん];私の息子は、ある生徒に苛めを行い、退学処分を受けました。;Mon fils a été expulsé de l'école pour avoir intimidé un élève.
佳作[かさく];私の描いた絵が佳作で入選しました。;L'image que j'ai dessinée a été choisie comme un bon travail.
少尉[しょうい];私の曽祖父は、旧日本陸軍少尉でした。;Mon arrière-grand-père était sous-lieutenant dans l'ancienne armée japonaise.
造る[つくる];私の最近の趣味は、手作りのビールを造ることなんですよ。;Mon passe-temps récent est de brasser de la bière maison.
信心[しんじん];私の母は仏教を信心しています。;Ma mère croit au bouddhisme.
織る[おる];私の母親は、最近手織り機でカーペットを織ることにはまっているんです。;Ma mère aime beaucoup les tapis tissés à la main ces derniers temps.
罹る[かかる];私の父は、不眠症にかかっている。;Mon père souffre d'insomnie.
電磁場[でんじば];私の父は、電磁場発生装置の特許を持っているんですが、私はそれが何のためのものなのかよく分かりません。;Mon père a un brevet pour un générateur de champ électromagnétique, mais je ne sais pas à quoi il sert.
飴細工[あめざいく];私の父は飴細工の名人です。;Mon père est un maître des sculptures en sucre.
用心棒[ようじんぼう];私の用心棒をしてくれない？;Voulez-vous travailler comme mon garde du corps ?
世界恐慌[せかいきょうこう];私の祖父は世界恐慌が起きた年に生まれました。;Mon grand-père est né l'année de la Grande Dépression.
免除[めんじょ];私の祖父は心臓病を患っていたため、兵役を免除されました。;Mon grand-père a été exempté du service militaire parce qu'il avait une maladie cardiaque.
肺臓[はいぞう];私の祖父は肺臓炎で亡くなりました。;Mon grand-père est mort d'une inflammation des poumons.
倒壊[とうかい];私の祖父母の家はとても古いので、雪の重みで倒壊しかねません。;La maison de mes grands-parents est si vieille qu'elle pourrait s'effondrer sous le poids de la neige.
祖父母[そふぼ];私の祖父母はまだ小児科医にかかっています。;Mes grands-parents voient encore leur pédiatre.
貨物船[かもつせん];私の貨物船の中で騒ぐんじゃない！;Ne bousculez pas mon cargo !
収納[しゅうのう];私の部屋にはあまり収納スペースがないので、ちょっとした工夫が必要です。;Il n'y a pas beaucoup d'espace pour ranger des choses dans ma chambre, donc ça demande un peu d'ingéniosité.
隣人[りんじん];私の隣人は、幸運を呼ぶお守りを持っていることで有名です。;Mon voisin est célèbre pour avoir un charme qui porte bonheur.
残酷[ざんこく];私は、ひどく残酷な決断を迫られました。;J'ai été pressé d'une décision terriblement cruelle.
澄る[する];私は、一つ上の階からコンスタントに聞こえてくる気味の悪い金切り声を聞くために、耳を澄ましました。;J'ai tendu l'oreille pour entendre le faible mais constant crissement venant de l'étage.
細胞[さいぼう];私は、人工多能性幹細胞(iPS細胞)の研究をしています。;J'étudie les cellules souches pluripotentes induites (cellules iPS).
浄化[じょうか];私は、放射能汚染水を浄化する施設を設計しています。;Je suis en train de concevoir une installation pour purifier l'eau radioactive.
移民[いみん];私は、自分が違法移民であるという秘密を彼女に告白した。;Je lui ai avoué mon secret que je suis un immigrant illégal.
迎賓館[げいひんかん];私は、迎賓館に招待されました。;J'ai été invité à la salle de réception.
補佐[ほさ];私はTofugu営業部の補佐として働きました。;J'ai travaillé comme assistante au service commercial de Tofugu.
抽選[ちゅうせん];私はあの病院の抽選で、胃のバイパス手術が当たったんです。;J'ai gagné un pontage gastrique à la tombola de cet hôpital.
傍観[ぼうかん];私はイジメをただ傍観していました。;Je n'ai regardé que l'intimidation.
粗い[あらい];私はいつも、トウモロコシ、麦、豆などをひき割って粗い粉にしたものをスムージーに入れます。;J'utilise toujours la farine grossière de maïs, de blé ou de haricots dans mes smoothies.
序文[じょぶん];私はいつも本の序文は飛ばします。;Je saute généralement la préface d'un livre.
憩い[いこい];私はうちの食堂を忙しいサラリーマンの憩いの場にしたいんです。;Je veux faire de mon restaurant un lieu de repos et de détente pour les salariés pressés.
挑む[いどむ];私はこの日曜日、有名なベーコン鑑定家に挑みます。;Je vais défier le célèbre amateur de bacon ce dimanche.
通貨[つうか];私はこの通貨をよく知っています。;Je connais bien cette monnaie.
安値[やすね];私はこの長靴を驚くほどの安値で買いましたが、防水加工がされてませんでした。;J'ai acheté ces bottes de pluie à un prix incroyablement bas, mais elles ne sont pas étanches.
輝き[かがやき];私はそのダイヤモンドの輝きに目がくらんでしまいました。;J'étais désorienté par l'éclat du diamant.
撤兵[てっぺい];私はその撤兵を恥じた事は一度もありません。;Je n'ai jamais eu honte du retrait des troupes.
漁師[りょうし];私はその漁師を知っていますよ。私の義理の兄ですから。;Je connais ce pêcheur parce que c'est mon beau-frère.
信託[しんたく];私はその証券マンを信頼して、投資信託に大金をつぎ込みました。;J'ai fait confiance au courtier en placement et j'ai investi une grande partie de mon argent dans le fonds commun de placement.
盤[ばん];私はビートルズのビニール盤を収集しています。;Je collectionne les disques vinyles des Beatles.
降参[こうさん];私はまだ降参していません。;Je n'ai pas encore abandonné.
渋谷[しぶや];私はよく渋谷駅で外国人を見ます。;Je vois habituellement des étrangers à la gare de Shibuya.
不純[ふじゅん];私は不純な動機から日本語を勉強し始めました。;J'ai commencé à étudier le japonais pour des motifs impurs.
景観[けいかん];私は京都の景観がとても好きです。;J'aime beaucoup les paysages de Kyoto.
修辞学[しゅうじがく];私は修辞学の先生に恋をしています。;J'ai le béguin pour le professeur de rhétorique.
詐取[さしゅ];私は偽の売買契約書で、お金を詐取されました。;Mon argent a été escroqué par un faux titre de propriété.
公益[こうえき];私は公益法人で働いています。;Je travaille pour une fondation à but non lucratif.
後ろ盾[うしろだて];私は友人の後ろ盾に勇気づけられました。;J'ai été encouragé par le soutien de mon ami.
思い詰める[おもいつめる];私は失業中ですが、そのことを思い詰めてはいません。;Je suis entre deux boulots, mais je ne m'en fais pas trop.
銭[ぜに];私は妻のために死ぬまで働いて銭を稼ぐだけの奴隷ですよ。;Je suis juste un esclave pour gagner de l'argent pour ma femme jusqu'à ma mort.
孤児院[こじいん];私は孤児院で幼少期を過ごしました。;J'ai passé mon enfance dans un orphelinat.
脱税[だつぜい];私は小さい頃、両親から親切な人になるよう教わりましたが、二人は脱税容疑で逮捕されました。;Mes parents m'ont appris à être une personne gentille quand j'étais petite, mais ils ont été arrêtés pour évasion fiscale.
躍り[おどり];私は小躍りして喜びました。;J'ai sauté de joie.
慕う[したう];私は彼のことを兄のように慕っていました。;Je l'adorais comme un grand frère.
汗臭い[あせくさい];私は彼の汗臭い枕が好きだった。;J'aimais son oreiller qui sentait la sueur.
内堀[うちぼり];私は彼を内堀に通すために道をあけた。;Je m'écartai pour le laisser passer jusqu'au fossé intérieur.
にを裂く[にをさく];私は彼女の才能を妬んでおり、彼女が絵画コンクールに向けて絵を描いていたキャンバスを切り裂きました。;J'étais jaloux de son talent, alors j'ai déchiré la toile qu'elle peignait pour un concours d'art en morceaux.
笠[かさ];私は彼女の笠にこっそりエーデルワイスの花を飾りました。;J'ai mis en cachette des fleurs d'edelweiss sur le chapeau conique de ma copine.
全景[ぜんけい];私は息を飲むような富士の全景を期待していたが、実際はかなりお粗末なものだった。;Je m'attendais à un panorama à couper le souffle sur le mont Fuji, mais la réalité était assez pathétique.
総括[そうかつ];私は情報を総括し、上司の注意を促すために報告しましたが、彼は聞く耳を持ちませんでした。;J'ai résumé l'information et l'ai signalée à mon patron, mais il n'a pas écouté.
愛媛県[えひめけん];私は愛媛県の出身です。;Je viens de la préfecture d'Ehime.
慢性[まんせい];私は慢性胃腸炎を患っているんです。;Je souffre de gastro-entérite chronique.
拳銃[けんじゅう];私は拳銃を派手なスパンコールで飾り付けしてみました。;J'ai décoré mon revolver avec des paillettes flashy.
捕鯨[ほげい];私は捕鯨には反対です。;Je suis contre la chasse à la baleine.
信奉[しんぽう];私は日本国民全員が神道を信奉すべきだと思います。;Je pense que tous les citoyens japonais devraient croire au shintoïsme.
服飾[ふくしょく];私は服飾専門学校を卒業しました。;Je suis diplômée d'une école technique de mode.
済る[する];私は本当に何もやっていません。今朝そこで、父のためにちょっと用事を済ませていただけなんです。;Je jure que je n'ai rien fait. Je faisais juste quelques courses là-bas pour mon père ce matin.
火鉢[ひばち];私は正座をして、火鉢に手をかざしました。;Je me suis assis avec mes jambes pliées sous moi et j'ai réchauffé mes mains sur le brasero.
奈良[なら];私は歯のしつこい着色汚れを奈良の歯医者さんで落としました。;J'ai enlevé les taches de couleur tenaces sur mes dents à la clinique dentaire de Nara.
購買[こうばい];私は消費者の購買意欲について研究をしています。;J'étudie les motivations d'achat des clients.
源氏物語[げんじものがたり];私は源氏物語を漫画でしか読んだことがありません。;Je n'ai lu que la version manga du Dit de Genji.
片言[かたこと];私は片言の日本語でなんとかパスポートの再発行をしてもらいました。;J'ai réussi à faire réémettre mon passeport avec mon japonais cassé.
王妃[おうひ];私は王妃と友情を育んだ。;J'ai cultivé mon amitié avec la reine.
者[もの];私は留守番の者です。;Je suis la personne de garde de la maison.
珍味[ちんみ];私は痛風なのでビールを飲まない方がいいのは分かっているんですが、友人からビールに良く合う珍味をもらったので今日ばかりは我慢できませんね。;J'ai la goutte et je sais que je devrais éviter la bière, mais je ne peux pas m'empêcher d'en boire aujourd'hui parce que mon ami m'a donné des friandises qui vont bien avec la bière.
皮膚科[ひふか];私は皮膚科に通院しています。;Je vais chez un dermatologue.
仰天[ぎょうてん];私は真美がどれだけ速くベーコンを食べれるのかってことにびっくり仰天しました。;J'ai été étonné de la rapidité avec laquelle Mami pouvait manger du bacon.
社費[しゃひ];私は社費で日本語を勉強させてもらっています。;J'étudie le japonais aux frais de mon entreprise.
穀類[こくるい];私は穀類を毎食摂るようにしています。;J'essaie d'avoir des céréales à chaque repas.
眼球[がんきゅう];私は自分の左の眼球をあちこち捜したが、なかなか見つけられなかった。;J'ai cherché haut et bas mon globe oculaire gauche, mais je ne pouvais tout simplement pas le trouver.
解析[かいせき];私は踊りながらそれを解析してみました。;Je l'ai analysé en dansant.
道に迷う[みちにまよう];私は道に迷うのが得意です。;Je suis doué pour me perdre.
鉢[はち];私は鉢にピーナッツを植えました。;J'ai planté des cacahuètes dans le pot.
長崎県[ながさきけん];私は長崎県の出身で、家族の墓も全部そこにあります。;Je viens de la préfecture de Nagasaki et mes tombes familiales s'y trouvent également.
鼻詰まり[はなづまり];私は高熱と鼻詰まりに苦しんでいます。;Je souffre d'une fièvre terrible et d'un nez bouché.
無我[むが];私は鮫に追いかけられて、無我夢中で泳ぎました。;J'étais suivi par un requin alors je me suis perdu en nageant pour ma vie.
秀でる[ひいでる];私は鼻くそをほじくることだけには秀でています。実際、鼻血を出すはめになったこともありません。;La seule chose dans laquelle j'excelle, c'est de me curer le nez. En fait, je n'ai jamais fait saigner mon nez.
庶民[しょみん];私みたいな庶民には関係のない話です。;L'histoire n'a rien à voir avec une personne ordinaire comme moi.
恐怖症[きょうふしょう];私も父も高所恐怖症です。;Mon père et moi avons tous les deux le vertige.
私自身[わたしじしん];私自身は、その動物園の問題にはあまり関心がないんです。;Personnellement, je suis indifférent aux problèmes du zoo.
忠実[ちゅうじつ];私達の子どもはあなたの子と違って、忠実に言うことを聞くんです。|いぬ は かいぬし に ちゅうじつ です;Nos enfants font fidèlement ce qu'on leur dit, contrairement aux vôtres. Les chiens sont fidèles à leur propriétaire.
体系的[たいけいてき];私達は、体系的な日本語学習教材を提供しています。;Nous offrons du matériel d'apprentissage systématique du japonais.
盲目[もうもく];私達は、盲目の犬を飼っているんです。;Nous avons un chien aveugle.
穂[ほ];私達はお腹がペコペコだったので、麦の穂を集めてそのまま生で食べたんです。;Nous avions tellement faim que nous avons ramassé des épis de blé et les avons mangés crus.
小規模[しょうきぼ];私達はみんな、啓介に小規模農場なんて始めない方がいいと警告したんです。;Nous avons tous mis en garde Keisuke contre le démarrage d'une petite ferme.
撲滅[ぼくめつ];私達はみんな、飲酒運転撲滅運動をサポートしています。;Nous appuyons tous l'éradication de l'alcool au volant.
剣[けん];私達は午前二時に剣で戦うことにした。;Nous avons décidé de nous battre à l'épée à deux heures du matin.
密会[みっかい];私達は密会によくこの部屋を利用しています。;Nous utilisons souvent cette salle pour des réunions secrètes.
感銘[かんめい];私達は彼のピアノの演奏に深く感銘を受けました。;Nous avons été profondément impressionnés par sa performance au piano.
慰問[いもん];私達は毎週日曜日、セラピー犬たちと一緒に老人ホームを慰問します。;Nous visitons une maison de retraite avec des chiens de thérapie tous les dimanches.
陸軍[りくぐん];私達は陸軍訓練を見に来たただの見学です。;Nous sommes juste ici pour observer l'entraînement de l'armée.
気配[けはい];秋[あき]の 気配[けはい]が 感[かん]じられた。;Il y'a des indice de la venue de l'automne.
秋葉原[あきはばら];秋葉原は東京で人気n3の場所です。;Akihabara est un endroit populaire à Tokyo.
著しい[いちじるしい];科学[かがく]は 著[いちじる]しく 進歩[しんぽ]した。;La science a fait des progrès remarquables.
稚拙[ちせつ];稚拙な文章ですがもしよければ読んでください。;Ce n'est pas un très bon article, mais veuillez le lire si vous le souhaitez.
稼ぎ[かせぎ];稼ぎがそんなに多くないので、何によくお金を使っているか習慣を見直して節約するために家計簿をつけています。;Nos revenus ne sont pas très élevés, alors je tiens un livre de compte budgétaire pour examiner nos habitudes de dépenses afin d'économiser de l'argent.
実在[じつざい];穴ぐまって、実在するんですね。;Les blaireaux existent vraiment, hein ?
数えきれない[かぞえきれない];空[そら]には 数え切[かぞえき]れないほど 星[ほし]が 出[で]ている。;Il y a plus d'étoiles dans le ciel que je ne peux compter.
空[そら];空[そら]の 写真[しゃしん]を 撮[と]るのが 好[す]きです。;J'aime prendre des photographies du ciel.
光り輝く[ひかりかがやく];空[そら]は 花火[はなび]で 光り輝[ひかりかがや]いていた。;Le ciel était illuminé par des feux d'artifice.
空欄[くうらん];空欄に答えを書き込んでください。;Veuillez remplir votre réponse dans l'espace vide.
乗り場[のりば];空港[くうこう]のタクシー 乗り場[のりば]はどこですか。;Où se trouve l'arrêt de taxi pour l'aéroport ?
群がる[むらがる];空港に到着するとファンが群がっていて、驚きましたよ。;Nous avons été surpris que les fans s'étaient rassemblés pour nous attendre quand nous sommes arrivés à l'aéroport.
店舗[てんぽ];空港の近くにここのレンタカーの店舗はありますか？;Y a-t-il un magasin de location de voitures près de l'aéroport ?
空き瓶[あきびん];空瓶はこちらに捨ててください。;Veuillez jeter les bouteilles vides ici.
疎開[そかい];空襲を避けるために田舎へ疎開していました。;Ils ont été évacués vers la campagne pour éviter les raids aériens.
殴打[おうだ];突然、背後から知らない男に後頭部を殴打されました。;Soudain, j'ai été frappé à l'arrière de la tête par derrière par un gars au hasard que je ne connaissais pas.
悲しみ[かなしみ];突然[とつぜん]の 悲[かな]しみが 一家[いっか]を 襲[おそ]いました。;Un brusque chagrin s'abbata sur toute la famille.
突貫[とっかん];突貫工事で犬小屋を建てました。;Nous avons construit la niche en la construisant à toute vitesse.
光[ひかり];窓[まど]から 太陽[たいよう]の 光[ひかり]が 入[はい]ってきた。;La lumière du soleil entrait par la fenêtre.
騒音[そうおん];窓[まど]から 車[くるま]の 騒音[そうおん]が 入[はい]ってきます。;Le bruit des voitures passe par la fenêtre.
涼風[りょうふう];窓を開けると、心地よい涼風とともに美しいピアノの音色が舞い込んできた。;Quand j'ai ouvert la fenêtre, il y avait une brise agréable et fraîche et le beau son d'un piano.
埃[ほこり];窓を開けると、部屋に埃が入る。;Lorsque vous ouvrez la fenêtre, la poussière pénètre dans la pièce.
窮地[きゅうち];窮地に追い込まれ、ようやく尻尾を見せました。;Il a été poussé dans un coin et a finalement montré sa queue.
競艇[きょうてい];競艇で大儲けしました。;J'ai fait une tuerie dans la course de bateaux.
竹の子[たけのこ];竹の子をゆでているところです。;Je fais bouillir des pousses de bambou.
第一段[だいいちだん];第一段階として、まずは基本の復習をしなくちゃいけないかもしれない。;Je devrai peut-être revoir les bases pour la première étape.
第二章[だいにしょう];第一章はおもしろかったけど、第二章はいまいちだった。;Le premier chapitre était bon, mais le deuxième était bon.
貴重[きちょう];第三者からの意見は貴重だ。;Les avis de tiers sont précieux.
炎症[えんしょう];筋肉の炎症には、ノンステロイドの痛み止めを処方しておきますね。;Je vais vous prescrire des analgésiques non stéroïdiens pour votre inflammation musculaire.
腰抜け[こしぬけ];管理職に昇進する前に辞職する腰抜け社員が多すぎる。;Il y a trop d'employés lâches qui démissionnent avant d'être promus à la direction.
蓋[ふた];箱[はこ]に 蓋[ふた]をしたよ。;J'ai refermé le couvercle sur la boîte.
定規[じょうぎ];箱[はこ]の 大[おお]きさを 定規[じょうぎ]で 測[はか]る。;Mesurez la taille de la boîte avec une règle.
米国[べいこく];米国の大とうりょうの名まえを知っていますか。;Connaissez-vous le nom du président des États-Unis ?
粗悪[そあく];粗悪なガソリンは、車の寿命を早める。;L'essence brute raccourcira la durée de vie d'une voiture.
粘土[ねんど];粘土を買おうかなと思ってるの？;Envisagez-vous d'acheter de l'argile?
魔法使い[まほうつかい];約束を守らないと、みんなから相手にされなくなるぞ。いいから、お前が先日会ったっていう、その魔法使いを連れてこいよ！;Si vous ne tenez pas vos promesses, les gens ne vous prendront pas au sérieux, alors amenez le sorcier que vous avez dit avoir rencontré l'autre jour !
丸[まる];紙[かみ]に 大[おお]きな 丸[まる]を 描[か]きました。;J'ai dessiné un grand cercle sur le papier.
媒体[ばいたい];紙媒体で仕入れた情報の方が何故か安心するんだよね。;Pour une raison quelconque, je me sens plus à l'aise d'obtenir des informations sur papier.
素敵[すてき];素敵[すてき]なプレゼントをありがとう。;Merci pour le magnifique cadeau.
素晴らしい[すばらしい];素晴[すば]らしい 景色[けしき]ですね。;C'est un magnifique paysage, n'est-ce pas ?
大規模[だいきぼ];細川は、原発再稼働に反対する大規模デモの実現に協力してくれたことについて、児島に礼を述べた。;Hosokawa a remercié Kojima de l'avoir aidé à organiser un rassemblement à grande échelle contre la reprise des opérations de la centrale nucléaire.
培養[ばいよう];細胞培養を作るには、何を準備する必要がありますか。;Que dois-je préparer pour faire une culture cellulaire?
淑女[しゅくじょ];紳士淑女のみなさん 、こんばんは。;Bonsoir mesdames et messieurs.
終身刑[しゅうしんけい];終身刑を言い渡されたのは初めてです。;C'est la première fois que je suis condamné à perpétuité.
終電[しゅうでん];終電[しゅうでん]にやっと 間[ま]に 合[あ]った。;J'étais juste à temps pour le dernier train.
駆け込む[かけこむ];終電に駆け込み乗車をしようとしましたが、目の前でドアが閉まりました。;Je me précipitais dans le dernier train, mais la porte se referma devant mes yeux.
経済学[けいざいがく];経済学のけの字も知らないので、学校に行くことにしたんです。;Je ne connais rien à l'économie, alors j'ai décidé d'aller à l'école.
植樹[しょくじゅ];結婚の記念として、主人と私はメープルシュガーの木を植樹しました。;Mon mari et moi avons planté un érable à sucre pour commémorer notre mariage.
誓い[ちかい];結婚の誓いの言葉を述べている時、自分が間違った男の人と結婚しようとしていることは分かっていました。;Quand je disais mes vœux de mariage, je savais que j'épousais le mauvais homme.
入籍[にゅうせき];結婚式の前に入籍をする予定です。;Nous prévoyons d'être inscrits dans le registre de famille avant la cérémonie de mariage.
黒幕[くろまく];結局、あんたが黒幕だったんだな。どうりてあの女を殺した時手慣れていたと思ったよ。;Alors, tu es le cerveau, hein ? Pas étonnant que tu aies semblé si professionnel quand tu l'as tuée.
紛らわしい[まぎらわしい];結局それはバスケットボールだったんですが、とても紛らわしかったです。私は完全に妊婦さんの大きなお腹だと思っていました。;C'était un ballon de basket après tout, mais c'était vraiment trompeur. Je pensais que ça ressemblait exactement à la stomie d'une femme enceinte
朽ちる[くちる];結局成功もせず、女もできずに朽ちていくはめになった。;Au final, je n'ai pas réussi, je n'ai jamais eu de petite amie, et maintenant je vais mourir.
厳粛[げんしゅく];結果を厳粛に受け止め、次回に臨みたい。;Je veux réagir solennellement aux résultats et y faire face la prochaine fois.
賞与金[しょうよきん];給料日は毎月5日と20日で、会社の業績次第で賞与金が年末に支払われます。;Nos jours de paie sont le cinquième et le vingtième de chaque mois et une prime peut être versée à la fin de l'année en fonction des performances de l'entreprise.
給油[きゅうゆ];給油ポンプが車に届きません。;La pompe à carburant n'atteint pas ma voiture.
降伏[こうふく];絶対にあいつらを降伏させてみせる。;Je les ai laissés se rendre sans condition.
二泊[にはく];継母がうちに二泊泊めてくれって言ってるんだけど、どう思う？;Ma belle-mère demande si elle peut rester chez nous pour deux nuits, qu'en pensez-vous ?
綱引き[つなひき];綱引きは、日本と同じくらいアメリカでも人気がありますか？;Le tir à la corde est-il aussi populaire en Amérique qu'au Japon ?
網膜[もうまく];網膜とは、カメラのフィルムに似た、眼の奥の膜のことです。;La rétine est une membrane à l'intérieur de l'œil qui ressemble à la pellicule d'un appareil photo.
緊急[きんきゅう];緊急[きんきゅう]の 場合[ばあい]は、 １１９番[ひゃくじゅうきゅうばん]に 電話[でんわ]しなさい。;En cas d'urgence, appelez 119.
天辺[てっぺん];線路[せんろ]の 上[うえ]に 鉄片[てっぺん]があったために 列車[れっしゃ]は 脱線[だっせん]した。;Le train a été déraillé à cause d'un morceau de fer en travers de la voie.
緯線[いせん];緯度0度の緯線のことを、赤道と呼びます。;Le parallèle à 0 degré s'appelle l'équateur.
劇団[げきだん];練習の後、劇団員はみんな汗だくだった。;Tous les membres de la troupe de théâtre transpiraient après l'entraînement.
縄文[じょうもん];縄文時代にもおしゃぶりみたいなものはあったのかな。;Je me demande s'il y avait l'équivalent des anneaux de dentition à l'ère Jomon.
縞[しま];縞[しま]のシャツを 着[き]ると、 痩[や]せて 見[み]える。;Porter une chemise rayée vous fait paraître mince.
缶詰[かんづめ];缶詰[かんづめ]のフルーツはとても 甘[あま]い。;Les fruits en conserve sont très sucrés.
罰[ばっ]する;罪に比例して罰するべきだ。;La peine doit être proportionnelle au crime.
容赦[ようしゃ];罪人は容赦なく罰せられなくてはならない。;Le criminel doit être puni sans pitié !
罰金[ばっきん];罰金[ばっきん]を３ 万[まん] 円[えん]もとられたよ。;J'ai dû payer une amende de 30 000 yens.
定義[ていぎ];美[うつく]しさを 定義[ていぎ]してください。;Veuillez définir la beauté.
鯨肉[げいにく];美味しい鯨肉の店を知っているよ。;Je connais une délicieuse boutique de viande de baleine.
美女[びじょ];美女[びじょ]は 綺麗[きれい]な 女の人[おんなのひと]です。;Belle femme signifie une femme magnifique.
群馬県[ぐんまけん];群馬県の実家から帰ってきたら、知らせてくれよな。;Préviens-moi quand tu reviendras de la maison de tes parents dans la préfecture de Gunma.
義塾[ぎじゅく];義塾に通い始めた初日、思いっきり場違いだと感じました。;Je ne me sentais pas à ma place lors de mon premier jour d'école privée.
遣う[つかう];義理の両親と暮らすのって、毎日気を遣うだろうし、疲れちゃうと思うのよね。;Je pense que vivre avec mes beaux-parents signifierait que je devrais m'occuper d'eux tous les jours et que je m'épuiserais.
値[ね];羽毛布団はやっぱり値が張るね。;Une couette en duvet coûte cher, comme je m'y attendais.
醜悪[しゅうあく];老婆の幽霊が、醜悪な顔でこちらを睨んでいた。;Le fantôme de la vieille femme m'a regardé avec son visage laid de là-bas.
老眼[ろうがん];老眼は大体いつ頃から始まるんですか。;Quand l'hypermétropie liée à l'âge commence-t-elle généralement ?
に敏感な[にびんかんな];耳がすっごい敏感だから、コショコショ話はしないで。;S'il vous plaît ne chuchotez pas parce que mes oreilles sont très sensibles.
聖書[せいしょ];聖書を半分ぐらい読み終わりました。;Je suis à la moitié de la Bible.
関係者[かんけいしや];聴聞会[ちょうもんかい]は 報道[ほうどう] 関係者[かんけいしゃ]を 閉め出[しめだ]して 行[おこな]われました。;L'audience a été interdite à la presse.
憤り[いきどおり];職場では理不尽なことが多くて憤りを感じています。;Il y a beaucoup de choses déraisonnables pour lesquelles ressentir du ressentiment au travail.
焼ける[やける];肉[にく]が 焼[や]けました。;La viande est cuite.
肥料[ひりょう];肥料工場での社員間のいざこざについて、どう対処していいか全くわかりませんでした。;Je n'avais aucune idée de comment gérer le conflit entre les travailleurs de l'usine d'engrais.
肺病[はいびょう];肺病の治療のために、三日後に入院するんです。;Je serai hospitalisé dans trois jours pour soigner ma maladie pulmonaire.
分泌[ぶんぴつ];胃液は1日1～2Lも分泌されています。;Environ 1 à 2 litres de sucs gastriques sont sécrétés chaque jour.
胆石[たんせき];胆嚢炎は、ほとんどの場合、胆石が原因です。;Avec l'inflammation de la vésicule biliaire, la cause la plus probable est les calculs biliaires.
唱える[となえる];背の高い魔法使いが呪文を唱えると、辺りは一瞬真っ暗になった。;Lorsque le grand sorcier prononça le mot magique, il y eut un moment d'obscurité totale.
悟る[さとる];背中の曲がったお婆さんは、不法滞在者として拘置所に拘留された時、そこで自分が死を迎えることになることを悟りました。;Lorsque la vieille dame bossue a été envoyée dans un centre de détention pour être une immigrante illégale, elle s'est rendu compte que ce serait là qu'elle trouverait la mort.
背広[せびろ];背広[せびろ]をクリーニングに 出[だ]しました。;J'ai déposé mon costume au pressing.
背後[はいご];背後に敵が潜んでいたことに全く気づかなかった。;Je n'ai absolument pas remarqué l'ennemi caché en arrière-plan.
漬け[づけ];胡瓜の浅漬けならありますよ。;Ce sont des concombres légèrement marinés.
胸焼け[むねやけ];胸焼けしている時に、なわとびで何回飛べますか？;Combien de fois pouvez-vous sauter à la corde lorsque vous souffrez de brûlures d'estomac ?
伝統的[でんとうてき];能[のう]は 伝統的[でんとうてき]な 日本[にほん]の 芸術[げいじゅつ]である。;Noh est un art japonais traditionnel.
脅迫[きょうはく];脅迫電話を受けた直後に警察に電話をしましたが、彼らは何だか対応したくなさそうでした。;J'ai appelé la police juste après avoir reçu l'appel menaçant, mais pour une raison quelconque, il semblait qu'ils ne voulaient pas s'en occuper.
脚本[きゃくほん];脚本[きゃくほん]を 書[か]いていて、 行き詰[いきづ]まった 時[とき]はどうする？;Lorsque vous écrivez un scénario, que faites-vous en cas de panne d'inspiration ?
脱衣[だつい];脱衣する前に、鞄を脇へ置いたのは覚えています。;Je me souviens avoir mis mon sac sur le côté avant de me déshabiller.
秒針[びょうしん];腕時計の秒針が折れちゃってるの。;La trotteuse de ma montre-bracelet est cassée.
挑戦者[ちょうせんしゃ];腕相撲の挑戦者は、握力を見せつけるために、右手で林檎を潰してみせました。;Le challenger au bras de fer a écrasé une pomme dans sa main droite, montrant la force de sa main droite.
腹が減った[はらがへった];腹が減ったな。この件については、昼飯を食べながら話さないか？;J'ai faim. Souhaitez-vous continuer cela pendant le déjeuner ?
膝頭[ひざがしら];膝頭の毛が気になって眠れることすらできない。;Les poils sur ma rotule me dérangent tellement que je peux à peine dormir.
馬力[ばりき];自どう車の馬力を上げるには、どうすればいいですか。;Quelle est la meilleure façon d'augmenter la puissance d'une voiture ?
酵母[こうぼ];自作酵母を使ってパンを作っています。;J'utilise ma propre levure pour faire du pain.
負け犬[まけいぬ];自分が、一日中家にいて、テレビばっかりみてる負け犬だってことは自かくしているよ。;Je suis conscient que je suis un loser qui aime rester à la maison et regarder la télé toute la journée.
無力[むりょく];自分がどれだけちっぽけで無力な存ざいであるかを思い知らされました。;Cela m'a fait réaliser à quel point je suis petite et impuissante.
挙がる[あがる];自分がヒゲ大賞の候補に挙がっているなんて、信じられないよ。;Je n'arrive pas à croire que je sois nominée pour le Moustache Award.
桜色[さくらいろ];自分が二歳か三歳の頃に、一丁前に桜色のタキシードを着てる写真を見ました。;J'ai vu une photo de moi dans un smoking rose à part entière quand j'avais deux ou trois ans.
依存[いぞん];自分が携帯依存症だってことは認めます。;J'avoue que je suis devenu dépendant de mon téléphone portable.
粋[いき];自分で粋な会話をしてるって思ってるところがムカツクんだよね。;Il croit avoir des conversations raffinées, mais elles sont en fait irritantes.
縫目[ぬいめ];自分で縫ったので縫い目がガタガタなんです。;Je l'ai cousu moi-même, donc les points sont tordus.
寛容[かんよう];自分には厳しいけど、他人には寛容です。;Je suis strict avec moi-même mais tolérant envers les autres.
見極める[みきわめる];自分のこの目で真実を見極めたいんです。;Je veux voir la vérité de mes propres yeux.
境遇[きょうぐう];自分の不幸を境遇のせいにするんじゃない。;Vous ne pouvez pas blâmer votre environnement pour votre propre malheur.
脳みそ[のうみそ];自分の体のどこかを変えられるとしたら、ぜっ対に脳みそを変えるね。;Si je pouvais changer quoi que ce soit dans mon corps, ce serait certainement mon cerveau.
不孝[ふこう];自分の家族の不孝になるようなことは、絶対にしたくない。;Je ne veux jamais faire quoi que ce soit qui serait irrespectueux envers ma famille.
握力[あくりょく];自分の父親なんだから、善意に解釈してあげるべきよ。例えば、年を取って握力が弱っているせいで、あなたのビンテージのバカラのグラスを割っちゃったんだ、っていう風に。;C'est ton père donc tu devrais lui accorder le bénéfice du doute. Sa poigne s'est aggravée avec l'âge et c'est pourquoi il a fait tomber votre verre vintage en cristal de Baccarat.
右翼[うよく];自分は、極端な右翼思想を持って生まれたように感じます。;J'ai l'impression d'être né avec des idées d'extrême droite.
的[てき];自分的には上手にアメリカ的なスピーチができたと思ってたんだけどな。;Personnellement, je pensais que j'étais capable de faire un discours à l'américaine assez bien.
自動詞[じどうし];自動詞「進む」の可能形は、「進める」です。;"La forme potentielle du verbe intransitif ""avancer"" est ""quelque chose avance""."
排気[はいき];自動車の排気ガスの臭いが好きなのは、私達の共通点ですね。;Aimer l'odeur des gaz d'échappement des automobiles est quelque chose que nous avons en commun.
自己紹介[じこしょうかい];自己紹介では、いつもすぐ言うことがなくなっちゃうんだよね。;Chaque fois que je me présente, je manque rapidement de choses à dire.
崇高[すうこう];自然の崇高な美しさに感動しました。;J'ai été profondément ému par la noble beauté de la nature.
自衛[じえい];自衛のための殺人は合法なのでしょうか。;Est-il légal de tuer quelqu'un en légitime défense ?
膝小僧[ひざこぞう];自転車で転んで、膝小僧が痛い。;Je suis tombé de mon vélo et j'ai mal à la rotule.
海賊[かいぞく];航海の途中で海賊に襲われました。;Pendant le voyage, ils ont été attaqués par des pirates.
航空便[こうくうびん];航空[こうくう] 便[びん]で 書類[しょるい]が 届[とど]きました。;Le document est arrivé par avion.
舶来[はくらい];舶来のブランデーだと叔父はよく自慢していた。;Mon oncle se vantait souvent qu'il s'agissait d'eau-de-vie importée.
桟橋[さんばし];船は桟橋に繋いでいます。;Le navire est amarré au quai.
船体[せんたい];船体にらくがきをしたのはだれだ！？;Qui a graffé la coque ?
暗礁[あんしょう];船長は、暗礁に気をつけてと言って、僕に操縦を任せた。;Le capitaine m'a dit de faire attention aux ris et m'a ensuite laissé la barre.
冷凍庫[れいとうこ];良い冷凍庫が見つかるといいですね。;J'espère que tu trouveras un bon congélateur.
交錯[こうさく];色々な感情が交錯し、結論を出せずにいました。;Diverses émotions étaient mélangées et nous n'avons pas pu parvenir à une conclusion.
仰ぐ[あおぐ];色んな人から、彼の指導を仰げば間違いないと言われましたが、それは明らかに間違いでした。;Plusieurs personnes m'ont dit que si je me tournais vers lui pour obtenir des conseils, on pouvait lui faire confiance, mais c'était clairement une erreur.
色盲[しきもう];色盲って治るんですか。;Le daltonisme peut-il être guéri ?
芝[しば];芝に水は撒いてくれた？;As-tu arrosé la pelouse pour moi ?
花瓶[かびん];花[か] 瓶[びん]が 落[お]ちた。;Le vase est tombé.
粉々[こなごな];花[か]びんは 粉々[こなごな]になった。;Le vase a éclaté en morceaux.
花柄[はながら];花[はな] 柄[がら]のスカートが 欲[ほ]しい。;Je veux une jupe avec un motif fleuri.
花嫁[はなよめ];花嫁[はなよめ]はたいへん 美[うつく]しく 見[み]えた。;La mariée avait l'air très belle.
屋[や];花屋[はなや]でバラを 探[さが]しました。;J'ai cherché une rose chez un fleuriste.
花柳界[かりゅうかい];花柳界を経験してみるのが夢だったんだ。;J'ai toujours rêvé de découvrir le quartier rouge.
枯れる[かれる];花瓶[かびん]の 花[はな]が 枯[か]れました。;Les fleurs du vase sont mortes.
擦る[する];花粉症で目を擦ってたら、片方のコンタクトレンズが破けました。;Je me frottais les yeux à cause de mes allergies et une de mes lentilles de contact était déchirée.
独唱[どくしょう];花粉症なのに、発表会で独唱しなくちゃいけないんです。;Même si j'ai le rhume des foins, je dois faire un solo dans le récital.
若い頃[わかいころ];若い頃は食べ物について気にしなかったけど、今はお医者さんに糖尿病予備軍だって言われたので、食べ物に気をつけるようになったし、いつもレシピに書かれてるよりも少ない砂糖を入れるようにもなりました。;Quand j'étais jeune, je me fichais de ce que je mangeais, mais maintenant c'est le cas et j'ajoute toujours un peu moins de sucre que la recette ne l'exige parce que mon médecin m'a dit que je risquais le diabète.
宰相[さいしょう];英国宰相から直々に手紙を頂きました。;J'ai reçu personnellement une lettre du premier ministre du Royaume-Uni.
専門的[せんもんてき];英語[えいご]を 教[おし]えることが 彼[かれ]の 専門的[せんもんてき] 職業[しょくぎょう]です。;Enseigner l'anglais est sa profession.
円滑[えんかつ];英語で円滑なコミュニケーションを取るために、最も重要なことは何だと思いますか？;Selon vous, quelles sont les choses les plus importantes pour avoir une conversation fluide en anglais ?
旬[しゅん];苺は旬ではありませんが、クリスマスケーキにたくさん使われます。;Bien que les fraises ne soient pas de saison, elles sont beaucoup utilisées pour le gâteau de Noël.
茨城県[いばらきけん];茨城県に実家があります。;La maison de mes parents se trouve dans la préfecture d'Ibaraki.
茶の湯[ちゃのゆ];茶の湯の道具が買えるお店をさがしています。;Je cherche un magasin où je peux acheter des outils pour les cérémonies du thé.
潮流[ちょうりゅう];荒い潮流に逆らってボートを漕ぐのは簡単ではないが、コテージに戻るにはそれしか方法がない。;Ce n'est pas facile de ramer à contre-courant, mais c'est le seul moyen pour nous de regagner notre chalet.
預かる[あずかる];荷物[にもつ]を 預[あず]かってください。;Veuillez prendre soin de mes bagages.
菜食[さいしょく];菜食主義者の人は偽善者が多いっていう意見に賛成してくれる人はいますか。;Quelqu'un d'autre est-il d'accord pour dire que les végétariens ont tendance à être des hypocrites ?
華美[かび];華美な服装は控えた方がいいんじゃないですか。;Ne devriez-vous pas vous empêcher de porter des vêtements voyants ?
落ち[おち];落ちをじゃまされてムカついた。;J'ai été interrompu avant de dire la ligne de frappe et je me suis énervé.
落雷[らくらい];落雷が直撃したのに、奇跡的に無傷だった。;Même si le coup de foudre a été un coup direct, je suis miraculeusement indemne.
著作権[ちょさくけん];著作権の対象となるかどうかに関わらず、他人の作品は使用しないでください。;Je ne veux pas que vous utilisiez le travail de quelqu'un d'autre, qu'il soit ou non soumis au droit d'auteur.
眼孔[がんこう];蒸しタオルで眼孔を覆うと気持ち良いですよ。;C'est si bon quand vous couvrez vos orbites avec une serviette à la vapeur.
薄汚い[うすぎたない];薄汚[うすぎたな]い 生[う]まれた 故郷[ふるさと]の 街[まち]に 戻[もど]ってきた。;Retour dans le taudis où je suis né.
炊く[たく];薪[たきぎ]を 集[あつ]めて 火[ひ]をたいたよ。;I gathered wood and made a fire.
錯乱[さくらん];薬で意識が錯乱しているようでした。;Leur conscience semblait être confuse par le médicament.
誤用[ごよう];薬の誤用は命に関わることがあります。;L'abus de médicaments peut être mortel.
薬剤[やくざい];薬剤を使い終わったら、必ず薬剤入れに戻してください。;Assurez-vous de ranger le médicament dans l'étui à médicaments après l'avoir utilisé.
薬剤師[やくざいし];薬剤師は別に白衣を着る必要はないと思うんだよな。;Je ne pense pas que les pharmaciens aient vraiment besoin de porter des blouses blanches.
薬缶[やかん];薬缶[やかん]がシュンシュンゆうまで 待[ま]ちなさい。;Attendez que la bouilloire commence à siffler.
藩主[はんしゅ];藩主の墓に参ってきた。;Nous sommes allés visiter la tombe du daimyo.
藻[も];藻が絡まってしまったみたいだ。;La lentille d'eau semble tordue.
虐待[ぎゃくたい];虐待を受けた子供は、自己評価が非常に低くなることが多い。;De nombreux enfants qui ont été maltraités ont une estime de soi extrêmement réduite.
虚弱[きょじゃく];虚弱な子どもを見ると、心配になります。;Chaque fois que je vois un enfant faible, je m'inquiète.
虚栄心[きょえいしん];虚栄心の強い人は、男でも女でも苦手です。;Je n'aime pas les gens vaniteux, quel que soit leur sexe.
治癒[ちゆ];虫歯が自然治癒することはありません。;Les caries ne guérissent pas spontanément.
虹色[にじいろ];虹色の山葵を購入してみたんですが、味はまんま山葵ですね。;J'ai acheté du wasabi de couleur arc-en-ciel, mais il a le même goût que le wasabi ordinaire.
渦巻き[うずまき];蚊取り線香はどうして渦巻き状になっているんですか。;Pourquoi les serpentins anti-moustiques ont-ils la forme d'un bain à remous ?
蛇[へび];蛇[へび]がカエルを 捕[つか]まえたの。;Le serpent a capturé une grenouille.
明治維新[めいじいしん];蛍光灯は明治維新の頃にはまだ無かったんだよね。;Les lampes fluorescentes n'existaient pas encore pendant la restauration Meiji, n'est-ce pas ?
毛虫[けむし];蝶[ちょう]は 成長[せいちょう]した 毛虫[けむし]である。;Un papillon est une chenille qui a mué.
殻[から];蟹の殻はこの皿に入れてください。;Veuillez mettre des carapaces de crabe sur cette assiette.
循環[じゅんかん];血液の循環には二種類の経路があります。;Il existe deux types de voies pour la circulation sanguine.
生還[せいかん];行方不明の英語教師は、足が凍傷になっていたものの、無事に生還しました。;Bien que ses pieds aient été gelés, le professeur d'anglais disparu est revenu sain et sauf.
背負う[せおう];街[まち] 中[なか]で 子供[こども]を 背負[せお]って 歩[ある]いた。;Je portais l'enfant sur le dos et me promenais dans la ville.
知り合い[しりあい];街[まち]で 知[し]り 合[あ]いを 見[み]かけたよ。;J'ai croisé une connaissance en ville.
衣[ころも];衣替えをするのって、とても面倒くさいと思うんだけど、どう思う？;Je pense que s'habiller pour la saison est si fatiguant, qu'en pensez-vous ?
表彰[ひょうしょう];表彰式には出席せずに帰ってきてしまいました。;Je suis rentré sans assister à la cérémonie de remise des prix.
賠償[ばいしょう];被害総額の全額を賠償してください。;Veuillez compenser le montant total pour tous les dommages.
被害額[ひがいがく];被害額[ひがいがく]は 相当[そうとう]なものになるだろう。;Les dégâts nous coûteront beaucoup d'argent.
誠[まこと];裁判官が彼の心神喪失による刑事責任能力の回避の申し立てを受け入れたことは、誠に遺憾です。;Je suis sincèrement contrarié que le juge ait accepté son plaidoyer de non-culpabilité pour cause d'aliénation mentale.
裁縫[さいほう];裁縫はあまり得意ではありません。;La couture n'est vraiment pas mon fort.
並行[へいこう];複数の言語を並行して勉強することは、ひとつだけを学習するよりも効率的だと聞いたことがあります。;J'ai entendu dire qu'étudier plusieurs langues en même temps était plus efficace que d'en étudier une seule.
褒賞[ほうしょう];褒賞を受け取るために舞台に上がろうとした時、彼女は階段につまづきました。;Lorsqu'elle a essayé de monter sur scène pour obtenir son prix, elle a trébuché dans les escaliers.
襟元[えりもと];襟元にファンデーションがついていますよ。;Il y a de la fondation sur ton col.
女権[じょけん];西洋と違い、日本では歴史上、大きな女権拡張運動は起きていない。;Contrairement à l'Occident, le Japon n'a pas d'histoire de mouvements forts pour les droits des femmes.
絹糸[けんし];西陣の糸屋で絹糸を買ってきてちょうだい。;S'il vous plaît, allez acheter du fil de soie au magasin de fil Nishijin.
覆面[ふくめん];覆面のスーパーマンは、ボッロボロのマントを身につけていました。;Le surhomme masqué portait un tel manteau en lambeaux.
規則正しい[きそくただしい];規則正しい生活を送って下さい。;S'il vous plaît, vivez une vie normale.
規律[きりつ];規律に従って酒は一滴たりとも飲んでいないと断言します。;Je jure que j'ai suivi les règles et que je n'ai pas bu, pas même une goutte.
視覚[しかく];視覚障害のある社員を差別したとの理由から、上司が解雇された。;Mon supérieur a été licencié pour discrimination envers un travailleur handicapé visuel.
比率[ひりつ];親[おや] に対[にたい]する 子[こ]どもの 比率[ひりつ]が 大[おお]きくなればなるほど 子[こ]どもを 育[そだ]てるのは 難[むずか]しくなる。;Plus le ratio enfants / parents est élevé, plus il est difficile d'élever les enfants.
憂える[うれえる];親が子供の将来を憂えるのは当然のことだ。;Il est naturel que les parents s'inquiètent pour l'avenir de leurs enfants.
慶事[けいじ];親しい友人の慶事は自分のことの様にうれしい。;Les événements heureux que vivent mes amis proches me rendent aussi heureux que s'ils étaient les miens.
特選[とくせん];親分の絵が、コンクールで特選に入賞したぞ！;La photo de notre patron a remporté le prix spécial du concours !
会話[かいわ];親子[おやこ]の 会話[かいわ]は 大切[たいせつ]です。;La conversation entre les parents et les enfants est importante.
親睦[しんぼく];親睦を深めるためのパーティーを準備しています。;Nous préparons une fête pour renforcer notre amitié.
下宿[げしゅく];親類[しんるい]の 家[いえ]に4 年間[ねんかん] 下宿[げしゅく]しました。;J'ai été pensionnaire dans la maison d'un parent pendant quatre ans.
解剖[かいぼう];解剖をしてみないと何とも言えません。;On ne peut rien dire tant qu'on n'a pas pratiqué l'autopsie.
剤[ざい];解毒剤の極秘開発を行う予定だとちょいと小耳に挟みましたよ。;J'ai entendu par la vigne que vous alliez faire des expériences d'antidote en silence.
紛れる[まぎれる];解熱剤が他の薬に紛れちゃってて、どれがどれだか分かりません。;Le médicament contre la fièvre s'est glissé avec d'autres pilules et je ne sais pas lequel est
触角[しょっかく];触角の先端に目があるなんて知らなかったので、その蝸牛の触角を切り落としてしまった。;J'ai coupé les antennes de l'escargot parce que je ne savais pas que ses yeux étaient sur le bout de celles-ci.
瞬時[しゅんじ];言いたかったことを彼が瞬時にズバッと言ってくれたので、とても感心しました。;J'étais tellement impressionné par lui quand il a dit que sur le moment j'allais le dire.
郵送[ゆうそう];計算書[けいさんしょ]は 四半期[しはんき]ごとに 郵送[ゆうそう]されます。;Les comptes de résultats seront envoyées par la poste chaque trimestre.
進呈[しんてい];訪問者の多いブログには、Tポイントが進呈されます。;Les points T sont présentés aux blogs avec beaucoup de visiteurs.
証人[しょうにん];証人が、ビエトが有ざいであることを証明してくれました。;Le témoin a prouvé que Viet était coupable.
直前[ちょくぜん];試合[しあい]の 直前[ちょくぜん]にはいつもあがっています。;Je me sens toujours nerveux juste avant le match.
結果[けっか];試合[しあい]の 結果[けっか]を 早[はや]く 知[し]りたい。;Je veux connaître les résultats du jeu rapidement.
試行錯誤[しこうさくご];試行錯誤[しこうさくご]の 末[すえ]やっと 完成[かんせい]した;Après quelques essais et erreurs, nous l'avons finalement terminé.
試験地獄[しけんじごく];試験地獄に苦しむ日本の学生にとっては、電車で勉強するのは当たり前のことです。;Étudier dans le train est courant pour les étudiants japonais qui souffrent de l'enfer des examens.
メモ帳[メモちょう];話の途中で申し訳ありませんが、あなたのメモ帳のことでどうしても質問したいんです。;Pardonnez-moi de vous interrompre, mais je dois vous poser une question sur votre bloc-notes.
淡い[あわい];話を変えて悪いけど、淡いピンク色のチーク持ってなかったっけ？;Désolé de changer de sujet mais n'aviez-vous pas du blush rose pâle ?
披露[ひろう];誕生日会で、手品を披露しました。;Un tour de passe-passe a été effectué lors de la fête d'anniversaire.
誠意[せいい];誠意のこもった説明が聞けたので、今回は彼女の言い分を聞いて上げることにしました。;Après avoir entendu son explication sincère, j'ai décidé de lui accorder le bénéfice du doute cette fois-ci.
脱字[だつじ];誤字脱字を見つけたら、遠慮せずに教えてくださいね。;N'ayez pas peur de me faire savoir si vous trouvez des mots mal orthographiés ou manquants, s'il vous plaît.
不明瞭[ふめいりょう];説明書を読んだんですが、あまりに不明瞭だったので、新モデルの実力についてちょっと不安に思っています。;Je suis un peu inquiet quant aux capacités de ce nouveau modèle car même si j'ai lu la notice, elle n'était vraiment pas claire.
直訳[ちょくやく];読者[どくしゃ]の 方[かた]から 意訳[いやく]と 直訳[ちょくやく]について 質問[しつもん]されました。;Un lecteur m'a demandé des traductions gratuites et littérale.
救急車[きゅうきゅうしゃ];誰[だれ]か 救急[きゅうきゅう] 車[しゃ]を 呼[よ]んでください。;Que quelqu'un appelle une ambulance, s'il vous plaît.
誰か[だれか];誰[だれ]かに 聞[き]いてください。;Veuillez demander à quelqu'un.
誰[だれ];誰[だれ]と 会[あ]ってみたいですか。;Qui aimeriez-vous rencontrer ?
原理[げんり];誰[だれ]もがその 考[かんが]えを 原理[げんり] 的[てき]には 認[みと]めるだろう。;En principe, tout le monde acceptera cette idée.
阻む[はばむ];誰かが、彼が今日娘さんを連れてバージンロードを歩くのを阻もうとしているようなんです。;On dirait que quelqu'un essaie de l'empêcher de promener sa fille dans l'allée aujourd'hui.
盗聴[とうちょう];誰かがTofuguのオフィスに盗聴器を仕掛けたのですが、私達は犯人も理由も分かりません。;Quelqu'un a mis sur écoute le bureau de Tofugu, mais nous n'avons aucune idée de qui ni pourquoi.
絶叫[ぜっきょう];誰かがジェットコースターの上で、「覚悟しろ！」と絶叫した。;"Quelqu'un a crié ""prépare-toi !"" sur les montagnes russes."
土俵[どひょう];誰かが土俵にパンの欠片を投げ込みました。;Quelqu'un a jeté un morceau de pain dans l'arène de sumo.
墓碑[ぼひ];誰かが墓碑を倒したんです。;Quelqu'un a renversé la pierre tombale.
戒める[いましめる];誰かが彼女の無茶苦茶な運転を戒める必要があるんじゃない？;Quelqu'un doit l'avertir de sa conduite imprudente, n'est-ce pas ?
布巾[ふきん];誰かが棒のてっぺんに、日の丸の代わりに布巾をはためかせたみたいですね。;Il semble que quelqu'un ait mis un torchon sur le mât au lieu du drapeau national du Japon.
銅像[どうぞう];誰かが銅像を粉々に破壊しました。;Quelqu'un a brisé la statue de cuivre en morceaux.
醜聞[しゅうぶん];誰がこんな根も葉もない醜聞を流したんだ。;Qui a propagé ce scandale complètement faux ?
弔辞[ちょうじ];誰が弔辞を読むのですか。;Qui lira l'adresse funéraire?
処置[しょち];誰か彼に応急処置ができる人はいませんか。;Y a-t-il quelqu'un qui pourrait lui donner les premiers soins ?
含意[がんい];誰にとっても、含意を汲み取るのは難しいことだ。;Il est difficile pour tout le monde de comprendre le sens implicite.
凶悪[きょうあく];誰もが、その凶悪犯が刑務所で大人しく刑期を務めるのは無理だろうと思っていました。;Tout le monde croyait que l'atroce criminel n'irait pas bien en prison.
摂理[せつり];誰も自然の摂理には逆らえないよ。;Personne ne peut défier les lois de la nature.
迷路[めいろ];誰一人としてその迷路の出口を見つけることができませんでした。;Personne n'a réussi à sortir du labyrinthe.
推薦状[すいせんじょう];課長[かちょう]からもらった 推薦状[すいせんじょう]が 物を言[ものをい]った。;La recommandation de mon patron a fait toute la différence.
陳情[ちんじょう];請願・陳情は、住民の意見や要望を反映させるための制度です。;Une pétition est un système pour refléter les opinions et les demandes des résidents.
諸々[もろもろ];諸々の理由がありまして、しばらく一時的に店を閉めることにしました。;Nous avons décidé de fermer temporairement notre boutique pour plusieurs raisons.
諸君[しょくん];諸君、Tofuguオフィスで独身の 10 人がみんな集まるのってこれがたぶん最後だってこと、気がついていたかい？;Mes amis, vous rendez-vous compte que c'est probablement la dernière fois que nous serons tous ici au bureau de Tofugu en tant que dix célibataires ?
咳払い[せきばらい];講演者[こうえんしゃ]は 咳払[せきばら]いをした。;L'orateur s'est raclé la gorge.
譜面[ふめん];譜面を無料でダウンロードできるサイトを探しています。;Je cherche un site où je peux télécharger de la musique gratuitement.
捉える[とらえる];警察[けいさつ]が 犯人[はんにん]を 捕[と]らえた;La police a arrêté le criminel.
追い払う[おいはらう];警察[けいさつ]は 群衆[ぐんしゅう]を 追い払[おいはら]った。;La police a détourné la foule.
鎮圧[ちんあつ];警察が三日がかりでデモ隊を鎮圧しました。;La police a réprimé les manifestants le troisième jour.
凍死[とうし];警察が昨夜私の見込み客が雪山で凍死しているのを発見したので、私に事情聴取をしたいそうです。;La police a découvert qu'un de mes clients potentiels était mort de froid sur une montagne enneigée la nuit dernière et ils veulent me parler.
介入[かいにゅう];警察の介入により、事態は一層複雑化した。;L'intervention de la police a compliqué la situation.
襲撃[しゅうげき];警察の車は、暴走族に襲撃された。;Une voiture de police a été attaquée par un gang de motards.
餓死[がし];警察は、その寝たきりの老人は餓死したと考えている。;La police pense que le vieil homme alité est mort de faim.
抑圧[よくあつ];警察は、その暴動を抑圧するのにしばらく時間がかかりました。;Il a fallu un certain temps à la police pour réprimer l'émeute.
傍受[ぼうじゅ];警察は、犯罪捜査のために、通信の傍受を行うことがあります。;La police peut effectuer une surveillance de la correspondance dans le cadre de l'enquête pénale.
黙殺[もくさつ];警察はその地域では多くの犯罪を黙殺しています。;La police ignore la plupart des crimes dans ce domaine.
内偵[ないてい];警察はどんな時に内偵捜査をするのですか。;Quand la police mène-t-elle son enquête interne secrète ?
捜索[そうさく];警察は捜索活動を続けています。;La police continue de travailler sur l'enquête.
手掛かり[てがかり];警察は消えたベーコンの謎について何か手掛かりを見つけましたか？;La police a-t-elle trouvé des indices concernant le mystère du bacon en voie de disparition ?
不祥事[ふしょうじ];警察は自分たちの不祥事を隠蔽しようとしているんだ。;La police va dissimuler notre scandale.
尋問[じんもん];警察は関係者全員を尋問しました。;La police a interrogé toutes les personnes impliquées.
警察官[けいさつかん];警察官[けいさつかん]がその 泥棒[どろぼう]を 逮捕[たいほ]した。;Le policier a arrêté le voleur.
警察署[けいさつしょ];警察署へ行って、何の得があるの？;A quoi ça sert d'aller au commissariat ?
警察庁[けいさつちょう];警視庁と警察庁の違いは何ですか？;Quelle est la différence entre le département de la police métropolitaine et l'agence de police nationale ?
栄養[えいよう];豆腐[とうふ]は 栄養[えいよう]のある 食[た]べ 物[もの]です。;Le tofu est un aliment nutritif.
遠征[えんせい];豚インフルエンザの流行により、遠征は中止となりました。;En raison de la prévalence de la grippe porcine, l'expédition a été interrompue.
鼻[はな];豚の鼻はおもしろいですね。;Le nez des cochons est drôle.
豚肉[ぶたにく];豚肉[ぶたにく]は 美味[おい]しいです。;La viande de porc est délicieuse. 
象[ぞう];象[ぞう]に 乗[の]ってみたいです。;Je veux monter un éléphant.
小銭[こぜに];財布[さいふ]に 小銭[こぜに]がない。;Il n'y a pas de monnaie dans mon portefeuille.
俗[ぞく];貧乏から金持ちに成り上がった人は、俗に成金と呼ばれます。;Les personnes qui sont passées de la misère à la richesse sont communément appelées nouveaux riches.
凌ぐ[しのぐ];貧乏な時は、雑草を食べて飢えを凌いでいました。;Quand j'étais pauvre, je mangeais de l'herbe pour éviter la famine.
依[い];貧困は依然として犯罪の大きな原因である。;La pauvreté demeure une cause majeure de criminalité.
貴様[きさま];貴様がうるさかったせいで、昨日全然寝れなかったじゃねぇか。;Je ne pouvais pas bien dormir parce que VOUS étiez très bruyant.
金額[きんがく];買[か]い 物[もの]の 金額[きんがく]を 教[おし]えてください。;Veuillez me dire le montant des achats.
製鋼[せいこう];賃金カットなんかしたら、製鋼所の工員達がストライキを起こすかもしれませんよ。;Si vous réduisez leurs salaires, les métallurgistes pourraient se mettre en grève.
賠償金[ばいしょうきん];賠償金をお支払い頂く可能性があります。;On peut s'attendre à ce que vous payiez des réparations.
赤ん坊[あかんぼう];赤[あか]ん 坊[ぼう]が 笑[わら]っています。;Le bébé sourit.
下唇[したくちびる];赤ちゃんは、木綿のミトンをしていたにも関わらず、下唇を引っ掻いてしまった。;Même si le bébé portait des mitaines de coton, il continuait à se gratter la lèvre inférieure.
静寂[せいじゃく];赤ん坊の泣き声が静寂を破った。;Le cri du bébé a détruit le silence.
起訴猶予[きそゆうよ];起訴猶予処分がくだされました。;La suspension de la peine d'inculpation a été prononcée.
理不尽[りふじん];超理不尽な上司とやっていかなくちゃいけなくて、理想の仕事が一気に悪夢になったよ。;Mon travail de rêve s'est transformé en cauchemar d'un seul coup parce que j'ai dû faire face à un patron aussi déraisonnable.
超音波[ちょうおんぱ];超音波なら脂肪細胞を永久に破壊することができると言われたので、この3000ドルもする機械を買ったんですよ。;On m'a dit que les ondes ultrasonores détruisaient les cellules graisseuses de façon permanente, alors j'ai acheté cette machine pour 3 000 $.
傷[きず];足[あし]の 傷[きず]が 痛[いた]みます。;La blessure dans mon pied me fait mal.
打つかる[ぶつかる];車[くるま]が 電柱[でんちゅう]にぶつかった。|くるま が でんちゅう に ぶつかった;La voiture s'est écrasée dans le poteau téléphonique.
積む[つむ];車[くるま]に 荷物[にもつ]を 積[つ]んでください。;Veuillez charger les bagages dans la voiture.
轢く[ひく];車[くるま]の 前[まえ]に 犬[いぬ]がいたので、 轢[ひ]かないように 注意[ちゅうい]した。;Il y avait un chien devant ma voiture, alors j'ai fait en sorte de ne pas le heurter.
換える[かえる];車[くるま]のタイヤを 換[か]えた。;J'ai changé les pneus de la voiture.
駐車場[ちゅうしゃじょう];車[くるま]は 駐車[ちゅうしゃ] 場[じょう]に 止[と]めてください。;Veuillez garer votre voiture dans le parking.
全損[ぜんそん];車が全損してしまった場合、修理代は保険で全額支払われないことが多いです。;S'il s'avère que la voiture est une perte totale, de nombreuses compagnies d'assurance ne paieront pas le coût total de la réparation.
献血[けんけつ];車が移動献血車に衝突するのを見ました。;J'ai vu une voiture heurter le van de la banque de sang mobile.
瓦斯[ガス];車の排ガスは有毒である。;Les gaz d'échappement des voitures sont toxiques.
水滴[すいてき];車の窓には水滴がついています。;Des gouttelettes d'eau perlent sur les vitres des voitures.
軍艦[ぐんかん];軍艦プラモの専門店を開く予定なんだよ。;Je vais ouvrir une boutique spécialisée dans les maquettes de cuirassés en plastique.
先頭[せんとう];軍隊[ぐんたい]は 戦闘[せんとう]の 配置[はいち]で 整列[せいれつ]していた。;Les troupes étaient en pleine bataille.
清冽[せいれつ];軍隊[ぐんたい]は 戦闘[せんとう]の 配置[はいち]で 整列[せいれつ]していた。;Les troupes étaient en rang de bataille.
瞬く[またたく];辺りの景色は瞬く間に雪に覆われ、真っ白になった。;Le paysage a été recouvert de neige en un éclair et tout est devenu blanc.
友好[ゆうこう];近[ちか]くの 国[くに]との 友好[ゆうこう]は、 特[とく]に 大切[たいせつ]だ。;Il est particulièrement important d'être amical avec les nations voisines.
近代的[きんだいてき];近代的なデザインが気に入りました。;J'aime le design contemporain.
古墳[こふん];近年その古墳を訪れる人が増えています。;Le nombre de personnes visitant l'ancienne tombe a augmenté ces dernières années.
泥棒[どろぼう];近所[きんじょ]に 泥棒[どろぼう]が 入[はい]った。;Un voleur est entré dans le quartier.
借財[しゃくざい];返す目どが立っていないのに、借財をするのは良くないよ。;Il n'est pas bon de contracter une dette si vous ne savez pas comment la rembourser.
迷惑メール[めいわくメール];迷惑メールが次から次へと送られてくる。;Je reçois un spam après l'autre.
鈴[すず];退職をきっかけに、鈴作りを始めました。;J'ai profité de ma retraite pour me lancer dans la fabrication de clochettes.
悠々[ゆうゆう];退職後は田舎で悠々と暮らしたいな。;Après la retraite, je veux vivre une vie tranquille à la campagne.
逃亡者[とうぼうしゃ];逃亡者は逃走中に病気の子どもに会い、自首を決意したそうです。;J'apprends que le fugitif a rencontré un enfant malade alors qu'il fuyait et a décidé de se rendre.
逆説[ぎゃくせつ];逆説的に聞こえるかもしれないが、長い結婚生活を送ってきた年配の人達は、ちょっと違ったことに取り組むことは夫婦関係の刺激になると認めている。;Cela peut sembler paradoxal, mais de nombreuses personnes âgées mariées depuis longtemps admettent que certaines différences peuvent pimenter une relation.
途上国[とじょうこく];途上国[とじょうこく]では 優[すぐ]れた 技術者[ぎじゅつしゃ]が 不足[ふそく]してる。;Les bons techniciens sont peu nombreux dans les pays en développement.
鋭利[えいり];通り魔は、鋭利な刃物で私の全身を切りつけた。;L'agresseur au hasard m'a tailladé le corps avec un couteau pointu.
一覧[いちらん];連絡先の一覧から中々上司の名前が見つからないんだけど。;J'ai du mal à trouver le nom de mon patron dans ma liste de contacts.
休憩所[きゅうけいじょ];逮捕された男は、休憩所に不法侵入した疑いがかけられていた。;L'homme qu'ils ont arrêté est soupçonné d'être entré par effraction dans l'aire de repos.
塾[じゅく];週[しゅう] 2 回[かい] 学習[がくしゅう] 塾[じゅく]に 通[かよ]っています;Il va à l'école deux fois par semaine.
香港[ほんこん];週の前半は出張で香港にいます。;Je serai à Hong Kong en début de semaine pour un déplacement professionnel.
岐阜[ぎふ];週の後半に岐阜の両親のとこに顔を見せに行くつもりだよ。;Je vais rendre visite à mes parents à Gifu en fin de semaine.
週末[しゅうまつ];週末[しゅうまつ]は 家[うち]でゆっくりします。;Je me prends mon temps à la maison le week-end.
進撃[しんげき];進撃の巨人にはまっています。;Je suis accro à L'Attaque des Titans.
塗装[とそう];遅くなって、本当にすみません。トイレの壁の塗装が思ったよりも長引いてしまって。;Je suis vraiment désolé d'être en retard. Peindre les murs de ma salle de bain m'a pris plus de temps que prévu.
或いは[あるいは];運動をさせるかあるいは餌を減らしてください。;Faites-lui faire de l’exercice, ou bien réduisez sa nourriture.
一等[いっとう];運動会[うんどうかい]で 彼[かれ]は 一等[いっとう]を 取[と]りました;Il a remporté le premier prix lors de la rencontre athlétique.
騎馬[きば];運動会の騎馬戦の練習があるので、明日は早起きしなくてはいけません。;Je dois me réveiller tôt demain matin pour m'entraîner pour la bataille de cavalerie simulée de la rencontre sportive.
運転免許証[うんてんめんきょしょう];運転[うんてん] 免許[めんきょ] 証[しょう]は 常[つね]に 持[も]っていなければならない。;Vous devez avoir votre permis de conduire sur vous en tout temps.
踏む[ふむ];運転[うんてん] 手[しゅ]がブレーキを 踏[ふ]んだ。;Le conducteur a appuyé sur le frein.
遍歴[へんれき];過去の男性遍歴を語ってくる女ってマジでうざいよな。;Vous ne trouvez pas qu'une femme qui parle de son histoire avec des hommes est super agaçante ?
過敏[かびん];過敏性大腸症候群に苦しんでいます。;Je souffre du syndrome du côlon irritable.
拾う[ひろう];道[みち]で 財布[さいふ]を 拾[ひろ]った。;J'ai trouvé un portefeuille dans la rue.
沿って[そって];道に沿って進む;Longer la route.
突っ走る[つっぱしる];違反[いはん]のスピードを 出[だ]して、 突っ走[つっぱし]っていた 車[くるま]がブレーキをかけた。;Transgressant les limites de vitesses, la voiture qui roulait à toute allure s'encastra dans un camion.
懲罰[ちょうばつ];違反者には懲罰が与えられる。;Les contrevenants recevront des sanctions.
姿[すがた];遠[とお]くに 彼女[かのじょ]の 姿[すがた]が 見[み]えた。;J'ai vu son visage de loin.
遠慮[えんりょ];遠慮[えんりょ]しないで、 何[なん]でも 言[い]ってください。;Ne soyez pas timide, dites moi quoi que ce soit.
遠視[えんし];遠視が進んできたので、そろそろ老眼鏡を買わなきゃいけないかもしれない。;Mon hypermétropie progresse, je devrai donc peut-être bientôt acheter une paire de lunettes de lecture.
講ずる[こうずる];適切[てきせつ]なときに 適切[てきせつ]な 措置[そち]を 講ず[こう]るべきです。;Vous devriez prendre les mesures appropriées au moment opportun.
遮断機[しゃだんき];遮断機が降りている時に、線路を渡ってはいけません。;Lorsque la barrière du passage à niveau descend, ne traversez pas les voies.
邪魔[じゃま];邪魔[じゃま]です、どいてください。;Vous bloquez le chemin, veuillez vous poussez s'il vous plait.
突く[つく];部屋[へや]の 電気[でんき]がついています。;The room light is on.
呆れ返る[あきれかえる];部屋があまりに汚かったので、呆れ返ってしまいました。;J'ai été complètement étonné car la chambre était horriblement sale.
証跡[しょうせき];部屋には犯罪の証跡はなかったが、警察は殺人事件ではないかと考えていた。;Bien qu'il n'y ait aucune preuve de crime dans la pièce, la police a déterminé qu'il s'agissait d'un meurtre.
隅[すみ];部屋の隅に机を置いています。;J'ai placé un bureau dans un coin de la pièce.
郵便局[ゆうびんきょく];郵便[ゆうびん] 局[きょく]はどこですか。;Où est le bureau de poste ?
郷里[きょうり];郷里を訪れるのはお金と時間の無駄です。;Visiter ma ville natale est une perte de temps et d'argent.
獲物[えもの];都会には、我々の詐欺の獲物がたくさんいるんだよ。;Il y a beaucoup de proies faciles à escroquer dans cette ville.
絶つ[たつ];酒を絶つことが約束できますか。;Peux-tu me promettre que tu t'abstiendras d'alcool ?
断つ[たつ];酔っぱらった時に何をしでかしたかを考慮すると、あなたは絶対にお酒を断つべきですよ。;Tenez compte du fait que vous ne savez pas ce que vous pourriez faire pendant que vous êtes ivre, vous devriez donc vraiment vous abstenir de boire de l'alcool.
里[さと];里にクマが出たぞ！;Il y a un ours dans le village !
扇ぐ[あおぐ];重ね着しすぎてすごく暑いんだけど、ちょっと私に向かって扇いでくれない？;Je porte trop de couches et il fait si chaud. Pourriez-vous m'éventer ?
球威[きゅうい];野球のシーズンが到来する春に近づくにつれて、あの投手の球威は益々増しています。;À l'approche de la saison de baseball au printemps, ce lanceur s'améliore dans ses lancers.
犠飛[ぎひ];野球用語の犠飛と犠打の意味について教えてもらえませんか？;Pourriez-vous m'expliquer ce que signifient les termes de baseball SF et SH ?
味噌[みそ];野菜に 味噌[みそ]をつけて食べた。;Avec mes légumes, j'ai ajouté du miso, puis je les ai mangé.
縁[えん];金の切れ目が縁の切れ目。;Quand l'argent vient à manquer, la relation prend fin.
納まる[おさまる];金を払うだけで、彼らが納まるとは思えないけどな。;Je ne pense pas qu'ils se contenteront d'argent.
金儲け[かねもうけ];金儲[かねもう]けをするためには、 彼[かれ]はどんなことでもする。;Il fera tout pour gagner de l'argent.
金玉[きんたま];金玉がヒリヒリするんです。;Mes testicules me piquent.
金縛り[かなしばり];金縛りにあったことはありますか。;Avez-vous déjà eu une paralysie du sommeil auparavant ?
金銭[きんせん];金銭のトラブルには関わりたくありません。;Je ne veux pas m'impliquer dans des problèmes financiers.
金髪の[きんぱつの];金髪になりたかったので、コカコーラで髪を脱色しました。;Je voulais être blonde alors j'ai décoloré mes cheveux avec du Coca-Cola.
淡水[たんすい];金魚は淡水魚だから、水槽に塩を入れてはいけませんよ。;Les poissons rouges sont des poissons d'eau douce, il ne faut donc pas mettre de sel dans l'aquarium.
釘[くぎ];釘[くぎ]を 踏[ふ]んでケガをしました。;Je me suis blessé en marchant sur un clou.
針医[はりい];針医の技術の進歩には驚くばかりです。;C'est incroyable de penser que les techniques d'acupuncteur sont arrivées si loin.
鉛筆[えんぴつ];鉛筆[えんぴつ]を 貸[か]してください。;Prête-moi un crayon s'il-te-plaît.
太鼓[たいこ];鉦[かね]や 太鼓[たいこ]で 探[さぐりあ]しあてた 割[わり]には、あいつ 期待[きたい]はずれだったよな。;Cela s'est avéré être une véritable déception après avoir traversé vents et marrées pour le trouver.
鉦[かね];鉦[かね]や 太鼓[たいこ]で 探[さぐりあ]しあてた 割[わり]には、あいつ 期待[きたい]はずれだったよな。;Il s'est avéré être une vrai déception après avoir traversé vents et marées pour le trouver.
銀座[ぎんざ];銀座付近で、じゅうたいをぬけるのにすごく時間がかかった。;Il a fallu une éternité pour traverser le trafic autour de Ginza.
振り込む[ふりこむ];銀行[ぎんこう]で、 公共料金[こうきょうりょうきん]を 振り込[ふりこ]んだ。;J'ai payé mes factures à la banque.
封鎖[ふうさ];銀行が潰れて、預金が封鎖されてしまったんです。;La banque a fait faillite et mon compte a été gelé.
融資[ゆうし];銀行の融資を受けるのは思っていたよりも難しかったです。;Obtenir un prêt bancaire a été plus difficile que je ne le pensais.
鋼材[こうざい];鋼材不足には早急に対処する必要があります。;Nous devons faire face à la pénurie d'acier le plus tôt possible.
錠剤[じょうざい];錠剤を飲み込むことができないので、砕いて飲んでいます。;Je ne peux pas avaler de pilules, alors je les écrase et les bois.
鎌[かま];鎌をすっぽ抜けただけです。;La faucille vient de glisser de ma main.
尽きる[つきる];長い髪を手櫛で梳かしながら、彼女は僕に、あんたにはもう愛想が尽きたわと言った。;En passant ses doigts dans ses cheveux, elle m'a dit qu'elle était déjà tombée amoureuse de moi.
長唄[ながうた];長唄教室に通い始めました。;J'ai commencé à suivre le cours de nagauta.
飢える[うえる];長年日本語を独学してきたんですが、今は誰かと日本語の会話をすることに飢えています。;J'étudie le japonais en autodidacte depuis de nombreuses années et maintenant j'ai faim de conversations en japonais avec quelqu'un.
開封[かいふう];開封前の商品であればいつでも返品可って書いてあるけど、開封後に中身が壊れてたり、その商品が好きじゃなかった場合はどうなんだろう。;Il dit que je peux retourner des produits non ouverts à tout moment, mais que se passe-t-il si je l'ai ouvert et que le contenu à l'intérieur était cassé ou que je ne l'aimais pas ?
開閉[かいへい];開閉時刻の変更は、小さな混乱と誤解を招いた。;Changer les heures d'ouverture et de fermeture a causé un peu de confusion et d'incompréhension.
間伐[かんばつ];間伐を行うことで、残った木は幹が太く枝葉がしっかりとした健全な木に育ちます。;L'éclaircissage périodique des forêts fait que le reste des arbres pousse des troncs épais et des branches et des feuilles solides et saines.
恥[はじ];間違[まちが]えることは 恥[はじ]ではありません。;Il n'y a aucune honte à faire des erreurs.
極楽[ごくらく];間違いで極楽に行った男についての小説が、映画化されました。;Le roman sur un homme qui est allé au paradis par erreur a été transformé en film.
官金[かんきん];間違っても官金に手を出んじゃないぞ！;Quoi qu'il arrive, n'abusez jamais de l'argent du gouvernement !
的確[てきかく];間髪を入[かんはつをい]れず、 迅速[じんそく]かつ 的確[てきかく]な 応対[おうたい]、 畏れ入[おそれい]ります。;Une réponse claire et précise. Que puis-je dire?
関西弁[かんさいべん];関西弁で、ウンチのことをババというらしいです。;J'ai entendu dire que le caca s'appelait baba dans le dialecte du Kansai.
阪神[はんしん];阪神電車カラーのゼリーを氷でひやして固めているところです。;Je fixe la gelée colorée Hanshin Electric Railway en la refroidissant avec de la glace.
陛下[へいか];陛下、恐れ入りますが会議にご出席のご予定だったのでは。;Votre Majesté, je suis désolé d'imposer, mais vous étiez censé assister à la réunion.
陳腐[ちんぷ];陳腐な台詞しか思い浮かびません。;Je ne peux penser qu'à des lignes clichées.
隣[となり];隣[となり]の 家[いえ]には 犬[いぬ]がいます。;Il y a un chien dans la maison voisine.
騷々しい[そうぞうしい];隣[となり]の 家[いえ]はいつも 騒々[そうぞう]しい。;La maison voisine est toujours bruyante.
隣家[りんか];隣家ではどうやら窓は新聞紙で拭くようです。;Il paraît que les gens de la maison voisine essuient leurs vitres avec des journaux.
雅楽[ががく];雅楽の演奏会の後は、何をしましょうか。;Que faire après le concert de musique de cour japonaise ?
集団[しゅうだん];集団旅行に参加した。;Participation à un voyage de groupe.
雇用者[こようしゃ];雇用者に新しい電話番号を何度も教えてるのに、いっつも古い方の番号に掛けてくるんだよな。;J'ai dit à maintes reprises mon nouveau numéro de téléphone à mon employeur, mais il m'appelle toujours à l'ancien numéro.
濡れる[ぬれる];雨[あめ]で 濡[ぬ]れてしまった。;Je me suis mouillé sous la pluie.
派手[はで];雪[ゆき] 道[みち]で 派手[はで]に 転[ころ]んでしまったの。;Je suis tombé sur la route enneigée.
汚水[おすい];雪の日に汚水の配管が詰まってしまいました。;Les canalisations d'égout se bouchent les jours de neige.
零時[れいじ];零時頃、彼女が町中を一人で猛スピードで歩いているのを見かけました。;Je l'ai vue marcher toute seule au centre-ville très vite vers minuit.
電子[でんし];電子[でんし] 辞書[じしょ]はとても 便利[べんり]です。;Les dictionnaires électroniques sont très utiles.
蒸す[むす];電子[でんし]レンジで、 野菜[やさい]を 蒸[む]します。;Faire bouillir les légumes au micro-ondes.
自叙伝[じじょでん];電子書籍で自叙伝を販売しようと思っています。;Je pense vendre mon autobiographie sous forme de livre électronique.
電気[でんき];電気[でんき]をつけてもらえる？;Pouvez-vous allumer la lumière ?
洗浄[せんじょう];電気ポットはどうやって洗浄してますか？;Comment faire le lavage avec un distributeur d'eau chaude ?
電球[でんきゅう];電球[でんきゅう]が 切[き]れた。;L'ampoule a brûlé.
又は[または];電話[でんわ] 又[また]はメールで 連絡[れんらく]してください。;Veuillez nous contacter par téléphone ou encore par courriel.
請求書[せいきゅうしょ];電話[でんわ] 料金[りょうきん]の 請求書[せいきゅうしょ]が 届[とど]いた。;Ma facture de téléphone est arrivée.
細かいお金[こまかいおかね];電話[でんわ]する 細[こま]かいお 金[かね]がない。;Je n'ai pas l'argent pour appeler.
聴者[ちょうしゃ];電話が壊れてるのかも。だって、聴者から電話が一本もないなんて、おかしいよ。;Quelque chose ne va pas avec le téléphone parce que c'est bizarre qu'aucun auditeur n'ait appelé.
請求[せいきゅう];電話料金の請求書が届いた。;J'ai reçu une facture de téléphone.
傘[かさ];電車[でんしゃ]に 傘[かさ]を 忘[わす]れた。;J'ai laissé mon parapluie dans le train.
騒ぐ[さわぐ];電車[でんしゃ]の 中[なか]で 騒[さわ]がないでください。;S'il vous plaît ne faîtes pas de bruit dans le train.
網棚[あみだな];電車[でんしゃ]の 網棚[あみだな]にかばんを 忘[わす]れてしまいました。;J'ai oublié mon sac dans le porte-bagages du train.
終点[しゅうてん];電車[でんしゃ]の終点[しゅうてん]で 降[お]りました。;Je suis descendu au terminal.
時間通り[じかんどおり];電車[でんしゃ]は 時間通[じかんどお]りに 到着[とうちゃく]する 予定[よてい]だ。;Il est prévu que le train arrive à l'heure.
二杯[にはい];電車が運行を見合わせている間に、珈琲を二杯飲みました。;J'ai bu deux tasses de café pendant que l'exploitation du chemin de fer était suspendue.
証明書[しょうめいしょ];電車の中に証明書が入ったかばんを忘れてきてしまった。;J'ai oublié mon sac avec le certificat dans le train.
慎む[つつしむ];電車の乗客は、携帯での会話を慎むべきだ。;Les personnes dans le train doivent s'abstenir d'avoir des conversations par téléphone portable.
混む[こむ];電車は毎日混みますが、あなたのせいではありません。自分を責める必要はありませんよ。;Le train est bondé tous les matins, mais ce n'est pas ta faute. Il n'y a pas besoin de vous culpabiliser.
盗撮[とうさつ];電車内で居眠りしているところを盗撮されたんです。;Des photos ont été prises de moi en secret pendant que je faisais la sieste dans le train.
需要[じゅよう];需要が多過ぎて生産が追い付きません。;La demande est si forte que la production ne peut pas suivre.
震源地[しんげんち];震源地に近いところに住んでる友達が心配だよ。;Je m'inquiète pour mes amis qui vivent près de l'épicentre.
震災[しんさい];震災で、地面が穴ぼこだらけになってしまいました。;À cause du tremblement de terre, il y a beaucoup de nids-de-poule sur le sol maintenant.
概要[がいよう];青年海外協力隊についての概要は、こちらのページでお読み頂けます。;Vous pouvez lire un aperçu du Corps de la paix japonais sur cette page.
青葉[あおば];青葉が目にしみるきせつとなりました。;C'est encore cette période de l'année où les feuilles me brûlent les yeux.
青銅[せいどう];青銅でコウイチの像を鋳造するっていうのはどうよ。;Pourquoi ne pas couler une statue en bronze de Koichi ?
靖国神社[やすくにじんじゃ];靖国神社に参拝したことはありますか。;Avez-vous déjà visité le sanctuaire Yasukuni ?
大失敗[だいしっぱい];静けさの中でおならをするという大失敗をおかしてしまいました。;J'ai fait la grosse erreur de péter pendant le silence.
静粛[せいしゅく];静粛に願います。;Veuillez garder le silence.
際[さい];非常の際は１１０番すること。;En cas d'urgence, composez le 110.
付く[つく];靴[くつ]に 泥[どろ]が 付[つ]いています。;J'ai de la boue sur mes chaussures.
砂[すな];靴[くつ]に 砂[すな]が 入[はい]ってしまった。;Le sable a pénétré dans mes chaussures.
磨く[みがく];靴[くつ]を 磨[みが]いてください。;Polissez les chaussures s'il vous plaît.
脱ぐ[ぬぐ];靴[くつ]を 脱[ぬ]いでください。;Enlevez vos chaussures, s'il vous plait.
靴屋[くつや];靴屋での仕事に内定が出たが、丁重にお断りさせてもらったよ。;On m'a proposé un travail au magasin de chaussures, mais j'ai poliment refusé.
源[みなもと];音楽が私の日々の生活のパワーの源です。;La musique est une source de pouvoir dans mon quotidien.
超える[こえる];音楽は、言葉を超える。;La musique dépasse les mots.
音痴[おんち];音痴なので、カラオケは苦手です。;Je suis sourd donc je suis mauvais en karaoké.
頂[いただき];頂きものなんですが、良かったらどうぞ。;S'il y a quelque chose qui m'appartient et que vous aimeriez, servez-vous s'il vous plaît.
褒める[ほめる];頑張[がんば]ったので 褒[ほ]められました。;Il a été félicité pour sa persévérance. 
褒美[ほうび];頑張ったご褒美がもらえることを期待しています。;J'espère obtenir une récompense pour mon travail acharné.
領収書[りょうしゅうしょ];領収[りょうしゅう] 書[しょ]をください。;Un reçu, s'il vous plaît.
保管[ほかん];領収書[りょうしゅうしょ]は 必[かなら]ず 保管[ほかん]してください。;Assurez-vous d'enregistrer le reçu.
領袖[りょうしゅう];領袖の言うことは絶対だ。;Ce que dit un patron est absolu.
冷やす[ひやす];頭[あたま]を 冷[ひ]やしなさい。;Du calme.
揺れる[ゆれる];風[かぜ]で 木[き]が 揺[ゆ]れています。;Les arbres tremblent sous le vent.
梅酒[うめしゅ];風ろ上がりに梅酒を開けると、一本飲み切るまで止まりません。;Quand j'ouvre une canette de vin ume après avoir pris un bain, je ne peux pas m'arrêter tant que je n'ai pas fini.
滋養[じよう];風邪を引いたら、大豆だとか林檎だとか、滋養のある物を食べなさい。;Lorsque vous attrapez un rhume, mangez des aliments nourrissants comme des graines de soja ou des pommes.
窒素[ちっそ];飛行機のタイヤには窒素が入っています。;Il y a de l'azote dans les pneus d'avion.
関西空港[かんさいくうこう];飛行機は関西空港を出発した。;L'avion est parti de l'aéroport de Kansai.
辞書形[じしょけい];食べたの辞書形は食べるです。;La forme du dictionnaire de ate est manger.
飲み放題[のみほうだい];食べ放題と飲み放題だったらどっちの方がおとくかな？;Je me demande laquelle est la meilleure affaire, tout ce que vous pouvez manger ou tout ce que vous pouvez boire ?
放題[ほうだい];食べ放題に行くといつも食べすぎてしまいます。;A chaque fois que je vais dans un resto à volonté, je finis par manger trop mu
食中毒[しょくちゅうどく];食中毒で会社を休んでしまい、大変申しわけありません。;Je suis terriblement désolé d'avoir pris un jour de congé à cause d'une intoxication alimentaire.
外食[がいしょく];食事[しょくじ]は 家庭[かてい]で 食[た]べますか、 外食[がいしょく]ですか。;Vous mangez à la maison ou dehors ?
擬装[ぎそう];食品会社の擬装を許してはいけません。;Vous ne devez pas excuser le déguisement de l'entreprise alimentaire.
食器[しょっき];食器[しょっき]を 全部[ぜんぶ] 新[あたら]しくしました。;J'ai acheté de la vaisselle et ai remplacé la vieille.
食堂車[しょくどうしゃ];食堂車[しょくどうしゃ]はどこにありますか。;Où est le wagon restaurant ?
飢え[うえ];飢えに苦しむ子どもたちの写真を見る度に胸が痛みます。;Mon cœur se serre chaque fois que je vois les photos de ces enfants affamés.
冷蔵庫[れいぞうこ];飲[の]み 物[もの]は 冷蔵庫[れいぞうこ]にあります。;Les boissons sont au réfrigérateur.
飴[あめ];飴[あめ]はどうですか。;Comment est le bonbon ?
養鶏[ようけい];養鶏経営の難しさを痛感しました。;J'ai réalisé à quel point la gestion de l'élevage de volailles est difficile.
小豆[あずき];餡こは小豆から作られているが、けっこう糖分が高い。;La pâte de haricots adzuki est faite de haricots adzuki, mais elle est assez riche en sucre.
官邸[かんてい];首相官邸ツアーに参加しました。;J'ai participé à une visite de la résidence officielle du premier ministre.
放れる[はなれる];馬が馬小屋から放れました。;Un cheval a été libéré de l'écurie.
近く[ちかく];駅[えき]の 近[ちか]くで 食事[しょくじ]をした。;J'ai mangé près de la gare.
逆[ぎゃく];駅[えき]は 逆[ぎゃく] 方向[ほうこう]です。;La station est dans la direction opposée.
近い[ちかい];駅[えき]はここから 近[ちか]いです。;La gare est près d'ici.
駅[えき];駅[えき]はどこですか。;Où est la gare ?
閑散[かんさん];駅の南側は、いつも閑散としています。;Le côté sud de la gare est toujours désert.
ゴミ袋[ゴミぶくろ];駅員さんに、電車に自転車を持ち込む場合は、持ち運び用の袋の使用が義務づけられているって言われたんだけど、代わりにゴミ袋を使っちゃだめなのかなぁ。;Le personnel de la gare m'a dit que je devais utiliser une mallette de transport pour embarquer un vélo dans le train, mais je me demande si je pourrais utiliser un sac poubelle pour cela.
駐留軍[ちゅうりゅうぐん];駐留軍向けの洗濯サービスとかはありますか？;Existe-t-il un service de blanchisserie pour les troupes stationnées ?
浦[うら];駿河湾西沿岸は田子ノ浦と呼ばれます。;La côte ouest de la baie de Suruga s'appelle la baie de Takono.
骨髄[こつずい];骨髄バンクに登録しました。;Je me suis inscrit à la banque de moelle osseuse.
縁談[えんだん];高卒以下の学歴の男との縁談を私に持って寄越すなんて、一体どういう神経してる訳？;Comment oses-tu m'apporter une demande en mariage d'un gars qui n'a pas fait d'études secondaires ? !
高尚[こうしょう];高尚な趣味をお持ちなんですね。;Vous avez des goûts si raffinés.
培う[つちかう];高校時代のクラブ活動を通じて、友情を培うことの大切さについてたくさんのことを学びました。;J'ai beaucoup appris sur l'importance de cultiver des amitiés grâce aux activités du club au lycée.
火照る[ほてる];高熱で体が火照っています。;Mon corps est chaud à cause de cette forte fièvre.
錦[にしき];高級錦織で作られた着物を買いました。;J'ai acheté un kimono en brocart de luxe.
途端[とたん];高速に乗ったとたんに、タイヤがパンクした。;À peine monté sur l’autoroute, le pneu a crevé.
数珠[じゅず];高額な数珠を私に売りつけようとした男の名前が思い出せません。;Je ne me souviens pas du nom du type qui a essayé de me forcer à acheter un chapelet cher.
高齢者[こうれいしゃ];高齢者たちは、雇用について難しい問題を抱えています。;Les personnes âgées ont des problèmes difficiles avec l'emploi.
優遇[ゆうぐう];高齢者を優遇しすぎじゃないでしょうか。;Nous ne devrions pas accorder un traitement trop préférentiel aux personnes âgées.
侵害[しんがい];髭を禁止することは人権侵害です。;Interdire la pilosité faciale est une violation des droits humains.
召喚[しょうかん];魔法使いを召喚しました。;J'ai invoqué un magicien.
鯉[こい];鯉に餌をあげないでください。;Veuillez ne pas nourrir la carpe.
鰐蟹[わにかに];鰐蟹で漢字を猛勉強中です。;Je travaille dur pour étudier les kanji sur WaniKani.
海溝[かいこう];鰻がフィリピン海溝の近くで産卵することは、フィリピン人に知られているのでしょうか。;Je me demande si les Philippins savent que le lieu de frai des anguilles est proche du Tren philippin
媒介[ばいかい];鳥が伝染病の媒介となると仮定しよう。;Supposons que les oiseaux soient devenus un intermédiaire pour les maladies infectieuses.
鶏卵[けいらん];鶏卵は日本が自給自足できる唯一の蛋白源です。;Les œufs de poule sont la seule source de protéines autosuffisante au Japon.
鹿児島県[かごしまけん];鹿児島県で、今までで運転した中で一番デッコボコの道路をドライブしました。;J'ai conduit sur la route la plus cahoteuse que j'aie jamais empruntée dans la préfecture de Kagoshima.
麦畑[むぎばたけ];麦畑が見えてきたとたんに、くしゃみが出始めました。;Une fois que le champ de blé est apparu, j'ai commencé à éternuer.
麻布[あさぬの];麻布の服が好きなんだけど、結構お値段が高いんだよね。;J'aime les vêtements en tissu de chanvre, mais ils sont assez chers.
麻酔[ますい];麻酔でまだ寝ぼけています。;Je suis encore à moitié endormi de l'anesthésie.
卓[たく];麻雀するなら、うちに雀卓があるけど。;Il y a une table de Mahjong chez moi si tu veux jouer.
糸[いと];黒[くろ]い 糸[いと]でボタンを 付[つ]けた。;J'ai attaché le bouton avec du fil noir.
濃紺[のうこん];黒と濃紺のスーツが一着ずつあると便利ですよ。;Avoir un costume noir et un bleu foncé est pratique.
黒潮[くろしお];黒潮の流域とは正確にはどこになりますか？;Où se trouve exactement le bassin du courant de Kuroshio ?
黒煙[こくえん];黒煙のせいで、熱気がこもって息苦しかった。;L'air était chaud et étouffant à cause de la fumée noire.
塩水[しおみず];鼻が利く方だと思っていたんだが、どちらが塩水か分からなかった。;Je pensais avoir un bon nez, mais je ne pouvais pas dire lequel était de l'eau salée.
鼻血[はなぢ];鼻の下にひげをはやしていると、鼻血が出た時に大変ですね。;Si vous avez une moustache, ce sera une douleur si votre nez saigne, n'est-ce pas ?
鼻先[はなさき];鼻先にマスタードがついてるよ。;Vous avez de la moutarde au bout de votre nez.
