key;sentence_ja;sentence_fr;sort
中[なか];父[ちち]は 家[いえ]の 中[なか]にいます。;Mon père est à l'intérieur de la maison.;21
先生[せんせい];私[わたし]は 日本語[にほんご]の 先生[せんせい]になりたいです。;Je veux devenir un professeur de japonais.;22
何の[どの];この5つの中で、どのドラマが一番好きですか？;Parmis ces 5, quel drama aimez-vous le plus ?;25
自分[じぶん];宿題[しゅくだい]は 自分[じぶん]でやりなさい。;Fais tes devoirs toi-même. ;26
大変[たいへん];大変[たいへん]なことが 起[お]きました。;Une chose terrible s'est produite.;28
上[うえ];上[うえ]を 見[み]て。;Regardes au-dessus.;29
事[こと];そんな 事[こと]をしてはいけません。;Ne faites pas une telle chose.;30
元気[げんき];昨日[きのう]から 元気[げんき]になりました。;Je suis devenu en meilleure santé depuis hier.;31
上げる[あげる];彼[かれ]は 荷物[にもつ]を 網棚[あみだな]に 上[あ]げた。;Il a levé les bagages sur le porte-bagages.;34
知る[しる];誰[だれ]もその 話[はなし]を 知[し]らない。;Personne ne connaît cette histoire.;36
持つ[もつ];私[わたし]は 車[くるま]を 持[も]っています。;J'ai une voiture.;38
名前[なまえ];あなたの 名前[なまえ]を 教[おし]えてください。;S'il vous plait, dites moi votre nom.;39
待つ[まつ];あなたが 来[く]るのを 待[ま]っています。;J'attends que vous veniez.;42
子供[こども];子供[こども]たちは 電車[でんしゃ]の 中[なか]で 遊[あそ]んでいた。;Les enfants jouaient dans le train.;43
今年[ことし];今年[ことし]はイタリアに 旅行[りょこう]したい。;Je veux voyager en Italie cette année.;44
明日[あした];では、また 明日[あした]。;Et bien, à demain.;46
話[はなし];あなたの 話[はなし]は 面白[おもしろ]いね。;Votre histoire est intéressante.;47
本当[ほんとう];その 話[はなし]は 本当[ほんとう]ですか。;Cette histoire est-elle vraie ?;49
誰[だれ];誰[だれ]と 会[あ]ってみたいですか。;Qui aimeriez-vous rencontrer ?;53
大学[だいがく];大学[だいがく]に 行[い]ってもっと 勉強[べんきょう]したいです。;Je veux aller à l'université et étudier plus.;55
全部[ぜんぶ];それ、全部[ぜんぶ]ください。;Je vais prendre tout ça, s'il vous plaît.;57
女の子[おんなのこ];あの 女[おんな]の 子[こ]を 知[し]っていますか。;Connaissez-vous cette fille?;59
生まれる[うまれる];フランスで 生[う]まれるのはチャンスです。;Être né en France est une chance.;60
毎日[まいにち];私[わたし]たちは 毎日[まいにち] 散歩[さんぽ]をします。;Nous allons faire une promenade tous les jours.;61
悪い[わるい];タバコは 体[からだ]に 悪[わる]い。;Les cigarettes sont mauvaises pour le corps.;63
大人[おとな];大人[おとな]の 言[い]うことを 聞[き]きなさい。;Écoute ce que disent les adultes.;64
体[からだ];私[わたし]は 体[からだ]が 丈夫[じょうぶ]だ。;Mon corps est solide. ;65
食べる[たべる];昨日[きのう]タイカレーを 食[た]べました。;J'ai mangé un curry thaï hier.;67
早い[はやい];彼[かれ]は 走[はし]るのが 速[はや]い。;Il court vite.;68
年[ねん];10年[じゅうねん]は 長[なが]い 時間[じかん]です。;10 ans, c'est une longue durée.;70
電話[でんわ];あとで 電話[でんわ]します。;Je t'appellerai plus tard.;72
多分[たぶん];彼女[かのじょ]は 多分[たぶん] 家[いえ]で 寝[ね]ています。;Elle dort peut être à la maison.;74
少し[すこし];少[すこ]し 疲[つか]れました。;Je me suis un peu fatigué.;76
所[ところ];私[わたし]は 友達[ともだち]の 所[ところ]に 泊[と]まった。;Je suis resté chez mon ami pour la nuit.;77
好き[すき];私[わたし]はワインが 好[す]きです。;J'aime le vin.;78
下[した];財布[さいふ]は 机[つくえ]の 下[した]にあった。;Le portefeuille était sous le bureau. ;80
意味[いみ];それはどういう 意味[いみ]ですか。;Qu'est-ce que ça veut dire ?;82
使う[つかう];このパソコンを 使[つか]ってください。;Veuillez utiliser cet ordinateur.;83
上手[じょうず];妹[いもうと]は 歌[うた]が 上手[じょうず]です。;Ma petite soeur est douée pour chanter.;84
椅子[いす];その 人[ひと]は 椅子[いす]に 座[すわ]った。;Cette personne s'était assise sur une chaise.;87
後ろ[うしろ];机[つくえ]の 後[うし]ろに 教師[きょうし]がいます。;Il y a un professeur derrière le bureau.;90
旅行[りょこう];彼女[かのじょ]は 旅行[りょこう]が 好[す]きです。;Elle aime les voyages.;91
高い[たかい];これがこの 町[まち]で 一番[いちばん] 高[たか]いビルです。;Ceci est le plus haut bâtiment de cette ville.;92
学生[がくせい];彼[かれ]は 真面目[まじめ]な 学生[がくせい]です。;C'est un étudiant sérieux.;93
長い[ながい];彼女[かのじょ]の 髪[かみ]はとても 長[なが]い。;Ses cheveux sont très longs.;94
強い[つよい];今日[きょう]は 風[かぜ]が 強[つよ]い。;Il y a un vent fort aujourd'hui.;95
立つ[たつ];彼[かれ]はステージに 立[た]った。;Il se tenait sur scène.;96
家[いえ];ここが 私[わたし]の 家[いえ]です。;Ici, c'est ma maison.;98
少ない[すくない];今年[ことし]は 雨[あめ]が 少[すく]ないです。;Cette année, il n'y a pas beaucoup de pluie.;99
来年[らいねん];来年[らいねん] 一緒[いっしょ]に 旅行[りょこう]しましょう。;Voyageons ensemble l'année prochaine.;100
果物[くだもの];デザートに 果物[くだもの]を 食[た]べましょう。;Prenons des fruits pour le dessert.;304
食堂[しょくどう];大学[だいがく]の 食堂[しょくどう]は 安[やす]い。;Le réfectoire de l'université est bon marché.;305
歌う[うたう];私[わたし]たちは 大[おお]きな 声[こえ]で 歌[うた]いました。;Nous avons chanté d'une voix forte.;306
紙[かみ];たくさん 紙[かみ]を 買[か]いました．;J'ai acheté beaucoup de papier.;307
弟[おとうと];弟[おとうと]は 野球[やきゅう]が 好[す]きです。;Mon petit frère aime le baseball.;309
川[かわ];この 川[かわ]は あの 川[かわ]の ３倍[さんばい] 長[なが]いです。;Cette rivière-ci est trois fois plus longue que celle-là.;310
始め[はじめ];始めにスープが出ます。;Une soupe sera servie au début.;311
妹[いもうと];妹[いもうと]は 他[ほか]の 女[おんな]の 子[こ]とボールをしています。;Ma petite soeur joue au ballon avec les autres filles.;312
細い[ほそい];彼女[かのじょ]は 指[ゆび]が 細[ほそ]いですね。;Ses doigts sont fins.;313
本当は[ほんとうは];彼が本当は何が欲しいのかわからない。;Je ne sais vraiment pas ce qu'il veut vraiment.;315
英語[えいご];あなたは 英語[えいご]が 話[はな]せますか。;Pouvez-vous parler anglais ?;316
上着[うわぎ];暑[あつ]いので 上着[うわぎ]を 脱[ぬ]ぎました。;J'ai enlevé mes vêtements d'extérieur parce qu'il faisait chaud.;317
今晩[こんばん];今晩[こんばん]のパーティーは 何[なん] 時[じ]からですか。;La fête de ce soir est à partir de quelle heure ?;318
洗う[あらう];早[はや]く 顔[かお]を 洗[あら]いなさい。;Dépêche-toi de te laver le visage.;320
千[せん];六 千[せん]分は、百時間です。;6000 minutes équivalent à 100 heures.;321
雨[あめ];雨[あめ]が 降[ふ]っています。;Il pleut.;322
並ぶ[ならぶ];ここに 並[なら]んでください。;S'il vous plaît alignez vous ici.;323
暗い[くらい];東[ひがし]の 空[そら]が 暗[くら]いです。;Le ciel à l'est est sombre.;324
お金[おかね];お 金[かね]を 先[さき]に 入[い]れるのですか。;Dois-je mettre l'argent d'abord ?;325
お父さん[おとうさん];お 父[とう]さんは 会社[かいしゃ] 員[いん]です。;Son père est un employé d'entreprise.;326
耳[みみ];彼女[かのじょ]は 耳[みみ]がよく 聞[き]こえません。;Elle a des oreilles qui ne peuvent pas très bien entendre.;327
太い[ふとい];彼女[かのじょ]は 足[あし]が 太[ふと]い。;Elle a de grosses jambes.;329
青い[あおい];ここの 海[うみ]はとても 青[あお]い。;La mer ici est très bleue.;330
短い[みじかい];彼[かれ]は 足[あし]が 短[みじか]い。;Ses jambes sont courtes.;332
魚[さかな];魚[さかな]がたくさん 泳[およ]いでいます。;Il y a beaucoup de poissons qui nagent.;333
百[ひゃく];スーパーマーケットはここから700メートルです。;Le supermarché est à 700 m d'ici.;335
猫[ねこ];私[わたし]は 猫[ねこ]が 大好[だいす]きです。;J'adore les chats.;336
お母さん[おかあさん];お 母[かあ]さんによろしくお 伝[つた]えください。;Veuillez passer le bonjour à votre mère.;337
授業[じゅぎょう];今日[きょう]は 日本語[にほんご]の 授業[じゅぎょう]があります。;Aujourd'hui, il y a un cour de Japonais.;339
鳥[とり];あそこにきれいな 鳥[とり]がいます。;Il y a un bel oiseau là-bas.;340
一昨日[おととい];一昨日[おととい] 彼[かれ]から 電話[でんわ]がありました。;Avant-hier, il y a eu un appel téléphonique de lui.;341
雪[ゆき];クリスマスに 雪[ゆき]が 降[ふ]りました。;Il a neigé à Noël.;342
皆さん[みなさん];皆[みな]さんにお 話[はなし]があります。;J'ai quelque chose à dire à tout le monde.;343
はい;はい、そうです。;Oui, c'est vrai.;344
さん;山田[やまだ]さんです。;C'est Monsieur Yamada.;345
階段[かいだん];私[わたし]たちは 駅[えき]の 階段[かいだん]を 登[のぼ]りました。;Nous avons monté les escaliers de la gare.;346
六[ろく];かれ に は こども が ろくにん います;Il a six enfants.;347
から;ここからタワーが見えるよ。;On peut voir la tour d'ici.;348
習う[ならう];私[わたし]はダンスを 習[なら]っています。;J'apprends à danser.;349
村[むら];私[わたし]は 隣[となり]の 村[むら]から 来[き]ました。;Je viens du village voisin.;350
お菓子[おかし];お 母[かあ]さんと 一緒[いっしょ]にお 菓子[かし]を 作[つく]りました。;Avec ma mère, ensemble, nous avons fait des confiserie.;351
東[ひがし];日[ひ]は 東[ひがし]から 上[のぼ]ります。;Le soleil monte à l'Est.;352
七[しち];その ぐるーぷ の めんばー は ぜんぶ で  七[しち]にん だ;Il y a sept membres du groupe en tout.;354
ええ;ええ、私も知りたいです。;Oui, j'aimerais bien le savoir aussi.;355
汚い[きたない];彼[かれ]の 部屋[へや]はとても 汚[きたな]い。;Sa chambre est très sale.;356
差す[さす];たくさんの 人[ひと]が 傘[かさ]を 差[さ]しています。;Il y a beaucoup de gens tenant des parapluies.;357
自転車[じてんしゃ];毎日[まいにち]、 駅[えき]まで 自転車[じてんしゃ]で 行[い]きます。;Je vais jusqu'à la gare à vélo tous les jours.;358
駅[えき];駅[えき]はどこですか。;Où est la gare ?;359
雑誌[ざっし];この 雑誌[ざっし]はよく 売[う]れています。;Ce magazine se vend bien.;360
どうぞ;こちらへどうぞ。;Par ici, je vous prie.;361
日曜日[にちようび];日曜日[にちようび]は 海[うみ]に 行[い]きました。;Nous sommes allés à la plage dimanche.;367
薄い[うすい];この 電子[でんし] 辞書[じしょ]はとても 薄[うす]い。;Ce dictionnaire électronique est très mince.;368
並べる[ならべる];私[わたし]は 料理[りょうり]をテーブルに 並[なら]べた。;J'ai disposé la nourriture sur la table.;369
靴下[くつした];この 靴下[くつした]は３ 足[そく]で１０００ 円[えん]です。;Ces chaussettes coûtent 1 000 yens pour 3 paires.;370
へえ;へえ、それは知りませんでした。;Ah bon, je ne savais pas ça.;371
こんな;こんな靴がほしかった。;Je voulais des chaussures comme celles-ci.;372
どんな;どんな 果物[くだもの]が 好[す]きですか。;Quel genre de fruit aimez-vous ?;373
箱[はこ];この 箱[はこ]は 重[おも]い。;Cette boîte est lourde.;374
卵[たまご];ニワトリは 卵[たまご]を 産[う]みます。;Les poules pondent des œufs.;375
台所[だいどころ];お 母[かあ]さんは 台所[だいどころ]にいます。;Mère est dans la cuisine.;376
誕生日[たんじょうび];彼女[かのじょ]の 誕生[たんじょう] 日[び]は７ 月[がつ]１６ 日[にち]です。;Son anniversaire à elle est le 16 juillet.;378
靴[くつ];靴[くつ]が 汚[きた]いです。;Mes chaussures sont sales.;379
秋[あき];彼女[かのじょ]は 秋[あき]に 結婚[けっこん]します。;Elle se mariera cet automne.;380
もっと;もっと 近[ちか]くに 来[き]てください。;S'il vous plaît, venez plus près.;382
鼻[はな];豚の鼻はおもしろいですね。;Le nez des cochons est drôle.;383
冬[ふゆ];カナダの 冬[ふゆ]はとても 寒[さむ]いです。;Les hivers canadiens sont très froids.;384
鍵[かぎ];出[で]かけるときは 鍵[かぎ]を 掛[か]けてください。;Veuillez fermer la porte à clé quand vous partez.;385
机[つくえ];王さんの机はどれですか。;Lequel est le bureau de M. Ou ?;387
テレビ;私[わたし]はテレビをあまり 見[み]ません。;Je ne regarde pas beaucoup de télé.;388
窓[まど];窓[まど]を 開[あ]けてください。;S'il-vous-plaît, ouvrez la fenêtre.;389
北[きた];ロシアは 日本[にっぽん]の 北[きた]にあります。;La Russie est au nord du Japon.;391
庭[にわ];庭[にわ]に 白[しろ]い 猫[ねこ]がいます。;Il y a un chat blanc dans le jardin.;392
南[みなみ];私[わたし]の 家[いえ]は 町[まち]の 南[みなみ]にあります。;Ma maison est au sud de la ville.;393
黄色[きいろ];信号[しんごう]は 黄色[きいろ]でした。;Le feu de signalisation était orange. (jaune au Japon);394
橋[はし];あの 橋[はし]は 日本[にほん]で 一番[いちばん] 長[なが]い。;Ce pont est le plus long du Japon.;395
廊下[ろうか];廊下[ろうか]は 走[はし]らないでください。;Veuillez ne pas courir dans le couloir.;396
ゆっくり;もっとゆっくり 話[はな]してください。;Parlez plus lentement, s'il vous plaît.;397
ううん;ううん、見なかった。;Non, je ne l'ai pas vu.;398
バス;バスで 行[い]こう。;Allons en bus.;400
土曜日[どようび];土曜日[どようび]の 夜[よる]はクラブに 行[い]きます。;Je vais en club le samedi soir.;401
パン;朝[あさ]ご 飯[はん]にはいつもパンを 食[た]べる。;Je mange toujours du pain pour le petit déjeuner.;402
カメラ;カメラが 壊[こわ]れた。;Mon appareil photo s'est cassé.;407
丸い[まるい];この 猫[ねこ]は 頭[あたま]が 丸[まる]い。;Ce chat a une tête ronde.;408
ホテル;今[いま] ホテルに 着[つ]きました。;Je viens d'arriver à l'hôtel.;413
金曜日[きんようび];銀行[ぎんこう]は 金曜日[きんようび]の 遅[おそ]くに 閉[し]まる。;La banque ferme tard le vendredi.;414
コーヒー;私[わたし]は 毎朝[まいあさ]コーヒーを 飲[の]みます。;Je bois du café tous les matins.;415
緑[みどり];この 町[まち]には 緑[みどり]がたくさんあります。;Il y a beaucoup de verdure dans cette ville.;416
漢字[かんじ];漢字[かんじ]は 中国[ちゅうごく]からきました。;Les kanjis sont venus de Chine.;417
辞書[じしょ];彼女[かのじょ]は 辞書[じしょ]をよく 使[つか]います。;Elle utilise souvent un dictionnaire.;418
吹く[ふく];今日[きょう]は 北風[きたかぜ]が 吹[ふ]いている。;Le vent du nord souffle aujourd'hui.;419
トイレ;トイレを 掃除[そうじ]しましたか。;As-tu nettoyé les toilettes ?;420
本棚[ほんだな];これはとても 大[おお]きな 本棚[ほんだな]ですね。;C'est une très grosse étagère à livres, n'est-ce pas ?;421
紅茶[こうちゃ];温[あたた]かい 紅茶[こうちゃ]が 飲[の]みたい。;Je veux boire du thé chaud.;422
二つ[ふたつ];明日、二つ会議がある。;Il y aura deux réunions demain.;423
撮る[とる];しゃしん を たくさん とりました;J'ai pris beaucoup de photos.;424
じゃ;いいね。じゃ、行こう！;Super. Allez, on y va !;425
キロ;ここから 彼女[かのじょ] の 家[いえ] まで ２ キロ あります 。;Il y a deux kilomètres d'ici jusqu'à sa maison.;426
晩[ばん];晩[ばん]ご 飯[はん]は 食[た]べましたか。;As-tu dîné ?;427
咲く[さく];桜[さくら]の 花[はな]が 咲[さ]きました。;Les fleurs de cerisier ont fleuri.;430
門[もん];8時[じ]に 学校[がっこう]の 門[もん]が 開[ひら]きます。;Le portail de l'école s'ouvre à huit heures.;431
奥さん[おくさん];彼[かれ]の 奥[おく]さんはきれいな 方[かた]です。;Sa femme est une belle personne.;432
月曜日[げつようび];月曜日[げつようび]に 会[あ]いましょう。;Rendez-vous lundi.;433
泳ぐ[およぐ];彼女[かのじょ]はダイエットのために 泳[およ]いでいる。;Elle nage pour un régime.;435
毎朝[まいあさ];私[わたし]は 毎朝[まいあさ]ジョギングをします。;Je fais du jogging tous les matins.;437
ドア;ドアを 開[あ]けてください。;Ouvre la porte s'il te plaît.;439
ニュース;夜[よる]のニュースを 見[み]ましたか。;Avez-vous vu les nouvelles du soir ?;440
外国人[がいこくじん];日本[にほん]に 住[す]む 外国[がいこく] 人[じん]が 増[ふ]えています。;Le nombre d'étrangers vivant au Japon augmente.;441
玄関[げんかん];玄関[げんかん]に 花[はな]を 飾[かざ]りました。;J'ai décoré l'entrée avec des fleurs.;442
狭い[せまい];私[わたし]の 部屋[へや]は 狭[せま]いです。;Ma chambre est petite.;443
カレー;日本ではカレーが甘いです。;Au Japon, le curry est doux.;444
脱ぐ[ぬぐ];靴[くつ]を 脱[ぬ]いでください。;Enlevez vos chaussures, s'il vous plait.;447
箸[はし];お箸つけますか？;Souhaitez-vous utiliser des baguettes ?;448
メートル;1マイルは1600メートルくらいです。;Un mile équivaut à environ 1600 mètres.;449
磨く[みがく];靴[くつ]を 磨[みが]いてください。;Polissez les chaussures s'il vous plaît.;451
塩[しお];もうちょっと 塩[しお]を 入[い]れて。;Ajoute un petit peu plus de sel.;452
財布[さいふ];会社[かいしゃ]に 財布[さいふ]を 忘[わす]れた。;J'ai oublié mon portefeuille à l'entreprise. ;453
テーブル;新[あたら]しいテーブルを 買[か]いました。;J'ai acheté une nouvelle table.;454
皿[さら];お皿を洗ってもらえませんか？;Pourriez-vous faire la vaisselle pour moi ?;456
三日[みっか];１０月[じゅうがつ] ３日[みっか]です。;C'est le trois octobre.;457
成る[なる];ぜんぶを 覚[おぼ]えるのが 難[むずか]しくなります。;Il devient difficile de se souvenir de tout.;460
何歳[なんさい];あなたは 何歳[なんさい]ですか ？;Quel âge avez-vous ?;461
タクシー;タクシーを 呼[よ]んでください。;Veuillez appeler un taxi.;462
何故[なぜ];なぜ 来[こ]なかったの？;Pourquoi n'êtes vous pas venu ?;463
洋服[ようふく];今日[きょう]は 洋服[ようふく]を 買[か]いに 行[い]きます。;Je vais acheter des vêtements occidentaux aujourd'hui.;464
スポーツ;あなたは 何[なに]かスポーツをしていますか。;Est-ce que tu fais quelque sport que ce soit ?;465
テスト;明日[あした]は 英語[えいご]のテストです。;J'ai un test d'anglais demain.;466
切符[きっぷ];東京[とうきょう]までの 切符[きっぷ]を 買[か]った。;J'ai acheté un billet pour Tokyo.;467
ボタン;ボタンを 押[お]してください。;Veuillez appuyer sur le bouton.;468
お兄さん[おにいさん];あなたのお 兄[にい]さんは 何[なん] 歳[さい]？;Quel âge a ton grand frère ?;469
お腹[おなか];お 腹[なか]が 空[す]きました。;J'ai faim.;470
毎晩[まいばん];姉[あね]は 毎晩[まいばん] 日記[にっき]を 書[か]いています。;Ma grande sœur écrit un journal tous les soirs.;471
浴びる[あびる];私[わたし]は 朝[あさ]、シャワーを 浴[あ]びます。;Je prends une douche le matin.;472
丈夫[じょうぶ];祖母[そぼ]は 体[からだ]が 丈夫[じょうぶ]だ。;Ma grand-mère a un corps robuste.;473
ラジオ;私[わたし]は 毎朝[まいあさ]ラジオを 聴[き]きます。;J'écoute la radio tous les matins.;474
レストラン;レストランでインド 料理[りょうり]を 食[た]べました。;J'ai mangé de la nourriture indienne au restaurant.;475
一匹[いっぴき];今日は魚が 一[いっ]匹[ぴき]も釣れませんでした。;Je n'ai pas pu attraper un seul poisson aujourd'hui.;477
シャツ;このシャツはアイロンが 必要[ひつよう]だ。;Cette chemise a besoin de repassage.;478
お風呂[おふろ];あなたが電話したとき、私はお風呂に入っていたのです。;J'étais dans le bain quand tu as appelé.;479
自動車[じどうしゃ];彼[かれ]は 自動車[じどうしゃ] 会社[かいしゃ]で 働[はたら]いています。;Il travaille dans une companie de véhicules.;480
牛乳[ぎゅうにゅう];私[わたし]は 毎朝[まいあさ]、 牛乳[ぎゅうにゅう]を 飲[の]む。;Je bois du lait tous les matins.;481
水曜日[すいようび];水曜日[すいようび]はバイトがあります。;Le mercredi, j'ai un travail à temps partiel.;482
お手洗い[おてあらい];お 手洗[てあら]いはどこですか。;Où est la salle de bain ?;484
砂糖[さとう];コーヒーに 砂糖[さとう]は[わ] 入[い]れますか。;Voulez-vous du sucre dans votre café ?;485
三つ[みっつ];コップを 三[みっ]つ買いました。;J'ai acheté trois verres.;486
涼しい[すずしい];夕方[ゆうがた]は 涼[すず]しくなりますよ。;Ca se rafraîchit le soir.;487
お姉さん[おねえさん];昨日[きのう]、あなたのお 姉[ねえ]さんに 会[あ]ったよ。;J'ai rencontré votre sœur aînée hier.;488
七日[なのか];9月[くがつ] ７日[なのか] のお 手紙[てがみ]、ありがとうございました。;Merci beaucoup pour votre lettre du 7 septembre.;489
厚い[あつい];その じしょ は とても あつい;Ce dictionnaire est très épais.;490
交番[こうばん];あそこの 交番[こうばん]で 道[みち]を 聞[き]きましょう。;Allons demander notre chemin à ce poste de police, là-bas.;491
スプーン;カレーライスはスプーンで 食[た]べます。;Le riz au curry se mange avec une cuillère.;492
二日[ふつか];それは １週間[いっしゅうかん] 前[まえ]、 ４月[しがつ] ２日[ふつか]に ありました。;C'était il y a une semaine, le 2 avril.;496
ゼロ;今日[きょう]の 交通[こうつう]事故[じこ]はゼロです。;Aujourd'hui, il y a eu zéro accident de la circulation.;497
カップ;水[みず]を１カップ 入[い]れてください。;Veuillez remplir d'une tasse d'eau.;499
何時[なんじ];何時[なんじ]に 行[い]きますか。;À quelle heure partez-vous ?;500
ノート;ノートを 開[ひら]いてください。;Veuillez ouvrir votre ordinateur portable / votre cahier.;501
色々[いろいろ];彼[かれ]はいろいろなことを 知[し]っている。;Il sait des choses variées (nombreuses).;503
弁当[べんとう];毎日[まいにち]、 会社[かいしゃ]に 弁当[べんとう]を 持[も]って 行[い]く。;Chaque jour, j'apporte mon panier-repas à l'entreprise.;504
鞄[かばん];その 黒[くろ]い 鞄[かばん]は 僕[ぼく]のです。;La mallette noire est la mienne.;505
エレベーター;エレベーターで 下[した]に 降[お]りましょう。;Sortons en bas par l'ascenseur.;506
封筒[ふうとう];その 手紙[てがみ]を 封筒[ふうとう]に 入[い]れた。;J'ai mis cette lettre dans une enveloppe.;507
ペット;これはうちのペットです。;C'est notre animal de compagnie.;508
良い[よい];彼は良い人です。;Il est une bonne personne.;509
図書館[としょかん];図書館[としょかん]で 料理[りょうり]の 本[ほん]を 借[か]りた。;J'ai emprunté un livre de cuisine à la bibliothèque.;510
警官[けいかん];警官が街をパトロールしている。;Le policier patrouille dans la ville.;511
ご飯[ごはん];ご飯がおいしい。;Le repas est bon.;512
ナイフ;ナイフで 手[て]を 切[き]った。;Je me suis coupé la main avec un couteau.;513
寒い[さむい];あなたの部屋は寒いですか？;Votre chambre est-elle froide ?;514
テープ;そのテープを聞きましょう。;Écoutons cette cassette.;515
プール;私[わたし]は 夏休[なつやす]みにプールに 行[い]った。;Je suis allé à la piscine pendant les vacances d'été.;516
池[いけ];池[いけ]に 鯉[こい]がいます。;Il y a des carpes dans l'étang.;517
散歩[さんぽ];彼女は今朝お父さんと散歩した。;Elle s'est promenée avec son père ce matin.;519
どうも;気にかけていただいてどうも。;Merci beaucoup de vous en soucier.;520
閉まる[しまる];お 店[みせ]はもう 閉[し]まっていました。;Le magasin était déjà fermé.;521
コップ;私[わたし]は 毎朝[まいあさ]コップ 一杯[いっぱい]の 水[みず]を 飲[の]む。;Je bois un verre d'eau tous les matins.;522
掃除[そうじ];トイレを掃除しましたか。;As-tu nettoyé les toilettes ?;523
でも;今日は学校がある。でも、病気で行けなかった。;Aujourd'hui, il y avait école. Mais parce que j'étais malade, je n'ai pas pu y aller.;525
フォーク;フォークをもらえますか。;Puis-je avoir une fourchette ?;526
失礼ですが[しつれいですが];失礼ですがどなたでしょうか。;Excusez-moi, mais qui êtes-vous ?;527
では;では 今晩[こんばん]またね、さようなら。;Alors, rendez-vous ce soir. Au revoir.;529
シャワー;朝[あさ]、 急[いそ]いでシャワーを 浴[あ]びました。;J'ai pris une douche hâtive le matin.;531
じゃあ;病気じゃありませんから、心配しないでください。;Je ne suis pas malade, alors ne vous inquiétez pas.;533
そうですね;そうですね。。。;euh... voyons... eh bien... (pour réfléchir avant de répondre);534
ズボン;ズボンが 汚[よご]れた。;Mon pantalon a été sali.;535
もしもし;もしもし、ジョンソンさんをお願いします。;Allô, passez-moi M. Johnson, svp.;536
お元気ですか[おげんきですか];奥様はお元気ですか。;Comment va votre femme ?;538
バター;バターはあまり好きではありません。;Je n'aime pas trop le beurre.;539
コート;寒いのでコートを着なければなりません。;Puisqu'il fait froid, je dois porter un manteau.;540
冷蔵庫[れいぞうこ];飲[の]み 物[もの]は 冷蔵庫[れいぞうこ]にあります。;Les boissons sont au réfrigérateur.;541
パーティー;パーティーは楽しむものです。;Une fête, c'est fait pour s'amuser.;543
作文[さくぶん];日本語[にほんご]で 作文[さくぶん]を 書[か]きました。;J'ai écrit une rédaction en japonais.;544
お弁当[おべんとう];お弁当はよかったでしょう。;Le panier-repas était bon, n'est-ce pas ?;546
いらっしゃいませ;あなたも私たちと一緒にいらっしゃいませんか。;Ne viendriez-vous pas avec nous  (Respectueux);547
ポケット;財布[さいふ]をポケットにしまった。;J'ai mis mon portefeuille dans ma poche.;548
ベッド;新しいベッドを買いたい。;Je veux acheter un nouveau lit.;549
木曜日[もくようび];木曜日[もくようび]は 仕事[しごと]が 休[やす]みです。;Le jeudi, je suis en congé.;550
醤油[しょうゆ];もう 少[すこ]し 醤油[しょうゆ]を 足[た]してください。;Ajouter un peu plus de sauce soja.;551
何分[なんぷん];何分[なんぷん] 待[ま]つ 必要[ひつよう]がありますか;Combien de minutes d'attente sont nécessaire ?;552
火曜日[かようび];火曜日[かようび]に 会議[かいぎ]があります。;Il y a une réunion mardi.;553
デパート;私[わたし]はデパートで 靴[くつ]を 買[か]った。;J'ai acheté une paire de chaussures au grand magasin.;555
眼鏡[めがね];彼[かれ]は 眼鏡[めがね]をかけています。;Il porte des lunettes.;556
葉書[はがき];家族[かぞく]に 葉書[はがき]を 書[か]いています。;J'écris une carte postale à ma famille.;557
スカート;かのじょ は あまり スカート は はかない;Elle ne porte pas souvent de jupes.;558
一昨年[おととし];一昨年[おととし] 初[はじ]めて 京都[きょうと]へ 旅行[りょこう]しました。;J'ai voyagé pour la première fois à Kyoto il y a deux ans.;559
留学生[りゅうがくせい];彼[かれ]は 留学生[りゅうがくせい]です。;Il est étudiant international.;560
洗濯[せんたく];メアリーは洗濯物を干してるよ。;Marie étend le linge.;561
賑やか[にぎやか];浅草[あさくさ]は 賑[にぎ]やかな 街[まち]です。;Asakusa est un quartier animé.;562
幾つ[いくつ];弟さんって、お幾つですか？;Quel âge a votre petit frère ?;563
どうやって;この動画、どうやって作ったんですか？;Comment avez-vous réalisé cette vidéo ?;564
零[れい];日本語[にほんご]のテストで零[れい]点[てん]を 取[と]った。;"J'ai pris un score ""vide"" au test de japonais.";565
ギター;これは兄のギターです。;Ceci est la guitare de mon grand frère.;566
喫茶店[きっさてん];喫茶店[きっさてん]でコーヒーを 飲[の]んだ。;J'ai bu du café au café.;567
珈琲[コーヒー];喫茶店でコーヒーを飲む;Je bois un café dans un café.;569
易しい[やさしい];この踊りは易しいですよ。;Cette danse est facile !;570
四日[よっか];７月[しちがつ] ４日[よっか]はアメリカでは 休[やす]みの 日[ひ]です。;Le 4 juillet est un jour ferié aux USA.;571
茶碗[ちゃわん];この大きい茶碗は誰のですか。;A qui est ce grand bol ?;572
銀行員[ぎんこういん];彼[かれ]は 銀行員[ぎんこういん]です。;il est employé de banque.;573
ポスト;手紙[てがみ]をポストに 入[い]れました。;J'ai mis la lettre dans la boîte aux lettres.;574
切手[きって];ここに 切手[きって]を 貼[は]ってください。;Veuillez coller votre timbre ici.;575
十日[とおか];３月[さんがつ] １０日[とおか]までに、 予約[よやく]を 確認[かくにん]して 下[くだ]さい。;Veuillez confirmer la réservation avant le 10 mars.;576
牛肉[ぎゅうにく];夕食[ゆうしょく]に 牛肉[ぎゅうにく]を 買[か]った。;J'ai acheté du boeuf pour le dîner.;577
背が高い[せがたかい];こんなに背が高いホビットは見たことがないよ。;Je n'ai jamais vu un hobbit aussi grand auparavant.;578
お茶[おちゃ];お茶でも飲みませんか。;Voulez-vous prendre du thé ?;579
ネクタイ;父[ちち]の 日[ひ]にネクタイをプレゼントした。;Je lui ai offert une cravate en cadeau pour la fête des pères.;581
一万[いちまん];この靴は1万円です。;Ces chaussures sont à 10 000 yens.;582
地下鉄[ちかてつ];私[わたし]は 地下鉄[ちかてつ]で 仕事[しごと]に 行[い]きます。;Je me rends au travail en métro.;583
フィルム;旅行[りょこう]のためにたくさんフィルムを 買[か]った。;À cause du voyage, j'ai acheté beaucoup de pellicules.;584
沢山[たくさん];昨日[きのう]はたくさん 泳[およ]ぎました。;J'ai beaucoup nagé hier.;586
グラム;リンゴは157グラムあります。;La pomme pèse 157 grammes.;588
一月[ひとつき];日本に一月ぐらいいました。;Je suis resté au Japon pendant environ un mois.;589
映画館[えいがかん];彼[かれ]と 近[ちか]くの 映画[えいが] 館[かん]に 行[い]きました。;Je suis allé dans une salle de cinéma à proximité avec lui.;591
カレンダー;カレンダーに 予定[よてい]を 書[か]いた。;J'ai écrit mon emploi du temps sur le calendrier.;592
石鹸[せっけん];石鹸[せっけん]で 手[て]を 洗[あら]ってください。;Lavez vous les mains avec du savon, svp.;593
何番[なんばん];あなたの 電話番号[でんわばんごう]は 何番[なんばん]ですか ？;Quel est votre numéro de telephone ?;594
飴[あめ];飴[あめ]はどうですか。;Comment est le bonbon ?;595
曇る[くもる];明日[あす]は 昼[ひる] 頃[ごろ]から 曇[くも]るでしょう。;Demain, à partir de midi environ, le temps devrait s'ennuager.;597
務める[つとめる];彼女は大きな会社に務めていたけど、やめた。;Elle travaillait dans une grande entreprise, mais elle a démissionné.;598
手[て];分[わ]かった 人[ひと]は 手[て]を 上[あ]げてください。;Les personnes qui ont compris, levez la main.;599
花瓶[かびん];花[か] 瓶[びん]が 落[お]ちた。;Le vase est tombé.;603
昼ご飯[ひるごはん];外[そと]に 昼ご飯[ひるごはん]を 食[た]べます。;Je déjeune dehors.;604
一千[いっせん];昨日、私は一千円で本を買いました。;Hier, j’ai acheté un livre pour 1000 yens.;605
体にいい[からだにいい];休むことは体にいいです。;Le fait de se reposer est bon pour la santé.;606
目[め];彼女[かのじょ]は 青[あお]い 目[め]をしています。;Elle a les yeux bleus.;608
良かったら[よかったら];良かったら連れてくよ。;Je peux vous emmener si vous voulez.;609
時[じ];8時です。;Il est 8h.;610
何階[なんかい];パン 屋[や]は 何階[なんかい]にありますか？;A quel étage est la boulangerie ?;611
四つ[よっつ];彼はドアが4つある車を持っています。;Il a une voiture qui a quatre portes.;612
ハンカチ;ハンカチで 手[て]をふきました。;Je m'essuyai les mains avec mon mouchoir.;613
立ち入り[たちいり]禁止[きんし];ここ は たちいりきんし です;Ici, c'est une zone interdite.;614
交差点[こうさてん];私[わたし]はどの 交差点[こうさてん]で 左[ひだり]に 曲[ま]がるですか。;Je tourne à gauche à quelle intersection ?;615
夕べ[ゆうべ];夕べはあまり暑くなかった。;Il n'a pas fait très chaud hier soir.;616
晩ご飯[ばんごはん];母は 晩御飯[ばんごはん]を 作[つく]るのに 忙[いそ]がしいです。;Maman est occupée à cuisiner le dîner.;617
何処[どこ];あの 本[ほん]をどこに 置[お]きましたか。;Où avez-vous mis ce livre-là ?;618
セーター;このセーターはウールだ。;Ce pull est en laine.;619
二百[にひゃく];私は二百円持っていたけど、使わなかった。;J'avais 200 yens, mais je ne les ai pas dépensés.;620
五つ[いつつ];彼は５つ新しい単語を覚えました。;Il a mémorisé cinq nouveaux mots.;622
六日[むいか];10月[じゅうがつ] 6日[むいか]に 会[あ]いませんか。;Est-ce qu'on ne se verrait pas le 6 octobre ?;623
暖かい[あたたかい];このコートはとても 暖[あたた]かい。;Ce manteau est très chaud.;624
一寸[ちょっと];ちょっとだけ 待[ま]っていてください。;Veuillez attendre juste un instant, s'il-vous-plaît.;625
五十[ごじゅう];かいてんずしで、五十さらたべた。;J'ai mangé cinquante assiettes à sushi sur tapis roulant.;626
此方[こちら];受付[うけつけ]はこちらです。;La réception est par ici.;629
美味しい[おいしい];このケーキは 美味[おい]しいね。;Ce gâteau est délicieux.;630
鳥肉[とりにく];鳥肉[とりにく]を３ポンドください。;Je voudrais trois livres de poulet.;631
此方[こっち];こっちに 来[き]てください。;Viens ici, s'il-te-plaît.;633
曇り[くもり];今日[きょう]は 一[いち] 日[にち] 曇[くも]りでした。;C'était nuageux toute la journée.;634
何方[どっち];どっち の いろ が すき です か 。;Quelle couleur aimes-tu? (fam.);636
有る[ある];私[わたし]の 机[つくえ]の 上[うえ]に 書類[しょるい]がたくさん 有[あ]ります。;Il y a beaucoup de documents sur mon bureau.;637
あのう;あのう、すみません。すずきさんですか。;Euh, excusez-moi. Êtes-vous M. Suzuki ?;638
八日[ようか];学校[がっこう]は ４月[しがつ] ８日[ようか]から 始[はじ]まる。;L'école commence à partir du 8 avril.;639
お酒[おさけ];私はあまりお酒を飲みません。;Je ne bois pas beaucoup d'alcool.;641
四十[よんじゅう];Tシャツを四十まいもっています。;J'ai quarante tee-shirts.;642
未だ[まだ];宿題[しゅくだい]はまだ 終[お]わっていません。;Mes devoirs ne sont pas encore terminés.;643
再来年[さらいねん];次[つぎ]のオリンピックは 再来年[さらいねん]です。;Les prochains jeux olympiques sont dans deux ans.;644
二十日[はつか];私[わたし]は 二十日[はつか]までに 帰[かえ]るつもりです。;Je prévois de revenir avant le 20 du mois.;645
七つ[ななつ];七つの海の名前は何ですか。;Quels sont les noms des sept mers ?;646
音を出す[おとをだす];彼女はピアノで高い音を出した。;Elle a sorti une note aiguë au piano.;647
其方[そっち];そっちが 私[わたし]の 部屋[へや]です。;C'est ma chambre par là.;648
九日[ここのか];１１月[じゅういちがつ] ９日[ここのか]にスピーチコンテストがありました。;Le 9 novembre, il y a eu un concours d'éloquence.;649
灰皿[はいざら];灰皿[はいざら]をください。;Un cendrier, s'il-vous-plaît.;650
可愛い[かわいい];彼女[かのじょ]の 赤[あか]ちゃんは 可愛[かわい]いです。;Son bébé est mignon.;651
スリッパ;スリッパ を はいて ください;Portez des pantoufles s'il vous plaît.;652
丁度[ちょうど];値段[ねだん]はちょうど３ 万[まん] 円[えん]です。;Le prix est de 30 000 yens exactement.;653
不味い[まずい];ここの 料理[りょうり]はまずい。;La nourriture d'ici est mauvaise.;654
十[じゅう];十二時;douze heures;655
嫌[いや];私[わたし]は 待[ま]つのが 嫌[いや]だ。;Il m'est désagréable d'attendre.;656
何れ[どれ];この 中[なか]でどれが 好[す]きですか。;Parmi ceux-ci, lequel préférez-vous ? (3 ou plus);657
何方[どちら];お手洗いはどちらですか。;Où se trouvent les toilettes ? (poli);658
朝ご飯[あさごはん];朝ご飯はサンドイッチでした。;Pour le petit-déjeuner, c'était un sandwich. ;659
四千[よんせん];フォロワーが四千人になりました。;J'ai atteint quatre mille followers.;661
郵便局[ゆうびんきょく];郵便[ゆうびん] 局[きょく]はどこですか。;Où est le bureau de poste ?;662
背広[せびろ];背広[せびろ]をクリーニングに 出[だ]しました。;J'ai déposé mon costume au pressing.;663
ご馳走様[ごちそうさま];おいしかった！ごちそうさまでした！;C'était délicieux! Merci pour le repas !;664
如何[どう];事はどうですか？;Le travail, comment ça va ?;665
其方[そちら];夕方[ゆうがた]そちらに 着[つ]きます。;J'arriverai par là dans la soirée.;667
ご馳走様でした[ごちそうさまでした];おいしかった！ごちそうさまでした！;C'était délicieux! Merci pour le repas !;668
八つ[やっつ];この赤いリンゴを8つください。;Veuillez me donner huit de ces pommes rouges.;669
鉛筆[えんぴつ];鉛筆[えんぴつ]を 貸[か]してください。;Prête-moi un crayon s'il-te-plaît.;670
二[に];その人には二回会った。;J'ai rencontré cette personne deux fois.;671
此処[ここ];ここから近い;Depuis ici, c’est proche.;672
豚肉[ぶたにく];豚肉[ぶたにく]は 美味[おい]しいです。;La viande de porc est délicieuse. ;673
四[よん];彼は二十四歳です。;Il a vingt-quatre ans.;674
店[みせ];私[わたし]はこの 店[みせ]によく 来[き]ます。;Je viens dans ce magasin assez souvent.;675
六つ[むっつ];彼らは6つの物を取りました。;Ils ont pris 6 choses.;676
段々[だんだん];段々難しくなります。;Cela devient progressivement difficile.;677
屋[や];花屋[はなや]でバラを 探[さが]しました。;J'ai cherché une rose chez un fleuriste.;678
ボールペン;ボールペンで 名前[なまえ]を 書[か]いてください。;Veuillez écrire votre nom avec un stylo à bille.;679
辛い[からい];この 料理[りょうり]は 安[やす]くても 辛[から]いです。;Ce plat est bon marché mais épicé;680
七[なな];数字の七十七;numéro soixante-dix-sept;681
お誕生日おめでとう[おたんじょうびおめでとう];お誕生日おめでとう;joyeux anniversaire;682
万[まん];5 万[まん] 円[えん] 払[はら]う。;Je paye 50.000 yens.;685
彼処[あそこ];あそこに 人[ひと]が います。;Il y a une personne là-bas.;686
木[き];台風[たいふう]で 木[き]が 倒[たお]れた。;Un arbre est tombé sous le typhon.;687
為る[する];あなたは 買い物[かいもの]しますか。;Faites-vous les courses ?;688
此れ[これ];これをください。;Ceci s'il vous plait.;689
頁[ページ];5ページの最初を見てください。;Regardez le début de la page 5.;690
其の[その];毎日[まいにち]、 私[わたし]はその 本屋[ほんや]で 彼女[かのじょ]を 待[ま]ちました。;Tous les jours j'attendais mon amie à cette librairie.;692
然し[しかし];然[しか]し、そこには 誰[だれ]もいなかった。;Cependant, il n'y avait personne là-bas.;693
キログラム;１キログラムは、だいたい2.2ポンドです;Un kilogramme équivaut à environ 2,2 livres.;694
此の[この];この猫ですね。;C'est ce chat-ci, n'est-ce pas ?;695
十万[じゅうまん];パチンコで十万円かちました。;J'ai gagné cent mille yens au pachinko.;696
何時も[いつも];彼女[かのじょ]はいつも 元気[げんき]だ。;Elle est toujours pleine d'énergie.;698
九つ[ここのつ];私たちの学校にはクラスが９つある。;Il y a neuf classes dans notre école.;699
暇[ひま];明日[あした]は 暇[ひま]ですか。;Es tu libre demain ?;700
迄[まで];駅[えき]まで 歩[ある]いて 行[い]きます。;Je vais à pied jusqu'à la gare.;701
お祖母さん[おばあさん];かのじょ は おばあさん と すん でいる 。;Elle vit avec sa grand-mère.;702
お皿[おさら];コップとお皿は割れていた。;La tasse et l'assiette étaient cassées.;703
直ぐに[すぐに];彼は直ぐにそのショックから立ち直った。;Il s'est rapidement remis du choc.;704
四[し];四月ですね。;Nous sommes en avril, n'est-ce pas ?;705
二万[にまん];このぶどうは二万円もしました。;Ces raisins coûtaient 20 000 yens !;706
絵[え];値段[ねだん]が 高[たか]い 絵[え]です。;C'est une peinture au prix élevé.;707
五百[ごひゃく];567/五百六十七;cinq cent soixante-sept;709
其れ[それ];それはとってもいい 話[はなし]だ。;Cela est une très bonne histoire.;710
其処[そこ];そこに 座[すわ]ってください。;Asseyez vous là s'il vous plait.;711
復[まだ];パンはまだ 暑[あつ]いです．;Le pain est encore chaud.;712
を見せて[をみせて];チケットを見せてください。;Veuillez me montrer votre billet.;713
見せて[みせて];ちょっと見せてくださいね。;Montrez-moi un instant, d’accord ?;714
次の[つぎの];先生[せんせい]は 次[つぎ]の 時間[じかん]にそこにいます。;L'enseignant sera là durant la prochaine heure.;715
綺麗[きれい];彼女[かのじょ]はとても 綺麗[きれい]だ。;Elle est très jolie.;716
何ですか[なんですか];入国目的は何ですか。;Quel est le but de votre entrée dans le pays ?;717
大変ですね[たいへんですね];大変ですね;C'est difficile.;718
から来ました[からきました];フランスから 来[き]ました。;Je viens de France.;719
分かりました[わかりました];ああ、そうですか。分かりました。;Ah, oui ? Je comprends.;720
煩い[うるさい];隣の部屋がうるさいのです。;La pièce voisine est bruyante.;721
背[せ];トムはジャックと 背[せ]が 同[おな]じくらいだ。;La taille de Tom et de Jack est presque identique.;722
いい天気ですね[いいてんきですね];今日はいい天気ですね。;Il fait beau aujourd'hui.;724
字引[じびき];この 漢字[かんじ]を 字引[じびき]で 引[ひ]いてみて。;Cherche ce kanji dans le dictionnaire. Lit.: Regarde et sort ce kanji dans un dictionnaire. (Pas Jisho);726
どうぞお上がり[どうぞおあがり];どうぞお上がりください。;Veuillez entrer.;728
じゃ、また明日[じゃ、またあした];じゃ、また明日;Bien, à demain !;730
茶わん[ちゃわん];この大きい茶わんは誰のですか。;À qui appartient ce grand bol ?;731
鶏肉[とりにく];私は鶏肉を食べたい。;Je veux manger du poulet.;732
本当ですか[ほんとうですか];君がボストンに住みたかったというのは本当ですか？ その話は本当ですか。;Cette histoire est-elle vraie ?;733
全部で[ぜんぶで];全部で1050円です。;Au total, ça fait 1050 yens.;734
重い病気[おもいびょうき];友だちは重い病気があります。;Mon ami a une maladie grave.;735
駄目ですか[だめですか];駄目ですか;Ce n'est pas possible ? vous ne pouvez pas (venir) ? (Lit. : C'est raté ? C'est impossible ?);736
上手に[じょうずに];彼は上手に英語を話す。;Il parle bien anglais.;737
ねつを出す[ねつをだす];ねつを出す;Développer de la fièvre;738
四百[よんひゃく];このしりょうを四百枚コピーしてください。;Veuillez faire quatre cents copies de ce document.;739
角[かど];次[つぎ]の 角[かど]で 左[ひだり]に 曲[ま]がってください。;Au coin suivant, tournez à gauche, s'il-vous-plaît.;740
いいえ、違う[いいえ、ちがう];答[こた]えが 違[ちが]います。;La réponse n'est pas la bonne / diffère. (de la réponse attendue);741
此方こそ宜しく[こちらこそよろしく];此方こそ宜しく;c'est moi qui suis ravi de vous connaître (réponse);742
伯父さん[おじさん];おじさんがクリスマスプレゼントをくれました。;Mon oncle m'a offert un cadeau de Noël.;743
隣[となり];隣[となり]の 家[いえ]には 犬[いぬ]がいます。;Il y a un chien dans la maison voisine.;744
又[また];明日[あした]、また 来[き]ます。;Je viendrai encore demain.;745
迚も[とても];この 本[ほん]はとてもおもしろい。;Ce livre est très intéressant.;746
テープレコーダー;テープレコーダーを使います。;J’utilise un enregistreur magnétophone.;747
傘[かさ];電車[でんしゃ]に 傘[かさ]を 忘[わす]れた。;J'ai laissé mon parapluie dans le train.;748
詰まらない[つまらない];彼[かれ]の 話[はなし]は 詰[つ]まらないですね。;Son histoire est ennuyeuse.;750
残念ですね[ざんねんですね];その事故で誰も助からなかったのは残念ですね。;C'est vraiment dommage que personne n'ait pu être sauvé lors de cet accident.;751
これで終わる[これでおわる];これで終わる;C'est la fin.;753
どう致しまして[どういたしまして];「ありがとうご座います」「どう致しまして」;« Merci beaucoup. » « De rien. »;755
歩いて[あるいて];彼女[かのじょ]は 学校[がっこう]に 歩[ある]いて 行[い]きました。;Elle est allée à l'école à pied.;757
然うして[そうして];ご飯を食べた。そうして、寝た。;J'ai mangé. Puis je me suis couché.;758
皆で[みんなで];皆でその歌を歌いましょう！;Chantons la chanson tous ensemble !;759
失礼いたします[しつれいいたします];昨日は失礼いたしました。;Je vous prie de m'excuser pour hier.;760
昼御飯[ひるごはん];普段はここでお昼ご飯を食べてます。;Je déjeune généralement ici.;762
でも飲みませんか[でものみませんか];ビールでも飲みませんか。;Que diriez-vous d'aller boire une bière ?;763
ああ良かった[ああよかった];ああ良かった;Oh, c'est bien.;764
疲れました[つかれました];楽しく街を見ましたが、少し疲れました。;J'ai beaucoup aimé visiter la ville, mais je suis un peu fatigué.;765
良かったですね[よかったですね]？;良かったですね;tant mieux, n'est-ce pas ?;767
困ったなあ[こまったなあ];困ったなあ。;c'est ennuyeux, que faire ?;768
御休みなさい[おやすみなさい];御休みなさい;Bonne nuit.;771
其れから[それから];それから、お 茶[ちゃ]を 一[ひと]つとコーヒーを 一[ひと]つ。;Et puis, 1 thé et 1 café.;772
お幾つ[おいくつ];あなたの お父[おとう]さんはおいくつですか。;Quel âge a ton père ?;773
短く[みじかく];あの赤いネクタイはあまり短くないです。;Cette cravate rouge n'est pas tellement courte.;774
お忙しいですか[おいそがしいですか];今、お忙しいですか。;Êtes-vous occupé en ce moment ?;775
凄いですね[すごいですね];凄いですね;C'est incroyable !;776
詰らない[つまらない];少年達はキャロルのことをつまらない人間だと思っていた。;Les garçons trouvaient Carol ennuyeuse.;777
粁[キロメートル];七千キロメートル;7000 kilomètres;778
其れでは[それでは];其[そ]れでは 次[つぎ]の 質問[しつもん]に 移[うつ]りましょう。;Eh bien, passons à la question suivante.;779
其の儘にする[そのままにする];イスはそのままにしておきなさい。;Laissez la chaise où elle est.;780
此れでいいですか[これでいいですか];此れでいいですか;Est-ce que ça vous convient ?;781
～と～;ご 飯[はん]はナイフとフォークで 食[た]べます。;Je mange mes repas avec un couteau et une fourchette.;783
いいですね;彼にもわかるように、私達も英語で話した方がいいですね。;Il serait préférable que nous parlions en anglais pour qu'il puisse comprendre.;784
何階[なんがい];何階にお住まいですか？;À quel étage habitez-vous ?;785
ちょっと~まで;ちょっとあそこまでいこう。 ちょっとさいごまで わたしの はなしをきいて！ きのうは ちょっとおそくまで おきていました。;Allons un peu plus loin. Écoute-moi d'abord un peu, s'il te plaît ! Hier, je suis resté debout un peu tard.;788
コピーする;すぐにレポートをコピーします。;Je vais immédiatement copier le rapport.;789
いいですよ;いいえ、消してもいいですよ。;Non, vous pouvez l'effacer.;790
元気です[げんきです];私も元気です。;Moi aussi, je vais bien.;791
ラジオカセット;ラジオカセットで音楽を聞きます。;J'écoute de la musique sur un radio-cassette.;792
而して[そして];そして、もう一度廊下を見た。;Puis, je regardai à nouveau le couloir.;793
お婆さん[おばあさん];あのお婆さんは誰ですか？;Qui est cette vieille dame ?;795
疲[つか]れる;彼はすぐに疲れる。;Il se fatigue facilement.;796
思う[おもう];私[わたし]もそう 思[おも]います。;Je le pense aussi.;797
見える[みえる];ここから 富士山[ふじさん]がよく 見[み]えます。;Vous pouvez bien voir le Mont Fuji d'ici.;798
行う[おこなう];その 会社[かいしゃ]は 来月[らいげつ]、キャンペーンを 行[おこな]う。;Cette entreprise va organiser une campagne promotionnelle le mois prochain.;799
今度[こんど];今度[こんど]はどこに 行[い]きたいですか。;Où voulez-vous aller cette fois ?;800
大体[だいたい];彼[かれ]の 意見[いけん]は 大体[だいたい] 面白[おもしろ]いです;Son opinion est généralement intéressante;801
気持ち[きもち];彼[かれ]の 気持[きも]ちが 分[わ]からない。;Je ne comprends pas ses sentiments (envers moi).;802
意見[いけん];あなたの 意見[いけん]が 聞[き]きたいです。;Je veux entendre votre opinion.;803
思い出す[おもいだす];大切[たいせつ]な 用事[ようじ]を 思[おも]い 出[だ]しました。;Je me suis rappelé d'une affaire importante.;804
中々[なかなか];荷物[にもつ]がなかなか 届[とど]きません。;Le colis n'arrive pas facilement.;805
全然[ぜんぜん];この 本[ほん]は 全然[ぜんぜん] 面白[おもしろ]くなかった。;Ce livre n'était pas intéressant du tout.;807
生活[せいかつ];日本[にほん]での 生活[せいかつ]は 楽[たの]しいです。;La vie au Japon est plaisante.;809
生きる[いきる];みんな 一生懸命[いっしょけんめ] 生[い]きている。;Ils vivent tous du mieux qu'ils peuvent.;810
無理[むり];５ 時[じ]までに 家[いえ]に 帰[かえ]るのは 無理[むり]です。;Il m'est impossible de rentrer chez moi avant cinq heures.;811
変わる[かわる];信号[しんごう]が 青[あお]に 変[か]わりました。;Le feu a changé au vert.;812
人々[ひとびと];あの 村[むら]の 人々[ひとびと]はとても 親切[しんせつ]です。;Les gens de ce village sont très gentils.;813
変える[かえる];傘[かさ]が 壊[こわ]れたので 変[か]えました。;Puisque mon parapluie est cassé, j'en ai changé.;814
息子[むすこ];うちの 息子[むすこ]は 大学[だいがく]１ 年生[ねんせい]です。;Mon fils est un étudiant de première année.;815
力[ちから];お 相撲[すもう]さんは、みんな 力[ちから] 持[も]ちだ。;Les vénérés lutteurs de sumo possèdent tous la puissance.;816
主人[しゅじん];主人[しゅじん]は 今[いま]、 出[で]ています。;Mon mari est sorti en ce moment.;817
手伝う[てつだう];私[わたし]が 手伝[てつだ]いましょう。;Je vais vous aider.;818
最近[さいきん];これは 私[わたし]が 最近[さいきん]あなたに 話[はな]した 本[ほん]です。;C'est le livre dont je t'ai parlé récemment.;819
場合[ばあい];分[わ]からない 場合[ばあい]は 私[わたし]に 聞[き]いてください。;Au cas où vous ne savez pas, demandez moi.;821
君[きみ];この 本[ほん]を 君[きみ]にあげます。;Je te donne ce livre. (Familier Hommes);822
考える[かんがえる];よく 考[かんが]えてください。;Réfléchissez bien, s'il vous plaît.;823
変[へん];変[へん]な 音[おと]が 聞[き]こえます。;Un bruit étrange peut être entendu.;824
場所[ばしょ];会社[かいしゃ]の 場所[ばしょ]を 教[おし]えてください。;Donnez-moi l'emplacement de l'entreprise, s'il vous plaît.;825
聞こえる[きこえる];隣[となり]の 部屋[へや]からテレビの 音[おと]が 聞[き]こえる。;Je peux entendre le bruit de la télévision depuis la pièce voisine.;826
大事[だいじ];今日[きょう]の 午後[ごご]、 大事[だいじ]な 会議[かいぎ]があります。;Il y a une réunion importante (sérieuse, majeure) cet après-midi.;827
十分[じゅうぶん];お 金[かね]はまだ 十分[じゅうぶん]あります。;Il y a encore assez d'argent.;829
動く[うごく];動[うご]かないで。;Ne bougez pas.;830
最後[さいご];今日[きょう]が 夏[なつ]休[やす]み 最後[さいご]の 日[ひ]だ。;Aujourd'hui est le dernier jour des vacances d'été.;832
会話[かいわ];親子[おやこ]の 会話[かいわ]は 大切[たいせつ]です。;La conversation entre les parents et les enfants est importante.;834
間に合う[まにあう];電車[でんしゃ]に 乗[の]るのが 間[ま]に 合[あ]いました。;J'étais à temps pour monter dans le train.;835
決める[きめる];帰[き]国[こく]することに 決[き]めました;J'ai décidé de retourner dans mon pays.;836
間違える[まちがえる];電話[でんわ] 番号[ばんごう]を 間違[まちが]えました。;Je me suis trompé de numéro de téléphone.;837
確か[たしか];確[たし]かにそうですね。;C'est certain, n'est-ce pas ?;838
世界[せかい];私[わたし]は 世界[せかい] 旅行[りょこう]をしたい。;Je veux voyager à travers le Monde.;839
回る[まわる];月[つき]は 地球[ちきゅう]の 周[まわ]りを回[まわ]っています。;La lune tourne autour de la terre.;840
時代[じだい];今[いま]は 便利[べんり]さとスピードの 時代[じだい]だ。;Maintenant, c'est l'ère de la commodité et de la rapidité.;842
味[あじ];この 料理[りょうり]は 味[あじ]が 薄[うす]い。;Ce plat a peu de goût.;843
普通[ふつう];彼女[かのじょ]は 普通[ふつう]の 女[おんな]の 子[こ]だ。;Elle est juste une fille ordinaire.;844
空気[くうき];ここは 空気[くうき]がきれいです。;L'air est sain ici.;845
女性[じょせい];そのパーティーに 女性[じょせい]は 何[なん] 人[にん] 来[き]ますか。;Combien de femmes viennent à la fête ?;846
夫[おっと];私[わたし]の 夫[おっと]はサラリーマンです。;Mon mari est un salarié.;847
必要[ひつよう];私[わたし]にはたくさんのお 金[かね]が 必要[ひつよう]だ。;J'ai besoin de beaucoup d'argent.;848
将来[しょうらい];将来[しょうらい]はパイロットになりたいです。;Je veux devenir pilote plus tard.;850
理由[りゆう];遅[おく]れた 理由[りゆう]を 教[おし]えてください。;Expliquez moi la raison pour laquelle vous étiez en retard.;851
始める[はじめる];テストを 始[はじ]めてください。;Veuillez commencer le test, svp. ;852
明日[あす];明日[あす]もいい 天気[てんき]になりそうだね。;On dirait que le temps va aussi être bon demain.;853
返事[へんじ];手紙[てがみ]の 返事[へんじ]を 出[だ]しました。;J'ai envoyé une réponse à la lettre.;854
先輩[せんぱい];日本人[にっぽんじん]は 先輩[せんぱい]後輩[こうはい]の 関係[かんけい]をとても 大切[たいせつ]に 考[かんが]えます。;Les Japonais pensent que la relation entre senior et junior est très importante.;856
止める[とめる];車[くるま]を 止[と]めて。;Arrête la voiture.;857
戻る[もどる];今[いま]、 会社[かいしゃ]に 戻[もど]ります。;En ce moment, je retourne au bureau.;858
通る[とおる];毎日[まいにち]、この 道[みち]を 通[とお]ります。;Je passe par cette route tous les jours.;860
以外[いがい];分[わ]かりました、8 番[ばん] 以外[いがい]ですね。;Compris, c'est tout sauf que le numéro 8, n'est-ce pas ?;861
必ず[かならず];必[かなら]ずシートベルトを 着[つ]けてください。;Mettez impérativement votre ceinture de sécurité.;862
最初[さいしょ];５ページの 最初[さいしょ]を 見[み]てください。;Veuillez regarder au tout début de la page 5.;863
勝つ[かつ];今日[きょう]はヤンキースが 勝[か]った。;Les Yankees ont remporté aujourd'hui.;864
適当[てきとう];その しつもん の 適当[てきとう] な こたえ が みつかりません;Je ne trouve pas de réponse appropriée à la question.;865
部長[ぶちょう];部長[ぶちょう]からメッセージが 届[とど]きました。;Un message du directeur de département est arrivé.;866
昼間[ひるま];昼間[ひるま]は 仕事[しごと]で 忙[いそが]しいです。;Je suis occupé au travail pendant la journée.;867
内[うち];家[うち]に 帰[かえ]って 妹[いもうと]に 電話[でんわ]しました。;Je suis rentré chez moi et j'ai appelé ma petite sœur.;868
残る[のこる];料理[りょうり]がたくさん 残[のこ]りました。;Il y restait beaucoup de nourriture.;869
事故[じこ];彼[かれ] は[わ] 事故[じこ]で 怪我[けが]をしました。;Il a été blessé dans l'accident.;870
決まる[きまる];それは 会議[かいぎ]で 決[き]まった。;Cela a été décidé lors d'une réunion.;871
落ちる[おちる];猿[さる]も 木[き]から 落[お]ちる。;Même des singes tombent des arbres.;873
仕方[しかた];ファイル の ダウンロード の しかた が わかりません;Je ne comprends pas la manière de télécharger ce fichier.;874
続ける[つづける];仕事[しごと]を 続[つづ]けてください。;Veuillez continuer le travail.;875
安全[あんぜん];安全[あんぜん]が 第[だい] 一[いち]です。;La sécurité passe en premier.;876
人形[にんぎょう];彼女[かのじょ]は 人形[にんぎょう]をたくさん 持[も]っています。;Elle a beaucoup de poupées.;878
開く[ひらく];３２ページを 開[ひら]いてください。;Ouvrez la page 32.;879
連絡[れんらく];仕事[しごと]が 終[お]わったら 連絡[れんらく]します。;Quand mon travail sera fini, je vous contacterai.;880
無くなる[なくなる];もう お金[かね]が 無[な]くなりました。;L'argent à déjà été épuisé.;881
途中[とちゅう];途中[とちゅう]で 三十[さんじゅう] 分[っぷん]ほど 休[やす]みましょう。;Reposons-nous en chemin pendant environ 30 minutes.;882
試合[しあい];明日[あした]の 試合[しあい]は 何[なん] 時[じ]からですか。;A partir de quelle heure est le match de demain ?;884
機会[きかい];この 頃[ごろ]、お 酒[さけ]を 飲[の]む 機会[きかい]が 増[ふ]えました。;Ces temps ci, mes occasions de boire de l'alcool ont augmenté.;885
向かう[むかう];今[いま]、 会社[かいしゃ]に 向[む]かっています。;Je me dirige vers le bureau en ce moment.;886
付く[つく];靴[くつ]に 泥[どろ]が 付[つ]いています。;J'ai de la boue sur mes chaussures.;888
伝える[つたえる];みんなにこのことを 伝[つた]えてください。;Veuillez transmettre cette chose à tous.;889
通う[かよう];私[わたし]はジムに 通[かよ]っています。;Je fais le trajet à la salle de gym.;891
真面目[まじめ];彼[かれ]は 真面目[まじめ]な 人[ひと]です。;C'est une personne sérieuse.;892
特に[とくに];特[とく]に 質問[しつもん]はありません。;Je n'ai pas de questions particulières.;893
随分[ずいぶん];随分[ずいぶん] 早[はや]く 終[お]わったね。;Vous avez fini extrêmement tôt.;894
男性[だんせい];彼[かれ]は 素敵[すてき]な 男性[だんせい]です。;C'est une merveilleuse personne de sexe masculin.;895
自由[じゆう];今日[きょう]は 自由[じゆう]な 時間[じかん]が 多[おお]い。;J'ai beaucoup de temps libre aujourd'hui.;896
大分[だいぶ];今朝[けさ]は 大分[だいぶ] 冷[ひ]えますね。;Ça s'est considérablement rafraîchit ce matin, n'est-ce pas ?;898
調べる[しらべる];この 単語[たんご]の 意味[いみ]を 辞書[じしょ]で 調[しら]べましょう。;Vérifions la signification de ce mot dans un dictionnaire.;899
帰り[かえり];仕事[しごと]の 帰[かえ]りにビールを 飲[の]んだ。;J'ai bu de la bière au retour du travail.;900
立てる[たてる];来週[らいしゅう]のスケジュールを 立[た]てた。;J'ai mis en place le programme pour la semaine prochaine.;901
足りる[たりる];お 金[かね]が 足[た]りなくて 買[か]えなかった。;Puisque mon argent n'étais pas suffisant, je ne pouvais pas l'acheter.;902
過ぎる[すぎる];時[とき]が 過[す]ぎるのは 速[はや]い。;Le temps passe vite. Lit.: le temps qui s'écoule est rapide.;905
失礼[しつれい];ではそろそろ 失礼[しつれい]します。;Eh bien, il est temps pour moi d'y aller.;906
特別[とくべつ];あなたは 私[わたし]にとって 特別[とくべつ]な 人[ひと]です。;Tu es spécial pour moi.;907
社長[しゃちょう];おばは 小[ちい]さな 会社[かいしゃ]の 社長[しゃちょう]です。;Ma tante est le président d'une petite entreprise.;908
送る[おくる];彼[かれ]の 家[いえ]に 荷物[にもつ]を 送[おく]りました。;J'ai envoyé un paquet à sa maison.;909
逃げる[にげる];鳥[とり]が 窓[まど]から 逃[に]げたよ。;L'oiseau s'est enfuis par la fenêtre.;911
都合[つごう];あなたは 都合[つごう]の 良[よ]いときに 行[い]きます。;Tu vas à ta convenance.;912
高校[こうこう];妹[いもうと]は 高校[こうこう]に 通[かよ]っています。;Ma petite soeur fréquente le lycée.;915
正しい[ただしい];それは 正[ただ]しい 答[こた]えです。;C'est la bonne réponse.;916
両方[りょうほう];チョコレート とケーキを 両方[りょうほう]ください 。;Je prendrai les deux, le chocolat et le gâteau, s'il-vous-plaît.;917
負ける[まける];私[わたし]たちのチームはその 試合[しあい]で 負[ま]けた。;Notre équipe a perdu à ce match;918
用事[ようじ];父[ちち]は 用事[ようじ]で 出掛[でか]けています。;Mon père sort pour une tâche.;919
今夜[こんや];今夜[こんや]は 月[つき]がとてもきれいです。;La lune est très belle ce soir.;920
代わり[かわり];一人[ひとり]で 行[い]く 代[か]わりに 私[わたし]は 手紙[てがみ]を 送[おく]った。;Au lieu d'y aller moi même, j'ai envoyé une lettre.;923
優しい[やさしい];彼[かれ]はとても 優[やさ]しい 人[ひと]です。;C'est une personne très gentille.;924
具合[ぐあい];今日[きょう]は 体[からだ]の 具合[ぐあい]が 悪[わる]いです。;Je ne me sens pas en bonne condition aujourd'hui.;925
予定[よてい];今日[きょう]の 予定[よてい]を 教[おし]えてください。;Veuillez me dire votre emploi du temps de ce jour.;926
親[おや];親[おや]の 愛[あい]はありがたい。;Nous sommes reconnaissants de l'amour de nos parents.;927
集める[あつめる];弟[おとうと]は 切手[きって]を 集[あつ]めています。;Mon petit frère collectionne des timbres.;928
一度[いちど];前[まえ]に 一度[いちど]この 美術館[びじゅつかん]に 行[い]ったことがあります。;Je suis allé dans ce musée une fois auparavant.;929
怖い[こわい];私[わたし]は 犬[いぬ]が 怖[こわ]いです。;J'ai peur des chiens.;930
選ぶ[えらぶ];良[よ]い 家[いえ]を 選[えら]ぶのは 難[むずか]しい。;Il est difficile de choisir une bonne maison.;931
急[きゅう];友達[ともだち]が 急[きゅう]に 家[いえ]に 来[き]た。;Mon ami est soudainement venu chez moi.;932
大抵[たいてい];朝食[ちょうしょく]は 大抵[たいてい]７ 時[じ] 頃[ごろ]に 食[た]べます。;Je mange habituellement le petit déjeuner vers sept heures.;933
反対[はんたい];私[わたし]は 反対[はんたい]です。;Je suis contre.;934
急ぐ[いそぐ];私[わたし]たちは 駅[えき]へ 急[いそ]ぎました。;Nous nous sommes dépêché d'aller à la gare.;935
別れる[わかれる];駅[えき]で 友[とも]だちと 別[わか]れました。;Je me suis séparé de mon ami à la gare.;936
着物[きもの];彼女[かのじょ]は 着物[きもの]がよく 似合[にあ]います。;Le kimono lui va bien.;937
下がる[さがる];やっと 熱[ねつ]が 下[さ]がった。;Sa fièvre a fini par tomber.;938
残念[ざんねん];ご 一緒[いっしょ]できなくて 残念[ざんねん]です。;C'est regrettable qu'on ne puisse pas être ensemble.;939
探す[さがす];代役を探すのはおおごとだよ。;Trouver un remplaçant est une tâche importante.;940
昔[むかし];昔[むかし]のことを 思[おも]い 出[だ]したの。;Je me souvenais des choses du passé.;941
楽しむ[たのしむ];今日[きょう]は 一人[ひとり]の 時間[じかん]を 楽[たの]しみたい。;Aujourd'hui, je veux profiter un peu de temps pour moi. (Lit.: Aujourd'hui, je veux du temps seul pour me divertir.);942
近所[きんじょ];近所[きんじょ]にカナダ 人[じん]が 住[す]んでいる。;Un Canadien vit dans mon quartier.;943
背中[せなか];「 私[わたし]の 背中[せなか]に 乗[の]りなさい」と 言[い]った。;Monte sur mon dos a-t-il dit.;945
夢[ゆめ];私[わたし]の 夢[ゆめ]は 先生[せんせい]になることです。;Mon rêve est de devenir enseignant.;948
多く[おおく];毎年[まいとし] 多[おお]くの 人[ひと]が 海外[かいがい]へ 旅行[りょこう]する。;Beaucoup de gens voyagent à l'étranger chaque année.;949
落とす[おとす];途中[とちゅう]で 財布[さいふ]を 落[お]としました。;J'ai fait tombé mon portefeuille sur le chemin.;950
本当に[ほんとうに];あなたが 本当[ほんとう]に 好[す]きです。;Je vous apprécie vraiment.;951
準備[じゅんび];6月[ろくがつ]はサラダを 準備[じゅんび]するのが 好[す]きです。;Au mois de juin, j'aime préparer des salades.;953
美しい[うつくしい];この 絵[え]は 美[うつく]しいです。;Cette image est belle.;956
駅前[えきまえ];駅前[えきまえ]に 交番[こうばん]が 有[あ]ります。;Il y a un poste de police devant la gare.;957
金持ち[かねもち];子供[こども]の 頃[ころ]は、お 金持[かねも]ちになりたかった。;Quand j'étais enfant, je voulais devenir riche. ;958
興味[きょうみ];彼[かれ]は 禅[ぜん]に 興味[きょうみ]を 持[も]っています;Il porte un intérêt pour le Zen.;959
点[てん];その 点[てん]は 心配[しんぱい]ありません。;Pas d'inquiétude sur ce point.;960
集まる[あつまる];駅前[えきまえ]に 人[ひと]が 集[あつ]まっています。;Des gens se rassemblent devant la gare.;961
客[きゃく];その みせ は わかい 客[きゃく] が おおい です;Ce magasin a beaucoup de jeunes clients.;962
打つ[うつ];彼[かれ]はバットでボールを 打[う]った。;Il a frappé la balle avec la batte.;963
起こす[おこす];明日[あす]、６ 時[じ]に 起[お]こしてください。;Veuillez me réveiller demain à six heures.;964
片付ける[かたづける];早[はや]く 部屋[へや]を 片付[かたづ]けなさい。;Dépêches-toi de ranger ta chambre.;966
進む[すすむ];前[まえ]に 進[すす]んでください。;Veuillez avancer.;967
倒れる[たおれる];地震[じしん]でビルが 倒[たお]れた。;Le bâtiment s'est effondré lors du tremblement de terre.;968
遅れる[おくれる];今朝[けさ] 彼女[かのじょ]は 学校[がっこう]に 遅[おく]れました。;Elle était en retard pour l'école ce matin.;969
捨てる[すてる];ゴミを 捨[す]ててください。;S'il vous plaît, jetez les ordures.;970
教会[きょうかい];私[わたし]たちは 教会[きょうかい]で 結婚式[けっこんしき]をしました。;Nous nous sommes mariés dans une église.;971
以上[いじょう];あなたは18 歳[さい]以上[いじょう]ですか？;Avez-vous plus de 18 ans ?;972
申す[もうす];私[わたくし]は 鈴木[すずき]と 申[もう]します。;Je m'appelle Suzuki. (humble);973
込む[こむ];電車[でんしゃ]が 込[こ]んでいる。;Le train est bondé.;974
指[ゆび];彼[かれ]は 指[ゆび]が 太[ふと]い。;Ses doigts sont gros.;975
経験[けいけん];今日[きょう]の 試合[しあい]はいい 経験[けいけん]になりました。;Le match d'aujourd'hui a été une bonne expérience.;976
約束[やくそく];香港[ほんこん]に 行[い]くことを 約束[やくそく]します。;Je te promets que nous irons à Hong Kong.;977
済む[すむ];もう 晩[ばん]ご 飯[はん]の 準備[じゅんび]は 済[す]んだ。;La préparation du dîner est déjà complétée.;978
娘[むすめ];私[わたし]の 娘[むすめ]はアメリカにいます。;Ma fille est aux États-Unis.;979
見つける[みつける];トムを見つけて。 ;Trouvez Tom.;980
住所[じゅうしょ];この 住所[じゅうしょ]に 行[い]ってください。;Veuillez aller à cette adresse.;981
召し上がる[めしあがる];どうぞ 召[め]し 上[あ]がってください。;Je vous en prie, mangez, s'il-vous-plaît. (honorifique);982
遠く[とおく];遠[とお]くに 船[ふね]が 見[み]えます。;un navire est visible au loin.;983
危険[きけん];その 町[まち]は 今[いま]、 危険[きけん]だ。;Cette ville est dangereuse maintenant.;984
邪魔[じゃま];邪魔[じゃま]です、どいてください。;Vous bloquez le chemin, veuillez vous poussez s'il vous plait.;985
運ぶ[はこぶ];いすを２ 階[かい]に 運[はこ]んでください。;Veuillez transporter la chaise au deuxième étage.;986
例えば[たとえば];例[たと]えば、このソフトで 日本語[にほんご]を 勉強[べんきょう]することができます。;Vous pouvez utiliser ce logiciel pour étudier le japonais, par exemple.;987
番組[ばんぐみ];私[わたし]はこの 番組[ばんぐみ]が 好[す]きです。;J'aime ce programme télé.;988
この間[このあいだ];この 間[あいだ] かのじょ に あった;Je l'ai rencontrée dernièrement.;989
工場[こうじょう];彼[かれ]は 食品[しょくひん] 工場[こうじょう]で 働[はたら]いています。;Il travaille dans une usine alimentaire.;990
戦争[せんそう];２００３ 年[ねん]にイラクで 戦争[せんそう]があった。;Il y avait une guerre en Irak en 2003.;991
試験[しけん];彼[かれ]は  試験[しけん]に 合格[ごうかく]しました。;Il a passé l'examen.;992
裏[うら];会社[かいしゃ]の 裏[うら]に 公園[こうえん]があります。;Il y a un parc de l'autre côté de l'entreprise.;993
増える[ふえる];この 町[まち]は 人口[じんこう]が 増[ふ]えた。;La population de cette ville a augmenté.;994
周り[まわり];家[いえ] の 周[まわ]り に 桜[さくら] の 木[き] が あります 。;Il y a des cerisier autour de la maison.;996
直る[なおる];クーラーはまだ直[なお]りません。;Le climatiseur n'a pas encore été réparé.;998
教育[きょういく];良[よ]い 教育[きょういく]を 受[う]けた。;J'ai reçu une bonne éducation.;1000
深い[ふかい];あの 池[いけ]はとても 深[ふか]い。;Cet étang est très profond.;1001
ご主人[ごしゅじん];ご 主人[しゅじん]はお 元気[げんき]ですか。;Comment va votre mari ?;1002
道具[どうぐ];道具[どうぐ]は 全部[ぜんぶ] 準備[じゅんび]していますか。;Tous les ustensils sont préparés ?;1005
喜ぶ[よろこぶ];彼女[かのじょ]はとても 喜[よろこ]びました。;Elle était très contente.;1006
引き出す[ひきだす];大[おお]きな 買[か]い 物[もの]をするので、お 金[かね]を 引[ひ]き 出[だ]した。;Je vais faire un gros achat, alors j'ai retiré de l'argent.;1007
払う[はらう];私[わたし]が 払[はら]いましょう。;C'est moi qui vais payer.;1008
警察[けいさつ];警察[けいさつ]を 呼[よ]んでください。;Appelle la police.;1009
表[おもて];表[おもて]に 人[ひと]が 来[き]ています。;Il y a une personne qui est en train de venir, face à la porte. ;1011
参る[まいる];さあ 参[まい]りましょう か;Bien, est-ce qu'on y va ? (Humble);1012
趣味[しゅみ];私[わたし]の 趣味[しゅみ]は 映画[えいが]とテニスです。;Mes loisirs sont les films et le tennis.;1013
泣く[なく];妹[いもうと]はすぐに 泣[な]く。;Ma petite sœur se met vite à pleurer.;1014
原因[げんいん];この 事故[じこ]の 原因[げんいん]は 何[なん]ですか。;Quelle est la cause de cet accident ?;1015
心配[しんぱい];ここで待ってるから、心配すんな。;Je vais attendre ici, alors ne t'inquiète pas.;1016
食事[しょくじ];今晩はレストランで食事しよう。;Allons faire un repas au restaurant ce soir.;1017
光[ひかり];窓[まど]から 太陽[たいよう]の 光[ひかり]が 入[はい]ってきた。;La lumière du soleil entrait par la fenêtre.;1018
以内[いない];２ 万[まん] 円[えん] 以内[いない] の 時計[とけい] を 買[か]いたい です 。;Je veux acheter une montre dans les 20.000 yens.;1019
親切[しんせつ];彼[かれ]は 私[わたし]にとても 親切[しんせつ]です。;Il est très gentil avec moi.;1020
星[ほし];今夜[こんや]は 星[ほし]がよく 見[み]えます。;Vous pouvez bien voir les étoiles ce soir.;1021
熱[ねつ];きのう の よる ねつ が でました;J'ai eu de la fièvre hier soir.;1022
恥ずかしい[はずかしい];とても 恥[は]ずかしかった。;C'était très embarrassant.;1023
下着[したぎ];わたし は したぎ を て で あらう;Je lave mes sous-vêtements à la main.;1024
寄る[よる];帰[かえ]りに 叔母[おば]の 家[いえ]に 寄[よ]ります りにの;Je vais passer chez ma tante sur le chemin du retour.;1025
人口[じんこう];その 国[くに]の 人口[じんこう]はどのくらいですか。;De combien environ est la population de ce pays ?;1027
焼く[やく];今[いま]、 魚[さかな]を 焼[や]いています。;En ce moment, je grille du poisson.;1028
御目出度ございます[おめでとうございます];国際女性の日おめでとうございます！;Bonne Journée internationale (du droit) des femmes !;1029
放送[ほうそう];その 番組[ばんぐみ]は 来週[らいしゅう] 放送[ほうそう]されます。;Le programme sera diffusé la semaine prochaine.;1030
課長[かちょう];彼[かれ]は 課長[かちょう]になった。;Il est devenu chef de service.;1031
育てる[そだてる];彼女[かのじょ]は 三[さん] 人[にん]の 子[こ]を 育[そだ]てました。;Elle a élevé trois enfants.;1032
日記[にっき];私[わたし]は 毎日[まいにち]、 日記[にっき]をつけています。;Je tiens un journal intime tous les jours.;1034
勿論[もちろん];もちろん 一緒[いっしょ]に 行[い]きます。;Bien sûr, je vais avec vous.;1035
用[よう];用があるので、早く帰る。;J'ai quelque chose dont je dois m'occuper, alors je vais partir plus tôt.;1036
田舎[いなか];私[わたし]は 毎年[まいとし] 夏[なつ]に 田舎[いなか]に 帰[かえ]ります。;Chaque année, l'été, je retourne à la campagne.;1037
店員[てんいん];あの 店員[てんいん]はとても 親切[しんせつ]です。;Ce vendeur est très gentil.;1038
悲しい[かなしい];その 映画[えいが]はとても 悲[かな]しかった。;Ce film était très triste.;1040
地震[じしん];日本[にほん]は 地震[じしん]が 多[おお]いです。;Il y a beaucoup de tremblements de terre au Japon.;1041
迎える[むかえる];来年は、富士山で新年を迎えたい。;L'année prochaine, je souhaite accueillir la nouvelle année au mont Fuji.;1043
熱心[ねっしん];彼女[かのじょ]は４ 年間[ねんかん] 熱心[ねっしん]に 勉強[べんきょう]したわ。;Elle a étudié avec zèle pendant quatre ans.;1044
技術[ぎじゅつ];彼[かれ]は 非常[ひじょう]に 高[たか]い 技術[ぎじゅつ]を 持[も]っている。;Il possède des compétences extrêmement élevées.;1045
船[ふね];船[ふね]は 川[かわ]を 上[のぼ]りました。;Le navire a remonté la rivière.;1046
腕[うで];彼[かれ]の 腕[うで]は 太[ふと]い。;Il a de gros bras.;1047
安心[あんしん];それを聞いて安心しました。;J'ai été soulagé d'entendre cela.;1049
亡くなる[なくなる];おととい、 昔[むかし]の 友人[ゆうじん]が 亡[な]くなった。;Leur vieil ami est mort avant-hier.;1051
知らせる[しらせる];知らせてくれてありがとう。;Merci de me le faire savoir.;1052
下りる[おりる];そこ の かいだん を おりて ください;Veuillez descendre ces escaliers.;1053
慣れる[なれる];新[あたら]しい 家[いえ]にはもう 慣[な]れましたか。;Est-ce que vous vous êtes déjà habitué à votre nouvelle maison ?;1054
線[せん];８番線で急行に乗ります。;Je monterai dans l'express de la ligne numéro 8.;1055
文化[ぶんか];私[わたし]はこの 国[くに]の 文化[ぶんか]を 勉強[べんきょう]しています。;J'étudie la culture de ce pays.;1056
嘘[うそ];嘘[うそ]をついてはいけません。;Ne mens pas.;1058
小説[しょうせつ];私[わたし]は 月[つき]に３ 冊[さつ]くらい 小説[しょうせつ]を 読[よ]みます。;Je lis environ trois romans par mois.;1059
届ける[とどける];これを 彼[かれ]に 届[とど]けてください。;Veuillez lui livrer ceci.;1060
遠慮[えんりょ];遠慮[えんりょ]しないで、 何[なん]でも 言[い]ってください。;Ne soyez pas timide, dites moi quoi que ce soit.;1062
値段[ねだん];このベルトの 値段[ねだん]は２５００ 円[えん]でした。;Le prix de cette ceinture était de 2.500 yens.;1063
謝る[あやまる];彼[かれ]は 直[すぐ]ぐに 謝[あやま]りました。;Il s'excusa aussitôt.;1064
苦い[にがい];私[わたし]は 苦[にが]いコーヒーが 好[す]きです。;J'aime le café amer.;1065
珍しい[めずらしい];昨日[きのう] 珍[めずら]しい 果物[くだもの]を 食[た]べました。;Hier, j'ai mangé des fruits rare.;1067
泊まる[とまる];今日[きょう]はこのホテルに 泊[と]まります。;Aujourd'hui, je vais loger dans cet hôtel.;1068
乗り物[のりもの];自転車[じてんしゃ]は 便利[べんり]な 乗[の]り 物[もの]です。;Les vélos sont un moyen de transport pratique.;1069
花見[はなみ];友達[ともだち]と 花見[はなみ]をしました。;Je suis allé admirer les fleurs de cerisier avec mes amis.;1070
髪[かみ];マリアさんの髪は長いです。;Les cheveux de Maria sont longs.;1071
火事[かじ];火事[かじ]です。１１９ 番[ばん]に 電話[でんわ]してください。;Il y a un feu. Veuillez appeler le 119.;1072
引っ越す[ひっこす];来月[らいげつ] 大阪[おおさか]に 引[ひ]っ 越[こ]します。;Je vais déménager à Osaka le mois prochain.;1073
注意[ちゅうい];そのビンを落とさないように注意しなさい。;Faites attention à ne pas laisser tomber cette bouteille.;1074
足す[たす];母[はは]は 味噌[みそ]汁[しる]に 水[みず]を 足[た]した。;Ma mère a ajouté de l'eau à la soupe miso.;1075
眠い[ねむい];今日[きょう]はとても 眠[ねむ]いです。;Je suis très somnolent aujourd'hui.;1076
景色[けしき];ここは 景色[けしき]がきれいですね。;Le paysage ici est magnifique, n'est-ce pas ?;1077
取り替える[とりかえる];シーツを 取[と]り 替[か]えました。;J'ai changé les draps.;1078
案内[あんない];わたし が なか を ごあんない します;Je vais vous guider à l’intérieur.;1079
役に立つ[やくにたつ];私[わたし]は 人々[ひとびと]の 役[やく]に 立[た]ちたいと 思[おも]っています。;(Je pense que...) Je veux être utile aux autres.;1080
事務所[じむしょ];後[あと]で 事務所[じむしょ]に 来[き]てください。;Veuillez venir au bureau tout à l'heure.;1082
眠る[ねむる];昨日[きのう]は８ 時間[じかん] 眠[ねむ]りました。;J'ai dormi huit heures hier.;1083
驚く[おどろく];かれ は ち を みて おどろいた;Il a été étonné de voir du sang.;1084
鳴る[なる];今朝[けさ]、５ 時[じ]に 電話[でんわ]が 鳴[な]った。;Le téléphone a sonné à cinq heures ce matin.;1086
首[くび];キリンの 首[くび]は長[なが]い。;Le cou des girafes est long.;1087
相談[そうだん];彼には相談する人がいない。;Pour lui, il n’y a pas de personne à qui demander conseil.;1088
神社[じんじゃ];京都[きょうと]には 神社[じんじゃ]がたくさんある。;A Kyoto, il y a beaucoup de sanctuaires shinto.;1089
入院[にゅういん];トムは3ヶ月前から入院している。;Tom est hospitalisé depuis trois mois.;1090
妻[つま];今日[きょう]は 妻[つま]の 誕生[たんじょう] 日[び]だ。;C'est l'anniversaire de ma femme aujourd'hui.;1091
細かい[こまかい];彼女[かのじょ]は 細[こま]かいことにうるさい。;Elle est exigeante sur les petits détails.;1092
屋上[おくじょう];屋上[おくじょう]から 富士山[ふじさん]が 見[み]えました。;J'ai pu voir le mont Fuji depuis le dessus du toit.;1093
割れる[われる];コップが 落[お]ちて 割[わ]れた。;Le verre est tombé et s'est brisé.;1094
校長[こうちょう];あの 人[ひと]は 高校[こうこう]の 校長[こうちょう]だ。;Cette personne est le principal du lycée.;1095
投げる[なげる];ぼーる を こっち に なげて ください;S'il vous plaît, lancez la balle ici.;1096
忘れ物[わすれもの];学校[がっこう]に 忘[わす]れ 物[もの]をしました。;J'ai perdu un objet à l'école. Lit.: J'ai fait un objet perdu à l'école.;1097
壊す[こわす];彼女[かのじょ]が 私[わたし]のケータイを 壊[こわ]した。;Elle a cassé mon téléphone portable.;1098
太る[ふとる];私[わたし]の 姉[あね]はすぐ 太[ふと]ります。;Ma grande soeur prend du poids facilement.;1099
不便[ふべん];私[わたし]の 家[いえ]は 駅[えき]から 遠[とお]くて 不便[ふべん]です。;Ma maison est loin de la gare et c'est peu pratique.;1100
引き出し[ひきだし];財布[さいふ]は 引[ひ]き 出[だ]しの 中[なか]にあります。;Mon portefeuille est dans le tiroir.;1101
科学[かがく];子供[こども]の 時[とき]から科学[かがく]が 好[す]きでした。;J'aime la science depuis que je suis enfant.;1102
手袋[てぶくろ];寒[さむ]いので 手袋[てぶくろ]をしました。;Puisqu'il faisait froid, je portais des gants.;1103
運転手[うんてんしゅ];彼[かれ]はタクシーの 運転[うんてん] 手[しゅ]です。;C'est un chauffeur de taxi.;1104
匂い[におい];いい 匂[にお]いがする。;"Ça sent bon. ; (Une bonne odeur est produite.)";1105
贈り物[おくりもの];すてきな 贈[おく]り 物[もの]をどうもありがとう。;Merci pour le merveilleux cadeau.;1106
割合[わりあい];今回[こんかい]のテストは 割合[わりあい]に 簡単[かんたん]でした。;Le test de cette fois était relativement facile (par rapport à d'habitude).;1108
壊れる[こわれる];会社[かいしゃ]のパソコンが 壊[こわ]れた。;Le PC de la société est tombé en panne.;1109
か;赤いか青い。 ;Rouge ou bleu.;1110
貰う[もらう];彼女[かのじょ]からプレゼントをもらいました。;J'ai reçu un cadeau d'elle.;1111
歴史[れきし];私[わたし]は 歴史[れきし]に 興味[きょうみ]があります。;J'ai un intérêt pour l'Histoire.;1112
遊び[あそび];友達[ともだち]と 遊[あそ]びに 行[い]く 約束[やくそく]をしました。;J'ai promis d'aller jouer avec mon ami.;1113
差し上げる[さしあげる];こちらを 差[さ]し 上[あ]げます。;Je vais vous donner ceci. (humble);1114
アメリカ;アメリカから帰る前に私は卒業してしまってるでしょう。;Je serai probablement diplômé avant mon retour d'Amérique.;1115
光る[ひかる];川[かわ]の 上[うえ]で、 月[つき]が 綺麗[きれい]に 光[ひか]っていた。;Au-dessus de la rivière, la lune brillait joliment.;1116
森[もり];私[わたし]は 森[もり]を 歩[ある]くのが 好[す]きです。;J'aime marcher dans la forêt.;1117
厳しい[きびしい];私[わたし]の 上司[じょうし]はとても 厳[きび]しい。;Mon patron est très strict.;1119
止む[やむ];雨[あめ]が 止[や]みました。;La pluie a cessé.;1121
さっき;さっきの 話[はなし]を 続[つづ]けましょう。;Continuons la conversation que nous avons eue plus tôt.;1123
拾う[ひろう];道[みち]で 財布[さいふ]を 拾[ひろ]った。;J'ai trouvé un portefeuille dans la rue.;1124
留守[るす];父[ちち]は 今[いま]、 留守[るす]です。;Mon père est absent en ce moment.;1126
素晴らしい[すばらしい];素晴[すば]らしい 景色[けしき]ですね。;C'est un magnifique paysage, n'est-ce pas ?;1127
生産[せいさん];ボルドーはワインの 生産[せいさん]で 有名[ゆうめい]だ。;Bordeaux est célèbre pour la production de vin.;1128
焼ける[やける];肉[にく]が 焼[や]けました。;La viande est cuite.;1129
寂しい[さびしい];彼[かれ] は 一人[ひとり]でこの 寂[さび]しい 場所[ばしょ]に 住[す]んでいます。;Il vit seul dans cet endroit isolé.;1130
あんな;あんな 本[ほん]は 子供[こども]の 本[ほん]です。;Un tel livre est un livre pour enfants.;1131
挨拶[あいさつ];彼女[かのじょ]は 笑顔[えがお]で 挨拶[あいさつ]した。;Elle m'a salué avec un sourire.;1132
捕まえる[つかまえる];蛇[へび]がカエルを 捕[つか]まえたの。;Le serpent a capturé la grenouille.;1133
お礼[おれい];彼女[かのじょ]にお 礼[れい]の 手紙[てがみ]を 書[か]きました。;Je lui ai écrit une lettre de remerciement.;1134
数学[すうがく];兄[あに]は 数学[すうがく]の 先生[せんせい]です。;Mon grand frère est professeur de mathématiques.;1135
冷える[ひえる];クーラーで 体[からだ]が 冷[ひ]えた;Mon corps s'est refroidit sous le climatiseur.;1136
複雑[ふくざつ];このプログラムはとても 複雑[ふくざつ]です。;Ce programme est très complexe.;1138
大学生[だいがくせい];姉[あね]は 大学生[だいがくせい]です。;Ma grande sœur est étudiante.;1139
ご存知[ごぞんじ];この人の名前をご存知ですか。;Connaissez-vous le nom de cette personne ? (Honorifique);1140
発音[はつおん];この 単語[たんご]を 発音[はつおん]してください。;Veuillez prononcer ce mot.;1141
入学[にゅうがく];彼はその大学に入学を許可されなかった。;Il n'a pas été admis dans cette université.;1142
祖母[そぼ];祖母[そぼ]は 京都[きょうと]で 生[う]まれました。;Ma grand-mère est née à Kyoto.;1143
柔らかい[やわらかい];新しいソファーはとても柔らかいです。;Le nouveau canapé est vraiment moelleux.;1144
以下[いか];漢字[かんじ]のテストはいつも５０ 点[てん]以[い]下[か]です。;J'ai toujours 50 points ou moins dans les tests de Kanji.;1145
運動[うんどう];彼女たちは選挙権を勝ち取るための運動を指揮した。;Ils ont mené le mouvement pour obtenir le droit de vote.;1146
季節[きせつ];私[わたし]の 一番[いちばん] 好[す]きな 季節[きせつ]は 春[はる]です。;Ma saison favorite est le printemps.;1149
倍[ばい];これはあのケーキの2 倍[ばい]の 値段[ねだん]です。;C'est le double du prix de ce gâteau.;1150
法律[ほうりつ];新[あたら]しい 法律[ほうりつ]ができた。;Une nouvelle loi a été adoptée.;1151
品物[しなもの];その 店[みせ]はいろいろな 品物[しなもの]を 売[う]っている。;Le magasin vend toute sorte de produits.;1152
汚れる[よごれる];エプロンをしないと 服[ふく]が 汚[よご]れます。;Si vous ne portez pas un tablier, vos vêtements seront sales.;1154
移る[うつる];彼女[かのじょ]は 新[あたら]しい 会社[かいしゃ]に 移[うつ]った。;Elle a bougé vers une nouvelle entreprise.;1155
踊る[おどる];彼女[かのじょ]はクラブで 踊[おど]るのが 好[す]きです。;Elle aime danser dans un club.;1157
折る[おる];祖父[そふ]は 足[あし]の 骨[ほね]を 折[お]りました。;Mon grand-père s'est cassé un os du pied.;1158
あっ;あっ、木村さんからメールが入ってきました。;Oh, un e-mail de M. Kimura est arrivé.;1160
はっきり;今日[きょう]は 山[やま]がはっきり 見[み]える。;Vous pouvez clairement voir les montagnes aujourd'hui.;1161
うん;うん、テーブルがないね。;Ouais, il n'y a pas de table (libre), n'est-ce pas ?;1162
指輪[ゆびわ];彼女[かのじょ]に 指輪[ゆびわ]をプレゼントしました。;Je lui ai fait cadeau d'une bague.;1163
虫[むし];庭[にわ]で 秋[あき]の 虫[むし]が 泣[な]いているね。;Les insectes d'automne gazouillent dans le jardin.;1164
やっと;やっと 仕事[しごと]が 終[お]わりました。;Enfin, le travail s'est terminé.;1165
そんな;何[なに]がそんなに 悲[かな]しいの？;Qu'est-ce qui te rend triste à ce point ?;1166
喧嘩[けんか];子供達[こどもたち]はいつも 喧嘩[けんか]している。;Mes enfants se battent tout le temps.;1167
政治[せいじ];彼[かれ]は 政治[せいじ]に 興味[きょうみ]がなかった。;La politique ne l'intéressait pas.;1168
出席[しゅっせき];私がそのパーティーに出席する必要がありますか。;Est-ce qu’il y a nécessité que j’assiste à cette fête ?;1169
噛む[かむ];もっとよく 噛[か]みなさい。;Mâche mieux.;1170
経済[けいざい];大学[だいがく]で 経済[けいざい]を 勉強[べんきょう]しました。;J'ai étudié l'économie à l'université.;1172
包む[つつむ];プレゼントをきれいな 紙[かみ]で 包[つつ]みました。;J'ai emballé le cadeau dans un beau papier.;1173
小学校[しょうがっこう];家[いえ]の 近[ちか]くに 小学校[しょうがっこう]があります。;Il y a une école primaire près de chez moi.;1175
盗む[ぬすむ];誰[だれ]かが 私[わたし]のカバンを 盗[ぬす]みました。;Quelqu'un a volé mon sac.;1176
拝見[はいけん];切符を拝見します。;Puis-je voir votre billet ? (littéralement : Je vais regarder votre billet.);1177
雲[くも];今日[きょう]は 雲[くも]が 多[おお]い;Il y a beaucoup de nuages ​​aujourd'hui.;1178
ビル;私[わたし]の 会社[かいしゃ]はあのビルの８ 階[かい]です。;Mon entreprise est au huitième étage de ce bâtiment.;1179
パソコン;彼[かれ]はパソコンを２ 台[だい] 持[も]っています。;Il a deux ordinateurs personnels.;1180
簡単[かんたん];心配しないで。簡単だよ。;Ne t'inquiète pas. C'est facile.;1182
タイプ;同[おな]じタイプで 色[いろ]の 違[ちが]うものはありますか。;Avez-vous le même type dans une couleur différente ?;1183
褒める[ほめる];頑張[がんば]ったので 褒[ほ]められました。;Il a été félicité pour sa persévérance. ;1184
プレゼント;私が買ったプレゼント、トムは気に入ると思う？;Penses-tu que Tom aimera le cadeau que je lui ai acheté ?;1185
チェック;彼女がホテルのチェックアウトしたのって、何時だった？;À quelle heure a-t-elle quitté l'hôtel ?;1186
騒ぐ[さわぐ];電車[でんしゃ]の 中[なか]で 騒[さわ]がないでください。;S'il vous plaît ne faîtes pas de bruit dans le train.;1188
赤ちゃん[あかちゃん];ベッドで 赤[あか]ちゃんが 眠[ねむ]っています。;Le bébé dort dans le lit.;1189
真ん中[まんなか];道[みち]の 真[ま]ん 中[なか]に 人[ひと]が 立[た]っている。;Quelqu'un est debout en plein milieu de la route.;1191
紹介[しょうかい];両親に彼女を紹介した。;J'ai présenté ma petite amie à mes parents.;1192
乾く[かわく];喉[のど]が 渇[かわ]きました。;J'ai soif.;1193
米[こめ];日本人[にほんじん]はお 米[こめ]が 大好[だいす]きです。;Les Japonais adorent le riz.;1194
踏む[ふむ];運転[うんてん] 手[しゅ]がブレーキを 踏[ふ]んだ。;Le conducteur a appuyé sur le frein.;1196
濡れる[ぬれる];雨[あめ]で 濡[ぬ]れてしまった。;Je me suis mouillé sous la pluie.;1197
ああ;ああいう 消[け]しゴムが 好[す]き。;J'aime les gommes comme ça (là-bas).;1198
急行[きゅうこう];ちょうど 急行[きゅうこう] 電車[でんしゃ]が 来[き]た。;Le train express vient tout juste d'arriver.;1199
ケーキ;誕生[たんじょう] 日[び]にケーキを 食[た]べました。;Nous avons mangé du gâteau à son anniversaire.;1200
そろそろ;そろそろ 始[はじ]めましょうか。;Commençons-nous bientôt (tranquillement) ?;1201
昼休み[ひるやすみ];昼休[ひるやす]みに 公園[こうえん]に 行[い]った。;Je suis allé au parc à l'heure de la pause déjeuner.;1202
市民[しみん];市民[しみん]の 安全[あんぜん]は 大切[たいせつ]だ。;La sécurité des citoyens est importante.;1203
規則[きそく];あの 会社[かいしゃ]の 規則[きそく]は 厳[きび]しいです。;Les règles de cette compagnie sont strictes.;1204
無理をする[むりをする];たいそうご無理をお願いしてすみません。;Je suis vraiment désolé de vous demander de faire quelque chose d'aussi difficile.;1205
治る[なおる];けがはもう 治[なお]りましたか。;Votre blessure est-elle déjà guérie ?;1206
売り場[うりば];くつ 売[う]り 場[ば]はどこですか。;Où est le rayon des chaussures ?;1207
祖父[そふ];祖父[そふ]は 元気[げんき]です。;Mon grand-père va bien.;1208
交通[こうつう];ここは 交通[こうつう]の 便[べん]がよいですね。;Ici, la commodité de la circulation est bonne.;1211
運転[うんてん];トムはホテルのエレベーターの運転手と親しくなりました。;Tom s'est lié d'amitié avec le conducteur d'ascenseur de l'hôtel.;1212
枝[えだ];木[き]の 枝[えだ]を 折[お]ってはいけません。;Ne brisez pas les branches des arbres.;1213
塗る[ぬる];朝[あさ]、パンにリンゴジャムを 塗[ぬ]って 食[た]べました。;Le matin, j'ai étalé de la confiture de pommes sur du pain et je l'ai mangé.;1215
草[くさ];牛[うし]が 草[くさ]を 食[た]べています。;La vache mange de l'herbe.;1217
坂[さか];急[きゅう]な 坂[さか] 道[みち]を 上[のぼ]った。;J'ai gravi une route pentue abrupte.;1218
旅館[りょかん];京都[きょうと]では 旅館[りょかん]に 泊[と]まりました。;J'ai séjourné dans une auberge à Kyoto.;1219
受付[うけつけ];受付[うけつけ]は９ 時[じ]からです。;La réception est à partir de 9 heures.;1221
小鳥[ことり];誕生[たんじょう]日[び]に 小鳥[ことり]を 飼[か]ってもらいました。;Pour mon anniversaire, je me suis fait acheter un petit oiseau.;1222
訪ねる[たずねる];彼[かれ]はニューヨークの 友達[ともだち]を 訪[たず]ねた。;Il a rendu visite à son ami à New York.;1223
乗り換える[のりかえる];次[つぎ]の 駅[えき]で 地下鉄[ちかてつ]に 乗[の]り 換[か]えます。;Je change de métro à la station suivante.;1225
寺[てら];あそこに 古[ふる]いお 寺[てら]があります。;Il y a un vieux temple là-bas.;1226
糸[いと];黒[くろ]い 糸[いと]でボタンを 付[つ]けた。;J'ai attaché le bouton avec du fil noir.;1227
水道[すいどう];東京[とうきょう]は 水道[すいどう]の 水[みず]がまずい。;L'eau du robinet à Tokyo n'a pas bon goût.;1229
ピアノ;昔[むかし]、ピアノを 習[なら]っていました。;Naguère, j'apprenais le piano.;1230
ガス;地震[じしん]でガスが 止[と]まった。;Le gaz s'est stoppé à cause du tremblement de terre.;1231
揺れる[ゆれる];風[かぜ]で 木[き]が 揺[ゆ]れています。;Les arbres tremblent sous le vent.;1232
お土産[おみやげ];父[ちち]はお 土産[みやげ]にお 菓子[かし]を 買[か]ってきた。;Mon père a acheté et ramené des sucreries en souvenir.;1234
郊外[こうがい];私[わたし]は 郊外[こうがい]に 家[いえ]を 買[か]いました。;J'ai acheté une maison en banlieue.;1235
ガラス;クリスタルガラスの 花瓶[かびん]を 買[か]いました。;J'ai acheté un vase en verre de cristal.;1237
赤ん坊[あかんぼう];赤[あか]ん 坊[ぼう]が 笑[わら]っています。;Le bébé sourit.;1238
テニス;彼[かれ]らはよくテニスをしています。;Ils jouent souvent au tennis.;1240
祈る[いのる];人々[ひとびと]が 平和[へいわ]を 神[かみ]に 祈[いの]る。;Beaucoup de gens prient les dieux pour la paix.;1241
丁寧[ていねい];彼女[かのじょ]はいつも 丁寧[ていねい]に 仕事[しごと]をします。;Elle fait son travail toujours avec soin.;1243
ソフト;このソフトで 日本語[にほんご]を 勉強[べんきょう]することができます。;Vous pouvez étudier le japonais avec ce logiciel.;1244
講義[こうぎ];彼[かれ]の 講義[こうぎ]はとても 分[わ]かりやすいですね。;Ses conférences sont très faciles à comprendre.;1245
治す[なおす];早[はや]く 風邪[かぜ]を 治[なお]してください。;Remettez vous de votre rhume rapidement.;1246
中学校[ちゅうがっこう];息子[むすこ]の 中学校[ちゅうがっこう]は 家[いえ]から５ 分[ふん]です。;Le collège de mon fils est à cinq minutes de notre maison.;1248
アルバイト;兄[あに]はアルバイトをしています。;Mon grand frère fait un petit job.;1249
コンピューター;新[あたら]しいコンピューターを 買[か]った。;J'ai acheté un nouvel ordinateur.;1250
駐車場[ちゅうしゃじょう];車[くるま]は 駐車[ちゅうしゃ] 場[じょう]に 止[と]めてください。;Veuillez garer votre voiture dans le parking.;1251
砂[すな];靴[くつ]に 砂[すな]が 入[はい]ってしまった。;Le sable a pénétré dans mes chaussures.;1253
痩せる[やせる];私[わたし]は 少[すこ]し 痩[や]せました。;J'ai un peu maigri.;1254
サラダ;サラダをたくさん 食[た]べました。;J'ai mangé beaucoup de salade.;1255
動物園[どうぶつえん];昨日[きのう] 子供[こども]たちと 動物[どうぶつ] 園[えん]に 行[い]きました。;Je suis allé au zoo avec mes enfants hier.;1256
すっかり;買[か]い 物[もの]をすっかり 忘[わす]れてい た。;J'ai complètement oublié les courses.;1257
会議室[かいぎしつ];会議室[かいぎしつ]は 閉[し]まっています。;La salle de réunion est fermée.;1259
競争[きょうそう];子供[こども]の 頃[ころ]から 競争[きょうそう]が 好[す]きだった。;J'aime la compétition depuis que je suis enfant.;1260
そんなに;一[いち] 度[ど]にそんなにたくさんはできない。;Vous ne pouvez pas faire beaucoup en une seule fois comme ça.;1261
海岸[かいがん];海岸[かいがん]を 散歩[さんぽ]しましょう。;Faisons une promenade le long de la côte.;1262
植える[うえる];庭[にわ]にバラを 植[う]えました。;J'ai planté des roses dans le jardin.;1264
けれど;彼は疲れていたけれども、働くのをやめようとはしなかった。;Il était fatigué, mais il n'a pas cessé de travailler.;1265
コンサート;友達[ともだち]とジャズのコンサートに 行[い]きました。;Je suis allé à un concert de jazz avec mon ami.;1266
ベル;げんかん の ベル が なった;La cloche d'entrée sonnait.;1267
注射[ちゅうしゃ];かれは 注射[ちゅうしゃ]があまり 好[す]きではありません。;Il n'aime pas beaucoup les injections.;1268
柔道[じゅうどう];私[わたし]は 柔道[じゅうどう]を 習[なら]っています。;J'apprends le judo.;1270
港[みなと];港[みなと]に 船[ふね]が 着[つ]きました。;Le navire est arrivé au port.;1271
お宅[おたく];先生[せんせい]のお 宅[たく]はどちらですか。;Professeur, par où se trouve votre maison ?;1272
滑る[すべる];彼[かれ]は 雪[ゆき]の 上[うえ]を 滑[すべ]った。;Il a glissé sur la neige.;1273
硬い[かたい];このパンは 固[かた]いですが 、 美味[おい]しいです 。;Ce pain est dur, mais délicieux.;1274
沸く[わく];お 風呂[ふろ]が 沸[わ]きました。;Le bain est prêt. Lit. : Le bain est devenu chaud.;1275
押し入れ[おしいれ];布団[ふとん]を 押[お]し 入[い]れにしまいました。;J'ai mis mon futon dans le placard.;1276
建てる[たてる];私[わたし]たち は[わ] 来年[らいねん]、 家[いえ]を 建[た]てます。;Nous ferons construire une maison l'année prochaine.;1278
寝坊[ねぼう];けさは 寝坊[ねぼう]しました。;J'ai dormi ce matin.;1279
だから;この 音楽[おんがく]が 好[す]きだから、 踊[おど]りやすい。;Parce que j'aime cette musique, c'est facile de danser dessus.;1281
レポート;先生[せんせい]にレポートを 送[おく]りました。;J'ai envoyé mon rapport au professeur.;1282
浅い[あさい];この 川[かわ]は 浅[あさ]いです。;Cette rivière est peu profonde (superficielle).;1283
アフリカ;アフリカには 行[い]きにくいです。;Il est difficile d'aller en Afrique.;1284
辞典[じてん];知[し]らない 言葉[ことば]を 辞典[じてん]で 調[しら]べました。;J'ai cherché le mot que je ne connaissais pas dans le dictionnaire.;1285
凄い[すごい];凄[すご]い 雨[あめ]になった。;C'est devenu une pluie incroyable.;1287
アルコール;アルコールを 飲[の]んで 運転[うんてん]するのは 危険[きけん]です。;Boire de l'alcool et conduire une voiture est dangereux.;1288
新聞社[しんぶんしゃ];このビルは 新聞[しんぶん] 社[しゃ]です。;Ce bâtiment est une agence de presse.;1290
カーテン;朝[あさ]、カーテンを 開[あ]けた。;J'ai ouvert les rideaux le matin.;1291
アナウンサー;わたし は アナウンサー に なりたい;Je veux devenir annonceur.;1292
写す[うつす];彼[かれ]は 友達[ともだち]の 答[こた]えを 写[うつ]した。;Il a copié les réponses de son ami.;1293
文法[ぶんぽう];今日[きょう]は 英語[えいご]の 文法[ぶんぽう]を 勉強[べんきょう]します。;Je vais étudier la grammaire anglaise aujourd'hui.;1295
答え[こたえ];あなたの 答[こた]えは 私[わたし]のとは 違[ちが]っている。;Votre réponse diffère de la mienne.;1296
特急[とっきゅう];東京[とうきょう]まで 特急[とっきゅう]で３ 時間[じかん]かかります。;Ça dure trois heure pour aller à Tokyo par train express.;1297
釣り[つり];父[ちち]は 釣[つ]りが 大好[だいす]きです。;Mon père adore la pêche.;1298
サンドイッチ;今日[きょう]のお 昼[ひる]はサンドイッチです。;Le déjeuner d'aujourd'hui est un sandwich;1299
踊り[おどり];この おどり は やさしい です よ;Cette danse est facile.;1300
味噌[みそ];野菜に 味噌[みそ]をつけて食べた。;Avec mes légumes, j'ai ajouté du miso, puis je les ai mangé.;1301
歯医者[はいしゃ];私[わたし]は 歯医者[はいしゃ]が 嫌[きら]いです。;Je déteste le dentiste.;1302
尋ねる[たずねる];彼女[かのじょ]は 道[みち]を 尋[たず]ねた。;Elle s'est enquéri des directions.;1303
故障[こしょう];冷蔵庫[れいぞうこ]が 故障[こしょう]しました。;Le réfrigérateur est tombé en panne.;1304
気分が悪い[きぶんがわるい];私[わたし]の 国[くに]から 遠[とお]く 住[す]んでいるので、 少[すこ]し 気分[きぶん]が 悪[わる]い。;J'habite loin de mon pays, donc je me sens un peu mal.;1305
公務員[こうむいん];私[わたし]の 父[ちち]は 公務員[こうむいん]です。;Mon père est fonctionnaire.;1306
ガソリン;車[くるま]にガソリンを 入[い]れました。;J'ai mis de l'essence dans ma voiture.;1307
天気予報[てんきよほう];明日[あした]の 天気[てんき] 予報[よほう]は 雨[あめ]です。;Les prévisions météo de demain sont de la pluie.;1309
テキスト;テキストを 読[よ]んでください。;Veuillez lire le texte.;1310
パート;妻がパートの仕事を探しています。;Ma femme est à la recherche d'un emploi à temps partiel.;1311
下宿[げしゅく];親類[しんるい]の 家[いえ]に4 年間[ねんかん] 下宿[げしゅく]しました。;J'ai été pensionnaire dans la maison d'un parent pendant quatre ans.;1313
地理[ちり];僕[ぼく]は、 日本[にほん]の 地理[ちり]に 興味[きょうみ]がある。;Je m'intéresse à la géographie japonaise.;1314
レジ;レジの 前[まえ]に１０ 人[にん]くらい 並[なら]んでいます 。;Il y a environ 10 personnes alignées devant la caisse enregistreuse.;1316
お嬢さん[おじょうさん];お 嬢[じょう]さんはおいくつですか。;Quel âge a votre fille ?  (Poli);1318
髭[ひげ];父[ちち]は 若[わか]い 時[とき] 髭[ひげ]がありました。;Mon père avait une barbe quand il était jeune.;1319
沸かす[わかす];お 湯[ゆ]を 沸[わ]かしてください。;Faites bouillir de l'eau.;1320
毎月[まいげつ];毎月レポートを出さなければならない。;Je dois rendre un rapport chaque mois.;1323
致す[いたす];私[わたくし]からご 連絡[れんらく] 致[いた]します。;Je vais vous contacter. (Humble);1324
アクセサリー;この アクセサリー は すてき ね;Ce bijoux est ravissant.;1325
嬉しい[うれしい];彼[かれ]に 会[あ]えて 嬉[うれ]しかった。;J'étais content de le rencontrer.;1326
ジャム;このいちごでジャムを 作[つく]りましょう。;Faisons de la confiture avec ces fraises.;1328
是非[ぜひ];是非[ぜひ]、うちに 来[き]てください。;Veuillez absolument venir chez moi.;1330
駄目[だめ];彼[かれ]は 駄目[だめ]な 男[おとこ]だ。;Cet homme est un  bon à rien.;1331
都合がいい[つごうがいい];何時[なんじ]がご 都合[つごう]がいいですか。;Quelle heure vous convient ?;1333
酷い[ひどい];妹[いもうと]とひどい 喧嘩[けんか]をした。;J'ai eu une affreuse dispute avec ma petite soeur.;1334
日[ひ];なつ は ひ が ながい;Les journées sont longues en été.;1335
美術館[びじゅつかん];昨日[きのう]、 美術館[びじゅつかん]に 行[い]きました。;Je suis allé au musée hier.;1336
暮れる[くれる];日[ひ]が 暮[く]れる 前[まえ]に 帰[かえ]りましょう。;Avant que la journée ne s'assombrisse, rentrons. ;1338
漫画[まんが];妹[いもうと]は 漫画[まんが]が 好[す]きです。;Ma petite sœur aime les bandes dessinées japonaises.;1339
スクリーン;トムはスクリーンに釘付けだった。;Tom était rivé à l'écran.;1340
電報[でんぽう];実家[じっか]の 母[はは]から 電報[でんぽう]がきました。;Un télégramme venait de ma mère chez moi.;1341
食料品[しょくりょうひん];この店の 食[しょく]料[りょう]品[ひん]は安いです。;Les produits alimentaires de ce magasin sont bon marché.;1344
西洋[せいよう];日本[にほん]は 西洋[せいよう]の 習慣[しゅうかん]や 文化[ぶんか]を 取[と]り入れた。;Le Japon a adopté les coutumes et la culture occidentales.;1345
盛ん[さかん];この 町[まち]は、 今[いま]でも 祭[まつ]りが 盛[さか]んだ。;Les festivals sont toujours florissants dans cette ville.;1346
はず;あの二人、たしか去年結婚したはずだよ。;Ces deux-là auraient dû se marier l'année dernière.;1347
お祝い[おいわい];心からお祝いを申し上げます。;Je vous adresse mes plus sincères félicitations.;1348
看護師[かんごし];ブザーを 押[お]して、 看護師[かんごし]を 呼[よ]んだ。;J'ai appuyé sur le buzzer et appelé l'infirmière.;1349
気[き];彼女[かのじょ]は 気[き]が 強[つよ]い。;Elle est forte d'esprit.;1350
ステレオ;彼[かれ]はステレオで 音楽[おんがく]を 聞[き]いた。;Il écoutait de la musique sur la chaîne stéréo.;1351
電灯[でんとう];午後[ごご]五時[ごじ]には 電灯[でんとう]が 付[つ]きます。;La lumière s'allumera à 17h00.;1352
先ず[まず];帰[かえ]ったら 先[ま]ず 手[て]を 洗[あら]いましょう。;Lorsque vous rentrez chez vous, lavez-vous les mains en premier.;1353
子[こ];その 子[こ]は 日本語[にほんご]が 分[わ]からない。;Cet enfant ne comprend pas le japonais.;1354
冷房[れいぼう];冷房[れいぼう]を 入[い]れてください。;Veuillez allumer le climatiseur.;1355
消しゴム[けしゴム];消[け]しゴムが 必要[ひつよう]です。;Une gomme est nécessaire.;1356
芥[ごみ];彼女[かのじょ]は 玄関[げんかん]にゴミを 置[お]いた。;Elle a posé les déchets à la porte d'entrée.;1357
貿易[ぼうえき];父[ちち]は 貿易[ぼうえき]の 仕事[しごと]をしています。;Mon père travaille dans le commerce.;1358
ご馳走[ごちそう];テーブルの 上[うえ]にご 馳走[ちそう]が 並[なら]んでいる。;Le banquet est aligné sur la table.;1360
僕[ぼく];僕[ぼく]は 学生[がくせい]です。;Je suis un étudiant. (Familier Masculin);1362
エスカレーター;３ 階[かい]までエスカレーターで 行[い]きましょう。;Allons jusqu'au troisième étage en escalator.;1363
再来週[さらいしゅう];再来週[さらいしゅう]は 忙[いそが]しいです。;Je serai occupé dans deux semaines.;1364
仰る[おっしゃる];仰[おっしゃ]っていることがよく 分[わ]かりません。;Je ne comprends pas bien ce que vous dites. (Respect);1365
釣る[つる];昨日[きのう]大[おお]きな 魚[さかな]を 釣[つ]りました。;J'ai attrapé un gros poisson hier.;1366
気持ちが悪い[きもちがわるい];お 酒[さけ]を 飲[の]み 過[す]ぎて 、 気持[きも]ちが 悪[わる]いです。;J'ai bu trop d'alcool et maintenant je me sens malade.;1368
葡萄[ぶどう];わたし は ぶどう が すき です;J'aime les raisins.;1369
都合が悪い[つごうがわるい];月曜日[げつようび]は 都合[つごう]が 悪[わる]いのです。;Lundi, ce n'est pas commode pour moi.;1370
オートバイ;彼[かれ]はオートバイに 乗[の]っている。;Il conduit une moto.;1371
サンダル;歩[ある]き 安[やす]い サンダルを 探[さが]して います 。;Je recherche des sandales faciles à enfiler (facile pour marcher).;1374
お湯[おゆ];カップラーメンはお湯を入れてたった3分間待てば出来上がる。;Les nouilles instantanées en tasse sont prêtes en seulement 3 minutes après l'ajout d'eau chaude.;1375
すっと;言[い]いたいことを 言[い]ったら 胸[むね]がすっとした。;"Je me suis senti soulagé (directement; tranquillement) après avoir dit ce que je voulais dire.";1376
降り出す[ふりだす];私は雨が降り出す前に学校に着いた。;Je suis arrivé à l'école avant qu'il ne commence à pleuvoir.;1377
可笑しい[おかしい];彼[かれ]の 話[はなし]はおかしかった。;Son histoire était drôle.;1379
木綿[もめん];かのじょ は もめん の しゃつ を きて います;Elle porte une chemise en coton.;1380
スーツケース;彼女[かのじょ]のスーツケースは 重[おも]すぎて 運[はこ]べません。;Sa valise est trop lourde et ne peut pas être portée.;1381
気分がいい[きぶんがいい];気分がいいです。昨晩はよく眠れました。;Je me sens bien. J'ai très bien dormi la nuit dernière.;1382
講堂[こうどう];全員、 講堂[こうどう]に集まってください。;Tout le monde, s'il vous plaît, venez à l'auditorium.;1384
お先にどうぞ[おさきにどうぞ];紳士の人からお先にどうぞ。;Messieurs, veuillez passer en premier.;1386
恐い[こわい];俺の母親は世界で一番恐い。;Ma mère est la plus effrayante du monde.;1387
すると;空[そら]が 急[きゅう]に 暗[くら]くなりました。すると、 大雨[おおあめ]が 降[ふ]ってきました。;Le ciel s'est soudain assombri. Après cela, il s'est mis à pleuvoir abondamment.;1388
再来月[さらいげつ];再来月[さらいげつ]まで 予約[よやく]でいっぱいです。;Les réservations sont complètes pour les deux prochains mois. ;1389
高等学校[こうとうがっこう];弟[おとうと]が 高等学校[こうとうがっこう]を 卒業[そつぎょう]しました。;Mon petit frère a terminé le lycée.;1390
ワープロ;ワープロがあれば、こんな煩わしさはなくなるだろう。;Si j'avais un traitement de texte, ce genre de désagréments disparaîtrait.;1391
ファックス;すぐにファックスでその 書類[しょるい]を 送[おく]ります。;Je vous enverrai les papiers par fax tout de suite.;1392
コンピュータ;コンピューターを直せますか。;Pouvez-vous réparer mon ordinateur ?;1393
二階建て[にかいだて];この 二階建[にかいだ]ての 家[いえ]には 庭[にわ]が 付[つ]いていますか？;Pour cette maison à deux étages, y a-t-il un jardin rattaché ? ;1396
押入れ[おしいれ];私は押入れに閉じ込められるのがこわかった。;J'avais peur d'être enfermée dans le placard.;1399
確り[しっかり];彼[かれ]は 若[わか]いのにしっかりしてるね。;Il est fiable même s'il est jeune.;1400
成程[なるほど];なるほど よく わかりました;Je vois, je comprends très bien.;1401
丁度いい[ちょうどいい];この 柔[やわ]らかいブランケットは 赤[あか]ちゃんにちょうどいい。;Cette couverture douce est parfaite pour votre bébé.;1402
展覧会[てんらんかい];昨日[きのう]、 絵[え]の 展覧[てんらん] 会[かい]に 行[い]ってきました。;Hier, j'étais allé à une exposition de peintures.;1405
都[みやこ];ミラノはファッションの 都[みやこ]です。;Milan est la capitale de la mode.;1406
火[ひ];ひ を けして;Éteins le feu.;1408
血[ち];血[ち]が 出[で]ていますよ。;Il y a du sang qui sort ! ;1409
暖房[だんぼう];冬[ふゆ]は 暖房[だんぼう]が 必要[ひつよう]です。;Le chauffage est nécessaire en hiver.;1411
字[じ];もっと 大[おお]きく 字[じ]を 書[か]いてください。;Veuillez écrire en plus gros caractères.;1412
汽車[きしゃ];汽車[きしゃ]で 街[まち]まで 行[い]った。;Je suis allé jusqu'à la ville en train longue distance.;1413
訳[わけ];そんな 訳[わけ]で 私[わたし]は 仕事[しごと]を 辞[や]めました。;Pour cette raison, j'ai quitté mon travail;1414
久し振り[ひさしぶり];大変お久しぶりですね。;Ça faisait très longtemps !;1416
ハンドバッグ;ハンドバッグ を わすれました;J'ai oublié mon sac à main.;1417
壁[かべ];壁[かべ]に 絵[え]が 掛[か]かっている。;Il y a une peinture accrochée au mur.;1418
お出でになる[おいでになる];あなたがお出でになれない事を聞いてがっかりしました。;J'ai été déçu d'apprendre que vous ne pourriez pas venir.;1419
殆ど[ほとんど];お 金[かね]がほとんどありません。;Je n'ai presque pas d'argent.;1421
如何言う[どういう];大学[だいがく]はどういう 感[かん]じですか。;L'université, c'est un ressenti qui se décrit comment ?;1422
漬ける[つける];さかな を みそ に つけました;J'ai fait mariner le poisson dans du miso.;1423
湖[みずうみ];湖[みずうみ]でスケートをした。;Nous avons fait du patinage sur le lac.;1424
到頭[とうとう];到頭[とうとう] 引[ひ]っ 越[こ]しの 日[ひ]がきました。;En fin de compte, le jour du démenagement est arrivé.;1425
屹度[きっと];明日[あした]は 屹度[きっと] 雨[あめ]が 降[ふ]ります。;Demain, il va sans aucun doute pleuvoir.;1426
一緒にいかがですか[いっしょうにいかがですか];ご一緒にいかがですか。;Souhaiteriez-vous vous joindre à moi ?;1427
お出かけですか[おでかけですか];今日はどちらへお出かけですか？;Où vas-tu aujourd'hui ?;1428
ガソリンスタンド;この 近[ちか]くにガソリンスタンドはありますか。;Y a-t-il une station-essence à proximité ?;1429
お陰[おかげ];友達のお陰で毎日楽しいです。;Grâce à mes amis, chaque jour est amusant.;1430
暫く[しばらく];そこでしばらく 休[やす]んでいます。;Je me repose là pendant un moment.;1431
偶に[たまに];彼[かれ]はたまに 料理[りょうり]をします。;Il cuisine à certaines occasions.;1433
為さる[なさる];あちらで 準備[じゅんび]なさってください。;Veuillez vous préparer là-bas. (Honorifique);1434
お腹が一杯だ[おなかがいっぱいだ];お腹が一杯;Je suis rassasié;1435
お引き出しですか[おひきだしですか];お引き出しですか;Voulez-vous faire un retrait;1436
どうぞお元気で[どうぞおでげんきで];どうぞお 元気で;Prenez soin de vous.;1437
呉れる[くれる];友達[ともだち]が 誕生[たんじょう] 日[び]プレゼントをくれた。;Mon ami m'a donné un cadeau d'anniversaire.;1439
と言う本[というほん];「パンドラ・アイランド」と言う本を読みます。;Je vais lire un livre intitulé « L'Île de Pandore ».;1441
苛める[いじめる];動物[どうぶつ]を 苛[いじ]めてはいけません。;Vous ne pouvez pas embêter les animaux.;1443
今いいでしょうか[いまいいでしょうか];今いいでしょうか;Est-ce le bon moment ?;1445
鏡[かがみ];彼女[かのじょ]は 鏡[かがみ]を 見[み]て 髪[かみ]を 直[なお]した。;Elle regarda dans le miroir et arrangea ses cheveux.;1446
お元気でいらっしゃいますか[おげんきでいらっしゃいますか];お元気でいらっしゃいますか;comment allez-vous ? (respectueux);1447
棚[たな];大[おお]きな 棚[たな]はとても 便利[べんり]です。;Une grande étagère est très pratique.;1448
都[と];埼玉県[さいたまけん]は 東京[とうきょう] 都[と]の 隣[となり]だ。;La préfecture de Saitama est située à côté de la capitale Tokyo.;1450
宜しい[よろしい];レポートは これで よろしいですか。;Est-ce que le rapport est bon comme ça ?;1453
為[ため];デザインの 勉強[べんきょう]の 為[ため]に 留学[りゅうがく]しました。;J'ai fait un programme d'échange à l'étranger pour étudier le design.;1454
どちら様でしょうか[どちらさまでしょうか];どちら様でしょうか。;Puis-je demander qui appelle.;1457
最初に[さいしょに];最初[さいしょ]に 着[つ]いたグループは 三番[さんばん]のバスに 乗[の]っていた。;Le groupe à arriver au début était monté dans le troisième bus.;1458
あのう、お願いがあるんですが[あのうおねがいがあるんですが];あのう、お願いがあるんですが。;Euh, j'ai une faveur à vous demander.;1459
そろそろ失礼します[そろそろしつれいします];それではそろそろ失礼します。;Eh bien, je vous laisse.;1460
ラジカセ;ラジカセで音楽を聞く。;J'écoute de la musique sur un radiocassette.;1461
非常に[ひじょうに];この 問題[もんだい]は 非常[ひじょう]に 複雑[ふくざつ]です。;Ce problème est extrêmement compliqué.;1463
親切にする[しんせつにする];親切[しんせつ]にしてくださってどうもありがとうございます。;Merci d'être si gentil avec moi.;1464
働きすぎ[はたらきすぎ];あなたは働きすぎです。しばらく座って楽にしなさい。;Tu travailles trop. Assieds-toi et détends-toi un moment.;1465
楽しみにしている[たのしみにしている];私は君や君の家族に会えるのを楽しみにしている。;J'ai hâte de vous rencontrer, vous et votre famille.;1466
の代わりに[のかわりに];私の代わりに彼女に言ってください。;Veuillez lui dire cela de ma part.;1467
矢っ張り[やっぱり];やっぱり 旅[たび]が 大好[だいす]きだ。;Comme je le pensais, j’adore les voyages.;1468
御座います[ございます];トイレは3 階[かい]でございます。;Les toilettes sont au 3ème étage. (humble);1469
毛[け];猫[ねこ]の 毛[け]がセーターに 付[つ]いた。;Des poils de chats se sont attachés à mon sweatshirt.;1471
筈[はず];彼女[かのじょ]は 今頃[いまごろ]そこへ 着[つ]いている 筈[はず]だ。;Elle doit être arrivée là-bas à présent.;1472
が素敵ですね[がすてきですね];素敵ですね;C'est merveilleux.;1473
成るべく[なるべく];なるべく はやく しごと を おわらせて ください;Veuillez terminer votre travail le plus tôt possible.;1474
旨い[うまい];肉は、旨い。;La viande est délicieuse.;1476
畳[たたみ];そのホテルには 畳[たたみ]の 部屋[へや]がある。;Cet hôtel a des chambres en tatami.;1477
積もり[つもり];明日からタバコをやめる 積[つ]もりです。;J'ai l'intention d'arrêter de fumer à partir de demain.;1478
ご注文は[ごはちゅうもんは];ご注文は何にしますか。;Que souhaitez-vous commander ?;1479
些とも[ちっとも];彼女[かのじょ]が 結婚[けっこん]したなんて、ちっとも 知[し]らなかった。;Je ne savais même pas un peu qu'elle s'était mariée.;1480
パーティールーム;パーティールームを飾りに行きましょう。;Allons décorer la salle de fête.;1481
似ている[にている];私[わたし]は 母[はは]に 似[に]ています。;Je ressemble à ma mère.;1483
其れに[それに];山の上からの景色が綺麗。それに空気も綺麗。;La vue depuis le sommet de la montagne est belle. En plus, l'air aussi est bon.;1484
此れから[これから];これからはもっと 気[き]を 付[つ]けます。;Je vais être beaucoup plus prudent à partir de maintenant.;1485
に就いて[について];彼とニュースについて話しました。;J'ai parlé avec lui à propos des nouvelles.;1486
漸と[やっと];この子、やっと寝たみたいよ。;On dirait que cet enfant s'est enfin endormi.;1487
お蔭[おかげ];先生[せんせい]のお 蔭[かげ]で 大学[だいがく]に 合格[ごうかく]できました。;Grâce au professeur, j'ai pu réussir l'examen d'entrée à l'université.;1492
又は[または];電話[でんわ] 又[また]はメールで 連絡[れんらく]してください。;Veuillez nous contacter par téléphone ou encore par courriel.;1493
其れで[それで];昨日[きのう]は 熱[ねつ]がありました。それで、 学校[がっこう]を 休[やす]みました。;Hier, j'avais de la fièvre. De ce fait, j'ai pris congé de l'école.;1494
絹[きぬ];このシャツは 絹[きぬ]でできています。;Cette chemise est faite en soie.;1497
デスクトップパソコン;私はノートパソコンとデスクトップパソコンの二台のコンピューターを持っている。;Je possède deux ordinateurs : un ordinateur portable et un ordinateur de bureau.;1499
けど、;コートはあるけど、帽子はないです。;J'ai un manteau, mais je n'ai pas de chapeau.;1500
していらっしゃいます;土曜日は診察していらっしゃいますか。;Êtes-vous disponible pour des consultations le samedi ?;1501
みたいにして;みたいにして;Comme ça;1502
チェックする;作文[さくぶん]を 日本人[にほんじん]の 友達[ともだち]にチェックしてもらいました 。;J'ai demandé à mon ami japonais de vérifier ma rédaction.;1503
殖える[ふえる];なんだか毛が殖えてるなあと思ったら、植毛手術をしたんだぁ！なるほどねぇ。;Je pensais que vos cheveux s'étaient multipliés d'une manière ou d'une autre, mais vous avez subi une chirurgie de remplacement capillaire, hein ? Je vois.;1506
人間[にんげん];にんげん の こころ は ふくざつ です;L'esprit de l'homme est complexe.;1507
方[ほう];彼[かれ]は 私[わたし]の 方[ほう]を 見[み]ました。;Il a regardé dans ma direction.;1509
今回[こんかい];まあ 今回[こんかい]は 許[ゆる]してあげよう。;Eh bien, je vais vous pardonner cette fois.;1510
人生[じんせい];彼[かれ]は 自分[じぶん]の人生[じんせい]を 振[ふ]り 替[か]えたわ。;Il a fait basculer sa vie.;1512
相手[あいて];試合[しあい]の 相手[あいて]は 誰[だれ]ですか。;Contre qui jouent-ils ?;1514
者[もの];私は留守番の者です。;Je suis la personne de garde de la maison.;1517
友人[ゆうじん];かれ は こうこう じだい から の ゆうじん です;C'est mon vieil ami du lycée.;1518
当たる[あたる];ボールが 彼[かれ]の 頭[あたま]に 当[あ]たった。;La balle lui a frappé la tête.;1520
仲間[なかま];彼[かれ]には 仲間[なかま]がたくさんいる。;Il a beaucoup de camarade.;1521
一生[いっしょう];いっしょう の おねがい が あります;J'ai une faveur unique dans une vie.;1522
今後[こんご];今後[こんご]ともよろしくお 願[ねが]いします。;Je suis impatient de travailler avec vous dans le futur.;1523
不思議[ふしぎ];それはとても 不思議[ふしぎ]な 話[はなし]だね。;C'est une histoire très mystérieuse.;1524
全て[すべて];かれ に すべて の こと を つたえた;Je lui ai tout dit.;1526
自然[しぜん];みんな で しぜん を まもりましょう;Travaillons tous pour protéger la Nature.;1527
目的[もくてき];彼[かれ]が 来[き]た 目的[もくてき]が 分[わ]かりません。;Je ne connais pas le but de sa visite.;1528
事件[じけん];その 事件[じけん]の 犯人[はんにん]はまだ 捕[つか]まっていない。;Le responsable de l'incident n'a pas encore été arrêté.;1529
人気[にんき];このバンドはとても 人気[にんき]があるよ。;Ce groupe est très populaire.;1530
全く[まったく];わたし に は まったく わかりません;Je ne comprends pas du tout.;1531
方法[ほうほう];いい 方法[ほうほう]を 思[おも]いつきました。;Je pensais que nous avions une bonne méthode.;1532
犯人[はんにん];あいつが 犯人[はんにん]です。;Ce type est le criminel.;1537
合わせる[あわせる];日時[にちじ]はご 都合[つごう]に 合[あ]わせます。;La date peut être décidée en fonction de vos horaires.;1538
間違い[まちがい];この 文[ぶん]には 間違[まちが]いがあります。;Il ya une erreur dans cette phrase.;1539
取れる[とれる];このナスは 畑[はたけ]で 取[と]れたばかりです。;Cette aubergine vient d'être cueillie sur le terrain.;1540
一瞬[いっしゅん];一瞬[いっしゅん] 自分[じぶん]の 耳[みみ]を 疑[うたが]ったよ。;Pendant un moment, je ne pouvais pas croire ce que j'entendais.;1541
分ける[わける];おかし を みんな で わけました;Nous avons partagé les bonbons avec tout le monde.;1543
未来[みらい];未来[みらい]は 誰[だれ]にもわからない。;Personne ne connaît l'avenir.;1546
個人[こじん];これは 私[わたし] 個人[こじん]の 意見[いけん]です。;C'est mon avis personnel.;1547
大した[たいした];それは大したことはない。;Ce n'est pas grave.;1548
調子[ちょうし];体[からだ]の 調子[ちょうし]がとても 良[い]いです。;Je suis en très bonne condition physique.;1551
回す[まわす];鍵[かぎ]を 左[ひだり]に 回[まわ]すとドアが 開[ひら]きます。;Tournez la clé vers la gauche et la porte s'ouvrira.;1552
一方[いっぽう];ここ は いっぽう つうこう です;C'est une rue à sens unique.;1553
確認[かくにん];もう 一度[いちど]、 予約[よやく]を 確認[かくにん]した。;J'ai confirmé ma réservation une fois de plus.;1554
大会[たいかい];夏[なつ]には 川辺[かわべ]で 花火[はなび] 大会[たいかい]があります。;Il y aura un festival de feux d'artifice au bord de la rivière en été.;1557
苦手[にがて];私[わたし]は 料理[りょうり]が 苦手[にがて]です。;Je ne suis pas bon à cuisiner.;1558
知識[ちしき];もっと色々な知識を増やしたい。;Je souhaite approfondir mes connaissances sur diverses choses.;1560
事実[じじつ];それ は すべて じじつ です か;Est-ce que tout est vrai ?;1565
当時[とうじ];かのじょ は とうじ まだ さんさい だった;Elle n'avait que trois ans à l'époque.;1567
時期[じき];冬は一日が短く、最も寒い時期です。;Concernant l’hiver, les journées sont courtes, et c’est la période la plus froide.;1568
動かす[うごかす];部屋[へや]の 家具[かぐ]を 動[うご]かしました。;J'ai déplacé les meubles dans la pièce.;1569
本物[ほんもの];これ は ほんもの の だいやもんど です;C'est un vrai diamant.;1570
期待[きたい];みんな 私[わたし]たちに期待[きたい]しています。;Tout le monde a des attentes envers nous.;1571
方向[ほうこう];あの 人[ひと]たちは 皆[みな]、 同[おな]じ 方向[ほうこう]を 見[み]ている。;Toutes ces personnes regardent dans la même direction.;1572
変化[へんか];今年[ことし]は 変化[へんか]の 多[おお]い 年[とし]でした。;Il y a eu beaucoup de changements cette année.;1573
意外[いがい];意外にも彼は独身です。;Étonnamment, il est célibataire.;1574
一言[ひとこと];一言[ひとこと]で 言[い]えば、 彼[かれ]は 馬鹿[ばか]だと 思[おも]います。;En un mot, je pense que c'est un imbécile.;1577
付ける[つける];おまけを 付[つ]けました。;J'y ai joint un cadeau bonus.;1578
手術[しゅじゅつ];ちち は むね の しゅじゅつ を した;Mon père s'est fait opérer de la poitrine.;1579
通り[とおり];この とおり は にぎやか です ね;Cette rue est animée, n'est-ce pas ?;1580
理解[りかい];りかい して くれて ありがとう;Merci de votre compréhension.;1581
恋人[こいびと];かれ は こいびと を うしなった;Il a perdu sa petite amie.;1582
楽[らく];彼[かれ]には 楽[らく]な 仕事[しごと]が 与[あた]えられたよ。;Ils lui ont donné un travail facile.;1583
切れる[きれる];このはさみはよく 切[き]れますね。;Ces ciseaux coupent bien.;1585
分析[ぶんせき];今の経済の動きを分析しています。;J’analyse les mouvements de l’économie actuelle.;1586
立場[たちば];お 答[こた]えできる 立場[たちば]にありません。;Je ne suis pas en mesure de répondre.;1587
地下[ちか];スタジオは 地下[ちか]にあります。;Le studio est au sous-sol.;1588
事情[じじょう];あなた の 事情[じじょう] は よく わかりました;Je comprends bien votre situation.;1590
月[がつ];祭日が日曜にダブると月曜が休みになる。;Si un jour férié tombe un dimanche, le lundi devient un jour de repos.;1591
食う[くう];はらいっぱい くった;J'ai mangé avec appétit.;1595
最高[さいこう];これまで で さいこう の けっか が でた よ;J'ai obtenu mes meilleurs résultats jusqu'à présent.;1596
他[ほか];他の人はどこですか？;Où sont les autres ?;1597
絶対[ぜったい];そんな こと は ぜったい できない よ;Je ne pourrai jamais faire une telle chose.;1598
無駄[むだ];それは 時間[じかん]の 無駄[むだ]です。;C'est une perte de temps.;1600
度[たび];ある程度君の言い方は正しい。;Dans une certaine mesure, ce que vous dites est correct.;1602
先日[せんじつ];先日[せんじつ]の 件[けん]はどうなりましたか。;Qu'en est il du problème de l'autre jour ?;1603
外す[はずす];彼[かれ]はメガネを 外[はず]しました。;Il a enlevé ses lunettes.;1604
中止[ちゅうし];雨[あめ]で 運動会[うんどうかい]が 中止[ちゅうし]になったの。;L'évènement sportif a été annulé à cause de la pluie.;1605
下ろす[おろす];たな から その はこ を おろして ください;Il a déchargé les bagages de la voiture.;1607
話題[わだい];ここが 話題[わだい]のレストランです。;C'est le restaurant dont tout le monde parle.;1610
月[つき];今夜[こんや]は 月[つき]がとてもきれいです。;La lune est si belle ce soir.;1613
守る[まもる];彼[かれ]は 約束[やくそく]を 守[まも]る 人[ひと]です。;C'est une personne qui tient ses promesses.;1614
情報[じょうほう];学生[がくせい]たちはインターネットでいろいろな 情報[じょうほう]を 集[あつ]めた。;Les étudiants ont recueilli toutes sortes d'informations sur Internet.;1616
何か[なにか];郵便局[ゆうびんきょく]で 何[なに]か 忘[わす]れた。;J'ai oublié quelque chose au bureau de poste.;1618
作業[さぎょう];作業[さぎょう]するにはもっと 広[ひろ]いスペースが 必要[ひつよう]だ。;J'ai besoin d'un plus grand espace pour travailler.;1619
不安[ふあん];明日[あす]、 病院[びょういん]に 検査[けんさ]に 行[い]くので 少[すこ]し 不安[ふあん]です。;Je suis un peu inquiet parce que je dois aller à l'hôpital pour des tests demain.;1620
意識[いしき];かれ は いしき を うしないました;Il a perdu connaissance.;1621
作品[さくひん];この 絵[え]はゴッホの 作品[さくひん]だ。;Cette peinture est l'une des œuvres de Van Gogh.;1623
現実[げんじつ];現実[げんじつ]は 予想[よそう]より 厳[きび]しかった。;La réalité était plus dure que je ne m'y attendais.;1624
世話[せわ];旅行[りょこう]の 間[あいだ]、 犬[いぬ]の 世話[せわ]をしてください。;Pendant que je suis en voyage, prenez soin de mon chien SVP.;1625
無事[ぶじ];事故に遭った人の無事が確認された。;Il a été confirmé que la personne impliquée dans l'accident est saine et sauve.;1627
以来[いらい];それ 以来[いらい] 彼女[かのじょ]に 会[あ]ってない。;Je ne l'ai pas rencontrée depuis ce moment.;1628
日常[にちじょう];音楽[おんがく]は 私[わたし]の 日常[にちじょう]の 一部[いちぶ]です。;La musique fait partie de ma vie quotidienne.;1633
注目[ちゅうもく];私[わたし]たちはその 会社[かいしゃ]に 注目[ちゅうもく]している。;Nous observons cette entreprise.;1634
実行[じっこう];彼[かれ]はその 計画[けいかく]を 実行[じっこう]した。;Il a exécuté le plan.;1636
結果[けっか];試合[しあい]の 結果[けっか]を 早[はや]く 知[し]りたい。;Je veux connaître les résultats du jeu rapidement.;1637
記事[きじ];環境[かんきょう] 問題[もんだい]に 関[かん]する 記事[きじ]を 読[よ]んだの。;J'ai lu un article sur les questions environnementales.;1639
雰囲気[ふんいき];とても雰[ふん]囲[い]気[き]のいいお 店[みせ]ですね。;La boutique a une très bonne ambiance.;1640
重要[じゅうよう];これは重要[じゅうよう]な 書類[しょるい]です。;C'est un document important.;1642
起こる[おこる];まち で だいじけん が おこりました;Un incident majeur s'est produit dans la ville.;1643
実現[じつげん];夢[ゆめ]を 実現[じつげん]するには 努力[どりょく]が 必要[ひつよう]です。;Pour réaliser ses rêves, des efforts sont nécessaires.;1645
結局[けっきょく];彼[かれ]は 結局[けっきょく] 何[なに]を 言[い]いたかったのだろう。;Je me demande ce qu'il voulait dire, après tout.;1647
戻す[もどす];話[はなし]を 戻[もど]しましょう。;Revenons à ce dont nous parlions.;1651
期間[きかん];テスト 期間[きかん]は１０ 日[か]から１５ 日[にち]までだ。;La période d'examen est du 10 au 15.;1652
受け取る[うけとる];この 贈り物[おくりもの]は 受け取[うけと]れません。;Je ne peux pas accepter ce cadeau.;1654
空く[すく];レストランは 空[す]いていました。;Il n'y avait pas beaucoup de gens au restaurant.;1657
年齢[ねんれい];彼女[かのじょ]の 年齢[ねんれい]は２７です。;Elle a 27 ans.;1659
一般[いっぱん];いっぱん の かた は こちら の せき へ どうぞ;Les places générales sont par ici.;1660
命[いのち];命[いのち]より 大切[たいせつ]なものは 無[な]いよ。;Il n'y a rien de plus important que la vie.;1661
努力[どりょく];もっと 努力[どりょく]しよう。;Mettez plus d'ardeur.;1663
実験[じっけん];科学[かがく]の 授業[じゅぎょう]で 実験[じっけん]をした。;Nous avons fait une expérience en classe scientifique.;1664
成長[せいちょう];庭[にわ]の 木[き]、 大[おお]きく 成長[せいちょう]したわね。;L'arbre dans le jardin a beaucoup grandi.;1669
様々[さまざま];その 都市[とし]には 様々[さまざま]な 人種[じんしゅ]が 集[あつ]まっているわ。;La ville a divers groupes raciaux.;1670
乗せる[のせる];皿[さら]にケーキを 載[の]せました。;J'ai mis le gâteau sur une assiette.;1673
手段[しゅだん];彼は目的のためには手段を選ばなかったわね。;Il n'a pas choisi qu'un moyen pour atteindre ses objectifs, n'est-ce pas ?;1674
過ごす[すごす];夏休[なつやす]みを 高原[こうげん]で 過[す]ごしました。;J'ai passé mes vacances d'été dans les hautes terres.;1675
直接[ちょくせつ];彼[かれ]に 直接[ちょくせつ]お 願[ねが]いしなさい。;Demandez lui directement.;1676
現在[げんざい];現在[げんざい]の 気温[きおん]は３０ 度[ど]です。;La température actuelle est de 30 degrés.;1681
感動[かんどう];感動[かんどう]する 映画[えいが]でした。;C'était un film touchant.;1683
夜中[よなか];夜中[よなか]に 電話[でんわ]がありました。;J'ai reçu un coup de téléphone au milieu de la nuit.;1686
患者[かんじゃ];患者[かんじゃ]は 眠[ねむ]っています。;Le patient dort.;1687
お前[おまえ];お 前[まえ]の 言[い]うことは 信[しん]じられない。;Je ne peux pas croire ce que vous dites.;1688
金[かね];これ は かなり かね が かかった;Cela a coûté pas mal d'argent.;1689
地球[ちきゅう];地球[ちきゅう]は 丸[まる]い。;La terre est ronde.;1698
内容[ないよう];この 本[ほん]の 内容[ないよう]を 説明[せつめい]してください。;Veuillez expliquer le contenu de ce livre.;1700
存在[そんざい];神[かみ]は 存在[そんざい]すると 思[おも]いますか。;Croyez-vous que Dieu existe?;1701
表現[ひょうげん];彼[かれ]は 歌[うた]で 自分[じぶん]の 気持[きも]ちを 表現[ひょうげん]した。;Il a exprimé ses sentiments dans une chanson.;1703
失う[うしなう];彼[かれ]は 恋人[こいびと]を失[うしな]った。;Il a perdu sa petite amie.;1706
解決[かいけつ];トラブルがやっと解決[かいけつ]した。;Le problème a finalement été résolu.;1708
半年[はんとし];日本[にっぽん]に 来[き]て 半年[はんとし]になります。;Cela fait une demie-annnée que je suis arrivé au Japon.;1709
味方[みかた];私はいつも、あなたの味方です。;Je suis toujours à tes côtés.;1713
得意[とくい];得意料理はオムレツです。;Le plat que je maîtrise est l’omelette.;1714
正直[しょうじき];彼女[かのじょ]はとても正直[しょうじき]だ。;Elle est très honnête.;1716
発表[はっぴょう];合格[ごうかく] 者[しゃ]が 発表[はっぴょう]された。;Ils ont annoncé les noms de ceux qui ont passé (le test).;1717
確かめる[たしかめる];母[はは]はお 釣[つ]りを 確[たし]かめたの。;Ma mère a compté la monnaie.;1718
物語[ものがたり];寝[ね]る 前[まえ]に、 日本[にほん]の 物語[ものがたり]を 読[よ]む。;Je lis des histoires japonaises avant d'aller me coucher.;1719
頃[ころ];子供[こども]の 頃[ころ]、よくその 公園[こうえん]で 遊[あそ]んだ。;J'ai souvent joué dans ce parc quand j'étais enfant.;1720
状態[じょうたい];大雨で、この川は危険な状態だ。;À cause des fortes pluies, cette rivière est dans un état dangereux.;1725
場面[ばめん];この 場面[ばめん]は 君[きみ]が 良[よ]くない。;Vous avez tort dans ce cas.;1726
夢中[むちゅう];うちの 子[こ]はその 本[ほん]に 夢中[むちゅう]です。;Notre enfant est absorbé par ce livre.;1730
教師[きょうし];彼[かれ]は 高校[こうこう] 教師[きょうし]だ。;C'est un professeur de lycée.;1733
飛び出す[とびだす];そのスピードを 出[だ]した 車[くるま]は 道路[どうろ]に 飛び出[とびだ]した 子供[こども]を、 間一髪[かんいっぱつ]で、 避[さ]けることができた。;Un voiture à grande vitesse est soudainement apparu devant l'enfant qui a pu l'évité d'un cheveux.;1734
出会い[であい];それはドラマのような 出会[であ]いだった。;Notre rencontre ressemblait à une série télévisée.;1735
状況[じょうきょう];状況[じょうきょう]を お知[おし]らせください。;Veuillez me fournir le statut.;1736
自慢[じまん];彼女[かのじょ]はよく 自分[じぶん]の 成績[せいせき]を 自慢[じまん]するよね。;Elle se vante souvent de ses notes.;1737
知り合う[しりあう];お 二人[ふたり]はどこで 知[し]り 合[あ]ったのですか。;Où vous êtes-vous rencontrés, tous les deux ?;1738
海外[かいがい];彼[かれ]は 海外[かいがい]での 生活[せいかつ]が 長[なが]いです。;Sa vie à l'étranger est longue.;1741
信頼[しんらい];私[わたし]は 部下[ぶか]を 信頼[しんらい]しています;Je fais confiance à mes subordonnés.;1744
偉大[いだい];彼は偉大な音楽家だ。;Il est un grand musicien.;1745
認める[みとめる];彼[かれ]らはお 金[かね]を 盗[ぬす]んだことを認[みと]めました。;Ils ont admis avoir volé l'argent.;1749
断る[ことわる];私[わたし]は 彼[かれ]のプロポーズを 断[ことわ]った。;J'ai refusé sa proposition de mariage.;1752
土地[とち];ここは 父[ちち]の 土地[とち]です。;C'est la terre de mon père.;1753
空[から];雨がやんで空が明るくなった。;La pluie a cessé et le ciel s'est éclairci.;1754
幸せ[しあわせ];良[い]い 友達[ともだち]がいて 私[わたし]は 幸[しあわ]せだ。;Je suis heureux de bons amis.;1756
最中[さいちゅう];コンサートの 最中[さいちゅう]に 喋[しゃべ]るのは 無作法[ぶさほう]である。;Parler lors d'un concert est déplacé.;1757
苦しい[くるしい];食[た]べ 過[す]ぎてお 腹[なか]が苦[くる]しい。;J'ai trop mangé et j'ai mal au ventre.;1758
性格[せいかく];僕[ぼく]と 姉[あね]の 性格[せいかく]は 正反対[せいはんたい]です。;Ma sœur aînée et moi avons des personnalités complètement opposées.;1761
地方[ちほう];この地方には、自然がたくさんある。;Cette région a beaucoup de nature.;1768
正確[せいかく];彼[かれ]の 計算[けいさん]は 正確[せいかく]です。;Son calcul est exact.;1770
引っ張る[ひっぱる];むすめ が わたし の て を ひっぱった;Ma fille m'a tiré la main.;1771
何でも[なんでも];お母さんが何でもしてあげるから。;Maman ferait n'importe quoi pour toi.;1772
数[すう];今日は数人の学生が欠席した。;Plusieurs étudiants étaient absents aujourd'hui.;1775
用いる[もちいる];この 語[ご]は 今[いま]では 用[もち]いられない。;Ce mot est devenu inutilisé.;1777
追う[おう];女の子が犬を追い掛けている。;La fille est en train de courir après le chien.;1780
調査[ちょうさ];私[わたし]たちがその 問題[もんだい]を 調査[ちょうさ]しています。;Nous enquêtons sur ce problème.;1781
逆[ぎゃく];駅[えき]は 逆[ぎゃく] 方向[ほうこう]です。;La station est dans la direction opposée.;1783
売れる[うれる];今年[ことし]の 夏[なつ]はクーラーがよく 売[う]れた。;Les climatiseurs se sont bien vendus bien cet été.;1785
悪魔[あくま];今夜は悪魔と出かける気分じゃないの。;Je ne suis pas d'humeur à sortir avec le diable ce soir.;1791
許可[きょか];先生[せんせい]に 許可[きょか]をもらって 早退[そうたい]しました。;J'ai obtenu la permission du professeur et suis rentré plus tôt.;1797
前半[ぜんはん];相手[あいて]チームのリードで 前半[ぜんはん]が 終[お]わったよ。;La première mi-temps s'est terminée avec l'équipe adverse en tête.;1799
行動[こうどう];彼は娘の行動に腹を立てた。;Il était furieux du comportement de sa fille.;1800
唯一[ゆいいつ];吉田君は、会社で唯一の18歳だ。;Yoshida est le seul jeune de 18 ans dans l'entreprise.;1804
知恵[ちえ];友達に子育ての知恵をアドバイスしてもらった;J’ai reçu de mon ami des conseils de sagesse sur l’éducation des enfants.;1805
希望[きぼう];何[なに]かご 希望[きぼう]がありますか。;Y a-t-il un souhait de faire quelque chose ?;1806
殺す[ころす];わたし は いきもの を ころす の が きらい だ;Je déteste tuer des êtres vivants.;1807
次第[しだい];れんらく が あり しだい しゅっぱつ します;Je partirai dès qu'on me le dira.;1808
言わば[いわば];彼女は言わば姉のような存在です;Elle est comme une sœur pour ainsi dire.;1809
小[しょう];この はこ の しょう を ください;Veuillez me donner la petite version de cette boîte.;1810
関心[かんしん];彼[かれ]は 政治[せいじ]に 関心[かんしん]が 強[つよ]いね。;Il a un grand intérêt pour la politique.;1815
要素[ようそ];睡眠は健康の為の重要な要素である。;Le sommeil est un élément important pour une bonne santé.;1818
気に入る[きにいる];いくつかの 点[てん]で 私[わたし]は 彼女[かのじょ]が 気に入[きにい]らない。;Je ne l'aime pas à certains égards.;1820
緊張[きんちょう];その場[そのば]には 緊張[きんちょう] 感[かん]がみなぎっていた。;A cette occasion, l'air était chargé de tension.;1822
届く[とどく];昨日[きのう]、 父[ちち]から 手紙[てがみ]が 届[とど]いた。;J'ai reçu hier une lettre de mon père.;1823
掛かる[かかる];壁[かべ]に 大[おお]きな 時計[とけい]が 掛[か]かっています。;Il y a une grosse horloge accrochée au mur.;1827
生地[きじ];マリメッコの生地でクッションを作りました。;J'ai fait un coussin en tissu Marimekko.;1831
苦労[くろう];母[はは]は 苦労[くろう]して 私[わたし]たちを 育[そだ]てたの。;Notre mère a traversé des difficultés pour nous élevés.;1833
男の人[おとこのひと];私のドイツ語の先生は男の人です。;Mon professeur d'allemand est un homme.;1834
日曜[にちよう];毎週日曜日は教会に行きます。;Je vais à l'église tous les dimanches.;1835
勝ち[かち];うたがっせん は あか ぐみ の かち でした ね;L'équipe rouge a remporté le concours de chant.;1836
感じる[かんじる];膝[ひざ]に 痛[いた]みを 感[かん]じます。;Je sens une douleur dans mon genou.;1837
生命[せいめい];生命[せいめい]は 海[うみ]から 始[はじ]まったと 言[い]われている。;On dit que la vie a commencé dans la mer.;1838
物事[ものごと];あるがままに 物事[ものごと]を 見[み]るようにしなさい。;Essayez de voir les choses telles qu'elles sont.;1840
無料[むりょう];お 飲[の]み 物[もの]は 無料[むりょう]でございます。;Les boissons sont gratuites. (serveur);1843
抜く[ぬく];わいん の こるく を ぬきました;J'ai débouché le vin.;1844
共通[きょうつう];私[わたし]たちは 共通[きょうつう]の 趣味[しゅみ]を 持[も]っています。;Nous avons un hobby commun.;1845
気づく[きづく];トムの行動に気づく人はいないと思う。;Je ne pense pas que quiconque remarquera ce que fait Tom.;1846
信号[しんごう];信号[しんごう]が 青[あお]になった。;Le feu est devenu vert.;1851
平和[へいわ];この 国[くに]は 平和[へいわ]です。;Ce pays est en paix.;1854
記憶[きおく];当時[とうじ]のことはしっかり 記憶[きおく]しているよ。;Je me souviens clairement de ce qui s'est passé à cette époque.;1857
効果[こうか];この 薬[くすり]には 胃[い]を 守[まも]る効果[こうか]がある。;Ce médicament a un effet protecteur sur l'estomac.;1858
気味[きみ];とても不気味だと思った。;J'ai trouvé ça très effrayant.;1864
感心[かんしん];彼の上手い言い回しに感心した;J'ai été impressionné par ses efforts.;1868
村人[むらびと];村[むらびと]人たちは、 あの世[あのよ]があると 思[おも]っていた。;Les villageois croyaient en une vie après la mort.;1870
整理[せいり];古[ふる]い 服[ふく]を 整理[せいり]しました。;J'ai rangé les vieux vêtements.;1871
気温[きおん];今日[きょう]の 気温[きおん]は２６ 度[ど]です。;La température d'aujourd'hui est de 26 degrés.;1874
書類[しょるい];書類[しょるい]を１０ 枚[まい]コピーしました。;J'ai fait dix copies du document.;1876
優勝[ゆうしょう];彼女は昨年五つの大会で優勝した。;Elle a remporté cinq concours l'année dernière.;1877
王子[おうじ];王子は、じょうばをはじめました。;Le prince a commencé l'équitation.;1882
迷惑[めいわく];人[ひと]に 迷惑[めいわく]をかけてはいけません。;Vous ne devriez pas déranger les autres personnes.;1884
信じる[しんじる];彼[かれ]はキリストを 信[しん]じている。;Il croit en Jésus-Christ.;1890
分野[ぶんや];彼[かれ]はこの 分野[ぶんや]では 草分[くさわ]けだ。;Il est un pionnier dans ce domaine.;1891
減る[へる];体重[たいじゅう]がかなり 減[へ]りました。;J'ai perdu beaucoup de poids.;1894
目の前[めのまえ];何かを言うべき相手は僕の目の前から消え去った。;La personne à qui j'aurais dû dire quelque chose a disparu de ma vue.;1896
流す[ながす];かのじょ は なみだ を ながした ん だ;Elle a versé des larmes.;1897
数える[かぞえる];いすの 数[かず]を 数[かぞ]えてください。;Veuillez compter le nombre de chaises.;1898
更に[さらに];彼[かれ]は 更[さら]に 質問[しつもん]を 続[つづ]けたの。;Il a de nouveau posé des questions.;1899
暮らす[くらす];将来[しょうらい]は 海[うみ]の 近[ちか]くで 暮[く]らしたいな。;J'aimerais vivre au bord de la mer dans le futur.;1900
誕生[たんじょう];先月[せんげつ]、 娘[むすめ]が 誕生[たんじょう]しました。;J'ai donné naissance à une petite fille le mois dernier.;1901
誤解[ごかい];この誤解[ごかい]は 私[わたくし]のせいです。 謝[あやま]ります。;Ce malentendu est de ma faute. Je m'en excuse.;1903
都会[とかい];彼は都会での生活を楽しんでいるの。;Il profite de la vie en ville.;1910
我慢[がまん];彼[かれ]のわがままには 我慢[がまん]できません。;Je ne peux pas supporter son égoïsme.;1912
作家[さっか];彼女[かのじょ]は 有名[ゆうめい]な 作家[さっか]です。;Elle est uns écrivaine bien connu.;1913
疑問[ぎもん];彼の言葉が本当かは疑問です。;Je doute que ses paroles soient vraies.;1914
同僚[どうりょう];あの 会社[かいしゃ]の 同僚[どうりょう]はみんないい 人[ひと]だった。;Les collègues de cette entreprise sont tous de bonnes personnes.;1916
絶対に[ぜったいに];絶対[ぜったい]に 駄目[だめ]です。;Absolument pas.;1918
不満[ふまん];私は彼のやり方には不満です。;Je ne suis pas satisfait de ses méthodes.;1919
飛ばす[とばす];子供[こども]が 紙飛行機[かみひこうき]を 飛[と]ばしています。;Un enfant fait voler un avion en papier.;1926
関連[かんれん];関連[かんれん]のセクションへ 連絡[れんらく]した。;J'ai contacté le groupe de relation.;1927
双子[ふたご];友達[ともだち]に 双子[ふたご]が 生[う]まれたよ。;"Mon ami a donné naissance à des jumeaux. ; (Des jumeaux sont nés de mon ami.)";1928
電子[でんし];電子[でんし] 辞書[じしょ]はとても 便利[べんり]です。;Les dictionnaires électroniques sont très utiles.;1929
台[だい];車が一台こちらのほうへ近づいてきた。;Une voiture s'approchait de nous.;1933
命令[めいれい];彼女[かのじょ]は命令[めいれい]に 従[したが]わなかった。;Elle n'a pas obéi aux ordres.;1934
現金[げんきん];現金[げんきん]でお 願[ねが]いします。;S'il vous plaît, payez en espèces.;1941
大半[たいはん];労働者の大半は組合に属している。;La majorité des travailleurs sont syndiqués.;1943
側[そば];彼らは川の向こう側に住んでいる。;Ils habitent de l'autre côté de la rivière.;1944
急に[きゅうに];急[きゅう]に 用事[ようじ]を 思[おも]い 出[だ]した。;Je me souviens soudainement de quelque chose dont je dois m'occuper.;1950
申し込む[もうしこむ];彼女[かのじょ]はそのセミナーに 申[もう]し 込[こ]んだ。;Elle s'est inscrite à cet atelier.;1952
適切[てきせつ];彼[かれ]は 適切[てきせつ]な 言葉[ことば]で 説明[せつめい]してくれました。;Il m'a expliqué en termes appropriés.;1953
種類[しゅるい];ご存知のように日本語には文字が三種類 あります。;Comme vous le savez, il existe trois types de caractères en japonais.;1954
材料[ざいりょう];サラダの 材料[ざいりょう]をそろえました。;J'ai tous les ingrédients pour la salade.;1958
馬[うま];彼[かれ]は 田舎[いなか]で 馬[うま]に 乗[の]った。;Il a chevauché un cheval à la campagne.;1962
食欲[しょくよく];今日[きょう]は 食欲[しょくよく]がありません。;Je n'ai pas d'appétit aujourd'hui.;1964
著者[ちょしゃ];なんと私の姉もその本の著者でした。;Étonnamment, ma sœur était également l'auteur de ce livre. ;1966
証明[しょうめい];ようぎしゃ の ありばい が しょうめい されました;L'alibi du suspect a été prouvé.;1967
諦める[あきらめる];彼[かれ]は 留学[りゅうがく]の 夢[ゆめ]を 諦[あきら]めていないよ。;Il n'a pas renoncé à son rêve d'aller étudier à l'étranger.;1968
注文[ちゅうもん];レストランでピザを 注文[ちゅうもん]しました。;J'ai commandé une pizza au restaurant.;1969
歌手[かしゅ];その 歌手[かしゅ]は 歌[うた]が 下手[へた]だ。;Ce chanteur n'est pas doué pour le chant.;1971
世紀[せいき];新[あたら]しい 世紀[せいき]の 始[はじ]まりです。;C'est le début d'un nouveau siècle.;1974
集団[しゅうだん];集団旅行に参加した。;Participation à un voyage de groupe.;1977
単語[たんご];これらの 単語[たんご]を 一[ひと]つずつ 覚[おぼ]えなさい。;Apprenez ces mots, un à un.;1979
営業[えいぎょう];彼[かれ]は 営業[えいぎょう]を 担当[たんとう]しています。;Il est en charge des ventes.;1980
素敵[すてき];素敵[すてき]なプレゼントをありがとう。;Merci pour le magnifique cadeau.;1984
単純[たんじゅん];彼女は子供の様に単純だ。;Elle est simple comme un enfant.;1986
丸[まる];紙[かみ]に 大[おお]きな 丸[まる]を 描[か]きました。;J'ai dessiné un grand cercle sur le papier.;1988
学[がく];少なくとも三十人の学生が欠席した。;Au moins 30 élèves étaient absents.;1991
給料[きゅうりょう];来年[らいねん]から 給料[きゅうりょう]が 上[あ]がります。;Je recevrai une augmentation de salaire à compter de l'année prochaine.;1992
飯[めし];とにかくメシ・・・といきたいところだが、その 前[まえ]に 用を足[ようをた]すことにした。;Quoi qu'il en soit, aller déjeuner・.. C'est ce je voulais faire mais j'ai décidé d'aller aux toilettes avant.;1995
移動[いどう];その机を左へ移動してください。;Veuillez déplacer ce bureau vers la gauche.;2000
重大[じゅうだい];じゅうだい な はっぴょう が あります;J'ai une annonce importante.;2002
現象[げんしょう];村では最近、不思議な現象が起きています。;Récemment, d’étranges phénomènes se sont produits dans le village.;2004
印象[いんしょう];彼[かれ]から 良[い]い 印象[いんしょう]を 受[う]けたわ。;J'ai eu une bonne impression de lui.;2007
操作[そうさ];この 携帯[けいたい] 電話[でんわ]は 操作[そうさ]が 簡単[かんたん]です。;Ce téléphone cellulaire est facile à utiliser.;2013
支える[ささえる];そのドラマは 原作[げんさく]と 違[ちが]っている。;Ce drama diffère de l'histoire originale.;2020
家賃[やちん];ここの 家賃[やちん]は１２ 万[まん] 円[えん]です。;Ici, le loyer est de 120 000 yens.;2022
不斗[ふと];ふと 昔[むかし]の 事[こと]を 思[おも]い 出[だ]したんだ。;Je me suis soudainement souvenu du passé.;2030
現れる[あらわれる];雲[くも]の 間[あいだ]から 太陽[たいよう]が 現[あらわ]れました。;Le soleil apparut entre les nuages.;2032
誘う[さそう];彼女[かのじょ]をデートに 誘[さそ]った。;J'ai invité la fille à un rendez-vous.;2034
ずっと;父[ちち]は 休[やす]みの 日[ひ]はずっとテレビを 見[み]ている。;Mon père passe ses jours de repos à regarder la télévision tout le temps.;2037
秒[びょう];コウイチにラインしたら秒で返事きてわらえた。;J'ai envoyé un message LINE à Koichi et il m'a répondu en une seconde. Cela m'a fait rire.;2046
宇宙[うちゅう];宇宙[うちゅう]の 謎[なぞ]は 限[かぎ]りなく 大[おお]きいの。;Les mystères de l'univers sont infiniment profond.;2047
収入[しゅうにゅう];日本人[にほんじん]の 平均[へいきん] 収入[しゅうにゅう]はどのくらいですか。;Quel est le revenu moyen au Japon ?;2048
再び[ふたたび];そのようなことが再[ふたた]び 起[お]こりうるだろうか。;Une telle chose peut-elle se reproduire?;2050
困難[こんなん];困難にあってもあきらめてはいけないよ。;N'abandonnez pas même lorsque c'est difficile.;2051
金額[きんがく];買[か]い 物[もの]の 金額[きんがく]を 教[おし]えてください。;Veuillez me dire le montant des achats.;2054
観察[かんさつ];花[はな]の 成長[せいちょう]を 観察[かんさつ]して 日記[にっき]を 書[か]きなさい。;Observez le développement de la fleur et notez-le dans votre journal.;2060
持ち上げる[もちあげる];吉雄は私がその箱を持ち上げるのを手伝ってくれた。;Yoshio m'a aidé à soulever le carton.;2062
悪口[わるくち];人[ひと]の 悪口[わるぐち]を 言[い]うのは、やめよう。;Arrêtons de dire du mal des gens. Il ne dit jamais du mal des gens.;2063
閉じる[とじる];教科書[きょうかしょ]を 閉[と]じてください。;Veuillez fermer votre manuel.;2067
影響[えいきょう];私[わたし]は 彼[かれ]から 大[おお]きな 影響[えいきょう]を 受[う]けました。;J'ai été profondément influencé par lui.;2076
被る[かぶる];帽子[ぼうし]を 被[かぶ]って 出[で]かけました。;J'ai mis un chapeau et je suis sorti.;2077
恐怖[きょうふ];こんな恐怖は経験したことがない。;Je n'ai jamais éprouvé une telle peur.;2081
転ぶ[ころぶ];お 祖母[ばあ]ちゃんがお 風呂場[ふろば]で 転[ころ]んだ。;Ma grand-mère est tombée dans la salle de bains.;2084
組織[そしき];この会議はうまく組織されていません。;Cette réunion n'est pas bien organisée.;2087
賛成[さんせい];私[わたし]は 彼[かれ]の 意見[いけん]に 賛成[さんせい]だ。;Je suis d'accord avec son opinion.;2089
管理[かんり];このセンターで工場全体を管理しています。;Ce centre gère l'ensemble de l'usine.;2092
詳しい[くわしい];もっと 詳[くわ]しく 説明[せつめい]してください。;Veuillez l'expliquer plus en détail.;2094
捕まる[つかまる];警察に捕まるような恐れがあるのですか。;Avez-vous peur de vous faire prendre par la police ?;2098
はあ;・・・はぁ、どう 状況[じょうきょう]を 受け止[うけと]めればいいのかしら。;... Aaah, juste comment suis-je censé faire face à cela, je me le demande?;2101
波[なみ];今日[きょう]の 海[うみ]は 波[なみ]が 高[たか]いです。;Les vagues de la mer sont hautes aujourd'hui.;2103
会合[かいごう];私たちの会合が開かれるのはこの部屋でです。;Notre réunion se tiendra dans cette salle.;2104
カード;買[か]いものはカードでお 願[ねが]いします。;Veuillez payer vos courses par carte de crédit.;2105
会員[かいいん];彼女[かのじょ]はクラブの 会員[かいいん]です。;Elle est membre du club.;2106
成績[せいせき];成績[せいせき]が 上[あ]がりました。;Les notes ont augmenté.;2109
女王[じょおう];それは、女王のいすです。;C'est le fauteuil de la reine.;2111
優れる[すぐれる];彼は非常に優れた選手です。;Il est un joueur extrêmement talentueux.;2112
入場[にゅうじょう];せんしゅ の にゅうじょう です;Les athlètes défileront.;2113
ちゃんと;朝食[ちょうしょく]はちゃんと食[た]べましたか。;Avez-vous pris un bon petit déjeuner ?;2114
城[しろ];今回[こんかい]の 旅行[りょこう]ではヨーロッパの 城[しろ]を 見[み]て 回[まわ]ります。;Je vais visiter quelques châteaux européens lors de ce voyage.;2118
決心[けっしん];今度[こんど]こそタバコをやめる決心[けっしん]をしました。;Je suis déterminé à arrêter de fumer cette fois.;2129
化粧[けしょう];彼女[かのじょ]は 化粧[けしょう]が 上手[うま]い。;Elle est douée en maquillage.;2131
ビール;夏[なつ]はビールがとても 美味[おい]しい。;La bière a vraiment un bon goût en été.;2133
通り過ぎる[とおりすぎる];私[わたし]はその 暗[くら]い 道[みち]を 通[とおりす]り 過[か]ぎた。;Je suis passé dans la rue sombre.;2134
一回[いっかい];もう一回、言ってください。;S'il vous plaît, dites-le une fois de plus.;2138
チーム;彼[かれ]はチームの 一員[いちいん]です。;Il est membre de l'équipe.;2144
伺う[うかがう];お 話[はな]しを 伺[うかが]いたいのですが。;Je veux entendre votre histoire.;2146
家具[かぐ];家具[かぐ]の 配置[はいち]を 変[か]えました。;J'ai changé la disposition des meubles.;2158
袋[ふくろ];袋[ふくろ]は 要[い]りません。;Le sac n'est pas nécessaire.;2169
噂[うわさ];その 噂[うわさ]は 本当[ほんとう]ですか。;La rumeur est-elle vraie ?;2172
ワイン;ワインを 少[すこ]し 飲[の]みました。;J'ai bu un peu de vin.;2176
ゲーム;私[わたし]たちはビデオゲームをした。;Nous avons joué à un jeu vidéo.;2188
暮らし[くらし];彼女[かのじょ]は 毎日[まいにち]の 暮[く]らしを 楽[たの]しんでいますね。;Elle profite de sa vie quotidienne.;2191
判断[はんだん];アルコールを飲むと、判断力がなくなる。;Quand on boit de l’alcool, la capacité de jugement disparaît.;2192
奪う[うばう];その 男[おとこ]は 彼女[かのじょ]のバッグを 奪[うば]ったぞ。;L'homme a volé son sac.;2199
集まり[あつまり];ごく 内輪[うちわ]の 集[あつ]まりなのです。;C'est une réunion plutôt informelle.;2205
明かり[あかり];へや の あかり を つけましょう;Allumons la lumière de la pièce. Il n'y avait qu'une petite bougie dans la pièce.;2218
ボール;彼[かれ]はボールを 投[な]げた。;Il a lancé la balle.;2221
サービス;この 店[みせ]はサービスがいい。;Dans ce magasin, le service est bon.;2226
強盗[ごうとう];父[ちち]は 強盗[ごうとう]と 取っ組み合[とっくみあ]いをした。;Mon père s'est battu contre le voleur.;2233
愛[あい];これまでに男の人を愛したことがありますか。;Avez-vous déjà aimé un homme ?;2234
設備[せつび];この 研究所[けんきゅうじょ]には 最新[さいしん]の 設備[せつび]が 揃[そろ]っています。;Ce laboratoire dispose des équipements les plus récents.;2235
価値[かち];とても 価値[かち]のある 話[はなし]を 聞[き]いたよ。;J'ai entendu une histoire méritante.;2236
孫[まご];昨日[きのう]、 孫[まご]が 生[う]まれました。;Mon petit-fils est né hier.;2238
奥様[おくさま];社長[しゃちょう]の 奥様[おくさま]はきれいな 方[かた]です。;La femme du président est une belle femme.;2240
引退[いんたい];好[す]きなラグビー 選手[せんしゅ]が 引退[いんたい]してしまった。;L'un des joueurs de rugby que j'aimais a pris sa retraite.;2242
休暇[きゅうか];今度[こんど]の 休暇[きゅうか]にフィリピンに 行[い]きます。;Je vais aux Philippines pour mes prochaines vacances.;2246
汗[あせ];彼[かれ]は 額[ひたい]に 汗[あせ]をかいていたの。;Son front était en sueur.;2248
まあ;まあこれでいいだろう。;Eh bien, cela ira, je suppose.;2249
悪戯[いたずら];その 子[こ]は悪戯[いたずら]が 大[だい]好[す]きだ。;Ce gamin adore jouer des tours.;2253
燃える[もえる];山[やま]が 燃[も]えています。;La montagne est en train de brûler !;2255
ダンス;彼女[かのじょ]はダンスが 大好[だいす]きです。;Elle adore danser.;2256
成功[せいこう];あなたのプロジェクトの成功を願っています。;Je vous souhaite du succès dans votre projet.;2260
避ける[さける];彼女[かのじょ]は 昨日[きのう]から 私[わたし]のことを 避[さ]けているようなんだ。;Elle semble m'avoir évité depuis hier.;2263
種[たね];プランターにトマトの種[たね]を 蒔[ま]きました 。;J'ai planté des graines de tomates dans la jardinière.;2264
依頼[いらい];イラストレーターに、 絵[え]を 描[えが]くように依頼[いらい]しました。;J'ai demandé à l'illustrateur de me faire un dessin.;2265
詰める[つめる];かばんに 荷物[にもつ]を 詰[つ]めました。;J'ai emballé mes affaires dans le sac.;2268
通信[つうしん];弟は通信で勉強しています。;Mon jeune frère étudie par correspondance.;2272
恐れる[おそれる];かれ は じゅけん の しっぱい を おそれて います;Il s'inquiète d'échouer à l'examen. Je n'ai peur de rien sauf de devenir aveugle.;2273
管理人[かんりにん];"マンション[;a] に は いつも[;a] 管理人[かんりにん;h,n3] さん が います[,います;k2] 。";Il y a toujours un gardien dans mon immeuble en copropriété.;2274
署名[しょめい];書類をよく読んで、署名をしてください。;Veuillez lire attentivement le document et le signer.;2276
セット;このメニューはサラダと 飲[の]み 物[もの]がセットになっています。;Pour ce menu, une salade et une boisson deviennent un ensemble.;2280
きつい;このシャツは 少[すこ]しきついです。;Cette chemise est un peu serré.;2285
頂上[ちょうじょう];富士山の頂上は夏でさえ寒い。;Le sommet du mont Fuji est froid même en été.;2286
適度[てきど];健康[けんこう]のため、 適度[てきど]な 運動[うんどう]が 必要[ひつよう]です。;De léger exercices modéré sont nécessaires pour votre santé.;2288
熱中[ねっちゅう];彼女は今テニスに熱中している。;Elle est vraiment passionnée de tennis en ce moment.;2291
入力[にゅうりょく];名前を入力して。;Veuillez saisir votre nom.;2295
契約[けいやく];その 選手[せんしゅ]は 新[あたら]しいチームと 契約[けいやく]した。;Le joueur a signé un contrat avec une nouvelle équipe.;2298
ビデオ;私[わたし]はその 番組[ばんぐみ]をビデオに 撮[と]った。;J'ai enregistré ce programme en vidéo.;2299
金属[きんぞく];アルミニウムは金属の一種です。;L'aluminium est un type de métal.;2300
速い[はやい];かれ は はしる の が はやい;Il court vite.;2304
食品[しょくひん];食品[しょくひん]は 日曜日[にちようび]にまとめて 買[か]います。;J'achète ma nourriture en une fois le dimanche.;2305
叩く[たたく];かれ は こども の おしり を たたいた;Il a giflé son enfant sur les fesses.;2307
チャンス;これは 素晴[すば]らしいチャンスだ。;C'est une chance inéspérée.;2309
選択[せんたく];彼女は、仕事か恋人かの選択に迷った。;Elle a hésité dans le choix entre le travail et son petit ami.;2312
安定[あんてい];公務員は安定した仕事だ。;Le travail de fonctionnaire est un emploi stable.;2316
ジュース;このジュースは 甘[あま]すぎる。;Ce jus est trop sucré.;2317
否定[ひてい];彼女はお金を盗んだことを否定しています。;Elle nie avoir volé l'argent.;2318
もう一つ[もうつひとつ];もう一つソフトクリームを食べようかな。;Je crois que je vais prendre une autre glace molle.;2320
毒[どく];そこをどいてください。;Veuillez vous déplacez s'il vous plait.;2322
クリスマス;クリスマスにはケーキを 食[た]べます。;Nous mangeons du gâteau à Noël.;2334
メンバー;グループのメンバーは１０ 人[にん]です。;Il y a 10 membres dans le groupe.;2344
伝統[でんとう];国によって、いろいろな伝統があります。;Différents pays ont des traditions différentes.;2345
気候[きこう];日本[にっぽん]の 気候[きこう]は 温暖[おんだん]です。;Le climat au Japon est tempéré.;2347
きちんと;問題[もんだい]についてきちんと 話[はな]し 合[あ]ったよ。;We discussed the problem thoroughly.;2349
栄養[えいよう];豆腐[とうふ]は 栄養[えいよう]のある 食[た]べ 物[もの]です。;Le tofu est un aliment nutritif.;2353
プロ;彼[かれ]はスケートのプロです。;C'est un patineur professionnel.;2356
車内[しゃない];車内[しゃない]に 忘[わす]れ 物[もの]があったよ。;Il restait quelque chose dans la voiture.;2358
鍋[なべ];鍋[なべ]にスープが 入[はい]っているよ。;Il y a de la soupe dans la casserole.;2364
さて;さて、順番に並べましたか。;Bon, les avez-vous alignés dans l’ordre ?;2369
エンジン;車[くるま]のエンジンが 調子[ちょうし] 悪[わる]い。;Le moteur de la voiture est en mauvais état.;2375
平等[びょうどう];あの 先生[せんせい]は 生徒[せいと]をみな 平等[びょうどう]に 扱[あつか]います。;Cet enseignant traite tous les élèves de façon égale.;2377
精々[せいぜい];どんなに 頑張[がんば]っても、せいぜい３ 位[い]くらいにしかなれないだろうな。;No matter how hard I try, I can probably get third place at best.;2379
表す[あらわす];私[わたし]たちは 万歳[ばんざい]をして 喜[よろこ]びを 表[あらわ]しました。;Nous avons exprimé notre joie en levant nos bras au ciel.;2383
ドラマ;私[わたし]はドラマを 見[み]るのが 好[す]きです。;J'aime regarder des séries TV.;2385
独身[どくしん];私[わたし]の 兄[あに]はまだ 独身[どくしん]です。;Mon grand frère est toujours célibataire.;2393
首相[しゅしょう];今[いま]の首相[しゅしょう]はあまり 力[ちから]がない。;Le premier ministre actuel n'a pas beaucoup de pouvoir.;2394
プラス;この けいけん は あなた に とって ぷらす に なる でしょう;Cette expérience sera une bonne chose pour vous.;2396
餌[えさ];毎日[まいにち] 金魚[きんぎょ]に 餌[えさ]をやります。;Je nourris mon poisson rouge tous les jours.;2399
姉妹[しまい];うちは３ 人[にん] 姉妹[しまい]です。;Nous sommes trois sœurs.;2403
急激[きゅうげき];その 党[とう]は 急激[きゅうげき]にのびた。;Le parti a gagné rapidement le terrain.;2405
芸術[げいじゅつ];ここは 芸術[げいじゅつ]を 愛[あい]する 国[くに]です。;C'est un pays qui valorise l'art.;2409
２、３日[にち];わたしたち は せんげつ じゅういち にち に けっこん しました;Nous nous sommes mariés le mois dernier le 11.;2410
エネルギー;若者[わかもの]たちはエネルギーにあふれていますね。;Les jeunes sont toujours plein d'énergie.;2413
酔う[よう];みんなかなり 酔[よ]っていたの。;Tout le monde était ivre.;2416
瓶[びん];"瓶[びん]ビールを 注文[ちゅうもん]した。;h] 瓶[びん;a] に 何[なに;a]が 入[はい,はいる;k1]って います[,います;k2] か 。";J'ai commandé une bouteille de bière.;2417
叱る[しかる];父親[ちちおや]が 子供[こども]を 叱[しか]っている。;Le père gronde son enfant.;2419
検査[けんさ];大きな病院で検査した方がいいですよ。;Il vaudrait mieux se faire tester dans un plus grand hôpital.;2422
範囲[はんい];知[し]っている 範囲[はんい]で 教[おし]えてください。;Dites-nous tout ce que vous savez.;2424
パス;彼[かれ]が 試験[しけん]にパスしたのは 不思議[ふしぎ]ではない。;Il n'est pas étonnant qu'il ait réussi l'examen.;2425
支店[してん];彼[かれ]は 支店[してん]に 転勤[てんきん]したよ。;Il a été transféré à l'une des succursales.;2426
県[けん];千葉[ちば]県[けん]は 東京[とうきょう]にあります;La préfecture de Chiba se trouve à Tokyo.;2427
缶[かん];コーヒーはその 缶[かん]に 入[はい]っています。;Le café est contenu dans cette canette.;2428
慎重[しんちょう];もういちど しんちょう に みなおしましょう;Examinons-le à nouveau attentivement.;2429
途端[とたん];高速に乗ったとたんに、タイヤがパンクした。;À peine monté sur l’autoroute, le pneu a crevé.;2430
額[ひたい];ひたい に あせ を かいた よ;Son front était couvert de sueur.;2431
スイッチ;暗[かる]いのでスイッチを 押[お]して。;Puisqu'il fait sombre, appuyez sur l'interrupteur.;2432
不利[ふり];かれ は いま ふり な たちば に います;Il est désavantagé maintenant.;2433
近頃[ちかごろ];ちかごろ かのじょ の ようす が おかしい;Elle se comporte étrangement ces jours-ci.;2434
改善[かいぜん];改善のため今も研究は続いている。;Des recherches sont toujours en cours pour des améliorations.;2435
デート;でーと で ゆうえんち に いきました;Je suis allé à un parc pour un rendez-vous amoureux.;2436
雇う[やとう];あたらしい しゃいん を やといました;Nous avons embauché un nouveau membre du personnel.;2437
チーズ;ちーず を ひときれ たべました;J'ai mangé une tranche de fromage.;2438
直ちに[ただちに];ただちに かいしゃ に もどって ください;Veuillez retourner au bureau immédiatement.;2439
スター;彼[かれ]はそのときスターだったよ。;Il était une star à l'époque.;2440
政府[せいふ];その デモ に ついて せいふ は なにも しなかった;Le gouvernement n'a rien fait contre la manifestation.;2441
婦人[ふじん];ふじんふく うりば は 5 かい で ございます;Le rayon vêtements pour dames se trouve au cinquième étage.;2442
印刷[いんさつ];ねんがじょう を いんさつ した の;J'ai imprimé les cartes du Nouvel An.;2443
略[ほぼ];しごと が ほぼ おわりました;Mon travail est presque terminé.;2444
婚約[こんやく];二人[ふたり]は 婚約[こんやく]しています。;Les deux personnes sont fiancées.;2445
書物[しょもつ];かれ は しょもつ に かこまれて せいかつ して いる の;Il vit entouré de livres.;2446
センター;この せんたー で こうじょう ぜんたい を かんり して います;Toute l'usine est gérée à partir de ce centre.;2447
招く[まねく];りょうしん を しょくじ に まねいた;J'ai invité mes parents à un repas.;2448
公平[こうへい];しょうきん を もらったら こうへい に わけましょう;Si nous gagnons le prix, partageons-le équitablement.;2449
警告[けいこく];くるま に ちゅうしゃ いはん の けいこく を はられました;Un ticket de parking était collé sur la voiture.;2450
候補[こうほ];かいちょう の こうほ は さんにん います;Il y a trois candidats à la présidence.;2451
納得[なっとく];彼の説明で納得できました。;Grâce à son explication, j’ai pu être convaincu.;2452
今にも[いまにも];今[いま]にも 雨[あめ]が 降[ふ]りそうですね。;On dirait qu'il va pleuvoir à tout moment.;2453
友情[ゆうじょう];かれら は つよい ゆうじょう で むすばれて いる な;Ils sont liés par une forte amitié.;2454
健康[けんこう];わたし は けんこう な せいかつ を おくって います;Je mène une vie saine.;2455
演奏[えんそう];彼女[かのじょ]のピアノの 演奏[えんそう]は 素晴[すば]らしいね。;Ses performances au piano sont merveilleuses.;2456
劇場[げきじょう];ごご はちじ に げきじょう の まえ で あいましょう;Rendez-vous devant le théâtre à 20h00.;2457
ヨーロッパ;ヨーロッパにいる 間[あいだ]に 僕[ぼく]はパリを 見[み]ました。;J'ai vu Paris, quand j'étais en Europe.;2458
針[はり];よく 見[み]たら、 時計[とけい]の 針[はり]が１２ 時[じ]を 指[さ]してるよ。;Maintenant que je regarde de plus près, je peux voir les aiguilles d'horloge pointant vers 12.;2459
記入[きにゅう];こちら に おなまえ を ご きにゅう ください;Veuillez saisir votre nom ici.;2460
強調[きょうちょう];先生が大事なところを何度も強調した。;L’enseignant a souligné à plusieurs reprises les points importants.;2461
修正[しゅうせい];けんとう の けっか あん を しゅうせい した よ;Nous avons ajusté le plan à la suite de nos délibérations.;2462
キャンプ;友達[ともだち]とキャンプに 行[い]った。;Je suis allé camper avec mon ami.;2463
羽[はね];小とりは、羽をパタパタうごかしました。;Le petit oiseau battit des ailes.;2464
退屈[たいくつ];こうちょう の たいくつ な はなし が つづいた ん だ よ;La conversation ennuyeuse du principal continuait.;2465
飽きる[あきる];その 子[こ]はおもちゃに 飽[あ]きたようだね。;L'enfant semble avoir été lassé du jouet.;2466
宅[たく];今日、宅配便でラクダが届いた。;Le chameau a été livré par la société de livraison express à domicile aujourd'hui.;2467
教科書[きょうかしょ];にほんご の きょうかしょ を わすれた;J'ai oublié mon manuel de japonais.;2468
ミス;みす は だれ に で も あります;Tout le monde fait des erreurs.;2469
不自由[ふじゆう];かれ は ふじゆう な くらし に なれた よう だ ね;Il semble qu'il se soit habitué à son mode de vie restreint.;2470
増加[ぞうか];しま の じんこう は ねんねん ぞうか して います;La population de l'île augmente chaque année.;2471
トラック;トラックを 運転[うんてん]できますか。;Pouvez-vous conduire un camion?;2472
定期[ていき];ていきえんそうかい は ねん に 4 かい あります;Il y a des concerts réguliers quatre fois par an.;2473
握手[あくしゅ];かれら は あくしゅ を した;Ils se sont serré la main.;2474
悲しむ[かなしむ];ちち は ともだち の し を かなしんで います;Mon père est en deuil à cause de la mort de son ami.;2475
読書[どくしょ];わたし の しゅみ は どくしょ です;Mon passe-temps est la lecture.;2476
大戦[たいせん];たいせん で おおく の ひと が なくなりました;Beaucoup de gens sont morts dans les guerres mondiales.;2477
ホーム;もうすぐこのホームに 電車[でんしゃ]が 来[き]ます。;Le train arrivera bientôt sur ce quai.;2478
既に[すでに];その こと は すでに みんな しって います;Tout le monde le sait déjà.;2479
苦痛[くつう];わたし は ひとまえ で はなす こと が くつう です;C'est douloureux pour moi de parler devant d'autres personnes.;2480
係[かかり];かのじょ は かいじょう せいり の かかり だった の;Elle était responsable de l'aménagement de la salle.;2481
友[とも];もつべき もの は とも よ ね;La chose importante à garder, ce sont les amis.;2482
有利[ゆうり];しかく が ある と しゅうしょく に ゆうり です;Il est avantageux d'avoir des qualifications lors de la recherche d'emploi.;2483
叫ぶ[さけぶ];かのじょ は たすけ を もとめて おおごえ で さけんだ の;Elle a crié à l'aide.;2484
一段[いちだん];一段飛ばしで階段を駆け上った。;J'ai monté les escaliers en courant, en sautant une marche à la fois.;2485
金庫[きんこ];ほてる の きんこ に きちょうひん を いれた よ;J'ai mis mes objets de valeur dans le coffre-fort de l'hôtel.;2486
握る[にぎる];しょうじょ は ははおや の て を にぎった;La jeune fille serra la main de sa mère.;2487
急速[きゅうそく];コンピューターは きゅうそく 急速な しんか 進化を と 遂げた。;Les ordinateurs ont fait de rapides progrès.;2488
微妙[びみょう];かれ は かいしゃ で びみょう な たちば に あります;Il occupe une position délicate dans l'entreprise.;2489
医療[いりょう];いりょう かんけい の しごと を して います;Je travaille dans le domaine de la santé.;2490
布[ぬの];この ぬの は かーてん に つかえます;Ce tissu peut être utilisé pour les rideaux.;2491
祝い[いわい];お 祝[いわ]いにばらの 花[はな]束[たば]を 贈[おく]りました。;Je lui ai offert un bouquet de roses pour une fête.;2492
命じる[めいじる];きゅう に しゅっちょう を めいじられました;J'ai été soudainement envoyé en voyage d'affaires.;2493
保証[ほしょう];彼女[かのじょ]の 誠実[せいじつ]さは 私[わたし]が 保証[ほしょう]します。;Vous avez ma garantie sur sa sincérité.;2494
バッグ;私[わたし]は 黒[くろ]いバッグを 持[も]っています。;Je possède un sac noir.;2495
進学[しんがく];かのじょ は らいねん だいがく に しんがく する;Elle entrera à l'université l'année prochaine.;2496
マイク;かのじょ は まいく を もって はなしはじめた の;Elle prit le micro et commença à parler.;2497
トップ;かれ は とっぷ の せいせき で ごうかく しました;Il a réussi avec le meilleur score.;2498
今に[いまに];あなた も いまに わかる でしょう;Vous comprendrez un jour.;2499
金曜[きんよう];よく覚えていないのですがたしか先週の金曜日だったと思います。;Je ne me souviens plus exactement, mais je crois que c'était vendredi dernier.;2500
服装[ふくそう];その ぱーてぃー は かじゅある な ふくそう で だいじょうぶ です;C'est bien de porter des vêtements décontractés à la fête.;2501
大気[たいき];大気おせんマップを毎日チェックしています。;Je vérifie la carte de la pollution atmosphérique tous les jours.;2502
読み[よみ];はは に よみかき を ならいました;J'ai appris à lire et à écrire avec ma mère.;2503
月曜[げつよう];彼は来週月曜日にもう一度会を開いてはどうかと提案した。;Il a suggéré que nous nous revoyions lundi prochain.;2504
吸収[きゅうしゅう];かれ は ちしき の きゅうしゅう が はやい です ね;Il absorbe rapidement les connaissances.;2505
タオル;私[わたし]はタオルで 顔[かお]をふいた。;J'ai essuyé mon visage avec une serviette.;2506
訪問[ほうもん];らいしゅう つま の じっか を ほうもん します;La semaine prochaine, nous visiterons la maison familiale de ma femme.;2507
失望[しつぼう];かのじょ は けっこん せいかつ に しつぼう して いた の;Elle a trouvé la vie conjugale décevante.;2508
評判[ひょうばん];新しく出版された雑誌は、評判がいい。;Le magazine récemment publié jouit d'une bonne réputation.;2509
礼儀[れいぎ];かのじょ は れいぎ が み に ついて います;Elle est accomplie dans l'étiquette.;2510
代金[だいきん];3人分の代金は計6000円です。;Le prix total pour 3 personnes est de 6 000 yens.;2511
スキー;冬[ふゆ]はよくスキーに 行[い]きます。;Je vais souvent skier en hiver.;2512
帯[おび];この おび は なが すぎます;Cette ceinture est trop longue.;2513
飼う[かう];ぺっと を かった こと は あります か;As tu déjà eu un animal de compagnie?;2514
休憩[きゅうけい];このあと、10分休憩を取ります。;Après cela, nous ferons une pause de 10 minutes.;2515
列車[れっしゃ];れっしゃ が ほーむ に はいって きた;Le train est arrivé à quai.;2516
幼い[おさない];かのじょ に は おさない むすこ が います;Elle a un petit fils.;2517
カー;サッカーをしますか、それともラグビー？;Tu joues au football ou au rugby ?;2518
経由[けいゆ];めーる を けいゆ して ひろがる うぃるす も あります;Il existe même des virus qui se propagent par e-mail.;2519
損[そん];ぱちんこ で 5000 えん そん しました;J'ai perdu 5 000 yens au pachinko.;2520
スープ;母[はは]がコーンスープを 作[つく]っている。;Ma mère a préparé de la soupe de maïs.;2521
抵抗[ていこう];はんにん は けいさつ に ていこう した の;Le criminel a résisté à la police.;2522
麺[めん];二人[ふたり]は 面[めん]と 向[む]かった。;Ils se sont mis face à face.;2526
火曜[かよう];兄はシカゴからたいてい火曜の夜に私に電話をかけてくる。;Mon frère m'appelle généralement de Chicago le mardi soir.;2527
宝[たから];とみ 富は いっしょう 一生の たから 宝、 ち 知は ばんだい 万代の たから 宝。;La sagesse est meilleure que l'or ou l'argent.;2528
ケース;この けーす に は CD が 50 まい はいります;50 CD rentreront dans cette mallette.;2531
煙[けむり];煙突[えんとつ]から 煙[けむり]がまっすぐ 上[あが]っていたの。;La fumée montait tout droit de la cheminée.;2534
そっくり;あの おやこ は そっくり だ ね;Ce parent et cet enfant se ressemblent.;2539
快適[かいてき];快適な椅子に座ると、勉強しやすくなります。;S'asseoir sur une chaise confortable facilite l'étude.;2540
筋肉[きんにく];水泳[すいえい]は 筋肉[きんにく]を 発達[はったつ]させる。;La natation développe nos muscles.;2547
財産[ざいさん];彼女の財産はどのくらいあるんだろう。;Je me demande combien de biens elle possède.;2549
論文[ろんぶん];論文[ろんぶん]を 仕上[しあ]げないと 卒業[そつぎょう]できませんよ。;Vous ne pouvez pas obtenir votre diplôme si vous ne terminez pas votre thèse.;2550
障害[しょうがい];まずは 障害[しょうがい]を 取[と]り 除[のぞ]いてから 計画[けいかく]を 進[すす]めよう。;Supprimons d'abord les obstacles avant de dérouler le plan.;2551
バイク;兄[あに]はバイクが 大好[だいす]きです。;Mon frère aîné aime les motos.;2553
土曜[どよう];あなたは、来週の土曜日までに論文を提出すべきです。;Vous devez soumettre votre article d'ici samedi prochain.;2555
撃つ[うつ];かれ は けんじゅう で うたれた わ;Il a été abattu avec une arme de poing.;2556
質[しつ];お茶[おちゃ]の 質[しつ]は 下[さ]がりつつある。;La qualité du thé diminue.;2560
コード;こーど が みじかく て こんせんと に とどきません;Le cordon est trop court pour atteindre la prise.;2565
スタイル;彼女[かのじょ]はモデルのようにスタイルがいいね。;Avec sa belle silhouette, elle a un style qui ressemble à un mannequin.;2568
岩[いわ];あの いわ まで およごう;Nagons jusqu'à ce rocher.;2569
幸福[こうふく];かのじょ は こうふく な ひび を すごして いる わ;Elle mène une vie heureuse.;2570
札[さつ];彼[かれ]はカバンから 札[さつ]の 束[たば]を 取[と]り 出[だ]したんだ。;Il a sorti une liasse de billet de son sac.;2573
輝く[かがやく];彼女[かのじょ]の 瞳[ひとみ]は 喜[よろこ]びで 輝[かがや]いていますね。;Ses yeux brillent de joie.;2575
グラス;これ は きれい な ぐらす です ね;C'est un beau verre.;2576
監督[かんとく];彼は有名な映画監督だ。;C'est un célèbre réalisateur.;2578
描く[かく];うちのロゴを違う色でも描いてみてもらえますか。;Pouvez-vous dessiner notre logo avec différentes couleurs?;2580
水色[みずいろ];箱[はこ]に 水色[みずいろ]のリボンがかかっていたの。;Un ruban bleu clair était attaché autour de la boîte.;2581
芝居[しばい];歌舞伎の芝居を見にいきました。;Je suis allé voir une pièce de Kabuki.;2582
ノー;ケイトは歴史の講義を丹念にノートにとった。;Kate prenait des notes méticuleusement pendant ses cours d'histoire.;2585
紐[ひも];靴の紐は自分で結べるよね。;Vous pouvez attacher vos lacets vous-même.;2587
束[たば];これは 1束[ひとたば] 300 円[えん]です。;Cela représente 300 yens par paquet.;2588
クリーム;わたし は あらいもの を した あと て に くりーむ を ぬります;Je mets de la crème pour les mains après avoir fait la vaisselle.;2590
学習[がくしゅう];動機付けというのは、学習過程に影響する因子のひとつです。;La motivation est l'un des facteurs qui influencent le processus d'apprentissage.;2592
宝石[ほうせき];私[わたくし]が 一番[いちばん]好[す]きな宝石[ほうせき]はダイヤモンドなの。;Mon bijou préféré est le diamant.;2593
遅刻[ちこく];遅刻して先生にしかられた。;J'étais en retard et je me suis fait gronder par le professeur.;2594
ミルク;赤[あか]ちゃんにミルクをあげた。;J'ai nourri le bébé avec du lait.;2595
絵画[かいが];来年[らいねん]は、 絵画[かいが] 教室[きょうしつ]に 通[かよ]うつもりだ。;L'année prochaine, j'ai l'intention d'assister à un cours de peinture.;2596
マスター;外国[がいこく] 語[ご]をマスターするのは 大変[たいへん]だ。;Il est difficile de maîtriser les langues étrangères.;2597
留守番[るすばん];わたし は るすばん の もの です;Je m'occupe de la maison.;2598
谷[たに];その むら は ふかい たに に ある の;Le village est dans une vallée profonde.;2599
キャプテン;高校[こうこう]３ 年[ねん]の 時[とき]、キャプテンだった。;Quand j'étais en troisième année de lycée, j'étais capitaine.;2600
ドライブ;今日[きょう]は 群馬[ぐんま]までドライブしました。;Aujourd'hui, j'ai roulé jusqu'à Gunma.;2601
支払い[しはらい];彼[かれ]は 借金[しゃっきん]の 支払[しはら]いを 要求[ようきゅう]した。;Il a exigé le paiement de la dette.;2603
ぴったり;かぜ が ぴたりと やんだ ね;Le vent s'est soudainement calmé.;2604
行けない[いけない];今は行けないんだ。;Je ne peux pas y aller maintenant.;2605
アルバム;私[わたし]は 彼[かれ]のアルバムを 見[み]た。;J'ai vu son album.;2610
ゴール;マラソンで、５ 時間[じかん]かかってゴールした。;Au marathon, il a fallu cinq heures pour arriver au but.;2612
豊富[ほうふ];その 国[くに]は 石油[せきゆ]が豊富[ほうふ]である。;Le pétrole est abondant dans ce pays.;2617
トン;戦争が始まったとき、トムはボストンにいた。;Tom était à Boston lorsque la guerre a éclaté.;2618
たっぷり;たっぷりとマッサージしてもらいました。;I got a full massage.;2620
バカ;バカな質問していい？;Puis-je poser une question bête ?;2622
こんなに;こんなに 面白[おもしろ]い 本[ほん]は 初[はじ]めて 読[よ]んだ。;C'est la première fois que j'ai lu un livre aussi intéressant.;2624
のんびり;休みの日は家でのんびり過ごします。;Les jours de repos, je passe tranquillement mon temps à la maison.;2625
アウト;チェックアウト・タイムは何時ですか。;À quelle heure se fait le départ ?;2628
だって;うん。起きるの早いんだって。;Ouais. Il a dit qu'il se levait tôt.;2629
鉄道[てつどう];我々[われわれ]は 鉄道[てつどう] 施設[しせつ]の 契約[けいやく]をした。;Nous avons signé un pour construire un chemin de fer.;2633
欠点[けってん];欠点[けってん]のない 人間[にんげん]はいません。;Tout le monde a des failles.;2634
修理[しゅうり];それはまだ修理されていません。;Cela n'a pas encore reçu de réparation.;2637
ママ;まま に きいて みよう;Demandons à maman.;2639
故郷[ふるさと];この景色を見ると、懐かしい生まれ故郷の町を思い出すよ。;Ce paysage me rappelle ma ville natale bien-aimée.;2640
冒険[ぼうけん];昔の子供たちは冒険小説をよく読みました。;Autrefois, les enfants lisaient souvent des romans d’aventures.;2642
済ませる[すませる];ひるごはん は かんたん に すませましょう;Allons un petit déjeuner rapide;2643
いえ;いいえ、辛くないです。;Non, ce n'est pas épicé.;2647
クラシック;彼女[かのじょ]はクラシック 音楽[おんがく]が 好[す]きです。;Elle aime la musique classique.;2649
うまい;彼は歌を歌うのがうまい。;Il chante bien.;2651
バン;そのバンドはただいまお休みです。;Ce groupe est actuellement en pause.;2652
さっぱり;かのじょ の いって いる こと が さっぱり わからない の;Je ne comprends pas du tout ce qu'elle dit.;2658
陸[りく];ウミガメが 陸[りく]に 上[あ]がってきたんだ。;Les tortues de mer sont arrivées sur terre.;2663
真逆[まさか];まさか 車[くるま]が 当[あ]たるとは 思[おも]わなかった。;Je n'ai jamais imaginé que je gagnerais une voiture.;2669
尻[しり];大きな集団の尻につくより頭になれ。;Devenez le leader d'un grand groupe plutôt que de suivre ses suiveurs.;2670
物価[ぶっか];この 国[くに]の 物価[ぶっか]はここ１０ 年[ねん]で 高[たか]くってなったね。;Les prix dans ce pays sont devenus chers au cours des 10 dernières années.;2675
貧しい[まずしい];彼[かれ]は 貧[まず]しい 家庭[かてい]で 育[そだ]ったんだ。;Il a grandi dans une famille pauvre.;2676
咳[せき];咳[せき]が 止[と]まらないので 病院[びょういん]に 行[い]ってきたの。;Je suis allé à l'hôpital parce que ma toux ne s'arrêtait pas.;2682
そっと;ははおや は むすめ の かみ を そっと なでた の;La mère tapota tranquillement les cheveux de sa fille.;2683
あんなに;あんなにいい 人[ひと]はいません。;Je n'ai jamais vu une personne d'aussi bon cœur.;2684
絶滅[ぜつめつ];その動物は絶滅の危機に瀕している。;Cet animal est en voie d'extinction.;2686
発明[はつめい];その学校は、多くの発明家を送り出している。;Cette école a formé de nombreux inventeurs.;2690
ようこそ;にっぽん へ ようこそ;Bienvenue au Japon.;2691
だが;彼にはよくあることだが、夜遅くまで起きている。;Comme à son habitude, il reste éveillé tard dans la nuit.;2693
設計[せっけい];庭を設計するのが彼の仕事です。;Son travail consiste à concevoir le jardin.;2694
ぼんやり;かれ は とおく を ぼんやり みて いた の;Il regarda vaguement au loin.;2695
ピン;かのじょ は いつも かみ を ぴん で とめて いる ね;Elle tient toujours ses cheveux avec des épingles.;2699
穏やか[おだやか];海[うみ]は 穏[おだ]やかに、そしてなめらかに 見[み]える。;La mer a l'air calme et lisse.;2700
作曲[さっきょく];この曲は誰が作曲したのですか。;Qui a composé cette chanson ?;2702
勧める[すすめる];すすめられて ほしく も ない もの を かっちゃった よ;Sur les conseils de quelqu'un, j'ai fini par acheter quelque chose dont je ne voulais pas.;2706
資本[しほん];ベンチャー・キャピタル、いわゆる冒険資本が不足するには、訳があります。;Il y a une raison à la pénurie de capital-risque.;2707
僅か[わずか];彼[かれ]はわずかな 貯金[ちょきん]で 暮[く]らしている。;Il vit sur ses piètres économies.;2710
こうやって;普段はこうやって魚を料理してるんだよ。;Voici comment je cuisine habituellement le poisson.;2711
東北[とうほく];東北で、ボランティアをしていました。;Je faisais du bénévolat à Tohoku.;2712
いらっしゃい;「早くいらっしゃい、ビル」「はい、おかあさん」;"""Viens vite, Bill."" ""Oui, maman.""";2716
金銭[きんせん];金銭のトラブルには関わりたくありません。;Je ne veux pas m'impliquer dans des problèmes financiers.;2717
木曜[もくよう];木曜日より金曜日に来ていただきたいのですが。;Je préférerais que vous veniez vendredi plutôt que jeudi.;2718
オフィス;ジャックと私は、土曜日は交代でオフィスで働くことに同意した。;Jack et moi avons convenu de travailler à tour de rôle au bureau le samedi.;2719
誇り[ほこり];この 部屋[へや]はほこりだらけですね。;Cette pièce est recouverte de poussière.;2720
尤も[もっとも];日本語を話せます。もっとも、少しだけですが。;Je peux parler japonais. Cependant, seulement un peu.;2722
象[ぞう];象[ぞう]に 乗[の]ってみたいです。;Je veux monter un éléphant.;2732
パスポート;パスポートが 見[み]つからない。;Mon passeport est introuvable.;2746
ロケット;ロケットは今頃には当然月についているはずだ。;La fusée aurait dû atteindre la lune depuis longtemps, bien sûr.;2756
食糧[しょくりょう];食糧の備蓄は十分にあります。;Il existe de nombreuses dispositions d'urgence.;2759
豪華[ごうか];会場[かいじょう]に 豪華[ごうか]な 花[はな]が 飾[かざ]ってあった;De magnifiques fleurs ont été exposées dans le hall.;2761
計る[はかる];このドアの 高[たか]さを 測[はか]ってください。;Veuillez mesurer la hauteur de cette porte.;2763
企業[きぎょう];彼女[かのじょ]はアメリカの 企業[きぎょう]で 働[はたら]いています。;Elle travaille dans une entreprise américaine.;2773
環境[かんきょう];引[ひ]っ 越[こ]して 環境[かんきょう]が 変[か]わりました。;Mon environnement a changé depuis que j'ai déménagé.;2775
追い付く[おいつく];えき で ようやく かれ に おいつきました;Je l'ai finalement rattrapé à la gare.;2786
宿泊[しゅくはく];交通費と宿泊代で、５万円くらいかかる。;Il en coûtera environ 50 000 yens pour le transport et l'hébergement.;2790
小人[しょうにん];５歳[ごさい] 未満[みまん]の 小人[しょうにん]は、 入場料[にゅうじょうりょう]は 要[い]りません。;Il n'y a pas de frais d'admission pour les enfants de moins de cinq ans.;2794
年月[ねんげつ];あれだけのコインを 収集[しゅうしゅう]するのにどれだけの 年月[としつき]がかかりましたか。;Combien de temps a-t-il pris pour collecter autant de pièces de monnaie?;2806
ベンチ;公園[こうえん]のベンチで 本[ほん]を 読[よ]んでいます。;Je lis un livre sur un banc de parc;2808
バイオリン;彼女[かのじょ]はバイオリンを 習[なら]っています。;She's learning the violin.;2809
一台[いちだい];このテレビは、一台四万九千円です。;Ces téléviseurs coûtent quarante-neuf mille yens chacun;2812
横断[おうだん];道路[どうろ]を 横断[おうだん]するときは 注意[ちゅうい]して。;Faites attention lorsque vous traversez la route.;2822
番線[ばんせん];電車[でんしゃ]は １０番線[じゅうばんせん]にあります。;Le train est sur la ligne 10.;2827
火薬[かやく];火薬[かやく]が 爆発[ばくはつ]して 負傷[ふしょう] 者[しゃ]が 出[で]た;La poudre a explosé et certaines personnes ont été blessées.;2831
ダイヤ;これは本物のダイヤでしょう。;C'est un véritable diamant, n'est-ce pas ?;2832
目覚まし時計[めざましどけい];７ 時[じ]に 目覚[めざ]まし 時計[どけい]が 鳴[な]りました。;Le réveil s'éteignit à sept heures.;2843
騒音[そうおん];窓[まど]から 車[くるま]の 騒音[そうおん]が 入[はい]ってきます。;Le bruit des voitures passe par la fenêtre.;2845
お尻[おしり];ずっと 座[すわ]って いたので 、お 尻[しり] が 痛[いた]い です 。;J'étais assis pendant un moment, alors j'ai mal aux fesses.;2846
大家族[だいかぞく];彼は若いが養わなければならない大家族がある。;Il est jeune, mais il a une famille nombreuse à charge.;2849
石油[せきゆ];日本[にっぽん]は 石油[せきゆ]のほとんどを 輸入[ゆにゅう]しています。;Le Japon importe la plus grande partie de son pétrole.;2851
一文字[いちもんじ];女の子は、おこって口を一文字にむすびました。;La fille se fâcha et sa bouche se pinça en une ligne droite.;2852
換える[かえる];車[くるま]のタイヤを 換[か]えた。;J'ai changé les pneus de la voiture.;2859
だけど;「彼女も来る？」「だといいんだけど」;« Elle vient aussi ? » « Je l’espère. »;2860
貯金[ちょきん];今月は赤字だよ。来月から節約しないと貯金が底をついちゃうよ。;Nous sommes dans le rouge ce mois-ci. Si nous ne commençons pas à économiser le mois prochain, nos économies seront épuisées.;2862
九州[きゅうしゅう];九州のりょうりはおいしいです。;La cuisine de Kyushu est délicieuse.;2869
徹夜[てつや];ゆうべは徹夜しました。;ゆうべは徹夜しました。;2872
ユーモア;彼女[かのじょ]はユーモアのセンスがあります。;Elle a le sens de l'humour.;2874
具体[ぐたい];具体的には何すんの。;Que ferez-vous exactement ?;2875
請求[せいきゅう];電話料金の請求書が届いた。;J'ai reçu une facture de téléphone.;2879
いけない;あそこから、写真を撮ってはいけない。;Il ne faut pas prendre de photos depuis là-bas.;2880
盛り[さかり];あの事故が起こったのは夏の盛りでした;Cet accident s’est produit au cœur de l’été.;2883
ウイスキー;ウイスキーが１本あるんだ。;J'ai une bouteille de whisky.;2886
と言う[という];彼が泥棒と言うことが判明した。;Il s'est avéré que c'était un voleur.;2888
二十[はたち];私は彼女とは二十年以上の知り合いである。;Je la connais depuis plus de vingt ans.;2890
入学式[にゅうがくしき];入学式[にゅうがくしき]は 十[じゅう] 時[とき]から 行[おこな]います。;La cérémonie d'entrée aura lieu à 10 heures.;2892
ソファ;ソファーに寝転がってもいい？;Est-ce que je peux m'allonger sur le canapé ?;2893
それと;昨日読んでたのって、フランス語の本？それとも英語の本？;Le livre que vous lisiez hier était-il en français ou en anglais ?;2894
ケチ;彼[かれ]は 金持[かねも]ちだけど、けちね。;He is rich but stingy.;2895
シューズ;ジョギング 用[よう]のシューズは 安[やす]くないな。;Les chaussures de jogging ne sont pas bon marché.;2896
お金持ち[おかねもち];そのおばあさんは彼がお金持ちだと信じている。;La vieille femme croit qu'il est riche.;2898
お目にかかる[おめにかかる];またお目にかかれてうれしいです。;(humble) Je suis content de vous revoir.;2899
にっこり;かのじょ は にっこり ほほえんだ;Elle sourit largement.;2902
製品[せいひん];これらの 製品[せいひん]はヨーロッパで 有名[ゆうめい]です。;Ces produits sont réputés en Europe.;2903
分[ぶ];その 貸付金[かしつけきん]は、８ 分[ぶ]の 利益[りえき]を 生[う]む。;Le prêt porte un intérêt de 8%.;2905
できれば;遅れを取り戻す事ができればよいのに。;J'aimerais que nous puissions rattraper le temps perdu.;2908
とんでもない;仕事中に帰るなんてとんでもない。;Je ne supporte pas de rentrer chez moi pendant le travail.;2909
ハイキング;昨日[きのう]は 友人[ゆうじん]とハイキングに 行[い]きました。;Je suis allé faire de la randonnée avec mon ami hier.;2912
独り[ひとり];彼は独り住居だ。;Il vit seul.;2914
基づく[もとづく];この 物語[ものがたり]は 事実[じじつ]に 基[もと]づいている。;Cette histoire est basée sur des faits.;2915
その内[そのうち];そのうち 一緒[いっしょ]に 仕事[しごと]ができるといいなと 思[おも]っています。;J'espère que nous pourrons bientôt travailler ensemble.;2916
破産[はさん];あの会社は昨年破産しました;Cette entreprise a fait faillite l'année dernière.;2917
奇妙[きみょう];彼から奇妙な話を聞きました;J'ai entendu une histoire étrange de sa part;2918
人ごみ[ひとごみ];彼は人ごみの中をひじでかきわけて進んだ。;Il s'est frayé un chemin à travers la foule en utilisant ses coudes.;2919
唸る[うなる];夕べは３９度の熱があって、ずっと唸っていた。;Le soir, j'avais une fièvre de 39 degrés et je gémissais tout le temps.;2921
十[とお];僕の部屋は狭いっちゃ狭いけど、僕にとっては十分広い。;Ma chambre est petite, mais elle est suffisamment spacieuse pour moi.;2949
ジーンズ;私[わたし]は 日曜日[にちようび]はたいていジーンズをはいている。;Je porte habituellement des jeans le dimanche.;2953
アイスクリーム;アイスクリームを ３つ[みっつ]ください。;Donnez-moi trois glaces, s'il vous plaît.;2954
ピクニック;きょう は ぴくにっく に いきましょう;Allons pique-niquer aujourd'hui.;2955
仕舞う[しまう];彼女[かのじょ]は 大切[たいせつ]な 書類[しょるい]を 机[つくえ]に 仕舞[しま]った。;Elle a mis les documents importants sur son bureau.;2961
おしゃべり;あの男はおしゃべりすぎる。;Cet homme parle trop.;2971
姿[すがた];遠[とお]くに 彼女[かのじょ]の 姿[すがた]が 見[み]えた。;J'ai vu son visage de loin.;2977
無くてはならない[なくてはならない];お父さんに鍵をもらわなくてはならない。;Je dois aller à la banque à 15h30.;2979
ダイナマイト;ダイナマイトが 爆発[ばくはつ]した;La dynamite a explosé.;2981
刈る[かる];オーストラリアで羊の毛を刈った。;Les moutons étaient tondus en Australie.;2983
梅雨[つゆ];天気予報[てんきよほう]によれば、まもなく 梅雨[つゆ]に 入[はい]るそうだ。;Selon les prévisions météorologiques, la saison des pluies commencera incessament sous peu.;2986
然も[しかも];彼女[かのじょ]はインテリで、しかも美人[びじん]ですね。;Elle est intelligente, de plus elle est belle.;2990
一番線[いちばんせん];3番線、ドアが閉まります。ご注意ください。;Les portes du quai 3 se ferment. Soyez prudents.;3000
分[ぶん];君の熱意は十分に伝わったよ。;Votre enthousiasme était très clair.;3003
所謂[いわゆる];これがいわゆるスマートフォンです。;C'est ce que nous appelons un smartphone.;3004
博士[はかせ];彼[かれ]は 物理[ぶつり] 学[がく]の 博士[はかせ]です。;C'est un expert en physique.;3007
不[ふ];私は不平を言わずにはいられない。;Je ne peux m'empêcher de me plaindre.;3010
矢張り[やはり];"Δ il y'a une nuance: après avoir réfléchi ; Δ cette forme est utilisée en discours soutenue. en discour parlé on utilise やぱり    彼[かれ]はやはり 遅刻[ちこく]しました。";Il était en retard, comme prévu.;3015
何が何だか分からない[なにがなんだかわからない];何が何だか分からないよ。;Je ne comprends rien.;3018
無[む];無人機じゃ味気ないだろ。;Les drones, c'est pas amusant, hein ?;3022
図[ず];図[ず]を 描[か]いて 説明[せつめい]しましょう。;Permettez-moi de dessiner un diagramme pour vous expliquer.;3054
修理屋[しゅうりや];この 詩[し]は 誰[だれ]が 書[か]いたのですか。;Par qui ce poème a-t-il été écrit ?;3057
鬼[おに];彼[かれ]は 鬼[おに]のような 人[ひと]だ;Il ressemble à un démon.;3073
桜[さくら];桜[さくら]は 三月[さんがつ]か 四月[しがつ]に 咲[さ]きます。;Les fleurs de cerisier fleurissent en mars ou avril.;3086
カルチャーショック;外国[がいこく]に 行[い]くと 我々[われわれ]は 大抵[たいてい]カルチャーショックを 体験[たいけん]する。;Lorsque nous allons dans un pays étranger, la plupart d'entre nous vivent un choc culturel.;3098
胃[い];昨日[きのう]から 胃[い]が 痛[いた]い。;J'ai mal au ventre depuis hier.;3104
柄[がら];彼[かれ]は 犬[いぬ]の 柄[がら]のＴシャツを 着[き]ているよ。;Il porte un T-shirt avec un chien imprimé dessus.;3134
お電話、代わりました[おでんわかわりました];お電話、代わりました[おでんわかわりました];allô，[nom] est à l’appareil. (après un changement d'interlocuteur);3135
猿[さる];山[やま]で 猿[さる]の 親子[おやこ]を 見[み]ました。;J'ai vu une mère et son enfant singes dans la montagne.;3137
節[ふし];熱が出て体の節々が痛んだ;J'avais de la fièvre et toutes les articulations de mon corps me faisaient mal.;3138
年組[ねんくみ];迷っている間にも、どんどん袋小路に追いつめられていくみたい。;Pendant que vous hésitez, vous avez l'impression de vous enfoncer de plus en plus dans une impasse.;3142
ぜひお願いします[ぜひねがいします];ぜひお願いします。;Je vous en prie.;3148
凡そ[およそ];家[いえ]から 駅[えき]までおよそ１キロあります。;It's about one kilometer from my home to the station.;3153
縁[ふち];グラスの縁に口紅がついてしまった;Du rouge à lèvres s’est mis sur le bord du verre.;3154
鋏[はさみ];はさみを 借[か]ります。;Je vais emprunter des ciseaux.;3156
助けてくれ[たすけてくれ]！;助けてくれ！;Aide-moi!;3158
戴きます[いただきます];戴きます。;J'en prendrai.;3161
綿[わた];綿菓子が大好きなんです。;J'adore la barbe à papa.;3163
泡[あわ];この 石鹸[せっけん]は、 泡[あわ]がよく 出[で]る。;Ce savon produit beaucoup de bulles.;3166
有難う[ありがとう];有難うございました。;Merci beaucoup.;3168
結局で、どうなったの[けっきょくで、どうなったの]？;結局で、どうなったの？;Alors, que s'est-il passé à la fin ?;3169
とんでも無い[とんでもない];仕事中に帰るなんてとんでもない。;Je ne supporte pas de rentrer chez moi pendant le travail.;3172
申し訳ありませんでした[もうしわけありませんでした];申し訳ありませんでした。;Je suis vraiment désolé.;3176
銃[じゅう];外出中に、部屋に置いてあった銃が母親に見つかってしまったんです。;Ma mère a trouvé mon arme dans ma chambre pendant que j'étais sorti.;3179
困りましたね[こまりましたね];困りましたね;C'est un problème.;3184
御[お];御免なさい。;Désolé.;3188
其処で[そこで];そこで 彼女[かのじょ]に 会[あ]えるといいと 思[おも]ったのですが。;J'avais espéré l'avoir rencontrée là-bas.;3200
支払[しはらい];お支払いはいかがなさいますか？;Comment souhaiteriez-vous payer ?;3205
どう為さいます[どうなさいます];お飲み物はどうなさいますか？;Que voudriez-vous comme boisson ?;3208
其れでも[それでも];雨[あめ]が 激[はげ]しく 降[ふ]っていますそれでも 私[わたし]は 行[い]かなければならない。;Il pleut fort et pourtant je dois y aller.;3209
凝乎と[じっと];あの 生徒[せいと]はじっと 先生[せんせい]の 話[はなし]を 聞[き]いていたね。;L'élève écoutait attentivement l'enseignant.;3212
これで宜しいでしょうか[これでよろしいでしょうか];これで宜しいでしょうか;Est-ce que ça vous convient ?;3213
そんな筈はありません[そんなはずはありません];そんな筈はありません;Ce n'est pas possible.;3215
メモする;私[わたし]の 電話[でんわ] 番号[ばんごう]をメモしましたか。;Avez-vous noté mon numéro de téléphone?;3216
其れもそうですね[それもそうですね];それもそうですね;C'est vrai.;3217
其の儘[そのまま];そのまま おまち ください;Veuillez patienter un peu.;3218
其れ共[それとも];コーヒー、それとも紅茶がいいですか。;Que voulez-vous, du café ou bien du thé ?;3219
依ると[よると];ことによると、きみにも一緒にきてもらう。;Selon les circonstances, je pourrais vous demander de venir aussi.;3220
拠る[よる];この病気はウイルスの感染によって起こる。;Cette maladie est causée par une infection virale.;3223
欧羅巴[ヨーロッパ];スイスは中央ヨーロッパにあるよ。;La Suisse se situe en Europe centrale.;3225
アイロンをする;これにアイロンをかけてください。;Veuillez repasser ceci.;3227
トランプをする;彼はトランプをするときがない。;Il ne joue jamais aux cartes.;3229
中身[なかみ];かばんの 中身[なかみ]を 見[み]せてください。;Veuillez me montrer le contenu de votre sac.;3237
当たり前[あたりまえ];我々[われわれ]は 彼[かれ]が 成功[せいこう]したのは 当たり前[あたりまえ]だと 思[おも]った。;Nous avons pris son succès pour acquis.;3239
落ち着く[おちつく];私[わたし]の 話[はなし]を 落[お]ち 着[つ]いて 聞[き]いてください。;Calmez-vous et écoutez-moi.;3240
知り合い[しりあい];街[まち]で 知[し]り 合[あ]いを 見[み]かけたよ。;J'ai croisé une connaissance en ville.;3241
元々[もともと];彼女[かのじょ]はもともとフランスに 行[い]くつもりだったの。;Elle avait à l'origine l'intention d'aller en France.;3243
直前[ちょくぜん];試合[しあい]の 直前[ちょくぜん]にはいつもあがっています。;Je me sens toujours nerveux juste avant le match.;3244
助かる[たすかる];彼[かれ]はシートベルトをしていたので 助[たす]かったんだ。;Il a survécu parce qu'il portait une ceinture de sécurité.;3246
早速[さっそく];では 早速[さっそく] 書類[しょるい]をお 送[おく]りします。;Je vais immédiatement envoyer les documents.;3250
外れる[はずれる];びんのふたが 外[はず]れません。;Le couvercle de la bouteille ne se détache pas.;3252
物凄い[ものすごい];夕方[ゆうがた]、ものすごい 雨[あめ]が 降[ふ]ったね。;Il y a eu une énorme averse plus tôt ce soir.;3253
得る[える];１０チームが 賞[しょう]を 得[え]ようと 争[あらそ]った。;Dix équipes ont concouru pour le prix.;3254
気配[けはい];秋[あき]の 気配[けはい]が 感[かん]じられた。;Il y'a des indice de la venue de l'automne.;3255
付き合う[つきあう];彼女[かのじょ]と４ 年[ねん]ほど 付[つ]き 合[あ]っています。;Cela fait 4 ans que je vie avec cette femme.;3256
気をつける[きをつける];体[からだ]に 気[き]を 付[つ]けてください。;Prends soin de toi s'il te plaît.;3260
目立つ[めだつ];スーツを 着[き]て 彼[かれ]は 目立[めだ]っていた。;Il se faisait remarquer dans son costume.;3261
味わう[あじわう];母[はは]の 手料理[てりょうり]をゆっくり 味[あじ]わいました。;J'ai pris mon temps pour savourer la cuisine faites maison de ma mère.;3264
売り上げ[うりあげ];今年[ことし]の 売り上[うりあ]げは 倍増[ばいぞう]と 見込[みこ]んでいます。;Les ventes devraient doubler cette année.;3267
勘違い[かんちがい];待[ま]ち 合[あ]わせは２ 時[じ]だと 勘違[かんちが]いしていました。;Je pensais à tort que la réunion était à deux heures du matin.;3274
資料[しりょう];新[あたら]しい 資料[しりょう]を お送[おく]てください。;Veuillez m'envoyer de nouveaux documents.;3277
女の人[おんなのひと];この 会社[かいしゃ]は 女[おんな]の 人[ひと]が 少[すく]ない。;Dans cette entreprise, les femmes sont peu nombreuses.;3287
対策[たいさく];その場[ば]しのぎの 対策[たいさく]では 麻薬中毒[まやくちゅうどく] 問題[もんだい]にきりこむことはできないでしょう。;Ces mesures temporaires ne résouderont pas le problème de la toxicomanie.;3288
大人しい[おとなしい];私[わたし]の 彼女[かのじょ]はとても 大人[おとな]しいです。;Ma petite amie est très calme.;3290
派手[はで];雪[ゆき] 道[みち]で 派手[はで]に 転[ころ]んでしまったの。;Je suis tombé sur la route enneigée.;3291
角度[かくど];それでは 角度[かくど]が 小[ちい]さすぎよう。;L'angle serait trop étroit.;3300
以降[いこう];夕方[ゆうがた] 以降[いこう]にお 電話[でんわ]をください。;Appelez-moi plus tard dans la soirée.;3304
約[やく];ゴボウは地上約２メートルまでのびます。;Les bardanes poussent à environ deux mètres au-dessus du sol.;3308
手帳[てちょう];新[あたら]しい 手帳[てちょう]を 買[か]いました。;J'ai acheté un nouveau carnet.;3310
外部[がいぶ];これは 外部[がいぶ]には 秘密[ひみつ]です。;Ceci est confidentiel.;3314
調整[ちょうせい];シートを 自分[じぶん]に 合[あ]うように 調整[ちょうせい]してください。;Veuillez régler le siège pour votre confort.;3315
長男[ちょうなん];彼[かれ]の 長男[ちょうなん]は８ 才[さい]です。;Son fils aîné a huit ans.;3316
思い込む[おもいこむ];彼[かれ]はだまされたと 思[おも]い 込[こ]んでいるようです。;Apparemment, il pense avoir été dupé.;3325
偉い[えらい];彼[かれ]は 偉[えら]い 学者[がくしゃ]です。;C'est un grand savant.;3328
回答[かいとう];これらの 回答[かいとう]は、 原因[げんいん]と 結果[けっか]を はき違[はきちがえ]えている。;Ces réponses mélangent la cause avec la conséquence.;3329
素直[すなお];どうしてあなたって 素直[すなお]じゃないの？;Pourquoi ne pouvez-vous pas prendre les choses exactement comme elles le sont?;3332
工事[こうじ];工事[こうじ]の 音[おと]がうるさい。;Le chantier de construction est bruyant.;3334
名刺[めいし];私[わたし]たちは 名刺[めいし]を 交換[こうかん]しました。;Nous avons échangé nos cartes de visite.;3342
花火[はなび];昨日[きのう]、 花火[はなび]を 見[み]に 行[い]ったよ。;Je suis allé voir des feux d'artifice hier.;3343
改めて[あらためて];改[あらた]めてあなたのご 意見[いけん]を 聞[き]かせてください。;S'il vous plaît laissez-moi entendre votre opinion de nouveau.;3351
役者[やくしゃ];その 役者[やくしゃ]の 事[こと]は 聞[き]いたことが 無[な]い。;Je n'ai jamais entendu parler de l'acteur.;3353
複数[ふくすう];アジアの しゅうきょう 宗教から ひらめ 閃きを え 得て、 かれ 彼は ふくすう 複数の すば 素晴らしい ちょうこく 彫刻を うみだ 生み出した。;Asian religions inspire him to create splendid sculptures.;3356
打つかる[ぶつかる];車[くるま]が 電柱[でんちゅう]にぶつかった。;La voiture s'est écrasée dans le poteau téléphonique.;3361
水分[すいぶん];この 野菜[やさい]は 水分[すいぶん]が 多[おお]いですね。;Ces légumes ont une forte teneur en eau.;3362
引っ越し[ひっこし];引っ越[ひっこ]しのとき 手伝[てつだ]ってくれませんか。;Pourriez-vous m'aider quand je déménagerai ?;3365
当番[とうばん];先月[せんげつ]の 日直[にっちょく] 当番[とうばん] 全部[ぜんぶ] 私[わたし]に 押し付[おしつ]けた 形[かたち]でエスケープした 野郎[やろう]だ。;C'est le sale type qui s'est défilé lors de la journée des tâches manégères de la classe du mois dernier que nous devions réaliser ensemble.;3369
地味[じみ];今日[きょう]、 彼女[かのじょ]は 地味[じみ]な 服装[ふくそう]をしていますね。;Elle est habillée modestement aujourd'hui.;3370
発売[はつばい];ジョンテル 社[しゃ]はチップ・セットの 発売[はつばい]を ８月[はちがつ]まで 延期[えんき]する 見込[みこ]みだ。;John Tel devrait retarder la sortie de la puce éléctronique pour le moi d'août.;3375
部品[ぶひん];この 車[くるま]の 予備[よび]の 部品[ぶひん]を 買[か]うことができない。;Je ne peux pas acheter de pièces de rechange pour cette voiture.;3376
真っ白[まっしろ];外[そと]は 雪[ゆき]で 真[ま]っ 白[しろ]だった。;Avec la neige tout était blanc dehors.;3377
背負う[せおう];街[まち] 中[なか]で 子供[こども]を 背負[せお]って 歩[ある]いた。;Je portais l'enfant sur le dos et me promenais dans la ville.;3378
制作[せいさく];私[わたし]は、テレビドラマを 制作[せいさく]したいと 思[おも]っている。;Je pense que j'aimerais produire des séries télévisées.;3379
小学生[しょうがくせい];うちの 息子[むすこ]は 来年[らいねん]、 小学生[しょうがくせい]になります。;Notre fils va rentrer en école primaire l'année prochaine.;3381
預かる[あずかる];荷物[にもつ]を 預[あず]かってください。;Veuillez prendre soin de mes bagages.;3389
交流[こうりゅう];もっと 他[ほか]の 町[まち]との 交流[こうりゅう]を 深[ふか]めましょう。;Interagissons davantage avec les gens de d'autres villes.;3391
録音[ろくおん];そのラジオ 番組[ばんぐみ]はもう 録音[ろくおん]しました。;J'ai déjà enregistré cette émission de radio.;3397
会館[かいかん];その 日[ひ]に 限[かぎ]って 子供[こども]たちは 会館[かいかん]に 入[はい]ることを 許[ゆる]される。;Il est permis au enfants d'entrer dans le hall seulement aujourd'hui.;3406
原理[げんり];誰[だれ]もがその 考[かんが]えを 原理[げんり] 的[てき]には 認[みと]めるだろう。;En principe, tout le monde acceptera cette idée.;3408
温める[あたためる];いま くるま を あたためています;Je réchauffe la voiture maintenant.;3419
役人[やくにん];あの やくにん 役人たちは ぜんぜん 全然、 ざいせい 財政のことはわかっていない。;Those officials don't understand finance at all.;3421
纏める[まとめる];彼女[かのじょ]は 荷物[にもつ]をまとめて 出[で]て 行[い]った。;Elle a emballé ses bagages et est partie.;3426
言葉遣い[ことばづかい];先生[せんせい]にそんな 言葉[ことば] 遣[づか]いをしてはいけません。;Ne parlez pas à votre professeur comme ça.;3429
突く[つく];部屋[へや]の 電気[でんき]がついています。;The room light is on.;3430
何しろ[なにしろ];何[なに]しろ 小[ちい]さい 店[みせ]なので、 彼[かれ]は 会計係[かいけいがかり]から 倉庫[そうこ] 係[かかり]まで 多[おお]くの 仕事[しごと]を 一手[いって]にこなさなければならない。;Comme le magasin est petit, il doit porter porter plusieurs casquette, du comptable au responsable du stock.;3437
先頭[せんとう];軍隊[ぐんたい]は 戦闘[せんとう]の 配置[はいち]で 整列[せいれつ]していた。;Les troupes étaient en pleine bataille.;3443
力強い[ちからづよい];おどりこ 踊り子 たち 達は しろ 白いドレスを き 着てきゃしゃに み 見えますが、 じっさい 実際には かのじょ 彼女たちは うま 馬のように ちからづよ 力強いのです。;Les danseurs ont l'air fluet dans leurs robes blanches, mais en réalité ils sont aussi puissants que des chevaux.;3445
例外[れいがい];この 規則[きそく]には 例外[れいがい]は 認[みと]められない。;Cette règle n'admet aucune exception.;3454
原稿[げんこう];この 原稿[げんこう]は 書き直[かきなお]したほうがいいな。;Je ferais mieux de réécrire ce document.;3458
生き生き[いきいき];彼[かれ]は 生き生き[いきいき]とした 想像力[そうぞうりょく]を 持[も]っている。;Il a une imagination très vive.;3459
敬語[けいご];お 客様[きゃくさま]には 敬語[けいご]を 使[つか]いなさい。;Employer le langage poli avec les clients.;3461
中年[ちゅうねん];彼女[かのじょ]は 中年[ちゅうねん]の 都会派[とかいは]プロフェッショナルでした。;Elle était une professionnelle urbaine d'âge moyen.;3462
温泉[おんせん];この 温泉[おんせん]はとても 人気[にんき]があります。;Cette source chaude est très populaire.;3469
外科[けが];友人[ゆうじん]が 骨折[こっせつ]して 外科[げか]に 入院[にゅういん]しました。;Mon ami a été admis à l'hôpital en chirurgie a cause d'un os cassé.;3470
従う[したがう];善良[ぜんりょう]な 市民[しみん]は 法律[ほうりつ]に 従[したが]う。;Un bon citoyen obéit aux lois.;3476
好き嫌い[すききらい];たべもの の すききらい は とくに ありません;Je n'ai pas de goûts ou de dégoûts particuliers en matière de nourriture.;3495
レベル;自分[じぶん]のレベルに 合[あ]った 授業[じゅぎょう]を 選[えら]んでください。;Please choose a class suitable to your level.;3496
的確[てきかく];間髪を入[かんはつをい]れず、 迅速[じんそく]かつ 的確[てきかく]な 応対[おうたい]、 畏れ入[おそれい]ります。;Une réponse claire et précise. Que puis-je dire?;3497
組み立てる[くみたてる];日曜日[にちようび]に 本棚[ほんだな]を 組[く]み 立[た]てます。;J'ai monté l'étagère dimanche.;3501
物置[ものおき];物置[ものおき]にスキーの 道具[どうぐ]を 入[い]れている。;Je range mon matériel de ski.;3503
押さえる[おさえる];どあ を おさえて ください;Veuillez tenir la porte.;3506
接する[せっする];このような せっ 接し かた 方の へんか 変化は、 ほか 他の へんか 変化もそうであるが、 ほか 他の くに 国においても おこ 起こっている。;Entre autres changements, ce changement d'attitude s'est également produit dans divers pays.;3508
食器[しょっき];食器[しょっき]を 全部[ぜんぶ] 新[あたら]しくしました。;J'ai acheté de la vaisselle et ai remplacé la vieille.;3510
湿気[しっけ];この 部屋[へや]は 暗[くら]くて 湿気[しっけ]が 多[おお]いね。;Cette pièce est sombre et humide.;3514
マンション;彼[かれ]は[わ]マンションに 住[す]んでいます。;Il vit dans une résidence.;3521
悔しい[くやしい];悔[くや]しい！;C'est vexant ! c'est rageant !;3522
コース;私[わたし]は 日本語[にほんご]コースを 取[と]っています。;Je prends un cours de japonais.;3529
通貨[つうか];私はこの通貨をよく知っています。;Je connais bien cette monnaie.;3534
苦情[くじょう];店[みせ]に 苦情[くじょう]の 電話[でんわ]をかけました。;J'ai appelé le magasin pour me plaindre.;3535
箇所[かしょ];この 湖[みずうみ]はこの 箇所[かしょ]が 一番[いちばん] 深[ふか]い。;Le lac est le plus profond à cet endroit.;3537
冷める[さめる];スープは 冷[さ]めていない。;En général, la soupe n'est pas froide.;3541
深夜[しんや];深夜[しんや]になると、 大[おお]きな 声[こえ]が 聞[き]こえる。;Quand il se fait tard dans la nuit, j'entends une voix forte (venant de quelque part).;3542
幸運[こううん];私達[わたし]は 幸運[こううん]に 小躍[こおど]りして 喜[よろこ]んだ。;Nous nous rejouissions de notre bonne fortune.;3546
スタート;マラソンは 雨[あめ]の 中[なか]でスタートしたの。;Le marathon a commencé en pleine pluie.;3551
都心[としん];彼[かれ]は 都心[としん]に 住[す]んでいます。;Il vit dans la zone urbaine de la ville.;3553
センチ;来世紀[らいせいき]の 終[お]わりまでに 海[うみ]は５０センチで 上昇[じょうしょう]すると 予想[よそう]される。;Les océans devraient augmenter de 50 centimètres d'ici la fin du siècle prochain.;3554
羨ましい[うらやましい];あなたがとても 羨[うらや]ましい。;Je vous envie tellement.;3557
侵入[しんにゅう];このコンピュータウィルスは、大晦日の夜に時計の針が12時を告げると、何千台ものパソコンに侵入をするんですよ。;Ce virus informatique va pénétrer des milliers d'ordinateurs sur le coup de minuit le soir du Nouvel An.;3562
メニュー;メニューをください。;Puis-je avoir un menu, s'il vous plaît?;3567
冷やす[ひやす];頭[あたま]を 冷[ひ]やしなさい。;Du calme.;3569
積む[つむ];車[くるま]に 荷物[にもつ]を 積[つ]んでください。;Veuillez charger les bagages dans la voiture.;3570
見慣れる[みなれる];１１ページの 地図[ちず]はとても 奇妙[きみょう]に 見[み]える。 逆[さか]さまにしてみると、 見慣[みな]れた 地図[ちず]になる。;La carte de la page 11 semble très étrange. Si vous la tournez à l'envers, elle devient plus familière pour vous.;3575
賢い[かしこい];あなたは 何[なん]と 賢[かしこ]い 生徒[せいと]なのでしょう。;Quel élève intelligent, vous faites !;3576
要するに[ようするに];彼女[かのじょ]は 要[よう]するにおしゃべりなんだ。;Elle est, en bref, une bavarde.;3578
慌てる[あわてる];そんなに 慌[あわ]ててどこに 行[い]くの。;Où allez-vous si pressé?;3580
逆らう[さからう];かれ 彼は よのふうちょう 世の風潮に さか 逆らう。;He is swimming against the tide.;3584
浮かぶ[うかぶ];沖[おき]にボートが 浮[う]かんでいます。;Le bateau flotte sur la côte.;3590
その上[そのうえ];"彼[かれ;a] は ハンサム[;a] です 。 その上[そのうえ;h] 、 とても[;h] お金持[おかねも;h]ち です 。";Il est beau. De plus, il est très ri;3595
入社[にゅうしゃ];彼[かれ]は 昨年[さくねん] 入社[にゅうしゃ]したの。;Il a rejoint l'entreprise l'année dernière.;3600
賞金[しょうきん];優勝[ゆうしょう] 者[しゃ]に 賞金[しょうきん] 10 万[まん] 円[えん]が 贈[おく]られた;Le prix de 100 000 yen a été remis au gagnant.;3601
覗く[のぞく];ドアの 隙間[すきま]から 中[なか]をのぞいたんだ。;Je regardai à travers une fissure de la porte.;3605
ご無沙汰[ごぶさた];ご無沙汰しております。;Je ne t'ai pas vu depuis si longtemps.;3613
汚す[よごす];彼[かれ]は 服[ふく]を 汚[よご]した。;Il a sali ses vêtements.;3615
何となく[なんとなく];パーティーに 行[い]くのは 何[なん]となく 気[き]が 進[すす]まないな。;Pour une raison quelconque, je n'ai pas envie d'aller à la fête.;3618
法則[ほうそく];あらゆるものは 自然[しぜん]の 法則[ほうそく]を 受[うけ]けている。;Tout est soumis aux lois de la nature.;3633
どうせ;どうせ まにあわない なら ゆっくり いこう;Allons-y doucement car nous ne serons pas à l'heure de toute façon.;3634
宣伝[せんでん];その 商品[しょうひん]はテレビで 宣伝[せんでん]されている。;Ces produits sont promus à la télévision.;3635
球[たま];彼[かれ]の 額[ひたい]には 玉[たま]のような 汗[あせ]が 浮[う]かんでいた。;Il y avait des gouttes de sueur sur son front.;3639
スケジュール;スケジュールの 調整[ちょうせい]は 君[きみ]に 任[まか]せるわ。;Je vais vous laisser ajuster mon emploi du temps.;3641
浮く[うく];こおり は みず に うきます;La glace flotte sur l'eau.;3642
シーン;いくつかのシーンがオリジナルから 外[はず]された。;Plusieurs scènes ont été retirées par rapport à l'original.;3646
散る[ちる];あなたが 帰国[きこく]なさる 頃[ころ]には、 桜[さくら]はみんな 散[ち]ってしまっていることでしょう。;Au moment où vous arriverez à la maison, toutes les fleurs de cerisier seront tombées.;3648
蓋[ふた];箱[はこ]に 蓋[ふた]をしたよ。;J'ai refermé le couvercle sur la boîte.;3654
稽古[けいこ];相撲[すもう]の 稽古[けいこ]はとても 厳[きび]しいよ。;La formation Sumo est très difficile.;3657
マスク;花粉[かふん] 症[しょう]の 季節[きせつ]は、マスクをする。;Je porte un masque pendant la saison du rhume des foins.;3660
夫妻[ふさい];きのう の よる しゃちょうごふさい と しょくじ を しました;J'ai dîné avec le président et sa femme hier soir. J'ai été invité chez mon chef de service et chez sa femme.;3662
現に[げんに];現にさっきそう言ったじゃありませんか。;Vous ne l'aviez pas dit il y a quelque temps ?;3666
平仮名[ひらがな];私[わたし]は 平仮名[ひらがな]を 全部[ぜんぶ] 読[よ]めます。;Je peux lire tous les hiragana.;3677
ずれる;ポスターの 位置[いち]が 少[すこ]しずれているよ。;L'affiche est légèrement en dehors de sa position.;3678
せめて;せめてこれだけは 約束[やくそく]してください。;At least promise this, please.;3681
まあまあ;かれ の せいせき は まあまあ です;Ses résultats sont moyens.;3696
司会[しかい];彼[かれ]は 司会[しかい]が 上手[じょうず]ですね。;Il est un bon hôte.;3697
カバー;本[ほん]にカバーを 掛[か]けました。;J'ai mis une couverture sur le livre.;3699
稼ぐ[かせぐ];私[わたし]は 自分[じぶん]の 生活[せいかつ] 費[ひ]を稼[かせ]がなくてはならない。;Je dois gagner ma vie.;3707
ゴム;ゴムが 伸[の]びてしまった。;L'élastique s'est distendue.;3708
ショップ;一番[いちばん] 近[ちか]いアンティークショップはどこにあるか 教[おし]えていただけますか。;Pouvez-vous me dire où se trouve le magasin d'antiquité le plus proche?;3710
過剰[かじょう];安[やす]い 輸入品[ゆにゅうひん]で 市場[いちば]が 供給[きょうきゅう] 過剰[かじょう]になるだろう。;Les importations bon marché innonderont le marché.;3713
破れる[やぶれる];シャツが 破[やぶ]れている。;Ma chemise est déchirée.;3716
寿命[じゅみょう];寿命[じゅみょう]が縮[ちぢ]まる。;La durée de vie c'est raccourcis.;3720
研修[けんしゅう];採用[さいよう]が 決[き]まって、すぐに 研修[けんしゅう]が 始[はじ]まる。;Une fois votre emploi décidé, votre formation commence immédiatement.;3723
相撲[すもう];相撲[すもう] 取[と]りはたいてい 体[からだ]がとても 大[おお]きいね。;Les lutteurs Sumo ont généralement un très grand corps.;3730
電池[でんち];新[あたら]しい 電池[でんち]を 入[い]れましょう。;Mettons une nouvelle batterie.;3747
肯定[こうてい];ぼく は かれ の した こと は こうてい できない な;Je ne peux pas être d'accord avec ce qu'il a fait.;3760
講師[こうし];専門[せんもん] 家[か]を 講師[こうし]に 招[まね]いた。;Nous avons invité un spécialiste à donner une conférence.;3761
月日[つきひ];月日[つきひ]が 経[た]つのは 早[はや]いものです。;Le temps passe.;3764
混ぜる[まぜる];カレーにヨーグルトを 入[い]れて、よく 混[ま]ぜてください。;Insérez le curry dans le yogourt et bien mélanger.;3765
ミリ;俺[おれ]が 入り込[はいりこ]む 隙[すき]なんて 一[いち]ミリもない。;Je n'ai pas un millimètre pour m'insérer.;3768
別荘[べっそう];この春に別荘を売ってしまうつもりです。;Je prévois de vendre la villa au printemps.;3772
芯[しん];シャーペンの 芯[しん]２・３ 本[ほん]もらえるかな。;Pourriez-vous me prêter quelques mines de critérium ?;3776
濃度[のうど];あなたの血中アルコール濃度については追って連絡致します。;Je vous reviendrai sur votre taux d'alcoolémie.;3777
縞[しま];縞[しま]のシャツを 着[き]ると、 痩[や]せて 見[み]える。;Porter une chemise rayée vous fait paraître mince.;3793
昼寝[ひるね];私[わたし]の 子供[こども]は 毎日[まいにち] 昼寝[ひるね]をします。;Mon enfant fait une sieste tous les jours.;3800
心得る[こころえる];このお方をどなたと心得るか。;Est-ce que quelqu'un sait qui est cette femme ?;3804
冷凍[れいとう];その 魚[さかな]と 肉[にく]を 冷凍[れいとう]してください。;S'il vous plaît congeler le poisson et la viande.;3824
売り切れ[うりきれ];チケットはもう 売[う]り 切[き]れだって。;Les billets ont déjà été vendus.;3827
枯れる[かれる];花瓶[かびん]の 花[はな]が 枯[か]れました。;Les fleurs du vase sont mortes.;3828
膨大[ぼうだい];これからこの膨大な資料に目を通さなくてはいけないんだ。;Vous devez désormais jeter un œil à ces énormes documents.;3829
捉える[とらえる];警察[けいさつ]が 犯人[はんにん]を 捕[と]らえた;La police a arrêté le criminel.;3843
調味料[ちょうみりょう];塩[しお]、コショウはよく 使[つか]われる 調味[ちょうみ] 料[りょう]です。;Le sel et le poivre sont des assaisonnements couramment utilisés.;3851
嫌がる[いやがる];彼[かれ]はタバコの 煙[けむり]を 嫌[いや]がるの。;Il déteste la fumée de cigarette.;3852
皮肉[ひにく];私[わたし]はあなたの 皮肉[ひにく]な 言葉[ことば]は 聞[き]き 捨[す]てにはできません。;Je ne pouvais pas ignorer vos remarques cyniques.;3857
観念[かんねん];彼女は芸術においては素晴らしい美の観念を持っているのに、どうしてあんなに不細工な男性と付き合っているのかが理解できない。;Elle a un sens aigu de la beauté pour l'art, donc je ne comprends pas comment elle sort avec un gars aussi laid.;3858
斬る[きる];その侍は、早口言葉が上手く言えなければお前の舌を斬るぞ、と私に言いました。;Le samouraï m'a dit qu'il me couperait la langue si je ne pouvais pas dire le virelangue correctement.;3868
溢れる[あふれる];バスタブからお 湯[ゆ]が 溢[あふ]れました。;L'eau chaude débordait de la baignoire.;3870
血圧[けつあつ];この 薬[くすり]は、血圧[けつあつ]を 下[さ]げます。;Ce médicament réduit votre tension artérielle.;3871
サークル;どのサークルに 入[はい]るか 迷[まよ]っちゃった。;Je ne savais pas quel groupe rejoindre.;3884
看板[かんばん];店[みせ]の 看板[かんばん]を 塗[ぬ]り 替[か]えました。;J'ai repeint le panneau d'affichage du magasin.;3885
交ぜる[まぜる];わたし も まぜて ください;Veuillez m'inclure.;3886
削る[けずる];私[わたし]はナイフで 鉛筆[えんぴつ]を 削[けず]った。;J'ai taillé un crayon avec un couteau.;3888
絞る[しぼる];布[ぬの]をもっと 固[かた]く 絞[しぼ]りなさい。;Essorer le tissu beaucoup plus.;3890
花嫁[はなよめ];花嫁[はなよめ]はたいへん 美[うつく]しく 見[み]えた。;La mariée avait l'air très belle.;3892
生け花[いけばな];彼女[かのじょ]は 生[い]け 花[ばな]の 先生[せんせい]です。;Elle est professeur d'arrangement florale.;3896
四角い[しかくい];こっちの 四角[しかく]いテーブルを 買[か]おうよ。;Achetons cette table carrée ci.;3897
見付ける[みつける];新[あたら]しい 仕事[しごと]を 見[み]つけました。;J'ai trouvé un nouvel emploi.;3900
新幹線[しんかんせん];新幹線[しんかんせん]で 京都[きょうと]に 行[い]きました。;Je suis aller à Kyoto par le Shinkasen.;3903
リズム;最近[さいきん] 彼[かれ]は 生活[せいかつ]のリズムが 乱[みだ]れています。;Sa routine quotidienne a été perturbée ces derniers temps.;3905
宴会[えんかい];宴会で嫌な奴とお酒を飲むのは、会議で議事録を記録するより退屈な仕事だ。;Boire de l'alcool avec quelqu'un que vous n'aimez pas lors d'un dîner est une tâche beaucoup plus fastidieuse que d'enregistrer le déroulement d'une réunion.;3917
帰宅[きたく];夜の11時に帰宅しました。;Je suis rentré à la maison à 23 heures.;3918
すっきり;よく ねむったら きぶん が すっきり した;Je me sentais beaucoup mieux après une bonne nuit de sommeil.;3921
太鼓[たいこ];鉦[かね]や 太鼓[たいこ]で 探[さぐりあ]しあてた 割[わり]には、あいつ 期待[きたい]はずれだったよな。;Cela s'est avéré être une véritable déception après avoir traversé vents et marrées pour le trouver.;3934
題名[だいめい];その 小説[しょうせつ]は 聖書[せいしょ]から 題名[だいめい]をとっている。;Le roman tire son titre de la Bible.;3958
ゼミ;どのゼミを 選[えら]ぶか、まだ 考[かんが]えている。;Je réfléchis encore au séminaire à suivre.;3963
シャッター;丸[まる]いボタンを 押[お]すとシャッターが 閉[し]まります。;L'obturateur se ferme lorsque vous appuyez sur le bouton rond.;3969
ひっくり返る[ひっくりるかえる];彼[かれ]は 体[からだ]の 平衡[へいこう]を 失[うしな]って、 ひっくり返[ひっくりかえ]った。;Il a perdu son équilibre et est tombé.;3981
来日[らいにち];有名[ゆうめい]なバンドが 来日[らいにち]していますね。;Un groupe de musique célèbre vient au Japon.;3985
大学院[だいがくいん];彼[かれ]は 大学院[だいがくいん]に 進[すす]みました。;Il a poursuivi ses études supérieures.;3991
順序[じゅんじょ];正[ただ]しい 順序[じゅんじょ]で 操作[そうさ]してください。;Veuillez effectuer l'opération dans le bon ordre.;3994
吐き気[はきけ];吐き気[はきけ]がするので、 何[なに]も 食[た]べられない。;Je me sens nauséeux, donc je ne peux rien manger.;4002
友好[ゆうこう];近[ちか]くの 国[くに]との 友好[ゆうこう]は、 特[とく]に 大切[たいせつ]だ。;Il est particulièrement important d'être amical avec les nations voisines.;4011
剥く[むく];ジャガイモの 皮[かわ]を 剥[む]いたら、 小[ちい]さく 切[き]ります。;Après avoir épluché la pomme de terre, coupez-la en petits morceaux.;4016
葬式[そうしき];彼[かれ]の 葬式[そうしき]は 明日[あした]です。;Ses funérailles sont demain.;4023
サンプル;デパートで、 化粧[けしょう] 品[ひん]のサンプルをもらった。;J'ai reçu un échantillon de produits de beauté au grand magasin.;4032
着々[ちゃくちゃく];その会社員は、いつも着々と仕事をこなしていた。;Cet employé de bureau a toujours accompli ses tâches régulièrement.;4038
うっかり;大事[だいじ]なメールをうっかり 消[け]してしまった。;J'ai accidentellement supprimé un e-mail important.;4043
売買[ばいばい];彼[かれ]は 不動産[ふどうさん]の 売買[ばいばい]をしています。;Il achète et vend des biens immobiliers.;4052
基礎[きそ];その 考[かんが]えが 彼[かれ]の 理論[りろん]の 基礎[きそ]となっている。;Cette idée résume les fondement de sa théorie.;4060
呆れる[あきれる];彼[かれ]の 頑固[がんこ]さにはあきれました。;I was amazed at his stubbornness.;4065
怒鳴る[どなる];「キンニクマってよく怒鳴るよね。」「そうだね。でも、心配しないで。彼は口は悪いけど根は悪い人ではないから。」;Kinnikuma crie beaucoup. « Ouais, mais ne t'inquiète pas. Son aboiement est pire que sa morsure.;4069
終点[しゅうてん];電車[でんしゃ]の終点[しゅうてん]で 降[お]りました。;Je suis descendu au terminal.;4070
ひっくり返す[ひっくりすかえす];ステーキを 焼[や]く 時[とき]は、 途中[とちゅう]でひっくり 返[かえ]す。;Lors de la cuisson d'un steak, retournez-le.;4077
鉱物[こうぶつ];これは今までで最高の鉱物さ。これに敵うものはないね。;C'est le meilleur minéral que j'ai jamais vu. Rien ne peut l'égaler.;4079
睨む[にらむ];かのじょ は わたし を にらんだ の;Elle m'a lancé un regard noir.;4083
床屋[とこや];昨日[きのう] 床屋[とこや]で 髪[かみ]を 切[き]った。;Hier, je me suis fait couper les cheveux chez le coiffeur.;4094
カロリー;食品[しょくひん]のカロリーが、とても 気[き]になる。;Je suis vraiment préoccupé par les calories dans les aliments.;4096
うろうろ;その おとこ は ろびー を しばらく うろうろ して いた よ;Cet homme a erré dans le hall pendant un moment.;4100
ぶら下げる[ぶらげるさげる];かれ は くび に かめら を ぶらさげて いる ね;Il a une caméra autour du cou.;4101
丼[どんぶり];彼[かれ]はご 飯[はん]を 丼[どんぶり]で 食[た]べたよ。;Il mangeait du riz dans un bol.;4103
漁師[りょうし];私はその漁師を知っていますよ。私の義理の兄ですから。;Je connais ce pêcheur parce que c'est mon beau-frère.;4104
シーズン;その 選手[せんしゅ]は 今[こん]シーズンも 好調[こうちょう]だね。;Le joueur est également en bonne forme cette saison.;4106
嗅ぐ[かぐ];いぬ が おさら の におい を くんくん かいで いる ね;Le chien renifla l'odeur de l'assiette.;4114
電球[でんきゅう];電球[でんきゅう]が 切[き]れた。;L'ampoule a brûlé.;4121
幼児[ようじ];私[わたし]は 街[がい]に 用事[ようじ]がある。;J'ai une comission à faire en ville.;4129
推定[すいてい];そのサバンの男は群衆の規模を534人と推定したのだが、実際の数とピッタリ当っていた。;Le gars, qui est un savant, a estimé l'ampleur de la foule à 534 personnes et il avait tout à fait raison.;4142
古典[こてん];こてん 古典の ぶんがくしょ 文学書を よ 読むことは かち 価値のあることです。;Il est intéressant de lire des ouvrages classiques de littérature.;4143
無地[むじ];無地[むじ]のシャツは、 柄[え]のスカートと 合[あ]わせやすい。;Une chemise unie est facile à assortir avec une jupe à motif.;4144
匂う[におう];ばら の はな が あまく におって いる ね;Les fleurs roses sentent bon.;4145
クーラー;あつい の で くーらー を つけました;J'ai allumé la climatisation car il faisait chaud.;4146
ピカピカ;ピカピカの 新製品[しんせいひん]です。;C'est tout neuf.;4147
傑作[けっさく];これはピカソの傑作だね。;C'est le chef-d'œuvre de Picasso.;4148
空想[くうそう];彼[かれ]は 空想[くうそう]の 世界[せかい]に 生[いき]きている。;Il vit dans un monde imaginaire.;4149
散らかる[ちらかる];おとうと の へや は いつも ちらかって いる ん だ;La chambre de mon petit frère est toujours en désordre.;4150
拡張[かくちょう];その かいしゃ は てんぽ を かくちょう して います ね;L'entreprise agrandit le magasin.;4151
クリーニング;スーツをクリーニングに 出[だ]しました。;J'ai envoyé le costume aux nettoyeurs.;4163
主語[しゅご];主語をハッキリさせてくれないかな。;Pouvez-vous éclaircir le sujet ?;4165
ロビー;ホテルのロビーで 待[ま]っています。;J'attends dans le hall de l'hôtel.;4172
破片[はへん];地面はガラスの破片だらけなので、気をつけて下さい。;Le sol est recouvert de fragments de verre, alors soyez prudent.;4177
車輪[しゃりん];一輪車[いちりんしゃ]は 車輪[しゃりん]がひとつしかありません。;Un monocycle n'a qu'une seule roue.;4178
釘[くぎ];釘[くぎ]を 踏[ふ]んでケガをしました。;Je me suis blessé en marchant sur un clou.;4180
演劇[えんげき];私[わたし]はイギリス 演劇[えんげき]を 勉強[べんきょう]しています。;J'étudie le théatre dramatique anglais.;4181
関西[かんさい];マイケルは、関西一の芸人としての地位を固めつつある。;Michael a consolidé sa position de comédien numéro un du Kansai.;4184
